LCNS_NO,haccp_record_count,haccp_certification_count,product_type_count,company_name,industry,haccp_sido,haccp_sigungu
19550509001,12,12,12,매일식품주식회사,식품제조가공업,전남광주통합특별시,전남광주통합특별시 순천시
19630144002,2,2,2,미도식품 유한회사,식품제조가공업,부산광역시,부산광역시 사하구
19630606001,1,1,1,신광제과,식품제조가공업,경상남도,경상남도 사천시
19660144002,1,1,1,국제제과,식품제조가공업,부산광역시,부산광역시 사하구
19660202002,4,2,2,대인에프앤씨 주식회사,식품제조가공업,인천광역시,인천광역시 검단구
19660402003,3,3,3,상일제과주식회사,식품제조가공업,강원특별자치도,강원특별자치도 인제군
19670086001,2,1,1,한흥유과,식품제조가공업,경기도,경기도 김포시
19670231009,2,1,1,대원정식품,식품제조가공업,대전광역시,대전광역시 동구
19670478008,2,2,1,태양제과,식품제조가공업,전북특별자치도,전북특별자치도 전주시
19670509001,1,1,1,제일제과,식품제조가공업,전남광주통합특별시,전남광주통합특별시 순천시
19670538004,2,1,1,배반유과,식품제조가공업,경상북도,경상북도 경주시
19670560002,1,1,1,(주)백천제면,식품제조가공업,경상북도,경상북도 경산시
19670601002,2,1,1,영남제과,식품제조가공업,경상남도,경상남도 진주시
19680144002,8,8,5,남일종합식품산업사,식품제조가공업,부산광역시,부산광역시 사하구
19680242003,1,1,1,신부산식품,식품제조가공업,대전광역시,대전광역시 대덕구
19680247002,7,5,5,(주)삼양사울산1공장,식품제조가공업,울산광역시,울산광역시 남구
19680257003,1,1,1,(주)동양식품,식품제조가공업,세종특별자치시,세종특별자치시
19680474001,2,1,1,정일제과,식품제조가공업,충청남도,충청남도 예산군
19690086003,10,10,9,롯데웰푸드(주),식품제조가공업,서울특별시,서울특별시 영등포구
19690131016,1,1,1,나이스제과,식품제조가공업,부산광역시,부산광역시 부산진구
19690131024,1,1,1,광신식품,식품제조가공업,부산광역시,부산광역시 부산진구
19690144003,4,4,3,(주)황토식품,식품제조가공업,부산광역시,부산광역시 사하구
19690144004,1,1,1,미성식품,식품제조가공업,부산광역시,부산광역시 사하구
19690231003,2,2,2,일광제과,식품제조가공업,대전광역시,대전광역시 동구
19690231010,4,2,2,청룡제과,식품제조가공업,대전광역시,대전광역시 동구
19690320001,2,2,2,산과들,식품제조가공업,경기도,경기도 고양시
19690364004,17,17,14,한국에스비식품(주),식품제조가공업,경기도,경기도 화성시
19690392002,2,2,2,속초시수산업협동조합가공공장,식품제조가공업,강원특별자치도,강원특별자치도 속초시
19690392003,1,1,1,(주)고바우푸드,식품제조가공업,강원특별자치도,강원특별자치도 속초시
19690449001,1,1,1,광덕산호두과자전문점,식품제조가공업,충청남도,충청남도 천안시
19690606006,3,3,3,(주)만구,식품제조가공업,경상남도,경상남도 사천시
19700086012,2,1,1,이화제과공업사,식품제조가공업,서울특별시,서울특별시 영등포구
19700094002,6,3,3,주식회사 풍전,식품첨가물제조업,인천광역시,인천광역시 남동구
19700144004,2,1,1,일광제과,식품제조가공업,부산광역시,부산광역시 사하구
19700242002,1,1,1,한창제과 주식회사,식품제조가공업,대전광역시,대전광역시 대덕구
19700245005,1,1,1,부산식품부산어묵,식품제조가공업,울산광역시,울산광역시 중구
19700392002,1,1,1,(주)영동식품,식품제조가공업,강원특별자치도,강원특별자치도 속초시
19710139002,1,1,1,구포연합식품,식품제조가공업,부산광역시,부산광역시 북구
19710147001,1,1,1,부산아이스크림,식품제조가공업,부산광역시,부산광역시 금정구
19710221005,1,1,1,해덕제과,식품제조가공업,전남광주통합특별시,전남광주통합특별시 북구
19710221006,2,1,1,수정식품,식품제조가공업,전남광주통합특별시,전남광주통합특별시 광산구
19710227001,2,2,2,(주)효동식품,식품제조가공업,전남광주통합특별시,전남광주통합특별시 광산구
19710275001,1,1,1,스타원주식회사,식품제조가공업,경기도,경기도 성남시
19710275003,3,3,3,(주)샤니,식품제조가공업,경기도,경기도 성남시
19710372001,5,5,5,(주)담터,식품제조가공업,경기도,경기도 포천시
19710380007,1,1,1,(주)하나식품,식품제조가공업,강원특별자치도,강원특별자치도 춘천시
19710487002,1,1,1,삼양식품(주)익산공장,식품제조가공업,전북특별자치도,전북특별자치도 익산시
19710492006,1,1,1,춘향골 전통한과,식품제조가공업,전북특별자치도,전북특별자치도 남원시
19710506012,3,2,2,(주)남도어가,식품제조가공업,전남광주통합특별시,전남광주통합특별시 여수시
19710538005,1,1,1,아화제면(경주아화전통국수),식품제조가공업,경상북도,경상북도 경주시
19710548001,4,4,4,농업회사법인구미협동식품합명회사,식품제조가공업,경상북도,경상북도 구미시
19710570001,5,5,5,주식회사 네이처셀 칠곡공장,식품제조가공업,경상북도,경상북도 칠곡군
19710599005,1,1,1,경화당제과,식품제조가공업,경상남도,경상남도 창원시
19710618001,4,4,4,동일식품,식품제조가공업,경상남도,경상남도 창녕군
19720131035,1,1,1,삼영식품,식품제조가공업,부산광역시,부산광역시 부산진구
19720144001,2,1,1,(주)부산세광식품,식품제조가공업,부산광역시,부산광역시 강서구
19720150005,4,4,4,부산제면,식품제조가공업,부산광역시,부산광역시 연제구
19720154001,5,5,5,(주)농심,식품제조가공업,부산광역시,부산광역시 사상구
19720156004,1,1,1,기장특산물영어조합,식품제조가공업,부산광역시,부산광역시 기장군
19720168001,1,1,1,(주)풍국면,식품제조가공업,대구광역시,대구광역시 북구
19720233008,1,1,1,그래인에프앤디,식품제조가공업,대전광역시,대전광역시 중구
19720233017,1,1,1,남일제과,식품제조가공업,대전광역시,대전광역시 중구
19720275004,2,2,1,(주)개미식품,식품제조가공업,경기도,경기도 성남시
19720288002,35,35,35,주식회사 오뚜기,식품제조가공업,경기도,경기도 안양시
19720338001,2,2,2,(주)오빌식품,식품제조가공업,경기도,경기도 시흥시
19720347001,1,1,1,백암식품,식품제조가공업,경기도,경기도 용인시
19720347002,12,12,12,영미산업주식회사,식품제조가공업,경기도,경기도 용인시
19720386010,3,3,3,금한산업,식품제조가공업,강원특별자치도,강원특별자치도 강릉시
19720392001,2,2,2,풍미식품,식품제조가공업,강원특별자치도,강원특별자치도 속초시
19720449002,3,3,3,주식회사대신제과,식품제조가공업,충청남도,충청남도 천안시
19720481004,13,13,8,천일제면,식품제조가공업,전북특별자치도,전북특별자치도 전주시
19720506001,2,2,2,(주)명신,식품제조가공업,전남광주통합특별시,전남광주통합특별시 여수시
19720601001,1,1,1,대진제과,식품제조가공업,경상남도,경상남도 진주시
19720611008,2,2,1,황금제과,식품제조가공업,경상남도,경상남도 밀양시
19730063007,1,1,1,무궁화식품,식품제조가공업,서울특별시,서울특별시 은평구
19730131004,1,1,1,동광식품,식품제조가공업,부산광역시,부산광역시 부산진구
19730144010,1,1,1,주식회사 부산참식품,식품제조가공업,부산광역시,부산광역시 사하구
19730156008,1,1,1,신앙촌소비조합주식회사,식품제조가공업,부산광역시,부산광역시 기장군
19730163001,3,3,3,금성제면,식품제조가공업,대구광역시,대구광역시 서구
19730190013,7,7,7,수협중앙회 급식사업부,식품제조가공업,인천광역시,인천광역시 제물포구
19730190015,20,13,12,씨제이제일제당(주),식품제조가공업,인천광역시,인천광역시 제물포구
19730231014,1,1,1,오형제과,식품제조가공업,대전광역시,대전광역시 동구
19730233008,2,1,1,주식회사남경,식품제조가공업,충청남도,충청남도 금산군
19730275008,1,1,1,명성제과,식품제조가공업,경기도,경기도 성남시
19730288006,2,2,2,동아오츠카(주),식품제조가공업,경기도,경기도 안양시
19730332001,1,1,1,명승제과,식품제조가공업,경기도,경기도 남양주시
19730332008,7,6,4,(주)빙그레,식품제조가공업,경기도,경기도 남양주시
19730338002,2,2,1,(주)태양팜,식품제조가공업,경기도,경기도 시흥시
19730347003,7,7,7,로얄제과(주),식품제조가공업,경기도,경기도 용인시
19730380006,1,1,1,황소국수,식품제조가공업,강원특별자치도,강원특별자치도 춘천시
19730380010,4,4,4,(주)일화춘천공장,식품제조가공업,강원특별자치도,강원특별자치도 춘천시
19730386006,1,1,1,옥천국수,식품제조가공업,강원특별자치도,강원특별자치도 강릉시
19730386008,7,7,7,동해식품(주),식품제조가공업,강원특별자치도,강원특별자치도 강릉시
19730397006,1,1,1,평창명품두부,식품제조가공업,강원특별자치도,강원특별자치도 평창군
19730440001,2,2,2,우승제과,식품제조가공업,충청북도,충청북도 옥천군
19730443003,21,21,19,(주)삼광식품,식품제조가공업,충청북도,충청북도 진천군
19730458004,1,1,1,유일식품,식품제조가공업,충청남도,충청남도 공주시
19730478012,1,1,1,삼성식품(맛어묵),식품제조가공업,전북특별자치도,전북특별자치도 전주시
19730478019,2,1,1,온고을한과,식품제조가공업,전북특별자치도,전북특별자치도 익산시
19730484017,1,1,1,동양어묵,식품제조가공업,전북특별자치도,전북특별자치도 군산시
19730493004,1,1,1,농업회사법인 유한회사 연봉두부,식품제조가공업,전북특별자치도,전북특별자치도 김제시
19730512004,1,1,1,동화산업주식회사,식품제조가공업,전남광주통합특별시,전남광주통합특별시 나주시
19730533002,1,1,1,정화식품주식회사(냉동지점),식품제조가공업,경상북도,경상북도 포항시
19730611007,1,1,1,향진식품,식품제조가공업,경상남도,경상남도 밀양시
19730618007,2,2,2,(주)동림식품,식품제조가공업,경상남도,경상남도 창녕군
19730619001,16,16,16,오뚜기에스에프(주),식품제조가공업,경상남도,경상남도 고성군
19730631005,1,1,1,유한회사 제주동남국수,식품제조가공업,제주특별자치도,제주특별자치도 서귀포시
19740129002,1,1,1,부산어묵 초량식품,식품제조가공업,부산광역시,부산광역시 동구
19740144007,1,1,1,(주)어가원식품,식품제조가공업,부산광역시,부산광역시 사하구
19740320008,1,1,1,주식회사 세진병과,식품제조가공업,경기도,경기도 고양시
19740344001,2,2,2,한국 코카콜라 유한회사,식품제조가공업,경기도,경기도 의왕시
19740355003,4,4,4,세광식품(주),식품제조가공업,경기도,경기도 파주시
19740360009,6,6,5,청수식품(주),식품제조가공업,경기도,경기도 안성시
19740433001,11,11,9,에스와이푸드(주),식품제조가공업,충청북도,충청북도 충주시
19740473003,2,1,1,서울제면,식품제조가공업,충청남도,충청남도 홍성군
19740484001,1,1,1,대선물산주식회사,식품제조가공업,전북특별자치도,전북특별자치도 군산시
19740503010,1,1,1,목포대양식품조합,식품제조가공업,전남광주통합특별시,전남광주통합특별시 목포시
19740606001,1,1,1,칠성제과,식품제조가공업,경상남도,경상남도 사천시
19740606004,1,1,1,신선수산,식품제조가공업,경상남도,경상남도 사천시
19750202004,1,1,1,동서식품(주),식품제조가공업,인천광역시,인천광역시 부평구
19750208003,29,19,20,(주)삼양사,식품제조가공업,인천광역시,인천광역시 서해구
19750214003,2,2,2,한국제다,식품제조가공업,전남광주통합특별시,전남광주통합특별시 동구
19750358001,7,7,7,(주)대상다이브스 이천공장,식품제조가공업,경기도,경기도 이천시
19750368001,1,1,1,익수제약(주),식품제조가공업,경기도,경기도 광주시
19750443001,10,5,3,농업회사법인(주)오설록농장,식품제조가공업,충청북도,충청북도 진천군
19750512003,5,5,5,(주)삼진 지.에프,식품제조가공업,전남광주통합특별시,전남광주통합특별시 나주시
19750621001,2,2,2,농업회사법인 쌍계명차 주식회사,식품제조가공업,경상남도,경상남도 하동군
19760015001,2,1,1,서울탁주구로연합제조장,식품제조가공업(주류),서울특별시,서울특별시 금천구
19760144008,3,3,3,(주)오복식품,식품제조가공업,부산광역시,부산광역시 사하구
19760144009,3,3,3,부경수산(주),식품제조가공업,부산광역시,부산광역시 사하구
19760263004,9,8,7,(주)동원F&B수원공장,식품제조가공업,경기도,경기도 수원시
19760311001,2,2,2,서울우유협동조합안산공장,식품제조가공업,경기도,경기도 안산시
19760342001,8,8,7,(주)농심,식품제조가공업,경기도,경기도 군포시
19760425007,1,1,1,"한,양식,우동,라면",휴게음식점,충청북도,충청북도 청주시
19760463011,1,1,1,주식회사 해온푸드,식품제조가공업,충청남도,충청남도 서산시
19760478023,2,2,2,주식회사풍년제과,식품제조가공업,전북특별자치도,전북특별자치도 전주시
19760487005,8,8,7,(주)오리온 제2익산공장,식품제조가공업,전북특별자치도,전북특별자치도 익산시
19760523001,8,8,8,(주)유맥,식품제조가공업,전남광주통합특별시,전남광주통합특별시 해남군
19760560002,1,1,1,평사(부산방향)휴게소 한.양식전문점,일반음식점,경상북도,경상북도 경산시
19760560004,1,1,1,호박가요주점,유흥주점영업,경상북도,경상북도 경산시
19760606001,2,2,2,삼우산업사,식품제조가공업,경상남도,경상남도 사천시
19770069023,1,1,1,진미식품,식품제조가공업,서울특별시,서울특별시 마포구
19770144003,2,2,2,(주)한진식품,식품제조가공업,부산광역시,부산광역시 사하구
19770144011,3,3,3,(주)유창상사,식품제조가공업,부산광역시,부산광역시 사하구
19770211002,1,1,1,천수제면,식품제조가공업,인천광역시,인천광역시 강화군
19770257006,1,1,1,(주)대창농산,식품제조가공업,세종특별자치시,세종특별자치시
19770294002,1,1,1,대원냉동산업사,식품제조가공업,경기도,경기도 부천시
19770304002,2,2,2,주식회사대구상사,식품제조가공업,경기도,경기도 광명시
19770353001,1,1,1,죽전(서울방향)휴게소 자율식당,일반음식점,경기도,경기도 용인시
19770368001,1,1,1,합동산업(주),식품제조가공업,경기도,경기도 광주시
19770433009,13,13,12,동보식품 주식회사,식품제조가공업,충청북도,충청북도 충주시
19770506012,5,5,5,(주)유성수산,식품제조가공업,전남광주통합특별시,전남광주통합특별시 여수시
19780144015,1,1,1,태명수산,식품제조가공업,부산광역시,부산광역시 사하구
19780190012,5,3,3,대한제당(주),식품제조가공업,인천광역시,인천광역시 제물포구
19780368002,8,8,8,롯데칠성음료(주),식품제조가공업,경기도,경기도 광주시
19780606005,2,2,2,대호수산,식품제조가공업,경상남도,경상남도 사천시
19780614001,7,7,7,롯데칠성음료(주),식품제조가공업,경상남도,경상남도 양산시
19780614009,9,9,9,롯데웰푸드(주),식품제조가공업,경상남도,경상남도 양산시
19790190025,12,11,11,씨제이제일제당(주),식품제조가공업,인천광역시,인천광역시 제물포구
19790257001,13,11,11,남양유업주식회사 세종공장,식품제조가공업,세종특별자치시,세종특별자치시
19790449002,1,1,1,주식회사제때,식품제조가공업,충청남도,충청남도 천안시
19790490001,1,1,1,정읍녹두장군(하행)휴게소한식당,일반음식점,전북특별자치도,전북특별자치도 정읍시
19790490002,1,1,1,정읍녹두장군(상행)휴게소,일반음식점,전북특별자치도,전북특별자치도 정읍시
19790606005,1,1,1,대양수산,식품제조가공업,경상남도,경상남도 사천시
19790606008,1,1,1,(주)대덕수산,식품제조가공업,경상남도,경상남도 사천시
19790614008,4,4,4,(주)희창유업,식품제조가공업,경상남도,경상남도 양산시
19800163046,2,1,1,광일제과,식품제조가공업,대구광역시,대구광역시 달성군
19800190030,19,9,9,씨제이제일제당(주),식품제조가공업,인천광역시,인천광역시 제물포구
19800202010,4,2,2,해저림식품,식품제조가공업,인천광역시,인천광역시 부평구
19800347002,17,17,17,대상(주)기흥공장,식품제조가공업,경기도,경기도 용인시
19800355003,5,5,4,주식회사피엔에프아이,식품제조가공업,경기도,경기도 파주시
19800375002,8,8,8,코카콜라음료(주),식품제조가공업,경기도,경기도 여주시
19800415001,5,5,5,동아오츠카주식회사,식품제조가공업,충청북도,충청북도 청주시
19800415004,6,6,6,(주)일화초정공장,식품제조가공업,충청북도,충청북도 청주시
19800493005,5,5,3,(주)서주,식품제조가공업,전북특별자치도,전북특별자치도 김제시
19800498002,8,8,6,(주)푸르밀,식품제조가공업,전북특별자치도,전북특별자치도 임실군
19800513010,1,1,1,두성유통(주)섬진강(순천)휴게소 한식당&돈가스,일반음식점,전남광주통합특별시,전남광주통합특별시 광양시
19800513011,1,1,1,두성유통(주)섬진강(부산)휴게소 한식당&돈가스,일반음식점,전남광주통합특별시,전남광주통합특별시 광양시
19800520008,1,1,1,(주)오성식품,식품제조가공업,전남광주통합특별시,전남광주통합특별시 화순군
19800538018,7,7,7,남양유업주식회사 경주공장,식품제조가공업,경상북도,경상북도 경주시
19800538053,2,2,2,(주)창성,식품제조가공업,경상북도,경상북도 경주시
19800560003,2,2,2,매일유업(주)경산공장,식품제조가공업,경상북도,경상북도 경산시
19800604006,1,1,1,부산수정식품,식품제조가공업,경상남도,경상남도 통영시
19800606005,1,1,1,삼경식품,식품제조가공업,경상남도,경상남도 사천시
19800607016,1,1,1,아세아식품,식품제조가공업,경상남도,경상남도 김해시
19810144025,4,4,3,(주)명인수산,식품제조가공업,부산광역시,부산광역시 사하구
19810227007,15,15,15,매일유업(주)광주공장,식품제조가공업,전남광주통합특별시,전남광주통합특별시 광산구
19810288013,2,2,2,민성식품,식품제조가공업,경기도,경기도 안양시
19810308046,4,4,4,매일유업(주)평택공장,식품제조가공업,경기도,경기도 평택시
19810332001,1,1,1,태정식품,식품제조가공업,경기도,경기도 남양주시
19810336006,3,3,3,(주)우농,식품제조가공업,경기도,경기도 오산시
19810372140,7,5,4,(주)우천식품,식품제조가공업,경기도,경기도 포천시
19810415001,3,3,3,롯데웰푸드 주식회사,식품제조가공업,충청북도,충청북도 청주시
19810415002,7,7,7,롯데네슬레코리아주식회사,식품제조가공업,충청북도,충청북도 청주시
19810473012,1,1,1,한일제면,식품제조가공업,충청남도,충청남도 홍성군
19810481007,1,1,1,수협중앙회전주공판장,식품제조가공업,전북특별자치도,전북특별자치도 전주시
19810555057,1,1,1,종동한과,식품제조가공업,경상북도,경상북도 영천시
19810606006,28,28,27,서강유업(주),식품제조가공업,경상남도,경상남도 사천시
19810617005,1,1,1,함안(부산방향)휴게소,일반음식점,경상남도,경상남도 함안군
19820144010,3,3,3,주식회사 태성물산,식품제조가공업,부산광역시,부산광역시 사하구
19820144026,1,1,1,(주)효성어묵,식품제조가공업,부산광역시,부산광역시 사하구
19820233041,1,1,1,문창식품,식품제조가공업,대전광역시,대전광역시 중구
19820358017,1,1,1,오비맥주(주),식품제조가공업,경기도,경기도 이천시
19820372021,2,2,1,(주)정희식품,식품제조가공업,경기도,경기도 포천시
19820433005,4,4,4,(주)동심,식품제조가공업,충청북도,충청북도 충주시
19820481005,1,1,1,(유한회사)동성물산,식품제조가공업,전북특별자치도,전북특별자치도 전주시
19820481021,3,3,3,훼미리식품주식회사,식품제조가공업,전북특별자치도,전북특별자치도 전주시
19820487024,4,4,4,남양팜스,식품제조가공업,전북특별자치도,전북특별자치도 익산시
19820526003,3,3,3,농업회사법인 유한회사 세양지에프,식품제조가공업,전남광주통합특별시,전남광주통합특별시 함평군
19820538018,3,3,3,(주)태화식품,식품제조가공업,경상북도,경상북도 경주시
19820607004,7,7,7,(주)빙그레,식품제조가공업,경상남도,경상남도 김해시
19820627019,1,1,1,영농조합법인제주감귤과자,식품제조가공업,제주특별자치도,제주특별자치도 제주시
19830144003,1,1,1,명성식품,식품제조가공업,부산광역시,부산광역시 사하구
19830144029,2,1,1,고려식품산업사,식품제조가공업,부산광역시,부산광역시 사하구
19830190020,7,7,6,대한제분(주),식품제조가공업,인천광역시,인천광역시 제물포구
19830202036,13,13,13,유한회사 사조씨피케이 부평공장,식품제조가공업,인천광역시,인천광역시 부평구
19830221006,1,1,1,풍전나이스제과(주),식품제조가공업,전남광주통합특별시,전남광주통합특별시 북구
19830240007,6,6,6,(주)진미식품,식품제조가공업,대전광역시,대전광역시 유성구
19830242017,5,5,5,주식회사 광야식품,식품제조가공업,대전광역시,대전광역시 대덕구
19830308010,3,3,3,롯데웰푸드 주식회사,식품제조가공업,경기도,경기도 평택시
19830311003,3,3,3,(주)유정식품,식품제조가공업,경기도,경기도 안산시
19830347001,3,3,3,(주)한불화농,식품제조가공업,경기도,경기도 용인시
19830358006,20,20,18,유한회사 사조씨피케이 이천공장,식품제조가공업,경기도,경기도 이천시
19830358009,1,1,1,한교식품산업사,식품제조가공업,경기도,경기도 이천시
19830358021,9,9,7,(주) 팔도,식품제조가공업,경기도,경기도 이천시
19830360016,4,4,4,농심켈로그주식회사,식품제조가공업,경기도,경기도 안성시
19830386002,3,3,3,강릉초당두부,식품제조가공업,강원특별자치도,강원특별자치도 강릉시
19830395001,1,1,1,횡성(인천)휴게소 한식,일반음식점,강원특별자치도,강원특별자치도 횡성군
19830415001,4,2,2,해태제과식품(주)청주공장,식품제조가공업,충청북도,충청북도 청주시
19830415002,3,3,3,농업회사법인(주)착한식품,식품제조가공업,충청북도,충청북도 청주시
19830464033,11,11,11,(주)오뚜기,식품제조가공업,충청남도,충청남도 논산시
19830487051,8,8,8,(주)오리온 제3익산공장,식품제조가공업,전북특별자치도,전북특별자치도 익산시
19830614003,2,2,2,(주)진주햄,식품제조가공업,경상남도,경상남도 양산시
19830631007,1,1,1,농업회사법인 (주)오설록농장 돌송이공장,식품제조가공업,제주특별자치도,제주특별자치도 서귀포시
19840144039,1,1,1,주식회사 동순덕식품,식품제조가공업,부산광역시,부산광역시 사하구
19840154038,1,1,1,대우통상,식품제조가공업,부산광역시,부산광역시 사상구
19840193136,1,1,1,월미제면,식품제조가공업,인천광역시,인천광역시 미추홀구
19840221008,9,5,5,해태제과식품(주)광주공장,식품제조가공업,전남광주통합특별시,전남광주통합특별시 북구
19840221010,2,2,2,롯데칠성음료(주),식품제조가공업,전남광주통합특별시,전남광주통합특별시 북구
19840221012,4,4,4,코카콜라음료(주),식품제조가공업,전남광주통합특별시,전남광주통합특별시 북구
19840288018,1,1,1,(주)신라명과,식품제조가공업,경기도,경기도 안양시
19840358018,9,9,9,(주)복천식품,식품제조가공업,경기도,경기도 이천시
19840364002,4,4,4,(주)정남식품,식품제조가공업,경기도,경기도 화성시
19840368032,1,1,1,완전식품,식품제조가공업,경기도,경기도 광주시
19840376118,4,4,4,주식회사 임진강김치,식품제조가공업,경기도,경기도 연천군
19840415001,31,16,16,(주)정.식품,식품제조가공업,충청북도,충청북도 청주시
19840461098,1,1,1,(주)광일,식품제조가공업,충청남도,충청남도 아산시
19840464014,2,2,2,(주)빙그레,식품제조가공업,충청남도,충청남도 논산시
19840467010,1,1,1,농업회사법인(주)안성식품,식품제조가공업,충청남도,충청남도 금산군
19840484032,2,2,2,대광제면,식품제조가공업,전북특별자치도,전북특별자치도 군산시
19840490002,2,2,2,현미원,식품제조가공업,전북특별자치도,전북특별자치도 정읍시
19840492019,1,1,1,대보유통(주)지리산(고서)휴게소(한식당),휴게음식점,전북특별자치도,전북특별자치도 남원시
19840518014,2,2,2,고흥군수산업협동조합,식품제조가공업,전남광주통합특별시,전남광주통합특별시 고흥군
19840533006,7,7,7,양포식품(주),식품제조가공업,경상북도,경상북도 포항시
19840597092,6,3,1,하이트진로(주),식품제조가공업,경상남도,경상남도 창원시
19840607028,7,7,6,한성기업(주),식품제조가공업,경상남도,경상남도 김해시
19850042355,6,3,3,(주)맛찬들백미식품 제2공장,식품제조가공업,경기도,경기도 포천시
19850144040,2,2,2,남양식품,식품제조가공업,부산광역시,부산광역시 사하구
19850144063,1,1,1,(주)명성리프레쉬,식품제조가공업,부산광역시,부산광역시 사하구
19850166004,1,1,1,삼오식품,식품제조가공업,대구광역시,대구광역시 남구
19850275001,1,1,1,농업회사법인(주)맘모스,식품제조가공업,경기도,경기도 성남시
19850309003,6,6,6,고려인삼제조주식회사,식품제조가공업,경기도,경기도 평택시
19850310003,1,1,1,가나식품공업사,식품제조가공업,경기도,경기도 동두천시
19850311001,21,21,20,태원식품산업(주),식품제조가공업,경기도,경기도 안산시
19850311005,4,4,4,(주)피엔에프에스,식품제조가공업,경기도,경기도 안산시
19850347002,4,4,4,일양약품(주)건강사업부,식품제조가공업,경기도,경기도 용인시
19850347003,6,6,6,동희(주),식품제조가공업,경기도,경기도 용인시
19850368057,4,4,4,(주)쎄레스,식품제조가공업,경기도,경기도 광주시
19850368064,2,2,2,(주)빙그레,식품제조가공업,경기도,경기도 광주시
19850370018,4,4,4,유성씨앤에프(주),식품제조가공업,경기도,경기도 양주시
19850370020,2,2,2,서울우유협동조합양주공장,식품제조가공업,경기도,경기도 양주시
19850433015,7,7,7,서울식품공업(주),식품제조가공업,충청북도,충청북도 충주시
19850439028,1,1,1,(주)풀그린,식품제조가공업,충청북도,충청북도 보은군
19850449001,15,15,15,삼육식품,식품제조가공업,충청남도,충청남도 천안시
19850467009,1,1,1,의남식품(주),식품제조가공업,충청남도,충청남도 금산군
19850473003,3,3,3,광천조양식품,식품제조가공업,충청남도,충청남도 홍성군
19850481029,5,5,5,천일종합식품,식품제조가공업,전북특별자치도,전북특별자치도 전주시
19850487022,3,3,3,선화식품 주식회사,식품제조가공업,전북특별자치도,전북특별자치도 익산시
19850494002,3,3,3,농업회사법인(주)화심두부,식품제조가공업,전북특별자치도,전북특별자치도 완주군
19850499011,18,10,14,대상(주),식품제조가공업,전북특별자치도,전북특별자치도 순창군
19850506046,2,2,2,태영수산,식품제조가공업,전남광주통합특별시,전남광주통합특별시 여수시
19850512029,1,1,1,한양식품,식품제조가공업,전남광주통합특별시,전남광주통합특별시 나주시
19850538012,1,1,1,태양식품 경주국수,식품제조가공업,경상북도,경상북도 경주시
19850560015,1,1,1,(주)경일식품,식품제조가공업,경상북도,경상북도 경산시
19850571033,3,3,3,삼진식품,식품제조가공업,경상북도,경상북도 예천군
19850573008,1,1,1,(주)하람씨푸드,식품제조가공업,경상북도,경상북도 울진군
19850614015,3,3,3,대륙식품(주),식품제조가공업,경상남도,경상남도 양산시
19850614055,37,35,36,(주)엠에스씨,식품제조가공업,경상남도,경상남도 양산시
19850631026,5,5,5,제주농산주식회사,식품제조가공업,제주특별자치도,제주특별자치도 서귀포시
19860042158,1,1,1,(주)새빛푸드,식품제조가공업,서울특별시,서울특별시 동대문구
19860131115,1,1,1,백향식품,식품제조가공업,부산광역시,부산광역시 부산진구
19860131182,2,1,1,부전식품,식품제조가공업,부산광역시,부산광역시 사상구
19860202061,1,1,1,경인식품,식품제조가공업,인천광역시,인천광역시 부평구
19860275004,9,9,9,(주)평화식품,식품제조가공업,경기도,경기도 성남시
19860309018,21,21,20,오뚜기라면(주),식품제조가공업,경기도,경기도 평택시
19860330011,1,1,1,호남식품,식품제조가공업,경기도,경기도 구리시
19860332004,4,4,4,(주)동진푸드,식품제조가공업,경기도,경기도 남양주시
19860332051,1,1,1,(주)코스모스제과,식품제조가공업,경기도,경기도 남양주시
19860347002,9,9,8,(주)동성식품,식품제조가공업,경기도,경기도 용인시
19860347004,10,10,10,큐어라벨(주),식품제조가공업,경기도,경기도 용인시
19860358059,22,13,11,샘표식품(주) 이천공장,식품제조가공업,경기도,경기도 이천시
19860360007,2,2,2,(주)농심,식품제조가공업,경기도,경기도 안성시
19860364014,8,8,8,주식회사 진유원,식품제조가공업,경기도,경기도 화성시
19860368004,4,4,4,(주)신안식품,식품제조가공업,경기도,경기도 광주시
19860368013,2,2,1,주식회사 진협제과,식품제조가공업,경기도,경기도 광주시
19860370022,1,1,1,삼성식품,식품제조가공업,경기도,경기도 양주시
19860372032,7,7,7,디에이치팜(주),식품제조가공업,경기도,경기도 포천시
19860372050,1,1,1,효천푸드,식품제조가공업,경기도,경기도 포천시
19860395013,13,13,13,롯데웰푸드(주)파스퇴르공장,식품제조가공업,강원특별자치도,강원특별자치도 횡성군
19860415003,1,1,1,(주)청와푸드,식품제조가공업,충청북도,충청북도 청주시
19860435013,24,24,24,코스맥스바이오(주),식품제조가공업,충청북도,충청북도 제천시
19860443015,20,20,17,(주)네이처텍,식품제조가공업,충청북도,충청북도 진천군
19860461054,3,3,3,후덕물산(주)아산공장,식품제조가공업,충청남도,충청남도 아산시
19860470017,1,1,1,대동국수,식품제조가공업,충청남도,충청남도 부여군
19860506002,21,13,14,(주)아라움,식품제조가공업,전남광주통합특별시,전남광주통합특별시 여수시
19860506004,1,1,1,해초종합식품,식품제조가공업,전남광주통합특별시,전남광주통합특별시 여수시
19860512022,2,2,2,(주)광일식품,식품제조가공업,전남광주통합특별시,전남광주통합특별시 나주시
19860520012,1,1,1,(주)라벨리,식품제조가공업,전남광주통합특별시,전남광주통합특별시 화순군
19860560012,15,15,15,(주)도들샘,식품제조가공업,경상북도,경상북도 경산시
19860560029,12,4,4,해태제과식품(주),식품제조가공업,충청남도,충청남도 아산시
19860570011,1,1,1,칠곡(서울방향)휴게소 자율식당,일반음식점,경상북도,경상북도 칠곡군
19860570015,1,1,1,칠곡(부산방향)휴게소 자율식당,일반음식점,경상북도,경상북도 칠곡군
19860589043,2,2,2,동서식품(주),식품제조가공업,경상남도,경상남도 창원시
19860607003,7,7,6,고려냉장식품(주),식품제조가공업,경상남도,경상남도 김해시
19860607036,1,1,1,민속식품,식품제조가공업,경상남도,경상남도 김해시
19870042183,4,2,2,크로바식품,식품제조가공업,경기도,경기도 포천시
19870076096,1,1,1,대한항공씨앤디서비스 주식회사,식품제조가공업,서울특별시,서울특별시 강서구
19870131014,1,1,1,제일제면,식품제조가공업,부산광역시,부산광역시 부산진구
19870144104,5,5,3,씨크리드,식품제조가공업,부산광역시,부산광역시 사하구
19870144115,4,2,2,(주)덕화푸드,식품제조가공업,부산광역시,부산광역시 서구
19870149015,1,1,1,대한항공씨앤디서비스 주식회사,식품제조가공업,부산광역시,부산광역시 강서구
19870154026,4,4,4,광신식품,식품제조가공업,부산광역시,부산광역시 사상구
19870168001,5,5,5,남문식품,식품제조가공업,대구광역시,대구광역시 북구
19870190023,16,16,16,삼양사,식품제조가공업,인천광역시,인천광역시 제물포구
19870190051,8,5,6,씨제이제일제당(주),식품제조가공업,인천광역시,인천광역시 제물포구
19870227010,2,2,2,문화제과,식품제조가공업,전남광주통합특별시,전남광주통합특별시 광산구
19870263006,4,4,4,농업회사법인 풍미식품(주),식품제조가공업,경기도,경기도 수원시
19870275001,6,6,6,씨제이씨푸드 주식회사,식품제조가공업,경기도,경기도 성남시
19870358015,4,4,4,한일식품(주),식품제조가공업,경기도,경기도 이천시
19870360054,9,9,9,(주)아모레퍼시픽,식품제조가공업,경기도,경기도 안성시
19870364014,4,4,4,롯데웰푸드(주),식품제조가공업,경기도,경기도 화성시
19870368045,2,2,2,(주)한일제과,식품제조가공업,경기도,경기도 광주시
19870370033,1,1,1,고려식품,식품제조가공업,경기도,경기도 양주시
19870383009,3,3,3,델로스에프앤비 주식회사,식품제조가공업,강원특별자치도,강원특별자치도 원주시
19870395003,5,5,5,대상(주)횡성공장,식품제조가공업,강원특별자치도,강원특별자치도 횡성군
19870395020,1,1,1,(주)두콩양행,식품제조가공업,강원특별자치도,강원특별자치도 횡성군
19870397007,1,1,1,오대산식품,식품제조가공업,강원특별자치도,강원특별자치도 평창군
19870403012,1,1,1,농업회사법인(주)체은팜푸드,식품제조가공업,강원특별자치도,강원특별자치도 고성군
19870415003,6,6,6,(주)오리온제4청주공장,식품제조가공업,충청북도,충청북도 청주시
19870445022,1,1,1,음성(하남방향)휴게소 한식당,일반음식점,충청북도,충청북도 음성군
19870445023,1,1,1,음성(남이방향)휴게소G,일반음식점,충청북도,충청북도 음성군
19870449002,1,1,1,(주)신미씨앤에프,식품제조가공업,충청남도,충청남도 천안시
19870461068,2,2,2,(주)크라운제과 아산공장,식품제조가공업,충청남도,충청남도 아산시
19870506066,3,3,3,오천산업(주),식품제조가공업,전남광주통합특별시,전남광주통합특별시 여수시
19870522006,1,1,1,농업회사법인(주) 오설록농장 월출산공장,식품제조가공업,전남광주통합특별시,전남광주통합특별시 강진군
19870533003,4,4,2,정화식품(주),식품제조가공업,경상북도,경상북도 포항시
19870533022,2,2,2,주식회사 디에스에프앤비 도시락사업부,식품제조가공업,경상북도,경상북도 포항시
19870541053,1,1,1,파레스제과,식품제조가공업,경상북도,경상북도 김천시
19870558003,13,13,13,(주) 썬레이크푸드,식품제조가공업,경상북도,경상북도 문경시
19870573025,1,1,1,대후기업(주),식품제조가공업,경상북도,경상북도 울진군
19870589080,5,5,5,몽고식품주식회사,식품제조가공업,경상남도,경상남도 창원시
19880144008,1,1,1,한성식품,식품제조가공업,부산광역시,부산광역시 사하구
19880205023,2,2,2,(주)유진수산,식품제조가공업,인천광역시,인천광역시 계양구
19880208008,1,1,1,태승식품,식품제조가공업,인천광역시,인천광역시 서해구
19880231012,4,4,4,대성F&D,식품제조가공업,대전광역시,대전광역시 동구
19880247097,15,15,15,(주)삼양사울산2공장,식품제조가공업,울산광역시,울산광역시 남구
19880247117,2,1,1,성일식품,식품제조가공업,울산광역시,울산광역시 남구
19880275001,4,4,4,(주)파리크라상,식품제조가공업,경기도,경기도 성남시
19880311001,11,11,11,롯데웰푸드(주)안산공장,식품제조가공업,경기도,경기도 안산시
19880311002,1,1,1,(주)사조대림,식품제조가공업,경기도,경기도 안산시
19880355033,31,31,27,(주)한미양행,식품제조가공업,경기도,경기도 파주시
19880368006,1,1,1,(주)쎄레스,식품소분업,경기도,경기도 광주시
19880372019,2,2,2,개성인삼농협,식품제조가공업,경기도,경기도 포천시
19880380004,3,3,3,춘천식품,식품제조가공업,강원특별자치도,강원특별자치도 춘천시
19880383127,5,5,5,삼양식품(주)원주공장,식품제조가공업,강원특별자치도,강원특별자치도 원주시
19880395016,3,3,3,(주)덕천푸드,식품제조가공업,강원특별자치도,강원특별자치도 횡성군
19880433002,2,2,1,푸른들식품,식품제조가공업,충청북도,충청북도 충주시
19880442004,31,20,23,풀무원건강생활(주),식품제조가공업,충청북도,충청북도 증평군
19880444018,2,2,2,(주)미미식품,식품제조가공업,충청북도,충청북도 괴산군
19880445009,18,16,16,(주)피피이씨음성생면,식품제조가공업,충청북도,충청북도 음성군
19880449001,8,8,8,신송식품주식회사,식품제조가공업,충청남도,충청남도 천안시
19880449002,2,2,2,(주)조은푸드텍,식품제조가공업,충청남도,충청남도 천안시
19880449004,10,10,10,대상푸드플러스주식회사,식품제조가공업,충청남도,충청남도 천안시
19880467008,1,1,1,카루길식품,식품제조가공업,충청남도,충청남도 금산군
19880487114,3,3,3,(주)원창,식품제조가공업,전북특별자치도,전북특별자치도 익산시
19880487143,1,1,1,(유)진미식품,식품제조가공업,전북특별자치도,전북특별자치도 익산시
19880493001,2,2,2,(유)신포우리식품,식품제조가공업,전북특별자치도,전북특별자치도 김제시
19880506012,2,2,2,(주)동일하이씨푸드,식품제조가공업,전남광주통합특별시,전남광주통합특별시 여수시
19880533007,1,1,1,주식회사 조은식품,식품제조가공업,경상북도,경상북도 포항시
19880555008,6,6,6,(주)사조대림 영천공장,식품제조가공업,경상북도,경상북도 영천시
19880570010,2,2,2,한국푸드,식품제조가공업,경상북도,경상북도 칠곡군
19880589018,7,7,7,동서유지(주),식품제조가공업,경상남도,경상남도 창원시
19880589063,10,10,9,(주)동원F&B,식품제조가공업,경상남도,경상남도 창원시
19880607021,16,16,16,(주)케이지앤에프,식품제조가공업,경상남도,경상남도 김해시
19880622012,6,6,5,참들애바이오푸드 영농조합법인,식품제조가공업,경상남도,경상남도 산청군
19880631016,1,1,1,농업회사법인 (주)오설록농장 서광공장,식품제조가공업,제주특별자치도,제주특별자치도 서귀포시
19890144024,1,1,1,(주)일성냉동,식품제조가공업,부산광역시,부산광역시 사하구
19890163001,1,1,1,대동식품,식품제조가공업,대구광역시,대구광역시 서구
19890199038,8,4,4,(주)남영식품,식품제조가공업,인천광역시,인천광역시 남동구
19890202044,2,1,1,(주)세모,식품제조가공업,인천광역시,인천광역시 부평구
19890208014,1,1,1,진미식품,식품제조가공업,인천광역시,인천광역시 서해구
19890227010,1,1,1,성미제과,식품제조가공업,전남광주통합특별시,전남광주통합특별시 광산구
19890257019,1,1,1,(주)세종푸드,식품제조가공업,세종특별자치시,세종특별자치시
19890311001,2,2,2,고려은단헬스케어,식품제조가공업,경기도,경기도 안산시
19890347006,2,2,2,영미산업(주),식품제조가공업,경기도,경기도 용인시
19890355012,12,12,12,칠갑농산(주),식품제조가공업,경기도,경기도 파주시
19890372018,2,2,2,신광제과,식품제조가공업,경기도,경기도 포천시
19890383021,2,2,2,삼우식품평창김치,식품제조가공업,강원특별자치도,강원특별자치도 원주시
19890383187,3,3,3,시골생활건강식품,식품제조가공업,강원특별자치도,강원특별자치도 원주시
19890392010,1,1,1,(주)청호씨푸드,식품제조가공업,강원특별자치도,강원특별자치도 속초시
19890401002,7,7,7,주식회사백천바이오텍(Biotech),식품제조가공업,강원특별자치도,강원특별자치도 양구군
19890401006,4,4,2,(주)아이엠김치,식품제조가공업,강원특별자치도,강원특별자치도 양구군
19890401007,1,1,1,양구농업협동조합 방산지점,식품소분업,강원특별자치도,강원특별자치도 양구군
19890439026,4,4,4,(주)이킴,식품제조가공업,충청북도,충청북도 보은군
19890440015,2,2,2,솔푸드(주),식품제조가공업,충청북도,충청북도 옥천군
19890445014,9,9,9,태웅식품(주),식품제조가공업,충청북도,충청북도 음성군
19890449002,13,13,12,남양유업 주식회사 천안공장,식품제조가공업,충청남도,충청남도 천안시
19890461032,13,13,12,(주)한미에프쓰리,식품제조가공업,충청남도,충청남도 아산시
19890464032,3,3,2,(주)푸른솔,식품제조가공업,충청남도,충청남도 논산시
19890474008,3,3,3,(주)두솔,식품제조가공업,충청남도,충청남도 예산군
19890481040,2,1,1,삼일종합식품,식품제조가공업,전북특별자치도,전북특별자치도 완주군
19890494007,1,1,1,서주푸드(주),식품제조가공업,전북특별자치도,전북특별자치도 완주군
19890495011,4,4,4,(주)건보,식품제조가공업,전북특별자치도,전북특별자치도 진안군
19890512010,1,1,1,(주)가보팜스,식품소분업,전남광주통합특별시,전남광주통합특별시 나주시
19890528010,6,6,6,보해양조(주) 장성공장,식품제조가공업,전남광주통합특별시,전남광주통합특별시 장성군
19890538051,1,1,1,삼화식품,식품제조가공업,경상북도,경상북도 경주시
19890554010,2,2,2,신영제면,식품제조가공업,경상북도,경상북도 영주시
19890555015,1,1,1,(주)진현식품,식품제조가공업,경상북도,경상북도 영천시
19890595028,3,3,3,부림제면,식품제조가공업,경상남도,경상남도 창원시
19890606033,7,7,7,화창식품(주),식품제조가공업,경상남도,경상남도 사천시
19890617026,7,7,7,신진물산주식회사,식품제조가공업,경상남도,경상남도 함안군
19890625036,1,1,1,구포국수,식품제조가공업,경상남도,경상남도 합천군
19900066362,1,1,1,성실식품,식품제조가공업,서울특별시,서울특별시 서대문구
19900084040,1,1,1,J·A FOOD,식품제조가공업,서울특별시,서울특별시 금천구
19900128072,4,4,3,사조씨푸드(주)물류센타,식품제조가공업,부산광역시,부산광역시 서구
19900144061,2,2,2,동원수산(주)부산공장,식품제조가공업,부산광역시,부산광역시 사하구
19900144067,1,1,1,(주)남광식품,식품제조가공업,부산광역시,부산광역시 사하구
19900144142,2,2,2,(주)동하씨푸드,식품제조가공업,부산광역시,부산광역시 사하구
19900156023,2,2,1,구포종합식품,식품제조가공업,부산광역시,부산광역시 기장군
19900188062,2,2,2,우진식품,식품제조가공업,대구광역시,대구광역시 달성군
19900227031,1,1,1,(주)남양냉동식품,식품제조가공업,전남광주통합특별시,전남광주통합특별시 광산구
19900242098,4,4,4,농업회사법인(주)대성식품팔도맛김치,식품제조가공업,대전광역시,대전광역시 대덕구
19900275002,2,2,2,(주)동원F＆B,식품제조가공업,경기도,경기도 성남시
19900355032,1,1,1,농업회사법인(유)아리랑식품,식품제조가공업,경기도,경기도 파주시
19900355116,3,3,3,(주)동화씨앤에프,식품제조가공업,경기도,경기도 파주시
19900355136,2,2,2,선미식품,식품제조가공업,경기도,경기도 파주시
19900360068,4,4,4,청학에프엔씨(주),식품제조가공업,경기도,경기도 안성시
19900360099,1,1,1,인천제면소,식품제조가공업,경기도,경기도 안성시
19900360105,8,8,8,롯데칠성음료(주),식품제조가공업,경기도,경기도 안성시
19900360106,8,8,8,(주)참맛,식품제조가공업,경기도,경기도 안성시
19900362052,3,3,2,(주)미양식품,식품제조가공업,경기도,경기도 김포시
19900362066,8,4,4,동일에프앤티(주),식품제조가공업,경기도,경기도 김포시
19900364031,4,4,4,그린식품(주),식품제조가공업,경기도,경기도 화성시
19900368039,6,6,6,(주)유성식품,식품제조가공업,경기도,경기도 광주시
19900370014,1,1,1,(주)신원종합상사,식품제조가공업,경기도,경기도 양주시
19900372085,7,7,7,(주)동성식품 포천지점,식품제조가공업,경기도,경기도 포천시
19900372087,18,18,18,(주)화인내츄럴,식품제조가공업,경기도,경기도 포천시
19900372192,1,1,1,(주)꽃샘식품,식품소분업,경기도,경기도 포천시
19900376064,4,4,3,성찬식품,식품제조가공업,경기도,경기도 연천군
19900377042,4,2,2,(주)청우식품,식품제조가공업,경기도,경기도 가평군
19900380189,3,3,3,뫼바우식품,식품제조가공업,강원특별자치도,강원특별자치도 춘천시
19900386123,4,4,3,삼영수산(주),식품제조가공업,강원특별자치도,강원특별자치도 강릉시
19900402023,3,3,3,농업회사법인 주식회사 봉산식품,식품제조가공업,강원특별자치도,강원특별자치도 인제군
19900415013,2,2,2,(주)동원F&B,식품제조가공업,충청북도,충청북도 청주시
19900440026,1,1,1,풍미명과,식품제조가공업,충청북도,충청북도 옥천군
19900444006,4,4,4,서부농산영농조합법인,식품제조가공업,충청북도,충청북도 괴산군
19900444007,1,1,1,태성식품,식품제조가공업,충청북도,충청북도 괴산군
19900445005,9,9,9,주식회사 에이치더블유,식품제조가공업,충청북도,충청북도 음성군
19900456045,1,1,1,한성식품,식품제조가공업,충청남도,충청남도 당진시
19900458016,1,1,1,정광푸드,식품제조가공업,충청남도,충청남도 공주시
19900464003,3,3,3,(주)진미농산,식품제조가공업,충청남도,충청남도 논산시
19900466005,2,2,2,(주) 피앤에프,식품제조가공업,충청남도,충청남도 계룡시
19900470003,1,1,1,금천농산(합),식품제조가공업,충청남도,충청남도 부여군
19900481060,1,1,1,(유)대현물산,식품제조가공업,전북특별자치도,전북특별자치도 전주시
19900490051,6,6,6,(주)코롬방제과,식품제조가공업,전북특별자치도,전북특별자치도 정읍시
19900498001,3,3,3,농업회사법인 유한회사 천년미가,식품제조가공업,전북특별자치도,전북특별자치도 임실군
19900515025,1,1,1,농업회사법인호정식품(주),식품제조가공업,전남광주통합특별시,전남광주통합특별시 담양군
19900516012,1,1,1,곡성(천안)휴게소 식당가,일반음식점,전남광주통합특별시,전남광주통합특별시 곡성군
19900521037,2,2,2,신성식품 주식회사,식품제조가공업,전남광주통합특별시,전남광주통합특별시 장흥군
19900529016,1,1,1,대진식품,식품제조가공업,전남광주통합특별시,전남광주통합특별시 완도군
19900533065,1,1,1,해초식품,식품제조가공업,경상북도,경상북도 포항시
19900554120,6,6,6,화미하회식품,식품제조가공업,경상북도,경상북도 영주시
19900555003,9,9,9,농업회사법인(주) 모아,식품제조가공업,경상북도,경상북도 영천시
19900566039,1,1,1,(주)세웅수산,식품제조가공업,경상북도,경상북도 영덕군
19900571046,2,2,2,지보농협참깨가공유통센터,식품제조가공업,경상북도,경상북도 예천군
19900573057,1,1,1,삼홍실업(주),식품제조가공업,경상북도,경상북도 울진군
19900607205,1,1,1,화성식품,식품제조가공업,경상남도,경상남도 김해시
19900614033,2,2,2,(주)동원식품,식품제조가공업,경상남도,경상남도 양산시
19900614058,2,1,1,농업회사법인주식회사팔보식품,식품제조가공업,경상남도,경상남도 산청군
19900627030,4,4,4,농업회사법인 한백푸드 유한회사,식품제조가공업,제주특별자치도,제주특별자치도 제주시
19900627290,1,1,1,농업회사법인(주)제주자연식품,식품소분업,제주특별자치도,제주특별자치도 제주시
19910128008,3,3,3,희창물산,식품제조가공업,부산광역시,부산광역시 서구
19910128039,4,2,2,향미식품,식품제조가공업,부산광역시,부산광역시 서구
19910144038,26,26,21,씨제이제일제당주식회사,식품제조가공업,부산광역시,부산광역시 사하구
19910144099,1,1,1,씨제이제일제당(주)부산공장,집단급식소,부산광역시,부산광역시 사하구
19910192024,1,1,1,주식회사 유스코,식품제조가공업,인천광역시,인천광역시 제물포구
19910205056,2,1,1,유창성업(주),식품제조가공업,인천광역시,인천광역시 검단구
19910227015,2,2,2,삼우산업,식품제조가공업,전남광주통합특별시,전남광주통합특별시 광산구
19910227021,5,5,5,(주)호남샤니,식품제조가공업,전남광주통합특별시,전남광주통합특별시 광산구
19910240027,1,1,1,국제지식재산연수원,집단급식소,대전광역시,대전광역시 유성구
19910257032,3,3,3,서창산업(주),식품제조가공업,세종특별자치시,세종특별자치시
19910257053,3,3,3,농업회사법인 주식회사 약선원식품,식품제조가공업,세종특별자치시,세종특별자치시
19910294009,3,3,3,매일식품(주),식품제조가공업,경기도,경기도 부천시
19910294012,2,2,2,(주)삼경물산,식품제조가공업,경기도,경기도 부천시
19910332153,1,1,1,유미식품,식품제조가공업,경기도,경기도 남양주시
19910338087,16,16,15,(주)세우,식품제조가공업,경기도,경기도 시흥시
19910347011,2,2,2,(주)선양,식품제조가공업,경기도,경기도 용인시
19910355148,3,3,1,(주)송학식품(제1공장),식품제조가공업,경기도,경기도 파주시
19910358064,1,1,1,한보제과(주),식품제조가공업,경기도,경기도 이천시
19910364130,3,3,3,뉴미소팜,식품제조가공업,경기도,경기도 화성시
19910370064,3,3,3,마들식품,식품제조가공업,경기도,경기도 양주시
19910372070,1,1,1,양지식품,식품제조가공업,경기도,경기도 포천시
19910372092,1,1,1,우천식품,식품제조가공업,경기도,경기도 포천시
19910376012,5,5,5,한국농협김치조합공동사업법인 연천지사,식품제조가공업,경기도,경기도 연천군
19910386025,6,6,6,동림푸드(주),식품제조가공업,강원특별자치도,강원특별자치도 강릉시
19910415004,1,1,1,(주)동화,식품제조가공업,충청북도,충청북도 청주시
19910439001,7,7,7,(주)청솔에프앤비,식품제조가공업,충청북도,충청북도 보은군
19910443010,5,5,5,아그라나프루트코리아주식회사,식품제조가공업,충청북도,충청북도 진천군
19910443024,10,10,10,(주)삼아벤처,식품제조가공업,충청북도,충청북도 진천군
19910443029,12,12,12,(주)삼진푸드,식품제조가공업,충청북도,충청북도 진천군
19910445004,3,3,2,(주)놀부,식품제조가공업,충청북도,충청북도 음성군
19910445077,25,25,24,주식회사 동방푸드마스타,식품제조가공업,충청북도,충청북도 음성군
19910449003,1,1,1,(주)동인,식품제조가공업,충청남도,충청남도 천안시
19910449004,13,13,13,상미식품주식회사,식품제조가공업,충청남도,충청남도 천안시
19910458047,4,4,4,씨제이제일제당(주),식품제조가공업,충청남도,충청남도 공주시
19910461045,1,1,1,동진식품,식품제조가공업,충청남도,충청남도 아산시
19910461077,6,6,6,(주)삼아인터내셔날,식품제조가공업,충청남도,충청남도 아산시
19910461101,6,6,6,(주)농심,식품제조가공업,충청남도,충청남도 아산시
19910463247,2,2,2,(주)서농유통,식품제조가공업,충청남도,충청남도 서산시
19910464049,5,5,5,(주)프레시코,식품제조가공업,충청남도,충청남도 논산시
19910464073,1,1,1,가야곡식품(주),식품제조가공업,충청남도,충청남도 논산시
19910490040,6,6,6,세미기업(주),식품제조가공업,전북특별자치도,전북특별자치도 정읍시
19910492029,9,9,9,씨제이제일제당(주) 남원공장,식품제조가공업,전북특별자치도,전북특별자치도 남원시
19910501017,2,2,2,삼해상사(주)부안공장,식품제조가공업,전북특별자치도,전북특별자치도 부안군
19910501039,3,3,3,주식회사 한교,식품제조가공업,전북특별자치도,전북특별자치도 부안군
19910512116,3,3,3,(주)가보팜스,식품제조가공업,전남광주통합특별시,전남광주통합특별시 나주시
19910560041,1,1,1,민속식품,식품제조가공업,경상북도,경상북도 경산시
19910595055,2,2,2,제엔푸드,식품제조가공업,경상남도,경상남도 창원시
19910597384,1,1,1,해양식품,식품제조가공업,경상남도,경상남도 창원시
19910599013,4,4,4,한국농협김치조합공동사업법인 경남지사,식품제조가공업,경상남도,경상남도 창원시
19910601097,2,2,2,도원외식산업,식품제조가공업,경상남도,경상남도 진주시
19910607016,6,6,6,(주)은하푸드웰,식품제조가공업,경상남도,경상남도 김해시
19910607139,1,1,1,종일식품,식품제조가공업,경상남도,경상남도 김해시
19910611171,1,1,1,삼락식품,식품제조가공업,경상남도,경상남도 밀양시
19910612138,2,2,2,거제농산물수출영농조합법인,식품제조가공업,경상남도,경상남도 거제시
19910627068,1,1,1,(주)제다농수산,식품제조가공업,제주특별자치도,제주특별자치도 제주시
19910627223,1,1,1,귀일농산,식품제조가공업,제주특별자치도,제주특별자치도 제주시
19910631145,2,2,2,엠케이씨푸드,식품제조가공업,제주특별자치도,제주특별자치도 서귀포시
19920147070,2,2,2,장전식품,식품제조가공업,부산광역시,부산광역시 금정구
19920154236,5,5,5,신라에스지(주)부산공장,식품제조가공업,부산광역시,부산광역시 사상구
19920202184,1,1,1,동서식품(주),식품제조가공업,인천광역시,인천광역시 부평구
19920202327,1,1,1,야미,식품제조가공업,인천광역시,인천광역시 부평구
19920221099,5,5,5,(주)호남샤니,식품제조가공업,전남광주통합특별시,전남광주통합특별시 북구
19920231049,4,2,2,키다리식품(주),식품제조가공업,대전광역시,대전광역시 동구
19920255036,13,13,13,(주)오뚜기 삼남공장,식품제조가공업,울산광역시,울산광역시 울주군
19920288024,3,3,3,주식회사 대도식품,식품제조가공업,경기도,경기도 안양시
19920306114,3,3,3,주식회사 동남,식품제조가공업,경기도,경기도 평택시
19920308038,2,2,2,주식회사 오뚜기,식품제조가공업,경기도,경기도 평택시
19920355021,4,4,4,주식회사 농업회사법인 연안식품,식품제조가공업,경기도,경기도 파주시
19920355108,10,10,7,태광푸드(주),식품제조가공업,경기도,경기도 파주시
19920355141,1,1,1,장가떡집,식품제조가공업,경기도,경기도 파주시
19920355173,2,2,2,(주)취영루,식품제조가공업,경기도,경기도 파주시
19920358099,1,1,1,(주)오리온 이천공장,식품제조가공업,경기도,경기도 이천시
19920360082,2,1,1,신동광제과주식회사,식품제조가공업,경기도,경기도 평택시
19920364072,5,5,5,선농종합식품(주),식품제조가공업,경기도,경기도 화성시
19920364141,2,2,2,동방에프티엘(주),식품제조가공업,경기도,경기도 화성시
19920370010,2,2,2,대풍물산,식품제조가공업,경기도,경기도 양주시
19920372050,3,3,3,(주)청우식품,식품제조가공업,경기도,경기도 포천시
19920372103,1,1,1,(주)우정식품,식품제조가공업,경기도,경기도 포천시
19920372190,9,9,9,주식회사 움트리,식품제조가공업,경기도,경기도 포천시
19920380128,2,2,2,주식회사 피피이씨춘천,식품제조가공업,강원특별자치도,강원특별자치도 춘천시
19920380246,3,3,3,삼진식품,식품제조가공업,강원특별자치도,강원특별자치도 춘천시
19920392069,5,5,5,(주)대도F&D,식품제조가공업,강원특별자치도,강원특별자치도 속초시
19920395013,1,1,1,(주)옥두식품,식품제조가공업,강원특별자치도,강원특별자치도 횡성군
19920396052,2,2,2,영월농협가공사업소,식품제조가공업,강원특별자치도,강원특별자치도 영월군
19920415005,4,4,4,(주)청원오가닉,식품제조가공업,충청북도,충청북도 청주시
19920433065,4,4,4,두리메링게,식품제조가공업,충청북도,충청북도 충주시
19920433086,4,4,4,한국농협김치조합공동사업법인충북지사,식품제조가공업,충청북도,충청북도 충주시
19920433127,10,10,8,농업회사법인주식회사정푸드코리아,식품제조가공업,충청북도,충청북도 충주시
19920435032,1,1,1,봉양농협식품가공공장,식품제조가공업,충청북도,충청북도 제천시
19920440019,1,1,1,오천식품(주),식품제조가공업,충청북도,충청북도 옥천군
19920443003,4,4,4,(주)팔도,식품제조가공업,충청북도,충청북도 진천군
19920444004,3,3,3,(주)덕산식품,식품제조가공업,충청북도,충청북도 괴산군
19920444047,1,1,1,중앙식품(주),식품제조가공업,충청북도,충청북도 괴산군
19920445042,1,1,1,청해김,식품제조가공업,충청북도,충청북도 음성군
19920447021,3,3,3,대상(주) 단양공장,식품제조가공업,충청북도,충청북도 단양군
19920461126,4,4,4,선도농협김치가공공장,식품제조가공업,충청남도,충청남도 아산시
19920461131,5,5,5,(주)동원F&B,식품제조가공업,충청남도,충청남도 아산시
19920473045,2,2,2,"서해수산푸드 주식회사(Yellow Sea Fisheries Food Co., Ltd.)",식품제조가공업,충청남도,충청남도 홍성군
19920474036,3,3,3,삽다리전통한과,식품제조가공업,충청남도,충청남도 예산군
19920484128,14,14,13,(주) 대두식품,식품제조가공업,전북특별자치도,전북특별자치도 군산시
19920484196,2,2,1,태정식품,식품제조가공업,전북특별자치도,전북특별자치도 군산시
19920487292,4,4,4,(주)하림,식품제조가공업,전북특별자치도,전북특별자치도 익산시
19920494034,1,1,1,바다식품,식품제조가공업,전북특별자치도,전북특별자치도 완주군
19920495007,5,5,5,한국농협김치조합공동사업법인 전북지사,식품제조가공업,전북특별자치도,전북특별자치도 진안군
19920499016,1,1,1,순창장본가 전통식품,식품제조가공업,전북특별자치도,전북특별자치도 순창군
19920506090,1,1,1,여수농협돌산갓김치공장,식품제조가공업,전남광주통합특별시,전남광주통합특별시 여수시
19920533008,8,8,3,농업회사법인 카프 주식회사,식품제조가공업,경상북도,경상북도 포항시
19920533012,2,2,2,친정집금치,식품제조가공업,경상북도,경상북도 포항시
19920560014,1,1,1,한승식품,식품제조가공업,경상북도,경상북도 경산시
19920562023,8,8,8,대경사과원예농협음료가공공장,식품제조가공업,대구광역시,대구광역시 군위군
19920570075,2,2,2,농업회사법인 주식회사조양에프엔지,식품제조가공업,경상북도,경상북도 칠곡군
19920612166,3,3,3,(주)청해식품,식품제조가공업,경상남도,경상남도 거제시
19920624041,1,1,1,북부농업협동조합,식품소분업,경상남도,경상남도 거창군
19920624042,10,10,10,(주)상일,식품제조가공업,경상남도,경상남도 거창군
19920627527,6,6,6,신천지식품주식회사,식품제조가공업,제주특별자치도,제주특별자치도 제주시
19930130139,6,6,6,세계식품주식회사,식품제조가공업,부산광역시,부산광역시 영도구
19930131100,2,2,2,조은김치,식품제조가공업,부산광역시,부산광역시 부산진구
19930154061,3,3,3,대룡식품,식품제조가공업,부산광역시,부산광역시 사상구
19930156085,1,1,1,하정푸드,식품제조가공업,부산광역시,부산광역시 기장군
19930188025,5,5,5,(주)푸르밀,식품제조가공업,대구광역시,대구광역시 달성군
19930188091,4,4,4,주식회사샤니,식품제조가공업,대구광역시,대구광역시 달성군
19930188127,2,2,2,천일식품,식품제조가공업,대구광역시,대구광역시 달성군
19930190040,2,2,2,인천수산업협동조합,식품제조가공업,인천광역시,인천광역시 제물포구
19930199349,4,4,4,천일식품(주),식품제조가공업,인천광역시,인천광역시 남동구
19930208071,3,3,3,삼우종합식품,식품제조가공업,인천광역시,인천광역시 서해구
19930221088,3,3,3,매일식품,식품제조가공업,전남광주통합특별시,전남광주통합특별시 북구
19930233326,1,1,1,황금식품,식품제조가공업,대전광역시,대전광역시 중구
19930242053,9,9,9,롯데칠성음료(주),식품제조가공업,대전광역시,대전광역시 대덕구
19930288026,2,1,1,하나원,식품제조가공업,경기도,경기도 안양시
19930294014,6,6,6,(주)대웅,식품제조가공업,경기도,경기도 부천시
19930306022,1,1,1,농업회사법인(주)월곡식품,식품제조가공업,경기도,경기도 평택시
19930308070,7,7,6,(주)선양송탄공장,식품제조가공업,경기도,경기도 평택시
19930309017,1,1,1,(주)한샘식품,식품제조가공업,경기도,경기도 평택시
19930310053,5,5,5,(유)금토일종합식품 농업회사법인,식품제조가공업,경기도,경기도 동두천시
19930336060,13,13,13,대상(주)오산공장,식품제조가공업,경기도,경기도 오산시
19930355035,1,1,1,(주)금촌베이커리,식품제조가공업,경기도,경기도 파주시
19930355041,5,5,5,한국농협김치조합공동사업법인 파주지사,식품제조가공업,경기도,경기도 파주시
19930355227,1,1,1,한양식품,식품제조가공업,경기도,경기도 파주시
19930355238,1,1,1,주식회사 청정식품,식품제조가공업,경기도,경기도 파주시
19930355265,2,2,2,한영식품,식품제조가공업,경기도,경기도 파주시
19930355275,1,1,1,스위텍,식품제조가공업,경기도,경기도 파주시
19930362077,3,3,3,(주)태양식품,식품제조가공업,경기도,경기도 김포시
19930368016,1,1,1,청림농원,식품제조가공업,경기도,경기도 광주시
19930368019,2,2,2,(주)영동식품,식품제조가공업,경기도,경기도 광주시
19930370060,2,2,2,(주)늘푸른마을,식품제조가공업,경기도,경기도 양주시
19930372058,2,2,2,명성제과,식품제조가공업,경기도,경기도 포천시
19930372300,4,4,4,(주)한일코리아(제2공장),식품제조가공업,경기도,경기도 포천시
19930376019,3,3,3,주식회사 참한식품,식품제조가공업,경기도,경기도 연천군
19930380121,1,1,1,송원푸드,식품제조가공업,강원특별자치도,강원특별자치도 춘천시
19930383522,14,14,8,하이브 주식회사,식품제조가공업,강원특별자치도,강원특별자치도 원주시
19930389048,1,1,1,농업회사법인(주)동호식품,식품제조가공업,강원특별자치도,강원특별자치도 동해시
19930402026,2,2,2,(주)인제식품,식품제조가공업,강원특별자치도,강원특별자치도 인제군
19930415013,12,12,12,(주)서흥,식품제조가공업,충청북도,충청북도 청주시
19930421061,1,1,1,"계룡산업(주)죽암하휴게소(죽암왕갈비탕,산뜰애,기사식당)",휴게음식점,충청북도,충청북도 청주시
19930433001,1,1,1,(주)풍원산업,식품제조가공업,충청북도,충청북도 충주시
19930433257,1,1,1,강봉석조청(주)농업회사법인,식품제조가공업,충청북도,충청북도 충주시
19930439001,1,1,1,송학식품,식품제조가공업,충청북도,충청북도 보은군
19930439002,5,5,5,대영식품(주),식품제조가공업,충청북도,충청북도 보은군
19930439009,5,5,5,(주)산마을,식품제조가공업,충청북도,충청북도 보은군
19930443009,2,1,1,삼진식품(주),식품제조가공업,충청북도,충청북도 진천군
19930443028,36,36,28,(주)면사랑,식품제조가공업,충청북도,충청북도 진천군
19930443046,9,9,9,동서식품(주),식품제조가공업,충청북도,충청북도 진천군
19930445006,13,13,13,오뚜기제유 주식회사,식품제조가공업,충청북도,충청북도 음성군
19930445049,2,2,2,비알코리아(주),식품제조가공업,충청북도,충청북도 음성군
19930449001,3,3,3,주식회사한솔식품,식품제조가공업,충청남도,충청남도 천안시
19930458070,4,4,4,정우김치,식품제조가공업,충청남도,충청남도 공주시
19930461022,14,14,14,연세대학교 연세유업,식품제조가공업,충청남도,충청남도 아산시
19930466001,2,2,2,농업회사법인 신도안종합식품(주),식품제조가공업,충청남도,충청남도 계룡시
19930471014,2,2,2,(주)우양,식품제조가공업,충청남도,충청남도 서천군
19930472005,20,20,17,칠갑농산 주식회사,식품제조가공업,충청남도,충청남도 청양군
19930472027,9,9,8,농업회사법인 주식회사 한울,식품제조가공업,충청남도,충청남도 청양군
19930473095,1,1,1,청호식품,식품제조가공업,충청남도,충청남도 홍성군
19930487257,1,1,1,영식품,식품제조가공업,전북특별자치도,전북특별자치도 익산시
19930490043,1,1,1,신태인농협청결고춧가루가공공장,식품제조가공업,전북특별자치도,전북특별자치도 정읍시
19930493017,2,2,2,(주)삼익유가공,식품제조가공업,전북특별자치도,전북특별자치도 김제시
19930498009,2,2,2,농업회사법인 바른맘식품 주식회사,식품제조가공업,전북특별자치도,전북특별자치도 임실군
19930506315,1,1,1,(주)금산산업,식품제조가공업,전남광주통합특별시,전남광주통합특별시 여수시
19930509247,8,8,8,한국농협김치조합공동사업법인 전남지사,식품제조가공업,전남광주통합특별시,전남광주통합특별시 순천시
19930515036,2,2,2,주식회사 보생,식품제조가공업,전남광주통합특별시,전남광주통합특별시 담양군
19930533009,3,3,3,(주)정화식품상사,식품제조가공업,경상북도,경상북도 포항시
19930543038,5,5,5,서안동농협풍산김치공장,식품제조가공업,경상북도,경상북도 안동시
19930555148,3,3,3,(주)청아냉동식품,식품제조가공업,경상북도,경상북도 영천시
19930565005,2,1,1,남영양농협가공사업소,식품제조가공업,경상북도,경상북도 영양군
19930571069,5,5,5,주식회사 신생활식품,식품제조가공업,경상북도,경상북도 예천군
19930604022,3,3,2,대흥물산(주),식품제조가공업,경상남도,경상남도 통영시
19930604119,3,3,3,(주)조원물산,식품제조가공업,경상남도,경상남도 통영시
19930606076,20,20,16,(주)남부식품,식품제조가공업,경상남도,경상남도 사천시
19930607215,4,4,4,(주)참가득F&K,식품제조가공업,경상남도,경상남도 김해시
19930607407,2,2,2,태림농산,식품제조가공업,경상남도,경상남도 김해시
19930618060,2,2,2,(주)신라명과,식품제조가공업,경상남도,경상남도 창녕군
19930619065,4,4,4,사조산업(주)고성공장,식품제조가공업,경상남도,경상남도 고성군
19930621046,5,5,3,(주)삼화식품,식품제조가공업,경상남도,경상남도 하동군
19930623024,2,2,2,(주)인산가,식품제조가공업,경상남도,경상남도 함양군
19930623051,2,2,2,지리산마천농업협동조합,식품제조가공업,경상남도,경상남도 함양군
19930625006,3,3,3,현대약품(주),식품제조가공업,경상남도,경상남도 합천군
19930627270,2,2,1,(주)제주사랑농수산,식품제조가공업,제주특별자치도,제주특별자치도 제주시
19940073004,4,2,2,영광물산,식품제조가공업,서울특별시,서울특별시 양천구
19940115309,3,3,3,(주)동해수산,식품제조가공업,서울특별시,서울특별시 송파구
19940115343,1,1,1,나정식품,식품제조가공업,서울특별시,서울특별시 송파구
19940141005,2,2,2,若水(약수)기업,식품제조가공업,부산광역시,부산광역시 해운대구
19940144026,2,2,2,동아제과,식품제조가공업,부산광역시,부산광역시 사하구
19940144092,3,3,3,씨케이글로벌(주),식품제조가공업,부산광역시,부산광역시 사하구
19940144152,3,3,2,영진식품,식품제조가공업,부산광역시,부산광역시 사하구
19940144277,1,1,1,동문식품,식품제조가공업,부산광역시,부산광역시 사하구
19940147185,2,2,2,(주)청미각식품,식품제조가공업,부산광역시,부산광역시 금정구
19940147190,1,1,1,엘리시온,식품제조가공업,부산광역시,부산광역시 금정구
19940168149,5,5,5,대자연식품,식품제조가공업,대구광역시,대구광역시 북구
19940188048,1,1,1,삼보식품,식품제조가공업,대구광역시,대구광역시 달성군
19940306027,2,2,2,(주)보부식품,식품제조가공업,경기도,경기도 평택시
19940306085,3,3,3,대영에프앤에스(주),식품제조가공업,경기도,경기도 평택시
19940310021,2,2,2,삼진지디에프(주),식품제조가공업,경기도,경기도 동두천시
19940332315,3,3,3,(주)청하식품,식품제조가공업,경기도,경기도 남양주시
19940348238,1,1,1,주식회사 삼립 용인(인천)휴게소(한식),일반음식점,경기도,경기도 용인시
19940348239,1,1,1,주식회사 삼립 용인(강릉)휴게소(한식),일반음식점,경기도,경기도 용인시
19940355017,11,11,11,(주)태림에프웰,식품제조가공업,경기도,경기도 파주시
19940355352,1,1,1,(주)한상가득식품,식품제조가공업,경기도,경기도 파주시
19940358187,1,1,1,(주)남성농산,식품제조가공업,경기도,경기도 이천시
19940362043,1,1,1,서울제과,식품제조가공업,경기도,경기도 김포시
19940364253,5,5,5,(주)화성한과,식품제조가공업,경기도,경기도 화성시
19940368086,1,1,1,해바라기농산,식품제조가공업,경기도,경기도 광주시
19940375236,2,2,2,(주) 종부식품,식품제조가공업,경기도,경기도 여주시
19940377084,3,3,3,삼진식품,식품제조가공업,경기도,경기도 가평군
19940380119,6,6,4,햇섬식품,식품제조가공업,강원특별자치도,강원특별자치도 춘천시
19940386221,2,2,2,(주)현복식품,식품제조가공업,강원특별자치도,강원특별자치도 강릉시
19940386356,1,1,1,(주)대경상사,식품제조가공업,강원특별자치도,강원특별자치도 강릉시
19940401022,1,1,1,양구전통한과 영농조합법인,식품제조가공업,강원특별자치도,강원특별자치도 양구군
19940404092,5,5,5,서광농업협동조합,식품제조가공업,강원특별자치도,강원특별자치도 양양군
19940415020,1,1,1,주식회사 에스제이푸드,식품제조가공업,충청북도,충청북도 청주시
19940440008,1,1,1,주식회사 성일식품,식품제조가공업,충청북도,충청북도 옥천군
19940440030,24,24,16,(주)퓨럽,식품제조가공업,충청북도,충청북도 옥천군
19940443076,2,2,2,(주)풍림푸드,식품제조가공업,충청북도,충청북도 진천군
19940445144,6,6,6,씨제이제일제당(주),식품제조가공업,충청북도,충청북도 음성군
19940445175,1,1,1,흥신종합농산,식품제조가공업,충청북도,충청북도 음성군
19940449001,1,1,1,용표식품,식품제조가공업,충청남도,충청남도 천안시
19940449005,11,6,6,해태제과식품(주)천안2공장,식품제조가공업,충청남도,충청남도 천안시
19940449006,2,2,2,(주)정진식품,식품제조가공업,충청남도,충청남도 천안시
19940456005,2,2,2,예당식품,식품제조가공업,충청남도,충청남도 당진시
19940459152,1,1,1,오천농협액젓가공공장,식품제조가공업,충청남도,충청남도 보령시
19940459225,2,2,2,(주)유양,식품제조가공업,충청남도,충청남도 보령시
19940459229,6,2,2,열린수산주식회사,식품제조가공업,충청남도,충청남도 홍성군
19940461151,8,8,7,(주)삼양사 아산공장,식품제조가공업,충청남도,충청남도 아산시
19940463144,1,1,1,(주)한성식품,식품제조가공업,충청남도,충청남도 서산시
19940464178,6,6,5,농업회사법인(주)맛가마식품,식품제조가공업,충청남도,충청남도 논산시
19940467034,2,2,2,(주)하나식품,식품제조가공업,충청남도,충청남도 금산군
19940471029,17,17,14,우일수산(주),식품제조가공업,충청남도,충청남도 서천군
19940471038,2,2,2,해인영어조합법인,식품제조가공업,충청남도,충청남도 서천군
19940471076,3,3,3,텃밭 영농조합법인,식품제조가공업,충청남도,충청남도 서천군
19940474018,23,23,16,(주)중앙타프라,식품제조가공업,충청남도,충청남도 예산군
19940474033,3,3,3,하나식품,식품제조가공업,충청남도,충청남도 예산군
19940474147,9,9,9,주식회사 예산농산,식품제조가공업,충청남도,충청남도 예산군
19940484239,4,4,3,서주푸드 주식회사,식품제조가공업,전북특별자치도,전북특별자치도 군산시
19940487126,1,1,1,사조씨푸드(주)익산공장,식품제조가공업,전북특별자치도,전북특별자치도 익산시
19940490045,3,3,3,영농조합법인정규자식품,식품제조가공업,전북특별자치도,전북특별자치도 정읍시
19940494017,2,2,2,완주군고산농협동상지점,식품제조가공업,전북특별자치도,전북특별자치도 완주군
19940498003,1,1,1,(유)상록제과,식품제조가공업,전북특별자치도,전북특별자치도 임실군
19940498014,3,3,3,영농조합법인신덕식품,식품제조가공업,전북특별자치도,전북특별자치도 임실군
19940503252,1,1,1,삼진물산(주),식품제조가공업,전남광주통합특별시,전남광주통합특별시 목포시
19940506240,6,6,4,(주)그린씨푸드,식품제조가공업,전남광주통합특별시,전남광주통합특별시 여수시
19940506241,2,2,2,이가식품,식품제조가공업,전남광주통합특별시,전남광주통합특별시 여수시
19940512019,6,6,3,주식회사 대한식품,식품제조가공업,전남광주통합특별시,전남광주통합특별시 나주시
19940512092,4,4,4,주식회사 샬롬,식품제조가공업,전남광주통합특별시,전남광주통합특별시 나주시
19940513075,1,1,1,광양청매실농원,식품제조가공업,전남광주통합특별시,전남광주통합특별시 광양시
19940518007,3,3,3,두원농협유자가공사업소,식품제조가공업,전남광주통합특별시,전남광주통합특별시 고흥군
19940521023,2,2,2,대륙식품(주),식품제조가공업,전남광주통합특별시,전남광주통합특별시 장흥군
19940521042,1,1,1,(주)세진햇김,식품제조가공업,전남광주통합특별시,전남광주통합특별시 장흥군
19940525008,4,4,4,(유)성지 에프앤디,식품제조가공업,전남광주통합특별시,전남광주통합특별시 무안군
19940527007,1,1,1,영광농업협동조합가공사업소,식품제조가공업,전남광주통합특별시,전남광주통합특별시 영광군
19940529002,1,1,1,(주)흥일식품,식품제조가공업,전남광주통합특별시,전남광주통합특별시 완도군
19940529013,1,1,1,대라식품,식품제조가공업,전남광주통합특별시,전남광주통합특별시 완도군
19940529058,2,2,2,(유)제일물산,식품제조가공업,전남광주통합특별시,전남광주통합특별시 완도군
19940533050,1,1,1,해봉수산,식품제조가공업,경상북도,경상북도 포항시
19940543023,3,3,3,북안동농협산약가공공장,식품제조가공업,경상북도,경상북도 안동시
19940565002,1,1,1,영양농협가공사업소,식품제조가공업,경상북도,경상북도 영양군
19940572012,7,7,7,네이처세븐,식품제조가공업,경상북도,경상북도 봉화군
19940589172,1,1,1,(주)제이스,식품제조가공업,경상남도,경상남도 창원시
19940607175,4,4,4,에이원식품,식품제조가공업,경상남도,경상남도 김해시
19940607340,8,4,4,농업회사법인(주)대광에프앤지,식품제조가공업,경상남도,경상남도 김해시
19940616001,1,1,1,농업회사법인(주)의령조청한과,식품제조가공업,경상남도,경상남도 의령군
19940621001,1,1,1,우리네식품,식품제조가공업,경상남도,경상남도 하동군
19940631041,1,1,1,법환김치,식품제조가공업,제주특별자치도,제주특별자치도 서귀포시
19950066040,3,1,1,떡메식품,식품제조가공업,서울특별시,서울특별시 은평구
19950066340,1,1,1,용태행,식품제조가공업,서울특별시,서울특별시 서대문구
19950098918,3,3,3,(주)영심,식품제조가공업,서울특별시,서울특별시 서초구
19950099091,1,1,1,배스킨라빈스 교대점,휴게음식점,서울특별시,서울특별시 서초구
19950115432,2,1,1,송파식품,식품제조가공업,서울특별시,서울특별시 송파구
19950129282,7,7,6,사조동아원(주) 부산공장,식품제조가공업,부산광역시,부산광역시 동구
19950144120,3,3,3,훼미리식품(주)부산공장,식품제조가공업,부산광역시,부산광역시 사하구
19950188117,1,1,1,태광제과,식품제조가공업,대구광역시,대구광역시 달성군
19950205013,1,1,1,대한민국 상이군경회 식품사업소 인천공장,식품제조가공업,인천광역시,인천광역시 계양구
19950208056,7,7,7,(주)사조대림,식품제조가공업,인천광역시,인천광역시 서해구
19950227050,8,8,8,(주)동원F&B,식품제조가공업,전남광주통합특별시,전남광주통합특별시 광산구
19950227242,2,2,2,(주)동식,식품제조가공업,전남광주통합특별시,전남광주통합특별시 광산구
19950247331,2,1,1,전원식품,식품제조가공업,울산광역시,울산광역시 울주군
19950257144,20,10,10,(주)에이앤씨엠,식품제조가공업,충청북도,충청북도 청주시
19950306274,14,14,14,롯데평택CK 주식회사,식품제조가공업,경기도,경기도 평택시
19950310007,4,4,4,(주)굿모닝서울,식품제조가공업,경기도,경기도 동두천시
19950320010,1,1,1,원당농업협동조합,식품제조가공업,경기도,경기도 고양시
19950330133,1,1,1,광미식품,식품제조가공업,경기도,경기도 구리시
19950338015,11,11,10,주식회사삼립,식품제조가공업,경기도,경기도 시흥시
19950342192,2,2,2,한성식품,식품제조가공업,경기도,경기도 군포시
19950347005,5,5,5,주식회사 용인면누리,식품제조가공업,경기도,경기도 용인시
19950347012,1,1,1,(주)양지푸드,식품제조가공업,경기도,경기도 용인시
19950355316,3,3,3,한울식품,식품제조가공업,경기도,경기도 파주시
19950360198,19,19,19,농심태경(주),식품제조가공업,경기도,경기도 안성시
19950360208,1,1,1,경원식품,식품제조가공업,경기도,경기도 안성시
19950362066,6,6,6,전원식품,식품제조가공업,경기도,경기도 김포시
19950362283,1,1,1,김포맥아식품,식품제조가공업,경기도,경기도 김포시
19950364019,7,7,6,(주)늘푸른,식품제조가공업,경기도,경기도 화성시
19950364034,5,5,5,한국농협김치조합공동사업법인 화성지사,식품제조가공업,경기도,경기도 화성시
19950368109,4,4,4,(주)세우아이앤씨,식품제조가공업,경기도,경기도 광주시
19950368219,1,1,1,(주)실로암식품,식품제조가공업,경기도,경기도 광주시
19950370153,2,1,1,창조식품,식품제조가공업,경기도,경기도 양주시
19950370208,1,1,1,(주)미진식품,식품제조가공업,경기도,경기도 양주시
19950372072,2,1,1,유풍제과,식품제조가공업,경기도,경기도 포천시
19950372283,1,1,1,신궁전통한과,식품제조가공업,경기도,경기도 포천시
19950372469,1,1,1,유유식품,식품제조가공업,경기도,경기도 포천시
19950372481,4,4,4,(주)한일코리아,식품제조가공업,경기도,경기도 포천시
19950372592,1,1,1,선옥식품,식품제조가공업,경기도,경기도 포천시
19950380069,1,1,1,농업회사법인 주식회사 매일봄,식품제조가공업,강원특별자치도,강원특별자치도 춘천시
19950383326,1,1,1,해태가루비(주),식품제조가공업,강원특별자치도,강원특별자치도 원주시
19950383338,1,1,1,신토불이한과,식품제조가공업,강원특별자치도,강원특별자치도 원주시
19950391014,1,1,1,태백농업협동조합,식품제조가공업,강원특별자치도,강원특별자치도 태백시
19950395032,2,2,2,횡성농협가공공장,식품제조가공업,강원특별자치도,강원특별자치도 횡성군
19950396050,1,1,1,영월농협가공사업소,식품소분업,강원특별자치도,강원특별자치도 영월군
19950397027,1,1,1,봉평농업협동조합,식품제조가공업,강원특별자치도,강원특별자치도 평창군
19950415001,6,6,6,(주)액트플러스,식품제조가공업,충청북도,충청북도 청주시
19950433009,2,2,2,충주사과한과,식품제조가공업,충청북도,충청북도 충주시
19950433026,8,8,8,(주)금강비앤에프,식품제조가공업,충청북도,충청북도 충주시
19950443100,7,7,5,한국바이오팜(주)에이치피,식품제조가공업,충청북도,충청북도 진천군
19950443114,10,10,10,자혜식품(주),식품제조가공업,충청북도,충청북도 진천군
19950443119,2,2,2,(주)동원F&B,식품제조가공업,충청북도,충청북도 진천군
19950444056,3,3,3,괴산군조합공동사업법인,식품제조가공업,충청북도,충청북도 괴산군
19950445017,9,9,9,주식회사유니쎌팜,식품제조가공업,충청북도,충청북도 충주시
19950445028,3,3,3,영흥식품(주),식품제조가공업,충청북도,충청북도 음성군
19950449002,13,13,13,대상주식회사천안공장,식품제조가공업,충청남도,충청남도 천안시
19950464070,1,1,1,주식회사 신흥제과,식품제조가공업,충청남도,충청남도 논산시
19950467014,1,1,1,서양푸드주식회사,식품제조가공업,충청남도,충청남도 금산군
19950467041,4,4,4,이레홍삼공사,식품제조가공업,충청남도,충청남도 금산군
19950471042,3,3,3,주식회사 삼립 서천공장,식품제조가공업,충청남도,충청남도 서천군
19950484301,1,1,1,엠씨후디스 주식회사,식품제조가공업,전북특별자치도,전북특별자치도 군산시
19950490127,1,1,1,영농조합법인금계식품,식품제조가공업,전북특별자치도,전북특별자치도 정읍시
19950492079,3,3,3,(주)지엠에프,식품제조가공업,전북특별자치도,전북특별자치도 남원시
19950496046,1,1,1,구천동한과,식품제조가공업,전북특별자치도,전북특별자치도 무주군
19950509490,4,4,4,농업회사법인 주식회사 현도,식품제조가공업,전남광주통합특별시,전남광주통합특별시 순천시
19950533001,5,5,5,한성수산식품(주),식품제조가공업,경상북도,경상북도 포항시
19950555004,1,1,1,(주)태산,식품제조가공업,경상북도,경상북도 영천시
19950556116,1,1,1,한라식품,식품제조가공업,경상북도,경상북도 상주시
19950563049,2,2,2,삼오푸드,식품제조가공업,경상북도,경상북도 의성군
19950564118,1,1,1,농업회사법인 주식회사 코리아푸드,식품제조가공업,경상북도,경상북도 청송군
19950569031,1,1,1,대양제면,식품제조가공업,경상북도,경상북도 성주군
19950572015,2,2,2,영베이커리,식품제조가공업,경상북도,경상북도 봉화군
19950607180,1,1,1,(주)비케이,식품제조가공업,경상남도,경상남도 김해시
19950607403,1,1,1,수영에프앤지주식회사,식품제조가공업,경상남도,경상남도 김해시
19950611073,6,6,6,동밀양농협가공사업소,식품제조가공업,경상남도,경상남도 밀양시
19950616006,5,2,2,주식회사 피피이씨의령,식품제조가공업,경상남도,경상남도 의령군
19950618074,2,2,2,풍성식품 주식회사,식품제조가공업,경상남도,경상남도 창녕군
19950622022,5,5,5,농업회사법인 동의바이오 주식회사,식품제조가공업,경상남도,경상남도 산청군
19960046321,1,1,1,주식회사 우리식품,식품제조가공업,서울특별시,서울특별시 중랑구
19960073800,1,1,1,중화화권꽃빵,식품제조가공업,서울특별시,서울특별시 양천구
19960080359,11,10,9,씨제이제일제당(주),식품제조가공업,서울특별시,서울특별시 구로구
19960084227,1,1,1,(주)서래,식품제조가공업,서울특별시,서울특별시 금천구
19960084397,1,1,1,일동민속과자,식품제조가공업,서울특별시,서울특별시 금천구
19960128102,4,2,2,태광식품,식품제조가공업,부산광역시,부산광역시 강서구
19960139379,1,1,1,엔젤식품,식품제조가공업,부산광역시,부산광역시 북구
19960144255,1,1,1,주식회사 일진에이엔씨,식품제조가공업,부산광역시,부산광역시 사하구
19960144302,1,1,1,선영수산,식품제조가공업,부산광역시,부산광역시 사하구
19960144351,1,1,1,(주)대진물산 제2공장,식품제조가공업,부산광역시,부산광역시 사하구
19960144357,3,3,3,에이제이(AJ)씨푸드,식품제조가공업,부산광역시,부산광역시 사하구
19960144406,4,4,4,(주)늘푸른바다,식품제조가공업,부산광역시,부산광역시 사하구
19960163002,1,1,1,성경순만두,식품제조가공업,대구광역시,대구광역시 서구
19960168093,1,1,1,마산제과,식품제조가공업,대구광역시,대구광역시 북구
19960168209,1,1,1,삼일제면,식품제조가공업,대구광역시,대구광역시 북구
19960188088,10,10,10,농심태경(주),식품제조가공업,대구광역시,대구광역시 달성군
19960188092,1,1,1,동아제약(주)달성공장,식품제조가공업,대구광역시,대구광역시 달성군
19960193339,4,4,4,유원식품(주),식품제조가공업,인천광역시,인천광역시 미추홀구
19960199063,2,2,2,가림산업주식회사,식품제조가공업,인천광역시,인천광역시 남동구
19960208100,2,2,2,엠에스푸드 주식회사,식품제조가공업,인천광역시,인천광역시 검단구
19960242067,7,7,7,롯데웰푸드(주),식품제조가공업,대전광역시,대전광역시 대덕구
19960247422,1,1,1,은지부산어묵,식품제조가공업,울산광역시,울산광역시 남구
19960257034,1,1,1,(주)한국소스,식품제조가공업,세종특별자치시,세종특별자치시
19960263038,1,1,1,(주)미성부림푸드,식품제조가공업,경기도,경기도 수원시
19960275001,1,1,1,제주에프에스(FS),식품제조가공업,경기도,경기도 성남시
19960275012,4,2,2,(주)맛고을식품,식품제조가공업,경기도,경기도 성남시
19960304412,9,3,3,(주)이룸리테일,식품제조가공업,서울특별시,서울특별시 금천구
19960306198,4,4,4,농업회사법인유한회사일품김치,식품제조가공업,경기도,경기도 평택시
19960308010,7,7,7,광동제약주식회사,식품제조가공업,경기도,경기도 평택시
19960309021,2,2,2,(주)아담스팜코리아,식품제조가공업,경기도,경기도 평택시
19960342174,1,1,1,진미떡방,식품제조가공업,경기도,경기도 군포시
19960342345,4,2,2,진우푸드,식품제조가공업,인천광역시,인천광역시 남동구
19960347002,1,1,1,(주)하이푸드,식품제조가공업,경기도,경기도 용인시
19960347020,1,1,1,(주)동양냉동,식품제조가공업,경기도,경기도 용인시
19960347030,3,3,3,(주)마니커에프앤지,식품제조가공업,경기도,경기도 용인시
19960355071,2,2,2,에덴수산식품(주),식품제조가공업,경기도,경기도 파주시
19960355183,7,7,6,(주)옥천식품,식품제조가공업,경기도,경기도 파주시
19960355500,1,1,1,산머루농원영농조합법인,식품제조가공업,경기도,경기도 파주시
19960358269,5,5,5,(주)한국전통문화사업단,식품제조가공업,경기도,경기도 이천시
19960360018,3,3,3,(주)진주물산,식품제조가공업,경기도,경기도 안성시
19960360025,2,2,2,대풍년푸드(주),식품제조가공업,경기도,경기도 안성시
19960360158,1,1,1,덕성제과(주),식품제조가공업,경기도,경기도 안성시
19960364211,1,1,1,태양제과,식품제조가공업,경기도,경기도 화성시
19960364311,1,1,1,대보유통(주)화성(하)휴게소(한식당),일반음식점,경기도,경기도 화성시
19960364312,1,1,1,대보유통(주)화성(상)휴게소(한식),일반음식점,경기도,경기도 화성시
19960368216,4,2,2,대한푸드텍(주),식품제조가공업,강원특별자치도,강원특별자치도 원주시
19960368306,1,1,1,주식회사 지엠푸드,식품제조가공업,경기도,경기도 광주시
19960370250,1,1,1,(주)우리들식품,식품제조가공업,경기도,경기도 양주시
19960372411,2,2,2,(주)꽃샘식품,식품제조가공업,경기도,경기도 포천시
19960372474,2,2,2,선영식품,식품제조가공업,경기도,경기도 포천시
19960372607,16,16,15,(주)네추럴웨이,식품제조가공업,경기도,경기도 포천시
19960375066,2,2,2,상일식품(주),식품제조가공업,경기도,경기도 여주시
19960375213,1,1,1,우수농산식품,식품제조가공업,경기도,경기도 여주시
19960378013,2,2,2,농업회사법인미디안농산주식회사,식품제조가공업,경기도,경기도 양평군
19960378166,2,2,2,주식회사 동트는세상인,식품제조가공업,경기도,경기도 양평군
19960380040,1,1,1,민속전통한과,식품제조가공업,강원특별자치도,강원특별자치도 춘천시
19960383019,1,1,1,"(주)대현유통치악(하)휴게소놀부부대찌개,봉화산설렁탕",일반음식점,강원특별자치도,강원특별자치도 원주시
19960386249,1,1,1,동그린주식회사,식품제조가공업,강원특별자치도,강원특별자치도 강릉시
19960386603,1,1,1,경동한과,식품제조가공업,강원특별자치도,강원특별자치도 강릉시
19960389021,5,5,5,해마(주),식품제조가공업,강원특별자치도,강원특별자치도 동해시
19960389110,2,2,2,제일수산,식품제조가공업,강원특별자치도,강원특별자치도 동해시
19960392039,2,2,2,해성식품(주),식품제조가공업,강원특별자치도,강원특별자치도 속초시
19960399065,3,3,3,미가방 유한회사,식품제조가공업,강원특별자치도,강원특별자치도 철원군
19960404109,1,1,1,양양오색한과,식품제조가공업,강원특별자치도,강원특별자치도 양양군
19960433075,1,1,1,정일종합식품,식품제조가공업,충청북도,충청북도 충주시
19960433376,2,2,2,충북원예농협가공공장,식품제조가공업,충청북도,충청북도 충주시
19960439075,2,2,2,한국고려인삼영농조합법인,식품제조가공업,충청북도,충청북도 보은군
19960440075,1,1,1,남경제과,식품제조가공업,충청북도,충청북도 옥천군
19960441021,7,7,5,옥잠화영농조합법인,식품제조가공업,충청북도,충청북도 영동군
19960443047,13,13,10,(주)비락 진천공장,식품제조가공업,충청북도,충청북도 진천군
19960444007,3,3,2,오가농원 농업회사법인 주식회사,식품제조가공업,충청북도,충청북도 괴산군
19960445024,1,1,1,(주)대광푸드텍,식품제조가공업,충청북도,충청북도 음성군
19960445155,10,10,10,(주)삼아씨에프,식품제조가공업,충청북도,충청북도 음성군
19960447098,4,4,4,장익는마을 영농조합법인,식품제조가공업,충청북도,충청북도 단양군
19960449001,3,3,3,신송식품(주),식품제조가공업,충청남도,충청남도 천안시
19960449002,29,29,28,롯데웰푸드주식회사천안공장,식품제조가공업,충청남도,충청남도 천안시
19960458039,11,11,11,웅진식품(주),식품제조가공업,충청남도,충청남도 공주시
19960459123,2,2,2,대천김(주),식품제조가공업,충청남도,충청남도 보령시
19960459165,3,3,3,보령식품영어조합법인,식품제조가공업,충청남도,충청남도 보령시
19960459273,1,1,1,동이김,식품제조가공업,충청남도,충청남도 보령시
19960461041,1,1,1,풍기민속식품,식품제조가공업,충청남도,충청남도 아산시
19960461304,3,3,3,산골농산영농조합법인,식품제조가공업,충청남도,충청남도 아산시
19960463370,4,4,4,(주)서한푸드 서산지점,식품제조가공업,충청남도,충청남도 서산시
19960470037,10,7,8,(주)한국인삼공사,식품제조가공업,충청남도,충청남도 부여군
19960471002,2,2,1,어업회사법인 청담 주식회사,식품제조가공업,충청남도,충청남도 서천군
19960471040,1,1,1,바다로21,식품제조가공업,충청남도,충청남도 서천군
19960492181,4,4,4,농업회사법인 주식회사 보감 남원지점,식품제조가공업,전북특별자치도,전북특별자치도 남원시
19960494020,3,3,3,(주)새롬식품(완주공장),식품제조가공업,전북특별자치도,전북특별자치도 완주군
19960494021,6,6,6,삼육유기농,식품제조가공업,전북특별자치도,전북특별자치도 완주군
19960494029,1,1,1,(유)현춘식품,식품제조가공업,전북특별자치도,전북특별자치도 완주군
19960494146,5,5,5,영농조합법인 동상면사람들,식품제조가공업,전북특별자치도,전북특별자치도 완주군
19960498040,1,1,1,영농조합법인그린자연식품,식품제조가공업,전북특별자치도,전북특별자치도 임실군
19960503161,2,2,2,(주)대창식품,식품제조가공업,전남광주통합특별시,전남광주통합특별시 목포시
19960506021,5,5,4,(주)나래식품,식품제조가공업,전남광주통합특별시,전남광주통합특별시 여수시
19960506431,2,2,1,(주)남경식품,식품제조가공업,전남광주통합특별시,전남광주통합특별시 여수시
19960509210,2,2,1,우수식품,식품제조가공업,전남광주통합특별시,전남광주통합특별시 순천시
19960512055,3,3,2,완도물산영어조합법인,식품제조가공업,전남광주통합특별시,전남광주통합특별시 나주시
19960516047,1,1,1,곡성(순천방향)휴게소 퓨전양식,일반음식점,전남광주통합특별시,전남광주통합특별시 곡성군
19960523008,6,6,6,화원농협김치가공공장,식품제조가공업,전남광주통합특별시,전남광주통합특별시 해남군
19960527056,1,1,1,용우상사(주),식품제조가공업,전남광주통합특별시,전남광주통합특별시 영광군
19960528018,1,1,1,백암산영농조합법인,식품제조가공업,전남광주통합특별시,전남광주통합특별시 장성군
19960528044,1,1,1,주식회사 서주,식품제조가공업,전남광주통합특별시,전남광주통합특별시 장성군
19960530003,2,2,1,진도전통식품,식품제조가공업,전남광주통합특별시,전남광주통합특별시 진도군
19960543021,2,2,1,보경농산,식품제조가공업,경상북도,경상북도 안동시
19960555135,1,1,1,주식회사생초록농원,식품제조가공업,경상북도,경상북도 영천시
19960556180,2,2,2,한울식품 영농조합법인,식품제조가공업,경상북도,경상북도 상주시
19960564047,1,1,1,청송농산,식품제조가공업,경상북도,경상북도 청송군
19960566101,2,2,2,대호수산(주),식품제조가공업,경상북도,경상북도 영덕군
19960566117,1,1,1,영덕식품(주),식품제조가공업,경상북도,경상북도 영덕군
19960571018,8,8,8,우일음료,식품제조가공업,경상북도,경상북도 예천군
19960599008,1,1,1,성원식품,식품제조가공업,경상남도,경상남도 창원시
19960604163,2,2,2,대준물산주식회사,식품제조가공업,경상남도,경상남도 통영시
19960607392,3,3,3,(주)환공식품,식품제조가공업,경상남도,경상남도 김해시
19960614295,1,1,1,구인제과,식품제조가공업,경상남도,경상남도 양산시
19960614315,9,9,8,(주)부산어묵,식품제조가공업,경상남도,경상남도 양산시
19960617053,3,3,3,동아오츠카(주),식품제조가공업,경상남도,경상남도 함안군
19960618046,1,1,1,주식회사 강원식품,식품제조가공업,경상남도,경상남도 창녕군
19960618123,1,1,1,풀무원식품(주)영산휴게소 한식당,일반음식점,경상남도,경상남도 창녕군
19960625046,2,2,2,합천우리식품,식품제조가공업,경상남도,경상남도 합천군
19970039411,2,2,2,워커힐호텔앤리조트김치,식품제조가공업,서울특별시,서울특별시 광진구
19970080548,2,1,1,주식회사 정가푸드,식품제조가공업,경기도,경기도 화성시
19970084153,3,3,2,(주)이동천식품,식품제조가공업,서울특별시,서울특별시 금천구
19970084154,2,2,2,(주)모란봉식품,식품제조가공업,서울특별시,서울특별시 금천구
19970115222,2,1,1,(주)재원에프앤에스,식품제조가공업,서울특별시,서울특별시 송파구
19970120043,1,1,1,다은식품,식품제조가공업,서울특별시,서울특별시 강동구
19970120335,2,1,1,혜성식품,식품제조가공업,경기도,경기도 하남시
19970144014,4,4,4,삼진 그린푸드 주식회사,식품제조가공업,부산광역시,부산광역시 사하구
19970144292,1,1,1,유일식품,식품제조가공업,부산광역시,부산광역시 사하구
19970144521,4,4,4,(주)범우물산,식품제조가공업,부산광역시,부산광역시 사하구
19970154406,3,3,3,금강물산,식품제조가공업,부산광역시,부산광역시 사상구
19970181090,4,4,4,삼화식품공사,식품제조가공업,대구광역시,대구광역시 달서구
19970188201,2,1,1,코리아식품,식품제조가공업,대구광역시,대구광역시 달성군
19970188228,2,2,2,나진제과,식품제조가공업,대구광역시,대구광역시 달성군
19970190084,1,1,1,(주)동림수산,식품제조가공업,인천광역시,인천광역시 제물포구
19970193469,6,6,6,주식회사 청정식품,식품제조가공업,인천광역시,인천광역시 미추홀구
19970208269,1,1,1,경창식품,식품제조가공업,인천광역시,인천광역시 서해구
19970208363,4,4,3,(주)박찬회화과자,식품제조가공업,인천광역시,인천광역시 서해구
19970211170,2,2,2,서도물산주식회사,식품제조가공업,인천광역시,인천광역시 강화군
19970221460,3,3,3,사랑손식품,식품제조가공업,전남광주통합특별시,전남광주통합특별시 북구
19970247199,4,2,2,경인식품,식품제조가공업,울산광역시,울산광역시 남구
19970263081,3,3,3,가나유통농업회사법인(주),식품제조가공업,경기도,경기도 수원시
19970285286,1,1,1,삼아제과,식품제조가공업,경기도,경기도 의정부시
19970285582,2,2,1,일심,식품제조가공업,경기도,경기도 의정부시
19970306107,1,1,1,주식회사 해들촌 농업회사법인,식품제조가공업,경기도,경기도 평택시
19970310098,2,1,1,한양제과주식회사,식품제조가공업,경상북도,경상북도 안동시
19970311100,16,16,15,주식회사조흥,식품제조가공업,경기도,경기도 안산시
19970311175,4,4,4,주식회사 현대바이오랜드,식품제조가공업,경기도,경기도 안산시
19970311180,4,4,4,농업회사법인한백냉장식품주식회사,식품제조가공업,경기도,경기도 안산시
19970320077,1,1,1,(주)길식품,식품제조가공업,경기도,경기도 고양시
19970320081,1,1,1,맛샘캐터링,식품제조가공업,경기도,경기도 고양시
19970332070,1,1,1,(주)청목,식품제조가공업,경기도,경기도 남양주시
19970347005,2,2,2,(주)델리후레쉬,식품제조가공업,경기도,경기도 용인시
19970350027,1,1,1,주식회사 인앤아웃(2)코바코,일반음식점,경기도,경기도 용인시
19970355322,9,9,8,(주)황소식품,식품제조가공업,경기도,경기도 파주시
19970355569,13,13,13,칠갑농산 주식회사,식품제조가공업,경기도,경기도 파주시
19970358276,1,1,1,(주)일품,식품제조가공업,경기도,경기도 이천시
19970360177,3,3,2,풍원식품,식품제조가공업,경기도,경기도 안성시
19970360240,1,1,1,(주)한경푸드시스템,식품제조가공업,경기도,경기도 안성시
19970360299,2,2,2,(주)농심,식품제조가공업,경기도,경기도 안성시
19970362234,1,1,1,보성식품,식품제조가공업,경기도,경기도 김포시
19970364369,2,2,2,동서제과,식품제조가공업,경기도,경기도 화성시
19970368015,2,2,2,청오건강 농업회사법인(주),식품제조가공업,경기도,경기도 광주시
19970368029,6,6,6,세준푸드 농업회사법인 주식회사,식품제조가공업,경기도,경기도 광주시
19970368036,1,1,1,(주)대봉식품,식품제조가공업,경기도,경기도 광주시
19970368271,2,2,2,주식회사 다원바이오텍,식품제조가공업,경기도,경기도 광주시
19970372044,5,5,5,(주)신영푸드,식품제조가공업,경기도,경기도 포천시
19970372061,3,3,3,삼정인터내셔널,식품제조가공업,경기도,경기도 포천시
19970372184,3,3,3,(주)산정농산식품,식품제조가공업,경기도,경기도 포천시
19970378043,14,14,14,케이지랩(주),식품제조가공업,경기도,경기도 양평군
19970378182,1,1,1,광이원,식품제조가공업,경기도,경기도 양평군
19970386423,1,1,1,(주)삼영한과,식품제조가공업,강원특별자치도,강원특별자치도 강릉시
19970392080,1,1,1,세범푸드(주),식품제조가공업,강원특별자치도,강원특별자치도 속초시
19970394025,1,1,1,강원인삼농협,식품제조가공업,강원특별자치도,강원특별자치도 홍천군
19970395032,4,4,4,주식회사 우리밀 횡성공장,식품제조가공업,강원특별자치도,강원특별자치도 횡성군
19970397016,1,1,1,농업회사법인 주식회사 부일농산,식품제조가공업,강원특별자치도,강원특별자치도 평창군
19970399007,1,1,1,동막골농장,식품제조가공업,강원특별자치도,강원특별자치도 철원군
19970400045,1,1,1,봄들 농업회사법인유한회사,식품제조가공업,강원특별자치도,강원특별자치도 화천군
19970401055,2,2,2,주식회사 금성에프앤비,식품제조가공업,강원특별자치도,강원특별자치도 양구군
19970403032,3,3,3,영농조합법인 아라김치,식품제조가공업,강원특별자치도,강원특별자치도 고성군
19970415002,1,1,1,맥아당청주공장,식품제조가공업,충청북도,충청북도 청주시
19970415004,1,1,1,티에스유업(주)1공장,식품제조가공업,충청북도,충청북도 청주시
19970433111,1,1,1,부성식품,식품제조가공업,충청북도,충청북도 충주시
19970440007,1,1,1,옥천(상)휴게소,일반음식점,충청북도,충청북도 옥천군
19970440018,1,1,1,(주)계룡식품,식품제조가공업,충청북도,충청북도 옥천군
19970440082,3,3,3,(주)교동식품,식품제조가공업,충청북도,충청북도 옥천군
19970441007,1,1,1,신농영농조합,식품제조가공업,충청북도,충청북도 영동군
19970441027,4,4,4,청솔식품,식품제조가공업,충청북도,충청북도 영동군
19970441034,1,1,1,황간휴게소(상행),일반음식점,충청북도,충청북도 영동군
19970441037,1,1,1,황간휴게소(하행),일반음식점,충청북도,충청북도 영동군
19970441043,8,8,8,샘표식품(주)영동공장,식품제조가공업,충청북도,충청북도 영동군
19970441048,1,1,1,영동산골오징어(주),식품제조가공업,충청북도,충청북도 영동군
19970443019,4,4,4,(주)효원,식품제조가공업,충청북도,충청북도 진천군
19970443044,14,14,14,(주)다정,식품제조가공업,충청북도,충청북도 진천군
19970443119,7,7,6,(주)크라운제과진천공장,식품제조가공업,충청북도,충청북도 진천군
19970444052,2,2,2,서주푸드,식품제조가공업,충청북도,충청북도 괴산군
19970445123,4,4,4,(주)아이작,식품제조가공업,충청북도,충청북도 음성군
19970445144,11,10,11,씨제이푸드빌주식회사,식품제조가공업,충청북도,충청북도 음성군
19970449002,2,2,2,(주)세인식품,식품제조가공업,충청남도,충청남도 천안시
19970449003,2,2,2,(주)헤스텍,식품제조가공업,충청남도,충청남도 천안시
19970449004,3,3,3,온누리식품,식품제조가공업,충청남도,충청남도 천안시
19970458002,1,1,1,한일물산주식회사,식품제조가공업,충청남도,충청남도 공주시
19970459036,2,2,2,갓바위식품(주) 명천공장,식품제조가공업,충청남도,충청남도 보령시
19970459164,2,2,1,보령김치,식품제조가공업,충청남도,충청남도 보령시
19970461347,3,3,3,금호제약(주) 식품사업부,식품제조가공업,충청남도,충청남도 아산시
19970464054,1,1,1,(유)목양,식품제조가공업,충청남도,충청남도 논산시
19970464172,4,4,4,(주)보고신약 논산공장,식품제조가공업,충청남도,충청남도 논산시
19970467075,6,6,6,구안산업(주),식품제조가공업,충청남도,충청남도 금산군
19970467134,3,3,3,(주)한밭식품,식품제조가공업,충청남도,충청남도 금산군
19970474040,1,1,1,태성종합식품,식품제조가공업,충청남도,충청남도 예산군
19970484521,3,3,3,(주) 김장독,식품제조가공업,전북특별자치도,전북특별자치도 군산시
19970487281,1,1,1,미륵산식품,식품제조가공업,전북특별자치도,전북특별자치도 익산시
19970487296,1,1,1,(주)원광제약,식품제조가공업,전북특별자치도,전북특별자치도 익산시
19970493076,1,1,1,나란히식품,식품제조가공업,전북특별자치도,전북특별자치도 김제시
19970495086,1,1,1,매일제과산업(주),식품제조가공업,전북특별자치도,전북특별자치도 진안군
19970499058,1,1,1,만석군이기남고추장,식품제조가공업,전북특별자치도,전북특별자치도 순창군
19970499063,9,9,8,농업회사법인 순창문옥례식품 주식회사,식품제조가공업,전북특별자치도,전북특별자치도 순창군
19970500010,3,3,3,농업회사법인주식회사풍성식품,식품제조가공업,전북특별자치도,전북특별자치도 고창군
19970506010,1,1,1,영신수산(주),식품제조가공업,전남광주통합특별시,전남광주통합특별시 여수시
19970506262,6,3,3,여수시돌산갓영농조합법인,식품제조가공업,전남광주통합특별시,전남광주통합특별시 여수시
19970506566,4,4,2,태웅물산,식품제조가공업,전남광주통합특별시,전남광주통합특별시 여수시
19970509125,3,3,3,한솔영농조합법인,식품제조가공업,전남광주통합특별시,전남광주통합특별시 순천시
19970509921,2,2,2,제일김치,식품제조가공업,전남광주통합특별시,전남광주통합특별시 순천시
19970515002,1,1,1,농업회사법인(주)고려전통식품,식품제조가공업,전남광주통합특별시,전남광주통합특별시 담양군
19970515071,2,2,2,농업회사법인 (주)담양한과명진식품,식품제조가공업,전남광주통합특별시,전남광주통합특별시 담양군
19970518004,2,2,2,내고향친환경영농조합법인,식품제조가공업,전남광주통합특별시,전남광주통합특별시 고흥군
19970518125,1,1,1,영우식품 영농조합법인,식품제조가공업,전남광주통합특별시,전남광주통합특별시 고흥군
19970525021,2,1,1,홍도식품,식품제조가공업,전남광주통합특별시,전남광주통합특별시 신안군
19970526018,7,7,7,나비골농협가공공장,식품제조가공업,전남광주통합특별시,전남광주통합특별시 함평군
19970541051,2,1,1,민속식품 명가,식품제조가공업,경상북도,경상북도 김천시
19970555081,2,2,2,영천양잠농업협동조합,식품제조가공업,경상북도,경상북도 영천시
19970555149,4,4,4,동방제유(주),식품제조가공업,경상북도,경상북도 영천시
19970560381,1,1,1,제일종합식품 주식회사,식품제조가공업,경상북도,경상북도 경산시
19970567005,8,8,3,왕의김치 주식회사,식품제조가공업,경상북도,경상북도 청도군
19970567014,1,1,1,아이스홍시 청도영농조합,식품제조가공업,경상북도,경상북도 청도군
19970569108,2,1,1,유동산업 주식회사,식품제조가공업,경상북도,경상북도 성주군
19970570162,6,6,6,경북과학대학식품공장,식품제조가공업,경상북도,경상북도 칠곡군
19970570268,1,1,1,칠곡(부산방향)휴게소 한식당,일반음식점,경상북도,경상북도 칠곡군
19970589132,3,3,3,동성제면,식품제조가공업,경상남도,경상남도 창원시
19970604031,1,1,1,성풍물산(주),식품제조가공업,경상남도,경상남도 통영시
19970607436,1,1,1,황가네식품,식품제조가공업,경상남도,경상남도 김해시
19970607546,1,1,1,맛드린식품,식품제조가공업,경상남도,경상남도 김해시
19970607802,1,1,1,주식회사 조은식품,식품제조가공업,경상남도,경상남도 김해시
19970614083,6,6,6,코카콜라음료주식회사,식품제조가공업,경상남도,경상남도 양산시
19970617048,3,3,3,부산경남우유협동조합,식품제조가공업,경상남도,경상남도 함안군
19970621098,2,2,2,백운농장,식품제조가공업,경상남도,경상남도 하동군
19970623024,2,2,2,함양농협,식품제조가공업,경상남도,경상남도 함양군
19970627567,1,1,1,주식회사아리랑떡공장,식품제조가공업,제주특별자치도,제주특별자치도 제주시
19980033307,1,1,1,경복식품,식품제조가공업,서울특별시,서울특별시 용산구
19980114290,1,1,1,한과다움,식품제조가공업,서울특별시,서울특별시 송파구
19980131111,3,3,3,진성푸드,식품제조가공업,부산광역시,부산광역시 부산진구
19980144161,1,1,1,(주)어신,식품제조가공업,부산광역시,부산광역시 사하구
19980144244,2,2,2,삼원시푸드,식품제조가공업,부산광역시,부산광역시 사하구
19980188044,2,2,2,서울종합식품,식품제조가공업,대구광역시,대구광역시 달성군
19980208183,3,3,3,(주)뫼루니식품,식품제조가공업,인천광역시,인천광역시 서해구
19980227097,1,1,1,Good푸드,식품제조가공업,전남광주통합특별시,전남광주통합특별시 광산구
19980227100,1,1,1,영신종합식품,식품제조가공업,전남광주통합특별시,전남광주통합특별시 광산구
19980227309,1,1,1,정훈식품,식품제조가공업,전남광주통합특별시,전남광주통합특별시 광산구
19980231180,1,1,1,코리아푸드,식품제조가공업,대전광역시,대전광역시 동구
19980236489,4,2,2,용문빵마을,식품제조가공업,대전광역시,대전광역시 서구
19980257052,8,8,8,주식회사 일미농수산,식품제조가공업,세종특별자치시,세종특별자치시
19980285555,1,1,1,감성식품,식품제조가공업,경기도,경기도 의정부시
19980294065,5,5,4,대하종합식품,식품제조가공업,경기도,경기도 부천시
19980294130,2,2,2,(주)대창식품,식품제조가공업,경기도,경기도 부천시
19980304423,1,1,1,사랑방식품,식품제조가공업,경기도,경기도 광명시
19980308080,8,8,8,한미사이언스(주),식품제조가공업,경기도,경기도 평택시
19980310134,2,2,2,농업회사법인 (주)명도식품,식품제조가공업,경기도,경기도 동두천시
19980311099,2,1,1,새참식품,식품제조가공업,경기도,경기도 안산시
19980320030,1,1,1,(주)디엔비,식품제조가공업,경기도,경기도 고양시
19980320048,16,8,8,농업회사법인주식회사진성에프씨,식품제조가공업,경기도,경기도 고양시
19980342339,1,1,1,신명식품,식품제조가공업,경기도,경기도 군포시
19980347076,1,1,1,신성상사,식품제조가공업,경기도,경기도 용인시
19980355050,1,1,1,맛사랑식품,식품제조가공업,경기도,경기도 파주시
19980355336,3,3,3,고려인삼과학(주),식품제조가공업,경기도,경기도 파주시
19980364178,1,1,1,(주)햇살내음,식품제조가공업,경기도,경기도 화성시
19980364325,2,2,2,(주)대호양행,식품제조가공업,경기도,경기도 화성시
19980364326,8,8,7,(주)가배온,식품제조가공업,경기도,경기도 화성시
19980368057,1,1,1,면다운종합식품,식품제조가공업,경기도,경기도 광주시
19980370028,3,3,3,(주)청보,식품제조가공업,경기도,경기도 양주시
19980370137,1,1,1,농업회사법인(주) 제이제이,식품제조가공업,경기도,경기도 양주시
19980372280,8,8,8,(주)더초록식품 포천공장,식품제조가공업,경기도,경기도 포천시
19980372355,3,3,3,박가당,식품제조가공업,경기도,경기도 포천시
19980378158,3,3,2,양평전통한과,식품제조가공업,경기도,경기도 양평군
19980395011,1,1,1,두레식품,식품제조가공업,강원특별자치도,강원특별자치도 횡성군
19980395053,1,1,1,구방한과 농업회사법인,식품제조가공업,강원특별자치도,강원특별자치도 횡성군
19980397025,3,3,3,(주)봉평농원,식품제조가공업,강원특별자치도,강원특별자치도 평창군
19980397058,1,1,1,옛날식품,식품제조가공업,강원특별자치도,강원특별자치도 평창군
19980415025,1,1,1,(주)계수나무떡,식품제조가공업,충청북도,충청북도 청주시
19980433297,1,1,1,동명식품,식품제조가공업,충청북도,충청북도 충주시
19980440010,3,3,3,건영푸드,식품제조가공업,충청북도,충청북도 옥천군
19980440049,1,1,1,푸른농산,식품제조가공업,충청북도,충청북도 옥천군
19980440103,1,1,1,풍년식품,식품제조가공업,충청북도,충청북도 옥천군
19980442026,2,2,2,(주)농협홍삼,식품제조가공업,충청북도,충청북도 증평군
19980442046,2,2,2,충북인삼농협고려인삼창,식품제조가공업,충청북도,충청북도 증평군
19980443001,2,2,2,(주)건우에프피,식품제조가공업,충청북도,충청북도 진천군
19980443014,19,19,16,씨제이제일제당(주),식품제조가공업,충청북도,충청북도 진천군
19980443176,1,1,1,장수식품,식품제조가공업,충청북도,충청북도 진천군
19980445251,1,1,1,음성청결고추가루가공공장,식품제조가공업,충청북도,충청북도 음성군
19980449002,22,11,14,해태에이치티비주식회사,식품제조가공업,충청남도,충청남도 천안시
19980449023,6,6,6,주식회사고려인삼제품공사,식품제조가공업,충청남도,충청남도 천안시
19980458129,2,2,2,금강레토르트식품,식품제조가공업,충청남도,충청남도 공주시
19980461127,1,1,1,빔보큐에스알코리아 주식회사,식품제조가공업,충청남도,충청남도 아산시
19980463186,6,6,6,(주)그린,식품제조가공업,충청남도,충청남도 서산시
19980464155,3,3,3,(주)한국신약,식품제조가공업,충청남도,충청남도 논산시
19980464173,1,1,1,갑부식품,식품제조가공업,충청남도,충청남도 논산시
19980467010,3,3,2,녹차원주식회사,식품제조가공업,충청남도,충청남도 금산군
19980490146,3,3,3,(유)큰바위식품,식품제조가공업,전북특별자치도,전북특별자치도 정읍시
19980494068,1,1,1,모악식품,식품제조가공업,전북특별자치도,전북특별자치도 완주군
19980495029,1,1,1,대성한과,식품제조가공업,전북특별자치도,전북특별자치도 진안군
19980495031,2,2,2,송화수 홍삼 영농조합법인,식품제조가공업,전북특별자치도,전북특별자치도 진안군
19980498134,2,2,2,영산식품,식품제조가공업,전북특별자치도,전북특별자치도 임실군
19980499028,7,7,7,(주)기픈샘,식품제조가공업,전북특별자치도,전북특별자치도 순창군
19980506039,4,4,4,(주)해창수산,식품제조가공업,전남광주통합특별시,전남광주통합특별시 여수시
19980506378,4,4,4,(주)국보수산,식품제조가공업,전남광주통합특별시,전남광주통합특별시 여수시
19980517074,1,1,1,구례밀영농조합법인,식품제조가공업,전남광주통합특별시,전남광주통합특별시 구례군
19980518131,1,1,1,진천유자영농조합법인,식품제조가공업,전남광주통합특별시,전남광주통합특별시 고흥군
19980518132,4,3,4,에덴식품 영농조합법인,식품제조가공업,전남광주통합특별시,전남광주통합특별시 고흥군
19980525031,2,2,2,현대영농조합법인,식품제조가공업,전남광주통합특별시,전남광주통합특별시 무안군
19980527091,3,3,2,농업회사법인모시올주식회사,식품제조가공업,전남광주통합특별시,전남광주통합특별시 영광군
19980529120,3,3,3,(주)해청정,식품제조가공업,전남광주통합특별시,전남광주통합특별시 완도군
19980543216,3,3,3,안동제비원전통식품 제2공장,식품제조가공업,경상북도,경상북도 안동시
19980554141,1,1,1,선비촌한과,식품제조가공업,경상북도,경상북도 영주시
19980554246,4,4,4,풍기특산물영농조합법인,식품제조가공업,경상북도,경상북도 영주시
19980560076,6,6,6,내고향식품,식품제조가공업,경상북도,경상북도 경산시
19980560132,2,2,2,미래참푸드,식품제조가공업,경상북도,경상북도 경산시
19980560349,1,1,1,민영제과,식품제조가공업,경상북도,경상북도 경산시
19980562003,1,1,1,한식당 (주)부자 군위(상),일반음식점,대구광역시,대구광역시 군위군
19980562007,1,1,1,한식당 (주)부자 군위(하),일반음식점,대구광역시,대구광역시 군위군
19980563115,1,1,1,네이처뱅크 농업회사법인 주식회사,식품제조가공업,경상북도,경상북도 의성군
19980568010,1,1,1,달성식품산업사,식품제조가공업,경상북도,경상북도 고령군
19980568016,2,2,2,소이빈네이처제2공장,식품제조가공업,경상북도,경상북도 고령군
19980604045,2,2,2,바다그린,식품제조가공업,경상남도,경상남도 통영시
19980604086,2,2,2,우진물산(주),식품제조가공업,경상남도,경상남도 통영시
19980606003,1,1,1,사천(순천방향)휴게소 - 우동/라면 전문점,휴게음식점,경상남도,경상남도 사천시
19980606004,1,1,1,사천(부산방향)휴게소 - 우동/라면 전문점,휴게음식점,경상남도,경상남도 사천시
19980607029,1,1,1,한국클로렐라,식품제조가공업,경상남도,경상남도 김해시
19980607280,3,3,3,(주)광화 김해지점,식품제조가공업,경상남도,경상남도 김해시
19980607595,2,2,1,미성식품,식품제조가공업,경상남도,경상남도 김해시
19980607694,1,1,1,(주)부산가덕도식품,식품제조가공업,경상남도,경상남도 김해시
19980607714,1,1,1,구포국수,식품제조가공업,경상남도,경상남도 김해시
19980607729,1,1,1,(주)대동농원,식품소분업,경상남도,경상남도 김해시
19980611047,1,1,1,대봉식품,식품제조가공업,경상남도,경상남도 밀양시
19980612100,1,1,1,중앙씨푸드(주),식품제조가공업,경상남도,경상남도 거제시
19980614018,2,2,2,오성종합식품,식품제조가공업,경상남도,경상남도 양산시
19980617024,3,3,3,(주)한국농수산 제1공장,식품제조가공업,경상남도,경상남도 함안군
19980621017,1,1,1,티타임 주식회사,식품제조가공업,경상남도,경상남도 하동군
19980622008,2,2,2,홍화원(주),식품제조가공업,경상남도,경상남도 산청군
19980623080,2,2,2,농업회사법인 주식회사 하미앙,식품제조가공업,경상남도,경상남도 함양군
19980624073,6,6,4,농업회사법인주식회사수라김치,식품제조가공업,경상남도,경상남도 거창군
19980627008,3,3,3,농업회사법인주식회사제주자연식품,식품제조가공업,제주특별자치도,제주특별자치도 제주시
19980627964,1,1,1,주)칼호텔네트워크(제주칼호텔),식품제조가공업,제주특별자치도,제주특별자치도 제주시
19990033309,2,2,2,한화호텔앤드리조트(주)외식사업본부,식품제조가공업,서울특별시,서울특별시 용산구
19990036231,4,2,2,미림식품,식품제조가공업,서울특별시,서울특별시 성동구
19990046909,2,2,2,자연식품,식품제조가공업,서울특별시,서울특별시 중랑구
19990047048,2,2,1,전통떡집,식품제조가공업,서울특별시,서울특별시 중랑구
19990053561,6,2,2,주식회사 신토불이식품,식품제조가공업,경기도,경기도 양주시
19990081445,2,2,2,주식회사 농가,식품제조가공업,서울특별시,서울특별시 구로구
19990106590,1,1,1,김밥단체주문 김밥주문 야유회행사 김밥도시락 배달 다래전김밥,식품제조가공업,서울특별시,서울특별시 강남구
19990116100,2,1,1,옥천식품,식품제조가공업,경기도,경기도 하남시
19990116377,1,1,1,(주)베이커리라리,식품제조가공업,서울특별시,서울특별시 송파구
19990120061,6,3,2,(주)한길에스디,식품제조가공업,경기도,경기도 광주시
19990128107,4,4,4,수협중앙회감천항물류센터,식품제조가공업,부산광역시,부산광역시 서구
19990128158,9,9,9,참손푸드(주),식품제조가공업,부산광역시,부산광역시 서구
19990128210,3,3,3,대경에프앤비(주),식품제조가공업,부산광역시,부산광역시 서구
19990128291,3,3,3,동원산업(주)부산공장,식품제조가공업,부산광역시,부산광역시 서구
19990137322,15,15,14,(주)옵스,식품제조가공업,부산광역시,부산광역시 남구
19990144084,2,2,1,종하수산,식품제조가공업,부산광역시,부산광역시 사하구
19990144283,3,3,2,(주)수정씨푸드,식품제조가공업,부산광역시,부산광역시 사하구
19990144286,2,2,2,주식회사 늘푸른바다,식품제조가공업,부산광역시,부산광역시 사하구
19990144327,2,2,1,주식회사 씨스카이성강,식품제조가공업,부산광역시,부산광역시 사하구
19990144396,3,3,3,(주)대광에프앤씨,식품제조가공업,부산광역시,부산광역시 사하구
19990144499,1,1,1,백의민족식품,식품제조가공업,부산광역시,부산광역시 사하구
19990160093,2,1,1,본(本)식품,식품제조가공업,대구광역시,대구광역시 동구
19990166423,1,1,1,궁전떡집,식품제조가공업,대구광역시,대구광역시 남구
19990168068,1,1,1,우리원산까치,식품제조가공업,대구광역시,대구광역시 북구
19990168077,2,1,1,대구종합식품,식품제조가공업,대구광역시,대구광역시 북구
19990168590,1,1,1,덕산식품,식품제조가공업,대구광역시,대구광역시 북구
19990181738,6,3,3,오성식품,식품제조가공업,대구광역시,대구광역시 달서구
19990188036,1,1,1,청정종합식품,식품제조가공업,대구광역시,대구광역시 달성군
19990199004,2,2,2,남향푸드또띠아(주),식품제조가공업,인천광역시,인천광역시 남동구
19990199246,1,1,1,(주)서울제과,식품제조가공업,인천광역시,인천광역시 남동구
19990202817,3,3,2,영동식품,식품제조가공업,인천광역시,인천광역시 부평구
19990208213,2,2,2,맥도우도너츠,식품제조가공업,인천광역시,인천광역시 서해구
19990208233,3,3,3,백마골드식품,식품제조가공업,인천광역시,인천광역시 서해구
19990208512,6,3,3,(주)초원식품,식품제조가공업,경기도,경기도 김포시
19990211056,1,1,1,다이식품 제2공장,식품제조가공업,인천광역시,인천광역시 강화군
19990231413,2,2,1,에이스식품,식품제조가공업,대전광역시,대전광역시 동구
19990233363,2,1,1,한일식품,식품제조가공업,대전광역시,대전광역시 중구
19990242287,4,4,4,농민식품,식품제조가공업,대전광역시,대전광역시 대덕구
19990242307,1,1,1,신미제과,식품제조가공업,대전광역시,대전광역시 대덕구
19990242398,1,1,1,신탄진(상)휴게소(한식매장),휴게음식점,대전광역시,대전광역시 대덕구
19990242506,2,2,2,(주)스윗티,식품제조가공업,대전광역시,대전광역시 대덕구
19990248364,6,6,5,(주)도투락식품,식품제조가공업,울산광역시,울산광역시 남구
19990257019,1,1,1,조일푸드주식회사,식품제조가공업,세종특별자치시,세종특별자치시
19990263092,2,1,1,주식회사 세종캐터링,식품제조가공업,경기도,경기도 수원시
19990263118,1,1,1,국수공장,식품제조가공업,경기도,경기도 수원시
19990263154,1,1,1,초원식품,식품제조가공업,경기도,경기도 수원시
19990275048,8,4,4,(주)동선,식품제조가공업,경기도,경기도 광주시
19990275089,2,2,2,(주)조은수산,식품제조가공업,경기도,경기도 성남시
19990294136,1,1,1,주식회사 현진해양,식품제조가공업,경기도,경기도 부천시
19990294146,1,1,1,산포농연,식품제조가공업,경기도,경기도 부천시
19990308334,1,1,1,농업회사법인(주)가을식품,식품제조가공업,경기도,경기도 평택시
19990311095,1,1,1,세미식품,식품제조가공업,경기도,경기도 안산시
19990311097,1,1,1,팔도식품,식품제조가공업,경기도,경기도 안산시
19990320066,2,1,1,태성제과,식품제조가공업,경기도,경기도 고양시
19990330337,1,1,1,남양식품,식품제조가공업,경기도,경기도 구리시
19990332059,1,1,1,(주) 그린델리카,식품제조가공업,경기도,경기도 남양주시
19990332216,1,1,1,태성바이오플러스,식품첨가물제조업,경기도,경기도 남양주시
19990332509,5,5,5,주식회사 광진식품,식품제조가공업,경기도,경기도 남양주시
19990338617,6,3,3,선미제과,식품제조가공업,경기도,경기도 시흥시
19990342246,2,1,1,(주)남송,식품제조가공업,경기도,경기도 이천시
19990344021,8,4,4,주식회사 마스타식품,식품제조가공업,경기도,경기도 군포시
19990347022,3,3,3,다산에프엠(주),식품제조가공업,경기도,경기도 용인시
19990347045,1,1,1,동희(주),식품소분업,경기도,경기도 용인시
19990355089,3,3,3,신영식품,식품제조가공업,경기도,경기도 파주시
19990355280,3,3,2,(주)대산인터내셔널,식품제조가공업,경기도,경기도 파주시
19990355401,3,3,3,(주)홍씨랑,식품제조가공업,경기도,경기도 파주시
19990355419,3,3,3,(주)진한식품,식품제조가공업,경기도,경기도 파주시
19990355527,3,3,3,(주)보승식품,식품제조가공업,경기도,경기도 파주시
19990362295,2,2,2,(주)뉴팜,식품제조가공업,경기도,경기도 김포시
19990362300,2,2,2,예과당(YD FOOD),식품제조가공업,경기도,경기도 김포시
19990362342,1,1,1,참생푸드원,식품제조가공업,경기도,경기도 김포시
19990364004,5,5,5,블루원,식품제조가공업,경기도,경기도 화성시
19990364048,1,1,1,성부식품,식품제조가공업,경기도,경기도 화성시
19990364158,27,27,27,(주)진성에프엠,식품제조가공업,경기도,경기도 화성시
19990364159,4,4,4,우리콩식품,식품제조가공업,경기도,경기도 화성시
19990364214,1,1,1,델리치푸드(주),식품제조가공업,경기도,경기도 화성시
19990364303,4,4,4,(주)유니크,식품제조가공업,경기도,경기도 화성시
19990364320,2,2,2,자연담식품 영농조합법인,식품제조가공업,경기도,경기도 화성시
19990364393,2,2,2,(주)한국에프앤티,식품제조가공업,경기도,경기도 화성시
19990368315,8,4,4,(주)퓨라토스코리아,식품제조가공업,충청북도,충청북도 충주시
19990368333,1,1,1,(주)아우내종합상사,식품제조가공업,경기도,경기도 광주시
19990368339,14,14,14,(주)오래식품,식품제조가공업,경기도,경기도 광주시
19990372191,1,1,1,맛나에프앤비,식품제조가공업,경기도,경기도 포천시
19990372268,4,4,4,(주)츄리온더쇼어,식품제조가공업,경기도,경기도 포천시
19990372301,7,7,7,(주)다정,식품제조가공업,경기도,경기도 포천시
19990372376,1,1,1,대성식품,식품제조가공업,경기도,경기도 포천시
19990372382,3,3,3,농업회사법인 (주)농가식품,식품제조가공업,경기도,경기도 포천시
19990375200,3,3,3,주식회사 신한에프앤비(F&B),식품제조가공업,경기도,경기도 여주시
19990380104,1,1,1,(주)자연애,식품제조가공업,강원특별자치도,강원특별자치도 춘천시
19990383619,1,1,1,주식회사 치악산식품,식품제조가공업,강원특별자치도,강원특별자치도 원주시
19990386335,2,2,2,(주)교동씨엠,식품제조가공업,강원특별자치도,강원특별자치도 강릉시
19990386434,1,1,1,강릉모래내한과영농조합법인,식품제조가공업,강원특별자치도,강원특별자치도 강릉시
19990389120,6,6,6,광림푸드시스템,식품제조가공업,강원특별자치도,강원특별자치도 동해시
19990392087,1,1,1,설악청정식품2공장,식품제조가공업,강원특별자치도,강원특별자치도 속초시
19990395085,2,2,2,농업회사법인 밀원본가안흥찐빵 주식회사,식품제조가공업,강원특별자치도,강원특별자치도 횡성군
19990395111,2,2,2,심할머니안흥찐빵,식품제조가공업,강원특별자치도,강원특별자치도 횡성군
19990397052,1,1,1,평창반상,일반음식점,강원특별자치도,강원특별자치도 평창군
19990404032,1,1,1,송천떡마을영농조합법인,식품제조가공업,강원특별자치도,강원특별자치도 양양군
19990415033,1,1,1,대오식품,식품제조가공업,충청북도,충청북도 청주시
19990415035,1,1,1,서울식품,식품제조가공업,충청북도,충청북도 청주시
19990433536,1,1,1,농업회사법인(유)대경농산,식품제조가공업,충청북도,충청북도 충주시
19990435139,5,5,5,애디드컴퍼니 주식회사,식품제조가공업,충청북도,충청북도 제천시
19990435425,1,1,1,광채식품,식품제조가공업,충청북도,충청북도 제천시
19990440048,3,3,3,(주)명가식품,식품제조가공업,충청북도,충청북도 옥천군
19990440113,6,6,6,대도식품,식품제조가공업,충청북도,충청북도 옥천군
19990443122,1,1,1,홍영식품(주),식품제조가공업,충청북도,충청북도 진천군
19990443183,2,2,2,(주)콩세상,식품제조가공업,충청북도,충청북도 진천군
19990443207,3,3,3,(주)세전,식품제조가공업,충청북도,충청북도 진천군
19990445095,3,3,3,(주)삼진내추럴,식품제조가공업,충청북도,충청북도 음성군
19990449007,1,1,1,동산민속식품,식품제조가공업,충청남도,충청남도 천안시
19990449012,1,1,1,한마루푸드,식품제조가공업,충청남도,충청남도 천안시
19990450256,1,1,1,우정인재개발원,집단급식소,충청남도,충청남도 천안시
19990458123,2,2,2,농업회사법인 하늘빛 주식회사,식품제조가공업,충청남도,충청남도 공주시
19990459151,2,2,2,신진수산맛김(주),식품제조가공업,충청남도,충청남도 보령시
19990459220,1,1,1,(주)어촌맛김,식품제조가공업,충청남도,충청남도 보령시
19990461105,1,1,1,송악농협식품사업소,식품제조가공업,충청남도,충청남도 아산시
19990461379,1,1,1,그린촌,식품제조가공업,충청남도,충청남도 아산시
19990461386,6,3,3,(주) 푸르온,식품제조가공업,충청남도,충청남도 아산시
19990463377,1,1,1,부석생강한과,식품제조가공업,충청남도,충청남도 서산시
19990464265,2,2,2,논산바다,식품제조가공업,충청남도,충청남도 논산시
19990467047,2,2,2,(주)휴온스엔,식품제조가공업,충청남도,충청남도 금산군
19990467050,3,3,3,(주)한국데코로,식품제조가공업,충청남도,충청남도 금산군
19990467107,2,2,1,주식회사 늘푸른바다에프엔비,식품제조가공업,충청남도,충청남도 금산군
19990478206,5,5,5,진보식품,식품제조가공업,전북특별자치도,전북특별자치도 전주시
19990484198,3,3,3,유한회사 내고향시푸드,식품제조가공업,전북특별자치도,전북특별자치도 군산시
19990493093,3,3,3,오성푸드,식품제조가공업,전북특별자치도,전북특별자치도 김제시
19990495025,6,6,5,마이산약초협동조합,식품제조가공업,전북특별자치도,전북특별자치도 진안군
19990495034,2,2,1,단양선교관 선교식품,식품제조가공업,전북특별자치도,전북특별자치도 진안군
19990506739,2,2,2,해청식품(주),식품제조가공업,전남광주통합특별시,전남광주통합특별시 여수시
19990509169,1,1,1,위즈코프(주) 주암(순천방향) 휴게소,일반음식점,전남광주통합특별시,전남광주통합특별시 순천시
19990520119,3,3,3,(주)맑은물에,식품제조가공업,전남광주통합특별시,전남광주통합특별시 화순군
19990522010,3,3,2,산다움농업회사법인주식회사,식품제조가공업,전남광주통합특별시,전남광주통합특별시 강진군
19990525006,10,10,10,(주)에프엔디 해제공장,식품제조가공업,전남광주통합특별시,전남광주통합특별시 무안군
19990525066,6,6,6,(유)허니비,식품제조가공업,전남광주통합특별시,전남광주통합특별시 무안군
19990529166,2,2,2,(유)하나물산,식품제조가공업,전남광주통합특별시,전남광주통합특별시 완도군
19990538913,1,1,1,용궁식품,식품제조가공업,경상북도,경상북도 경주시
19990541160,1,1,1,(주)려강 제2공장,식품제조가공업,경상북도,경상북도 김천시
19990548899,1,1,1,한양떡백화점,식품제조가공업,경상북도,경상북도 구미시
19990555093,11,11,6,농업회사법인(주)이비채,식품제조가공업,경상북도,경상북도 영천시
19990555185,3,3,3,경북농축산영농조합,식품제조가공업,경상북도,경상북도 영천시
19990556172,1,1,1,중모포도영농조합법인,식품제조가공업,경상북도,경상북도 상주시
19990560016,1,1,1,대보식품,식품제조가공업,경상북도,경상북도 경산시
19990560309,1,1,1,(주)고추나라,식품제조가공업,경상북도,경상북도 경산시
19990560369,1,1,1,유한회사 농업회사법인 삼미식품,식품제조가공업,경상북도,경상북도 경산시
19990563033,8,8,8,삼오종합식품주식회사,식품제조가공업,경상북도,경상북도 의성군
19990569042,2,2,2,삼진식품,식품첨가물제조업,경상북도,경상북도 성주군
19990569049,5,5,5,삼진식품,식품제조가공업,경상북도,경상북도 성주군
19990569052,1,1,1,종표국수,식품제조가공업,경상북도,경상북도 성주군
19990601409,4,4,4,(주)장생도라지,식품제조가공업,경상남도,경상남도 진주시
19990606094,1,1,1,동양수산,식품제조가공업,경상남도,경상남도 사천시
19990607298,2,2,2,두일식품,식품제조가공업,경상남도,경상남도 김해시
19990607351,6,3,3,아름푸드,식품제조가공업,경상남도,경상남도 밀양시
19990607488,3,3,3,(주)엠에스바이오,식품제조가공업,경상남도,경상남도 김해시
19990607908,1,1,1,푸른식품,식품제조가공업,경상남도,경상남도 김해시
19990611136,3,3,3,농업회사 다온건강,식품제조가공업,경상남도,경상남도 밀양시
19990618015,3,3,3,부광식품,식품제조가공업,경상남도,경상남도 창녕군
19990619048,2,2,2,신화당제과,식품제조가공업,경상남도,경상남도 고성군
19990622005,5,5,5,산청군양잠농업협동조합,식품제조가공업,경상남도,경상남도 산청군
19990624067,1,1,1,(주)삼아벤처 거창공장,식품제조가공업,경상남도,경상남도 거창군
19990627081,6,6,6,진생영농조합법인,식품제조가공업,제주특별자치도,제주특별자치도 제주시
19990627324,1,1,1,동서남북떡공장,식품제조가공업,제주특별자치도,제주특별자치도 제주시
19990628258,4,4,4,(주)푸른들,식품제조가공업,제주특별자치도,제주특별자치도 제주시
20000066859,1,1,1,소망김밥,식품제조가공업,서울특별시,서울특별시 서대문구
20000080645,1,1,1,한양식품,식품제조가공업,서울특별시,서울특별시 구로구
20000084411,1,1,1,주식회사 에이스뉴식품(ACE뉴食品),식품제조가공업,서울특별시,서울특별시 금천구
20000128173,1,1,1,합천수산,식품제조가공업,부산광역시,부산광역시 서구
20000128313,3,3,3,(주)아이에스글로벌,식품제조가공업,부산광역시,부산광역시 서구
20000134055,2,1,1,비알코리아(주),식품제조가공업,부산광역시,부산광역시 동래구
20000144291,1,1,1,(주)안신,식품제조가공업,부산광역시,부산광역시 사하구
20000144393,4,4,4,(주)등푸른식품,식품제조가공업,부산광역시,부산광역시 사하구
20000144559,2,2,1,(주)청해푸드,식품제조가공업,부산광역시,부산광역시 사하구
20000144584,3,3,3,(주)송림수산,식품제조가공업,부산광역시,부산광역시 사하구
20000144744,1,1,1,주식회사 서종산업,식품제조가공업,부산광역시,부산광역시 사하구
20000149041,5,5,5,(주)그린푸드,식품제조가공업,부산광역시,부산광역시 강서구
20000149055,1,1,1,(주)대강수산,식품제조가공업,부산광역시,부산광역시 강서구
20000154574,2,2,2,(주)엘씨에프앤비,식품제조가공업,부산광역시,부산광역시 사상구
20000163527,1,1,1,(주)서라벌푸드,식품제조가공업,대구광역시,대구광역시 서구
20000166078,2,2,2,중원식품,식품제조가공업,대구광역시,대구광역시 남구
20000168156,2,2,2,에이치앤푸드(HN food),식품제조가공업,대구광역시,대구광역시 북구
20000168845,2,1,1,제일식품,식품제조가공업,경상북도,경상북도 칠곡군
20000176066,2,2,2,한올식품,식품제조가공업,대구광역시,대구광역시 수성구
20000176072,1,1,1,우리원산까치식품,식품제조가공업,대구광역시,대구광역시 수성구
20000176075,2,1,1,(주)모심푸드,식품제조가공업,대구광역시,대구광역시 수성구
20000176077,1,1,1,청구도시락,식품제조가공업,대구광역시,대구광역시 수성구
20000176082,4,1,2,경동제과,식품제조가공업,대구광역시,대구광역시 수성구
20000176086,1,1,1,삼화식품,식품제조가공업,대구광역시,대구광역시 수성구
20000176952,1,1,1,길조식품,식품제조가공업,대구광역시,대구광역시 수성구
20000181004,1,1,1,새부산식품,식품제조가공업,대구광역시,대구광역시 달서구
20000181823,6,6,5,농업회사법인(주)영풍지점,식품제조가공업,대구광역시,대구광역시 달서구
20000188013,2,1,1,홍원식품,식품제조가공업,대구광역시,대구광역시 달성군
20000188031,2,2,2,이백식품,식품제조가공업,대구광역시,대구광역시 달성군
20000199240,2,2,2,부일식품,식품제조가공업,인천광역시,인천광역시 남동구
20000199331,2,2,2,정우식품,식품제조가공업,인천광역시,인천광역시 남동구
20000208777,3,3,3,농부마을,식품제조가공업,인천광역시,인천광역시 검단구
20000216214,2,2,2,조화식품,식품제조가공업,전남광주통합특별시,전남광주통합특별시 서구
20000216571,2,1,1,롯데마트 맥스 상무점,기타식품판매업,전남광주통합특별시,전남광주통합특별시 서구
20000227238,4,4,4,주)이씨네식품,식품제조가공업,전남광주통합특별시,전남광주통합특별시 광산구
20000231297,1,1,1,미광식품,식품제조가공업,대전광역시,대전광역시 동구
20000233066,3,1,1,주식회사놀부명과,식품제조가공업,대전광역시,대전광역시 중구
20000233482,3,3,3,로쏘(주)성심당,식품제조가공업,대전광역시,대전광역시 중구
20000242109,2,2,2,엄마손김치,식품제조가공업,대전광역시,대전광역시 대덕구
20000247184,1,1,1,명가식품,식품제조가공업,울산광역시,울산광역시 남구
20000255113,1,1,1,그린제과,식품제조가공업,울산광역시,울산광역시 울주군
20000257056,1,1,1,동산산업(주),식품제조가공업,세종특별자치시,세종특별자치시
20000275018,2,1,1,형제식품,식품제조가공업,경기도,경기도 광주시
20000275028,3,3,3,(주)푸름,식품제조가공업,경기도,경기도 성남시
20000275127,2,1,1,웰코리아,식품제조가공업,경기도,경기도 성남시
20000285112,2,1,1,장인한과,식품제조가공업,경기도,경기도 포천시
20000288148,1,1,1,찬우물코리아,식품제조가공업,경기도,경기도 안양시
20000294034,2,2,2,청기와집식품,식품제조가공업,경기도,경기도 부천시
20000294072,2,2,2,부천혜림직업재활시설,식품제조가공업,경기도,경기도 부천시
20000306439,1,1,1,설악식품,식품제조가공업,경기도,경기도 평택시
20000309019,1,1,1,남서울제과,식품제조가공업,경기도,경기도 평택시
20000320125,1,1,1,미시루,식품제조가공업,경기도,경기도 고양시
20000332309,1,1,1,(주)파시코,식품제조가공업,경기도,경기도 남양주시
20000336242,1,1,1,대상(주)오산공장,식품소분업,경기도,경기도 오산시
20000342053,3,3,3,삼주식품,식품제조가공업,경기도,경기도 군포시
20000344064,4,2,2,주식회사 썬에프엘,식품제조가공업,경기도,경기도 의왕시
20000345187,1,1,1,대명식품,식품제조가공업,경기도,경기도 하남시
20000345240,2,1,1,만전식품(주),식품제조가공업,경기도,경기도 남양주시
20000347049,1,1,1,주식회사 대울식품,식품제조가공업,경기도,경기도 용인시
20000347052,2,2,2,롯데용인CK 주식회사,식품제조가공업,경기도,경기도 용인시
20000347090,7,7,7,동서바이오팜(주)용인공장,식품제조가공업,경기도,경기도 용인시
20000355553,2,2,2,다미아일품(주),식품제조가공업,경기도,경기도 파주시
20000358195,1,1,1,주식회사 남면,식품제조가공업,경기도,경기도 이천시
20000360372,8,8,8,롯데칠성음료(주),식품제조가공업,경기도,경기도 안성시
20000360373,2,2,2,주식회사 한경푸드프레시,식품제조가공업,경기도,경기도 안성시
20000362349,4,2,2,(주)팔도식품,식품제조가공업,경기도,경기도 김포시
20000364090,3,3,3,(주)율곡,식품제조가공업,경기도,경기도 화성시
20000364323,2,2,2,하이원푸드 주식회사,식품제조가공업,경기도,경기도 화성시
20000364348,8,8,8,(주)신원에프아이,식품제조가공업,경기도,경기도 화성시
20000368078,1,1,1,(주)행성식품,식품제조가공업,경기도,경기도 광주시
20000368176,3,3,3,동우농산(주),식품제조가공업,경기도,경기도 광주시
20000368225,3,3,2,(주)청미,식품제조가공업,경기도,경기도 광주시
20000370063,2,2,2,건화식품,식품제조가공업,경기도,경기도 양주시
20000370128,3,3,3,주식회사 명가랑,식품제조가공업,경기도,경기도 양주시
20000370201,1,1,1,농업회사법인(유)굿푸드,식품제조가공업,경기도,경기도 양주시
20000372048,1,1,1,고려양행,식품제조가공업,경기도,경기도 포천시
20000372098,1,1,1,알찬식품,식품제조가공업,경기도,경기도 포천시
20000383282,5,5,5,(주)서울식품,식품제조가공업,강원특별자치도,강원특별자치도 원주시
20000383359,2,2,2,(주)신화푸드,식품제조가공업,강원특별자치도,강원특별자치도 원주시
20000383617,1,1,1,농업회사법인꿈터종합식품(주),식품제조가공업,강원특별자치도,강원특별자치도 원주시
20000386009,1,1,1,신라한과,식품제조가공업,강원특별자치도,강원특별자치도 강릉시
20000386240,2,2,1,금영식품주식회사,식품제조가공업,강원특별자치도,강원특별자치도 강릉시
20000386366,15,15,15,주식회사디아이,식품제조가공업,강원특별자치도,강원특별자치도 강릉시
20000386488,1,1,1,유한회사 마츄피푸드,식품제조가공업,강원특별자치도,강원특별자치도 강릉시
20000392252,8,8,8,주식회사 한백푸드,식품제조가공업,강원특별자치도,강원특별자치도 속초시
20000393064,1,1,1,환선굴김치공장,식품제조가공업,강원특별자치도,강원특별자치도 삼척시
20000395002,1,1,1,토속안흥찐빵,식품제조가공업,강원특별자치도,강원특별자치도 횡성군
20000399039,1,1,1,주식회사 그래미,식품제조가공업,강원특별자치도,강원특별자치도 철원군
20000399065,3,3,3,미성식품 주식회사,식품제조가공업,강원특별자치도,강원특별자치도 철원군
20000402064,1,1,1,기린농협가공사업소,식품제조가공업,강원특별자치도,강원특별자치도 인제군
20000404137,1,1,1,양양수산,식품제조가공업,강원특별자치도,강원특별자치도 양양군
20000404173,4,4,2,북청산업영어조합법인,식품제조가공업,강원특별자치도,강원특별자치도 양양군
20000415015,1,1,1,두손미락식품,식품제조가공업,충청북도,충청북도 청주시
20000415020,1,1,1,(주)녹원,식품제조가공업,충청북도,충청북도 청주시
20000415052,1,1,1,참그린식품,식품제조가공업,충청북도,충청북도 청주시
20000433043,1,1,1,고추랑식품,식품제조가공업,충청북도,충청북도 충주시
20000433201,1,1,1,큰집한과,식품제조가공업,충청북도,충청북도 충주시
20000433363,4,4,4,농업회사법인(주)김치나라,식품제조가공업,충청북도,충청북도 충주시
20000440007,2,2,2,참맛식품(주),식품제조가공업,충청북도,충청북도 옥천군
20000441043,30,30,27,매일유업(주)영동공장,식품제조가공업,충청북도,충청북도 영동군
20000441108,2,1,1,(주)건영식품,식품제조가공업,대전광역시,대전광역시 대덕구
20000442032,2,1,1,천두식품,식품제조가공업,충청북도,충청북도 증평군
20000443042,18,18,17,(주)원일식품,식품제조가공업,충청북도,충청북도 진천군
20000445088,13,13,13,삼양스파이스 주식회사 음성공장,식품제조가공업,충청북도,충청북도 음성군
20000445187,1,1,1,(주)선명농수산,식품소분업,충청북도,충청북도 음성군
20000449006,1,1,1,원우테크,식품제조가공업,충청남도,충청남도 천안시
20000449024,1,1,1,오모리주식회사,식품제조가공업,충청남도,충청남도 천안시
20000449033,1,1,1,도미노피자천안공장,식품제조가공업,충청남도,충청남도 천안시
20000449035,10,10,9,(주)쟈뎅,식품제조가공업,충청남도,충청남도 천안시
20000449046,1,1,1,(주)중원바이오팜,식품제조가공업,충청남도,충청남도 천안시
20000459018,1,1,1,청라은행한과,식품제조가공업,충청남도,충청남도 보령시
20000461279,5,5,5,승진F&C,식품첨가물제조업,충청남도,충청남도 아산시
20000463324,1,1,1,서산인삼농업협동조합 인삼종합처리장,식품제조가공업,충청남도,충청남도 서산시
20000467022,1,1,1,정든식품,식품제조가공업,충청남도,충청남도 금산군
20000467023,6,6,6,농업회사법인(주)참한삼,식품제조가공업,충청남도,충청남도 금산군
20000467052,3,3,3,한국금차도,식품제조가공업,충청남도,충청남도 금산군
20000467059,3,3,3,(주)후드코리아,식품제조가공업,충청남도,충청남도 금산군
20000467137,1,1,1,금산인삼랜드(하)휴게소 한식당,휴게음식점,충청남도,충청남도 금산군
20000472036,1,1,1,농업회사법인 주식회사 건강한동행,식품제조가공업,충청남도,충청남도 청양군
20000472037,2,2,2,청양농협청양고추가공공장,식품제조가공업,충청남도,충청남도 청양군
20000473050,3,3,2,주식회사 광천김 제2공장,식품제조가공업,충청남도,충청남도 홍성군
20000474020,2,2,2,충남식품,식품제조가공업,충청남도,충청남도 예산군
20000474192,1,1,1,삽다리한과,식품제조가공업,충청남도,충청남도 예산군
20000475069,8,8,4,농업회사법인주식회사담채원,식품제조가공업,충청남도,충청남도 태안군
20000478082,1,1,1,주식회사 전북외식산업,식품제조가공업,전북특별자치도,전북특별자치도 전주시
20000481160,1,1,1,라벨리,식품제조가공업,전북특별자치도,전북특별자치도 전주시
20000484353,3,3,3,(주)화과방,식품제조가공업,전북특별자치도,전북특별자치도 군산시
20000484652,1,1,1,이봉환제과,식품제조가공업,전북특별자치도,전북특별자치도 군산시
20000492014,1,1,1,토종식품,식품제조가공업,전북특별자치도,전북특별자치도 남원시
20000492162,1,1,1,대보유통(주)지리산(옥포)휴게소(한식당),휴게음식점,전북특별자치도,전북특별자치도 남원시
20000493187,1,1,1,농업회사법인 유한회사 모양산업,식품제조가공업,전북특별자치도,전북특별자치도 김제시
20000495063,1,1,1,진안고원농산,식품제조가공업,전북특별자치도,전북특별자치도 진안군
20000495067,1,1,1,영웅문 식품,식품제조가공업,전북특별자치도,전북특별자치도 진안군
20000497004,2,2,2,장수홍삼,식품제조가공업,전북특별자치도,전북특별자치도 장수군
20000498027,1,1,1,(주)사조오양 임실공장,식품제조가공업,전북특별자치도,전북특별자치도 임실군
20000498086,2,2,2,영농법인임실생약,식품제조가공업,전북특별자치도,전북특별자치도 임실군
20000498094,1,1,1,나래식품주식회사,식품제조가공업,전북특별자치도,전북특별자치도 임실군
20000500009,2,2,1,고창영어조합법인,식품제조가공업,전북특별자치도,전북특별자치도 고창군
20000500044,6,6,6,참바다영어조합법인,식품제조가공업,전북특별자치도,전북특별자치도 고창군
20000506637,1,1,1,남선수산,식품제조가공업,전남광주통합특별시,전남광주통합특별시 여수시
20000509628,1,1,1,주식회사 경덕농수산,식품소분업,전남광주통합특별시,전남광주통합특별시 순천시
20000513272,1,1,1,농업회사법인유한회사미등한과,식품제조가공업,전남광주통합특별시,전남광주통합특별시 광양시
20000515104,1,1,1,(주)안복자한과,식품제조가공업,전남광주통합특별시,전남광주통합특별시 담양군
20000520139,3,3,3,농업회사법인 웰니스 주식회사,식품제조가공업,전남광주통합특별시,전남광주통합특별시 화순군
20000527052,1,1,1,(주)미가굴비,식품제조가공업,전남광주통합특별시,전남광주통합특별시 영광군
20000527053,2,2,2,호인영어조합법인,식품제조가공업,전남광주통합특별시,전남광주통합특별시 영광군
20000531002,5,5,5,(주)영진그린(지점),식품제조가공업,전남광주통합특별시,전남광주통합특별시 신안군
20000538275,1,1,1,황남빵,식품제조가공업,경상북도,경상북도 경주시
20000538334,1,1,1,(주)협동식품,식품제조가공업,경상북도,경상북도 경주시
20000538519,1,1,1,다미식품,식품제조가공업,경상북도,경상북도 경주시
20000543425,1,1,1,일월푸디스,식품제조가공업,경상북도,경상북도 안동시
20000548272,1,1,1,진미순대,식품제조가공업,경상북도,경상북도 구미시
20000556258,2,2,2,농업회사법인 (주)농본,식품제조가공업,경상북도,경상북도 상주시
20000558052,1,1,1,천호종합식품,식품제조가공업,경상북도,경상북도 문경시
20000560210,1,1,1,"스위티코리아 주식회사(Sweetie Corea Co., Ltd)",식품제조가공업,경상북도,경상북도 경산시
20000566028,3,3,2,동운상사,식품제조가공업,경상북도,경상북도 영덕군
20000570094,2,1,2,농업회사법인(주)흥신식품,식품제조가공업,경상북도,경상북도 칠곡군
20000573012,1,1,1,대정수산 (주),식품제조가공업,경상북도,경상북도 울진군
20000573081,8,8,8,(주)세왕식품,식품제조가공업,경상북도,경상북도 울진군
20000601452,2,1,1,농업회사 법인 주식회사 상복명과원,식품제조가공업,경상북도,경상북도 경주시
20000606214,1,1,1,사천(부산방향)휴게소-한식전문점,일반음식점,경상남도,경상남도 사천시
20000606219,1,1,1,사천(순천방향)휴게소-한식전문점,일반음식점,경상남도,경상남도 사천시
20000607018,1,1,1,매일식품,식품제조가공업,경상남도,경상남도 김해시
20000607077,3,3,3,(주)합천식품,식품제조가공업,경상남도,경상남도 김해시
20000611016,1,1,1,엠플러스에프엔씨(주),식품제조가공업,경상남도,경상남도 밀양시
20000612039,4,4,4,오뚜기SF(주),식품제조가공업,경상남도,경상남도 거제시
20000614209,7,7,7,(주)대경오앤티,식품제조가공업,경상남도,경상남도 양산시
20000614238,10,10,10,(주)바이오포트코리아,식품제조가공업,경상남도,경상남도 양산시
20000617126,2,2,2,뉴태리푸드,식품제조가공업,경상남도,경상남도 함안군
20000618107,3,3,3,영주식품,식품제조가공업,경상남도,경상남도 창녕군
20000623004,4,4,4,주식회사 본래족발,식품제조가공업,경상남도,경상남도 함양군
20000624069,1,1,1,(주)푸른농산,식품제조가공업,경상남도,경상남도 거창군
20000627527,1,1,1,제주냉동제빙,식품제조가공업,제주특별자치도,제주특별자치도 제주시
20010036218,2,2,2,엠피에스(MPS) 푸드앤쿠키 연구소,식품제조가공업,서울특별시,서울특별시 성동구
20010036671,1,1,1,대구식품,식품제조가공업,서울특별시,서울특별시 성동구
20010053580,16,8,7,(주)올리브,식품제조가공업,서울특별시,서울특별시 강북구
20010070040,4,2,1,(주)킴스패스,식품제조가공업,서울특별시,서울특별시 마포구
20010084746,3,3,3,유성식품,식품제조가공업,서울특별시,서울특별시 금천구
20010095416,4,2,2,리틀파우치,식품제조가공업,경기도,경기도 부천시
20010115930,2,2,2,(주)한농푸드시스템,식품제조가공업,서울특별시,서울특별시 송파구
20010120309,1,1,1,명일제과,식품제조가공업,서울특별시,서울특별시 강동구
20010126409,1,1,1,남성상회,식품제조가공업,부산광역시,부산광역시 중구
20010128053,1,1,1,성해참치,식품제조가공업,부산광역시,부산광역시 서구
20010128288,1,1,1,신성상사,식품제조가공업,부산광역시,부산광역시 서구
20010131120,2,2,2,시오코나식품,식품제조가공업,부산광역시,부산광역시 부산진구
20010144013,2,2,2,(주)동행씨푸드,식품제조가공업,부산광역시,부산광역시 사하구
20010144080,2,2,2,해누리푸드(정진),식품제조가공업,부산광역시,부산광역시 사하구
20010144372,4,4,1,상운식품,식품제조가공업,부산광역시,부산광역시 사하구
20010144530,1,1,1,신현수산(주),식품제조가공업,부산광역시,부산광역시 사하구
20010147710,1,1,1,부곡식품,식품제조가공업,부산광역시,부산광역시 금정구
20010149030,2,2,2,진해물산(주),식품제조가공업,부산광역시,부산광역시 강서구
20010149177,3,3,3,해성코퍼레이션(주),식품제조가공업,부산광역시,부산광역시 강서구
20010149179,2,1,1,(주)전원식품,식품제조가공업,경상남도,경상남도 창원시
20010156159,2,2,2,맛모아식품,식품제조가공업,부산광역시,부산광역시 기장군
20010163591,1,1,1,미주식품,식품제조가공업,대구광역시,대구광역시 서구
20010168163,2,2,1,솔이다은산,식품제조가공업,대구광역시,대구광역시 북구
20010168389,2,2,2,주식회사 정담푸드랩,식품제조가공업,대구광역시,대구광역시 북구
20010175505,1,1,1,무궁화F&C,식품제조가공업,대구광역시,대구광역시 수성구
20010181282,1,1,1,(주)연두,식품제조가공업,대구광역시,대구광역시 달서구
20010190170,1,1,1,대한항공씨앤디서비스 주식회사,식품제조가공업,인천광역시,인천광역시 영종구
20010190177,1,1,1,엘에스지스카이셰프코리아(주),식품제조가공업,인천광역시,인천광역시 영종구
20010193033,20,10,10,집반찬연구소,식품제조가공업,인천광역시,인천광역시 미추홀구
20010197638,3,3,3,농가식품,식품제조가공업,인천광역시,인천광역시 연수구
20010199365,3,3,3,(주)참맛나라,식품제조가공업,인천광역시,인천광역시 남동구
20010199982,2,2,2,뉴-마포식품,식품제조가공업,인천광역시,인천광역시 남동구
20010205803,1,1,1,주식회사보릿골푸드,식품제조가공업,인천광역시,인천광역시 계양구
20010208148,1,1,1,농부마을,식품소분업,인천광역시,인천광역시 검단구
20010212044,1,1,1,백령베델 농업회사법인주식회사,식품제조가공업,인천광역시,인천광역시 옹진군
20010227091,1,1,1,(주)파고다에프에스,식품제조가공업,전남광주통합특별시,전남광주통합특별시 광산구
20010227351,1,1,1,(주)청해진건해산물,식품제조가공업,전남광주통합특별시,전남광주통합특별시 광산구
20010227987,1,1,1,해초식품,식품제조가공업,전남광주통합특별시,전남광주통합특별시 광산구
20010233156,1,1,1,(주)동행베이커리,식품제조가공업,대전광역시,대전광역시 중구
20010242166,2,1,1,가람식품,식품제조가공업,대전광역시,대전광역시 동구
20010242701,1,1,1,천복순대,식품제조가공업,대전광역시,대전광역시 대덕구
20010245638,2,1,1,(주)닥터클로로필,식품제조가공업,울산광역시,울산광역시 울주군
20010247622,1,1,1,(주)바이오홍삼,식품제조가공업,울산광역시,울산광역시 남구
20010247810,6,3,3,주식회사경남제과,식품제조가공업,울산광역시,울산광역시 남구
20010263028,2,1,1,하이얀식품,식품제조가공업,경기도,경기도 수원시
20010263055,6,6,6,주식회사 혜성식품,식품제조가공업,경기도,경기도 수원시
20010275134,1,1,1,김용범박사 키토산,식품제조가공업,경기도,경기도 성남시
20010288005,1,1,1,장터식품,식품제조가공업,경기도,경기도 안양시
20010306231,2,2,2,(주)에스엘에스,식품제조가공업,경기도,경기도 평택시
20010306244,12,12,12,주식회사 화경,식품제조가공업,경기도,경기도 평택시
20010308477,1,1,1,(주)사조오양평택공장,식품제조가공업,경기도,경기도 평택시
20010311059,2,1,1,진영식품,식품제조가공업,경기도,경기도 안산시
20010311141,2,2,2,동서물산(주),식품제조가공업,경기도,경기도 안산시
20010311189,1,1,1,호산제과,식품제조가공업,경기도,경기도 안산시
20010320078,2,2,2,위캔센터,식품제조가공업,경기도,경기도 고양시
20010332447,2,2,2,가메골푸드,식품제조가공업,경기도,경기도 남양주시
20010332551,3,3,3,삼호 농산,식품제조가공업,경기도,경기도 남양주시
20010332734,1,1,1,주식회사 삼흥푸드,식품제조가공업,경기도,경기도 남양주시
20010338336,3,3,3,(주)민푸드시스템,식품제조가공업,경기도,경기도 시흥시
20010347003,2,2,2,(주)신일씨푸드,식품제조가공업,경기도,경기도 용인시
20010347032,1,1,1,민속전통떡,식품제조가공업,경기도,경기도 용인시
20010355614,1,1,1,경보식품,식품제조가공업,경기도,경기도 파주시
20010355874,3,3,3,일일식품,식품제조가공업,경기도,경기도 파주시
20010358208,1,1,1,(주)양지마을,식품제조가공업,경기도,경기도 이천시
20010358273,1,1,1,영농조합법인 단드레한과,식품제조가공업,경기도,경기도 이천시
20010358309,3,3,3,(주)코주부 씨앤에프,식품제조가공업,경기도,경기도 이천시
20010360017,8,8,8,대신농산(주)2공장,식품제조가공업,경기도,경기도 안성시
20010360093,1,1,1,(주)동학식품,식품제조가공업,경기도,경기도 안성시
20010360160,8,8,7,(주)청양식품,식품제조가공업,경기도,경기도 안성시
20010362174,2,2,1,(주)부강식품,식품제조가공업,경기도,경기도 김포시
20010362190,1,1,1,함흥식품,식품제조가공업,경기도,경기도 김포시
20010362514,4,4,4,한울종합식품,식품제조가공업,경기도,경기도 김포시
20010362589,2,2,2,연덕식품,식품제조가공업,경기도,경기도 김포시
20010362609,1,1,1,해담푸드,식품제조가공업,경기도,경기도 김포시
20010362674,3,3,3,경인북부수산업협동조합,식품제조가공업,경기도,경기도 김포시
20010364073,2,2,2,효원식품,식품제조가공업,경기도,경기도 화성시
20010364330,7,7,7,미래식품,식품제조가공업,경기도,경기도 화성시
20010364551,17,17,17,(주)비오팜,식품제조가공업,경기도,경기도 화성시
20010368161,1,1,1,(주)유림식품,식품제조가공업,경기도,경기도 광주시
20010368290,1,1,1,(주)거해수산,식품제조가공업,경기도,경기도 광주시
20010368431,1,1,1,(주)푸드공방,식품제조가공업,경기도,경기도 광주시
20010370155,4,4,4,한영엠에스,식품제조가공업,경기도,경기도 양주시
20010370257,1,1,1,주식회사 맛있는세상,식품제조가공업,경기도,경기도 양주시
20010372343,5,5,4,비에이치푸드케어(주),식품제조가공업,경기도,경기도 포천시
20010372344,6,6,6,(주)진조미식품,식품제조가공업,경기도,경기도 포천시
20010372456,1,1,1,다우리식품,식품제조가공업,경기도,경기도 포천시
20010375241,1,1,1,(자)일심농업회사법인,식품제조가공업,경기도,경기도 여주시
20010375258,1,1,1,주식회사 성공에프앤비,식품제조가공업,경기도,경기도 여주시
20010377092,8,8,8,(주)녹선,식품제조가공업,경기도,경기도 가평군
20010383313,2,1,1,성원식품,식품제조가공업,강원특별자치도,강원특별자치도 원주시
20010383609,1,1,1,문막(하)휴게소한식미담,일반음식점,강원특별자치도,강원특별자치도 원주시
20010383923,6,6,6,코웰식품주식회사,식품제조가공업,강원특별자치도,강원특별자치도 원주시
20010386427,4,4,4,신한성식품,식품제조가공업,강원특별자치도,강원특별자치도 강릉시
20010386588,1,1,1,선미한과,식품제조가공업,강원특별자치도,강원특별자치도 강릉시
20010392036,1,1,1,성진상사주식회사,식품제조가공업,강원특별자치도,강원특별자치도 속초시
20010395066,3,3,3,(주)엔-초이스,식품제조가공업,강원특별자치도,강원특별자치도 횡성군
20010395089,2,2,2,농업회사법인 안흥밀바람푸드주식회사,식품제조가공업,강원특별자치도,강원특별자치도 횡성군
20010399123,6,6,3,주식회사 홍농,식품제조가공업,강원특별자치도,강원특별자치도 철원군
20010404007,1,1,1,일송영농조합법인,식품제조가공업,강원특별자치도,강원특별자치도 양양군
20010404056,2,2,2,하조대농업협동조합,식품제조가공업,강원특별자치도,강원특별자치도 양양군
20010404118,1,1,1,양양오색한과(제2공장),식품제조가공업,강원특별자치도,강원특별자치도 양양군
20010404127,1,1,1,바다수산,식품제조가공업,강원특별자치도,강원특별자치도 양양군
20010415022,1,1,1,가정식품,식품제조가공업,충청북도,충청북도 청주시
20010415034,4,4,4,국제제과(주),식품제조가공업,충청북도,충청북도 청주시
20010415056,3,3,3,나누리식품,식품제조가공업,충청북도,충청북도 청주시
20010415073,1,1,1,수향식품(주),식품제조가공업,충청북도,충청북도 청주시
20010433016,2,2,2,농업회사법인(주)금성농산,식품제조가공업,충청북도,충청북도 충주시
20010435012,4,4,4,들빛식품,식품제조가공업,충청북도,충청북도 제천시
20010435046,6,6,6,(주)풀잎라인,식품제조가공업,충청북도,충청북도 제천시
20010435332,1,1,1,다모아베이커리,식품제조가공업,충청북도,충청북도 제천시
20010435370,3,3,3,박달재김치공장,식품제조가공업,충청북도,충청북도 제천시
20010439098,2,2,1,주식회사 사랑과 사람들(제2공장),식품제조가공업,충청북도,충청북도 보은군
20010440024,2,2,2,주식회사 고려에프앤비,식품제조가공업,충청북도,충청북도 옥천군
20010440137,1,1,1,떡나라,식품제조가공업,충청북도,충청북도 옥천군
20010442068,2,2,2,장뜰영농조합법인,식품제조가공업,충청북도,충청북도 증평군
20010443091,3,3,3,바이럭바이오 주식회사,식품제조가공업,충청북도,충청북도 진천군
20010443204,3,3,3,대원,식품제조가공업,충청북도,충청북도 진천군
20010443218,6,6,6,농업회사법인(주)다올농산푸드,식품제조가공업,충청북도,충청북도 진천군
20010444002,7,7,6,주식회사 시즈너FS,식품제조가공업,충청북도,충청북도 괴산군
20010444052,1,1,1,"운산식품, 옛날예산국수, 당진해나루쌀국수",식품제조가공업,충청북도,충청북도 괴산군
20010444082,2,2,2,눈비산농산 영농조합법인,식품제조가공업,충청북도,충청북도 괴산군
20010445002,16,16,16,엠에스바이오텍(주),식품제조가공업,충청북도,충청북도 음성군
20010445055,27,27,24,(주)오뚜기,식품제조가공업,충청북도,충청북도 음성군
20010445170,7,6,6,주식회사 시아스 음성공장,식품제조가공업,충청북도,충청북도 음성군
20010445242,1,1,1,(주)미담에프엠,식품제조가공업,충청북도,충청북도 음성군
20010449014,12,6,2,(주)태진에프앤에스,식품제조가공업,충청남도,충청남도 천안시
20010449031,2,2,1,대성제과,식품제조가공업,충청남도,충청남도 천안시
20010449040,2,2,2,(주)병천아우내식품,식품제조가공업,충청남도,충청남도 천안시
20010458303,2,2,2,계룡참살이영농조합,식품제조가공업,충청남도,충청남도 공주시
20010463167,1,1,1,서산순대,식품제조가공업,충청남도,충청남도 서산시
20010463354,1,1,1,서산서당골생강한과,식품제조가공업,충청남도,충청남도 서산시
20010464038,2,2,2,주식회사 하이세븐,식품제조가공업,충청남도,충청남도 논산시
20010464393,2,2,1,우리에프에이,식품제조가공업,충청남도,충청남도 논산시
20010464480,4,4,3,성연식품주식회사,식품제조가공업,충청남도,충청남도 논산시
20010467001,2,2,2,주식회사동진제약,식품제조가공업,충청남도,충청남도 금산군
20010467013,1,1,1,금산고려홍삼 주식회사,식품제조가공업,충청남도,충청남도 금산군
20010467116,1,1,1,금산덕원인삼약초영농조합법인,식품제조가공업,충청남도,충청남도 금산군
20010467152,2,2,2,송림제과,식품제조가공업,충청남도,충청남도 금산군
20010467161,4,4,4,(주)하이푸드텍,식품제조가공업,충청남도,충청남도 금산군
20010467228,3,3,3,금산약초인삼영농조합,식품제조가공업,충청남도,충청남도 금산군
20010467239,4,4,4,도담 주식회사,식품제조가공업,충청남도,충청남도 금산군
20010471068,1,1,1,영신식품,식품제조가공업,충청남도,충청남도 서천군
20010471133,1,1,1,해돋이맛김,식품제조가공업,충청남도,충청남도 서천군
20010472006,1,1,1,청양구기자영농조합법인,식품제조가공업,충청남도,충청남도 청양군
20010474035,3,3,3,극동에치팜(주),식품제조가공업,충청남도,충청남도 예산군
20010475040,2,2,2,청정태안식품,식품제조가공업,충청남도,충청남도 태안군
20010475159,2,2,2,포동청년회영농조합법인,식품제조가공업,충청남도,충청남도 태안군
20010478140,1,1,1,전주하나로떡집,식품제조가공업,전북특별자치도,전북특별자치도 전주시
20010485390,1,1,1,군산(무안)휴게소 한식당,일반음식점,전북특별자치도,전북특별자치도 군산시
20010485394,1,1,1,군산(서울)휴게소 한식당,일반음식점,전북특별자치도,전북특별자치도 군산시
20010487984,1,1,1,서동한과,식품제조가공업,전북특별자치도,전북특별자치도 익산시
20010490060,1,1,1,(주)인원식재,식품제조가공업,전북특별자치도,전북특별자치도 정읍시
20010490196,1,1,1,어썸 디저트 플랜트,식품제조가공업,전북특별자치도,전북특별자치도 정읍시
20010493138,3,3,3,지평선씨푸드,식품제조가공업,전북특별자치도,전북특별자치도 김제시
20010493259,5,5,5,농업회사법인(주)세아농산,식품제조가공업,전북특별자치도,전북특별자치도 김제시
20010493358,4,4,4,(주)엄지식품,식품제조가공업,전북특별자치도,전북특별자치도 김제시
20010494093,2,2,2,(유)농업회사법인에녹식품,식품제조가공업,전북특별자치도,전북특별자치도 완주군
20010495009,1,1,1,전북인삼농협 인삼가공공장,식품제조가공업,전북특별자치도,전북특별자치도 진안군
20010495039,1,1,1,농업회사법인 대흥식품 유한회사,식품제조가공업,전북특별자치도,전북특별자치도 진안군
20010498087,4,4,2,주식회사궁중,식품제조가공업,전북특별자치도,전북특별자치도 임실군
20010500152,1,1,1,고창농협 해풍고추가공사업소,식품제조가공업,전북특별자치도,전북특별자치도 고창군
20010501044,3,3,2,삼해상사(주)부안2공장,식품제조가공업,전북특별자치도,전북특별자치도 부안군
20010501245,2,2,2,코러스영어조합법인,식품제조가공업,전북특별자치도,전북특별자치도 부안군
20010503150,2,2,2,선일물산(주),식품제조가공업,전남광주통합특별시,전남광주통합특별시 목포시
20010503457,1,1,1,다도해물산,식품제조가공업,전남광주통합특별시,전남광주통합특별시 목포시
20010503614,1,1,1,(주)향아식품,식품제조가공업,전남광주통합특별시,전남광주통합특별시 목포시
20010506521,4,4,4,올팩코리아앤푸드(주),식품제조가공업,전남광주통합특별시,전남광주통합특별시 여수시
20010506674,1,1,1,(주)아라식품,식품제조가공업,전남광주통합특별시,전남광주통합특별시 여수시
20010507137,2,2,2,성원물산,식품제조가공업,전남광주통합특별시,전남광주통합특별시 여수시
20010512058,2,2,2,영산홍어(주),식품제조가공업,전남광주통합특별시,전남광주통합특별시 나주시
20010512218,1,1,1,(주)다소식품,식품소분업,전남광주통합특별시,전남광주통합특별시 나주시
20010515081,24,24,23,(주)자연과사람들,식품제조가공업,전남광주통합특별시,전남광주통합특별시 담양군
20010515089,1,1,1,세아식품,식품제조가공업,전남광주통합특별시,전남광주통합특별시 담양군
20010520192,1,1,1,주식회사 만년식품,식품제조가공업,전남광주통합특별시,전남광주통합특별시 화순군
20010529013,1,1,1,완도농업협동조합,식품제조가공업,전남광주통합특별시,전남광주통합특별시 완도군
20010538151,1,1,1,주)그린케어 차서레시피,식품제조가공업,경상북도,경상북도 경주시
20010538182,14,14,12,주식회사미정,식품제조가공업,경상북도,경상북도 경주시
20010543966,1,1,1,안동명가 고추가루,식품제조가공업,경상북도,경상북도 안동시
20010548060,1,1,1,신라당베이커리,식품제조가공업,경상북도,경상북도 구미시
20010549541,5,5,5,(주)농심,식품제조가공업,경상북도,경상북도 구미시
20010558007,1,1,1,농업회사법인 싱그람주식회사,식품제조가공업,경상북도,경상북도 문경시
20010560027,1,1,1,무림농산,식품제조가공업,경상북도,경상북도 경산시
20010563046,1,1,1,의성농산영농조합법인,식품제조가공업,경상북도,경상북도 의성군
20010565008,1,1,1,주식회사다산식품,식품제조가공업,경상북도,경상북도 영양군
20010565028,1,1,1,영양고추생산유통영농조합법인,식품제조가공업,경상북도,경상북도 영양군
20010568120,4,4,4,농업회사법인 광동종합식품(주),식품제조가공업,경상북도,경상북도 고령군
20010595430,1,1,1,재단법인수정성모트라피스트수녀원,식품제조가공업,경상남도,경상남도 창원시
20010601039,1,1,1,(주)한일식품,식품제조가공업,경상남도,경상남도 진주시
20010604552,2,2,2,제일씨푸드,식품제조가공업,경상남도,경상남도 통영시
20010608364,1,1,1,태양식품,식품제조가공업,경상남도,경상남도 김해시
20010611009,1,1,1,농업회사법인(주)강림오가닉,식품제조가공업,경상남도,경상남도 밀양시
20010614065,2,2,1,양산맛김치,식품제조가공업,경상남도,경상남도 양산시
20010621045,1,1,1,하동재첩마을,식품제조가공업,경상남도,경상남도 하동군
20010624087,3,3,3,(주)두레방식품,식품제조가공업,경상남도,경상남도 거창군
20010624112,6,6,6,대상(주)거창공장,식품제조가공업,경상남도,경상남도 거창군
20010625041,1,1,1,(주)제일종합식품,식품제조가공업,경상남도,경상남도 합천군
20010627048,1,1,1,금하순대,식품제조가공업,제주특별자치도,제주특별자치도 제주시
20010631040,4,4,4,제주특별자치도개발공사,식품제조가공업,제주특별자치도,제주특별자치도 서귀포시
20010631051,2,2,2,(주)제주오렌지,식품제조가공업,제주특별자치도,제주특별자치도 서귀포시
20010631102,1,1,1,농업회사법인 (주)오설록농장 한남공장,식품제조가공업,제주특별자치도,제주특별자치도 서귀포시
20020029008,1,1,1,장흥식품,식품제조가공업,서울특별시,서울특별시 중구
20020029021,1,1,1,부흥식품,식품제조가공업,서울특별시,서울특별시 중구
20020029041,1,1,1,신내상회,식품제조가공업,서울특별시,서울특별시 중구
20020036115,2,2,2,(주)카파니씨,식품제조가공업,서울특별시,서울특별시 성동구
20020056015,1,1,1,웅순네김치,식품제조가공업,서울특별시,서울특별시 도봉구
20020059970,1,1,1,롯데쇼핑(주)롯데마트 중계점,기타식품판매업,서울특별시,서울특별시 노원구
20020066616,2,1,1,다솜도시락,식품제조가공업,서울특별시,서울특별시 서대문구
20020084164,4,1,1,대신엠엔에프(주),식품제조가공업,서울특별시,서울특별시 금천구
20020084468,2,2,2,(주)호가푸드시스템,식품제조가공업,서울특별시,서울특별시 금천구
20020086126,4,2,2,좋은날,식품제조가공업,서울특별시,서울특별시 영등포구
20020086804,2,1,1,두레건강마을,식품제조가공업,서울특별시,서울특별시 영등포구
20020114119,4,2,2,(주)청정화푸드,식품제조가공업,서울특별시,서울특별시 송파구
20020115104,3,3,3,국제해양수산(주),식품제조가공업,서울특별시,서울특별시 송파구
20020128020,5,5,5,(주)남궁TUNA,식품제조가공업,부산광역시,부산광역시 서구
20020131545,2,2,2,(주)진생식품,식품제조가공업,부산광역시,부산광역시 부산진구
20020131623,1,1,1,당가장식품,식품제조가공업,부산광역시,부산광역시 부산진구
20020144113,1,1,1,호성참치,식품제조가공업,부산광역시,부산광역시 사하구
20020144117,2,2,2,그린씨푸드,식품제조가공업,부산광역시,부산광역시 사하구
20020144402,4,4,4,현이푸드주식회사,식품제조가공업,부산광역시,부산광역시 사하구
20020144600,2,1,1,한나씨푸드 주식회사,식품제조가공업,부산광역시,부산광역시 서구
20020149059,6,6,6,농산식품,식품제조가공업,부산광역시,부산광역시 강서구
20020149063,4,4,4,신아푸드,식품제조가공업,부산광역시,부산광역시 강서구
20020156119,2,1,1,산촌식품,식품제조가공업,울산광역시,울산광역시 울주군
20020163450,2,1,1,비알코리아(주)대구생산점,식품제조가공업,대구광역시,대구광역시 서구
20020163491,2,2,2,영빈제과,식품제조가공업,대구광역시,대구광역시 서구
20020168278,3,3,1,스낵코리아,식품제조가공업,대구광역시,대구광역시 북구
20020168464,4,2,2,부림해물손수제비,식품제조가공업,대구광역시,대구광역시 북구
20020168545,2,2,2,(주)바다마을,식품제조가공업,대구광역시,대구광역시 북구
20020181998,10,10,8,명동종합식품,식품제조가공업,대구광역시,대구광역시 달서구
20020183282,21,21,19,(주)푸드웰,식품제조가공업,대구광역시,대구광역시 달서구
20020188270,3,3,3,(주)달구지푸드,식품제조가공업,대구광역시,대구광역시 달성군
20020199089,4,4,2,일미식품,식품제조가공업,인천광역시,인천광역시 남동구
20020199104,3,3,3,명가식품,식품제조가공업,인천광역시,인천광역시 남동구
20020199241,1,1,1,건영식품,식품제조가공업,인천광역시,인천광역시 남동구
20020199754,4,2,2,(주)앤에스푸드지점,식품제조가공업,인천광역시,인천광역시 제물포구
20020202344,6,6,5,대진농산,식품제조가공업,인천광역시,인천광역시 부평구
20020202943,2,1,1,고향식품,식품제조가공업,인천광역시,인천광역시 서해구
20020203258,2,2,2,백송식품,식품제조가공업,인천광역시,인천광역시 부평구
20020205156,1,1,1,(주)진성종합식품,식품제조가공업,인천광역시,인천광역시 계양구
20020208044,2,2,2,영성식품,식품제조가공업,인천광역시,인천광역시 서해구
20020211052,2,2,2,(주)태경물산,식품제조가공업,인천광역시,인천광역시 강화군
20020211069,6,6,6,대상참푸드 주식회사,식품제조가공업,인천광역시,인천광역시 강화군
20020211087,4,4,4,강화섬김치,식품제조가공업,인천광역시,인천광역시 강화군
20020221592,3,3,3,롯데광주CK 주식회사,식품제조가공업,전남광주통합특별시,전남광주통합특별시 북구
20020233914,4,2,2,농업회사법인다모아식품(주),식품제조가공업,대전광역시,대전광역시 중구
20020233931,1,1,1,삼성떡집,식품제조가공업,대전광역시,대전광역시 중구
20020236282,2,2,2,고향식품,식품제조가공업,대전광역시,대전광역시 서구
20020236956,1,1,1,(주)예주식품,식품제조가공업,대전광역시,대전광역시 서구
20020242129,1,1,1,오복식품,식품제조가공업,대전광역시,대전광역시 대덕구
20020242397,1,1,1,양반떡집,식품제조가공업,대전광역시,대전광역시 대덕구
20020242489,5,5,5,농민식품,식품제조가공업,대전광역시,대전광역시 대덕구
20020245271,1,1,1,(주)태능푸드시스템,식품제조가공업,울산광역시,울산광역시 중구
20020248096,1,1,1,다미푸드시스템,식품제조가공업,울산광역시,울산광역시 남구
20020248188,2,1,1,경남식품,식품제조가공업,울산광역시,울산광역시 남구
20020257030,4,4,4,월드웨이(주),식품제조가공업,세종특별자치시,세종특별자치시
20020257167,7,7,7,삼양스퀘어밀 주식회사,식품제조가공업,세종특별자치시,세종특별자치시
20020257169,3,3,3,(주)킴스에프엔디,식품제조가공업,세종특별자치시,세종특별자치시
20020263026,1,1,1,(주)한양푸드시스템,식품제조가공업,경기도,경기도 수원시
20020263060,2,1,1,(주)소스플러스,식품제조가공업,충청북도,충청북도 진천군
20020275008,6,3,3,(주)동우 씨엔에프,식품제조가공업,경기도,경기도 성남시
20020275142,2,1,1,죽마을식품,식품제조가공업,경기도,경기도 성남시
20020275163,2,2,2,(주)아워홈(서울영업소),식품제조가공업,경기도,경기도 성남시
20020294196,2,2,2,이랑 농업회사법인주식회사,식품제조가공업,경기도,경기도 부천시
20020294224,1,1,1,(주)하늘사랑,식품제조가공업,경기도,경기도 부천시
20020308293,3,3,3,농업회사법인(주)우리식품,식품제조가공업,경기도,경기도 평택시
20020311015,1,1,1,주식회사 한영에프앤디,식품제조가공업,경기도,경기도 안산시
20020320009,1,1,1,제이더블유에스(주),식품제조가공업,경기도,경기도 고양시
20020332029,7,7,7,태영식품 1공장,식품제조가공업,경기도,경기도 남양주시
20020332078,2,2,1,브니엘식품,식품제조가공업,경기도,경기도 남양주시
20020332788,4,4,4,(주)베지푸드,식품제조가공업,경기도,경기도 남양주시
20020336335,6,6,3,한들주식회사,식품제조가공업,경기도,경기도 오산시
20020336425,6,4,4,(주)신세계푸드오산공장,식품제조가공업,경기도,경기도 오산시
20020344326,3,3,3,(주)고을,식품제조가공업,경기도,경기도 의왕시
20020347031,2,2,2,(주)대원물산,식품제조가공업,경기도,경기도 용인시
20020347037,2,1,1,주식회사동양아이스,식품제조가공업,경기도,경기도 용인시
20020347047,1,1,1,한양식품,식품제조가공업,경기도,경기도 용인시
20020347096,1,1,1,민속떡방앗간,식품제조가공업,경기도,경기도 용인시
20020347127,9,9,7,(주)네이처앤컬처,식품제조가공업,경기도,경기도 용인시
20020347152,1,1,1,진영식품제2공장,식품제조가공업,경기도,경기도 용인시
20020355005,1,1,1,조선국수,식품제조가공업,경기도,경기도 파주시
20020355141,2,1,1,마늘빵집,식품제조가공업,경기도,경기도 파주시
20020355481,5,5,5,(주)옥천식품 제2공장,식품제조가공업,경기도,경기도 파주시
20020355600,4,2,2,건일식품,식품제조가공업,경기도,경기도 파주시
20020358082,1,1,1,영주식품,식품제조가공업,경기도,경기도 이천시
20020360008,2,2,1,진웅식품,식품제조가공업,경기도,경기도 안성시
20020360275,4,2,4,농업회사법인 손맛 주식회사,식품제조가공업,경기도,경기도 안성시
20020360290,1,1,1,(주)디핀다트코리아,식품제조가공업,경기도,경기도 안성시
20020362254,1,1,1,(주)한울타리식품,식품제조가공업,경기도,경기도 김포시
20020362650,1,1,1,솔잎식품,식품제조가공업,경기도,경기도 김포시
20020364027,1,1,1,우영식품,식품제조가공업,경기도,경기도 화성시
20020364102,2,2,2,유로베이커리,식품제조가공업,경기도,경기도 화성시
20020364221,1,1,1,성도식품,식품제조가공업,경기도,경기도 화성시
20020364340,4,4,4,영애드에프아이,식품제조가공업,경기도,경기도 화성시
20020364469,1,1,1,성포식품,식품제조가공업,경기도,경기도 화성시
20020364593,2,2,2,참좋은식품 주식회사,식품제조가공업,경기도,경기도 화성시
20020368202,2,2,2,(주)화인푸드,식품제조가공업,경기도,경기도 광주시
20020368305,4,4,4,(주)알뜰에프앤지 2공장,식품제조가공업,경기도,경기도 광주시
20020368316,1,1,1,(주)진어전가마보꼬,식품제조가공업,경기도,경기도 광주시
20020368481,8,8,8,(주)대호식품,식품제조가공업,경기도,경기도 광주시
20020370016,3,3,2,씨원푸드,식품제조가공업,경기도,경기도 양주시
20020370019,1,1,1,(주)대양식품,식품소분업,경기도,경기도 양주시
20020370131,1,1,1,성진식품,식품제조가공업,경기도,경기도 양주시
20020370161,3,3,1,태화식품,식품제조가공업,경기도,경기도 양주시
20020372103,2,2,2,(주)제일푸드,식품제조가공업,경기도,경기도 포천시
20020372117,2,2,1,한울제과,식품제조가공업,경기도,경기도 포천시
20020372198,3,3,3,세복식품,식품제조가공업,경기도,경기도 포천시
20020372346,3,3,3,(주)서초,식품제조가공업,경기도,경기도 포천시
20020372399,1,1,1,(주)하나식품,식품제조가공업,경기도,경기도 포천시
20020375204,1,1,1,후드롤,식품제조가공업,경기도,경기도 여주시
20020377005,1,1,1,대성수유통,식품제조가공업,경기도,경기도 가평군
20020380394,1,1,1,재헌식품,식품제조가공업,강원특별자치도,강원특별자치도 춘천시
20020380481,6,6,6,(주)뽀뽀뜨,식품제조가공업,강원특별자치도,강원특별자치도 춘천시
20020380880,7,7,7,(주)팜크로스,식품제조가공업,강원특별자치도,강원특별자치도 춘천시
20020383603,7,7,7,(주)팜텍코리아,식품제조가공업,강원특별자치도,강원특별자치도 원주시
20020383685,4,4,4,(주)파리크라상,식품제조가공업,강원특별자치도,강원특별자치도 원주시
20020386188,1,1,1,"(주)나이스디앤에스 강릉(인천방향)휴게소 샘밭막국수,우동,라면",일반음식점,강원특별자치도,강원특별자치도 강릉시
20020386196,1,1,1,(주)나이스디앤에스강릉(강릉방향)휴게소 한식·제순식당,일반음식점,강원특별자치도,강원특별자치도 강릉시
20020386248,1,1,1,귀빈한과,식품제조가공업,강원특별자치도,강원특별자치도 강릉시
20020389191,1,1,1,아바이식품,식품제조가공업,강원특별자치도,강원특별자치도 동해시
20020389431,3,3,3,농업회사법인(주)락천식품,식품제조가공업,강원특별자치도,강원특별자치도 동해시
20020392437,2,2,2,동화푸드,식품제조가공업,강원특별자치도,강원특별자치도 속초시
20020394034,1,1,1,홍천순대,식품제조가공업,강원특별자치도,강원특별자치도 홍천군
20020395093,1,1,1,안흥식품,식품제조가공업,강원특별자치도,강원특별자치도 횡성군
20020396003,7,7,4,농업회사법인주식회사대가식품,식품제조가공업,강원특별자치도,강원특별자치도 영월군
20020397002,5,5,5,(주)만나면,식품제조가공업,강원특별자치도,강원특별자치도 평창군
20020398027,3,3,3,정선아라리한과농원 영농조합법인,식품제조가공업,강원특별자치도,강원특별자치도 정선군
20020398048,3,3,3,정선아라리전통식품,식품제조가공업,강원특별자치도,강원특별자치도 정선군
20020400043,3,3,3,농업회사법인 주식회사 봄내,식품제조가공업,강원특별자치도,강원특별자치도 화천군
20020402016,2,1,1,씨에스푸드 주식회사,식품제조가공업,강원특별자치도,강원특별자치도 인제군
20020402102,2,2,2,농업회사법인 산채만 주식회사,식품제조가공업,강원특별자치도,강원특별자치도 인제군
20020403012,1,1,1,주식회사 청해에스엔디,식품제조가공업,강원특별자치도,강원특별자치도 고성군
20020415029,21,21,19,(주)엄마사랑,식품제조가공업,충청북도,충청북도 청주시
20020433052,1,1,1,덕산농산(주),식품제조가공업,충청북도,충청북도 충주시
20020433176,1,1,1,주식회사 정광흠용,식품제조가공업,충청북도,충청북도 충주시
20020433431,2,2,1,흥덕식품,식품제조가공업,충청북도,충청북도 충주시
20020433584,1,1,1,농업회사법인주식회사항아골,식품제조가공업,충청북도,충청북도 충주시
20020433610,1,1,1,충주휴게소 한식(상행),일반음식점,충청북도,충청북도 충주시
20020433622,1,1,1,(주)인앤아웃충주(창원)휴게소양식,일반음식점,충청북도,충청북도 충주시
20020435074,1,1,1,(주)제일푸드원,식품제조가공업,충청북도,충청북도 제천시
20020440080,1,1,1,농업회사법인 주식회사 옥천향수푸드,식품제조가공업,충청북도,충청북도 옥천군
20020441047,2,2,2,(주)제월당,식품제조가공업,충청북도,충청북도 영동군
20020443185,3,3,3,엔에프티,식품제조가공업,충청북도,충청북도 진천군
20020445002,12,12,12,인성제약(주)식품사업부,식품제조가공업,충청북도,충청북도 음성군
20020445081,1,1,1,하이디(주),식품제조가공업,충청북도,충청북도 음성군
20020445101,2,2,2,리리식품,식품제조가공업,충청북도,충청북도 음성군
20020445102,6,6,5,(주)제이에스푸드,식품제조가공업,충청북도,충청북도 음성군
20020445130,7,7,5,(주)다미푸드텍,식품제조가공업,충청북도,충청북도 음성군
20020445146,2,2,2,(주)원우,식품제조가공업,충청북도,충청북도 음성군
20020445161,5,5,5,스포츠바이오텍,식품제조가공업,충청북도,충청북도 음성군
20020445181,14,14,14,(주)세움바이오텍,식품제조가공업,충청북도,충청북도 음성군
20020449010,6,6,6,(주) 무진,식품제조가공업,충청남도,충청남도 천안시
20020449019,5,5,5,남양유업주식회사 천안신공장,식품제조가공업,충청남도,충청남도 천안시
20020449033,2,2,2,농업회사법인(주)에스비케이,식품제조가공업,충청남도,충청남도 천안시
20020459095,2,2,2,(주)동양수산,식품제조가공업,충청남도,충청남도 보령시
20020461073,52,52,44,(주)동원홈푸드,식품제조가공업,충청남도,충청남도 아산시
20020461121,2,2,2,맛나,식품제조가공업,충청남도,충청남도 아산시
20020461222,1,1,1,DK냉동식품(주),식품제조가공업,충청남도,충청남도 아산시
20020461444,5,5,5,데코리아제과(주),식품제조가공업,충청남도,충청남도 아산시
20020463087,1,1,1,서령떡방식품,식품제조가공업,충청남도,충청남도 서산시
20020463253,1,1,1,서산민속생강한과,식품제조가공업,충청남도,충청남도 서산시
20020463275,2,2,2,김순주 생강한과,식품제조가공업,충청남도,충청남도 서산시
20020463332,1,1,1,해미진한과,식품제조가공업,충청남도,충청남도 서산시
20020464088,14,14,14,씨제이제일제당(주),식품제조가공업,충청남도,충청남도 논산시
20020467127,1,1,1,(주)금풍제과,식품제조가공업,충청남도,충청남도 금산군
20020467215,5,5,5,농업회사법인 주식회사 한국삼,식품제조가공업,충청남도,충청남도 금산군
20020467218,1,1,1,벧엘기업,식품제조가공업,충청남도,충청남도 금산군
20020467226,5,5,5,금산홍삼랜드,식품제조가공업,충청남도,충청남도 금산군
20020467261,4,4,4,(주)양생당,식품제조가공업,충청남도,충청남도 금산군
20020467311,1,1,1,금산88홍삼,식품제조가공업,충청남도,충청남도 금산군
20020471294,1,1,1,서천맛김,식품제조가공업,충청남도,충청남도 서천군
20020472004,1,1,1,칠갑산어머니한과영농조합법인,식품제조가공업,충청남도,충청남도 청양군
20020474055,3,3,3,(주)로만,식품제조가공업,충청남도,충청남도 예산군
20020478296,2,2,2,유한회사맛디자인,식품제조가공업,전북특별자치도,전북특별자치도 전주시
20020481187,1,1,1,미광식품,식품제조가공업,전북특별자치도,전북특별자치도 전주시
20020481725,2,1,1,덕진유과,식품제조가공업,전북특별자치도,전북특별자치도 전주시
20020484580,3,3,3,군산시수산업협동조합군납사업팀,식품제조가공업,전북특별자치도,전북특별자치도 군산시
20020484727,2,2,2,스포맥스,식품제조가공업,전북특별자치도,전북특별자치도 군산시
20020484838,5,5,5,서주푸드(주)5공장,식품제조가공업,전북특별자치도,전북특별자치도 군산시
20020487091,2,2,1,주)다고내푸드,식품제조가공업,전북특별자치도,전북특별자치도 익산시
20020490063,1,1,1,영농조합법인내장산한과,식품제조가공업,전북특별자치도,전북특별자치도 정읍시
20020492106,12,9,9,주식회사 한국음료,식품제조가공업,전북특별자치도,전북특별자치도 남원시
20020493314,2,2,2,(주)참고을,식품제조가공업,전북특별자치도,전북특별자치도 김제시
20020494130,4,4,4,(유)강남식품,식품제조가공업,전북특별자치도,전북특별자치도 완주군
20020494201,3,3,3,영농조합법인완주봉상생강조합,식품제조가공업,전북특별자치도,전북특별자치도 완주군
20020496004,2,2,2,무주덕유산반딧골영농조합법인,식품제조가공업,전북특별자치도,전북특별자치도 무주군
20020496034,1,1,1,평원농원,식품제조가공업,전북특별자치도,전북특별자치도 무주군
20020498025,3,3,3,임실샘고을영농조합법인,식품제조가공업,전북특별자치도,전북특별자치도 임실군
20020498057,1,1,1,녹미원식품영농조합법인,식품제조가공업,전북특별자치도,전북특별자치도 임실군
20020499012,2,2,2,성가정종합식품 (주),식품제조가공업,전북특별자치도,전북특별자치도 순창군
20020503054,2,2,2,(주)명가푸드에프앤씨,식품제조가공업,전남광주통합특별시,전남광주통합특별시 목포시
20020503571,1,1,1,롯데쇼핑(주)롯데마트맥스목포점,기타식품판매업,전남광주통합특별시,전남광주통합특별시 목포시
20020506512,2,2,2,(주)금호통상여수지점,식품제조가공업,전남광주통합특별시,전남광주통합특별시 여수시
20020506689,3,2,3,한라물산,식품제조가공업,전남광주통합특별시,전남광주통합특별시 여수시
20020512133,2,2,2,해송식품 유한회사,식품제조가공업,전남광주통합특별시,전남광주통합특별시 나주시
20020512164,2,2,2,(주)예다손 나주공장,식품제조가공업,전남광주통합특별시,전남광주통합특별시 나주시
20020513267,2,2,2,다압매율영농조합법인,식품제조가공업,전남광주통합특별시,전남광주통합특별시 광양시
20020515060,3,3,3,(주)한국식품,식품제조가공업,전남광주통합특별시,전남광주통합특별시 담양군
20020518142,4,4,4,한성푸드영농조합법인,식품제조가공업,전남광주통합특별시,전남광주통합특별시 고흥군
20020524005,5,5,5,농업회사법인(주)왕인식품,식품제조가공업,전남광주통합특별시,전남광주통합특별시 영암군
20020525054,1,1,1,삼진식품(주),식품제조가공업,전남광주통합특별시,전남광주통합특별시 무안군
20020527129,1,1,1,연수식품,식품제조가공업,전남광주통합특별시,전남광주통합특별시 영광군
20020529103,1,1,1,성원물산,식품제조가공업,전남광주통합특별시,전남광주통합특별시 완도군
20020538708,4,4,4,주식회사 옥종합식품,식품제조가공업,경상북도,경상북도 경주시
20020543049,4,4,4,(주)류충현약용버섯,식품제조가공업,경상북도,경상북도 안동시
20020554005,1,1,1,풍기인삼농협,식품제조가공업,경상북도,경상북도 영주시
20020554198,3,3,3,풍기고려삼농업회사법인(주),식품제조가공업,경상북도,경상북도 영주시
20020554212,2,2,2,풍기인삼가공원,식품제조가공업,경상북도,경상북도 영주시
20020554251,2,2,2,영농조합법인풍기정품인삼제조창,식품제조가공업,경상북도,경상북도 영주시
20020554306,2,2,2,영농조합법인풍기토종홍삼조합,식품제조가공업,경상북도,경상북도 영주시
20020556292,2,2,2,신의터농원,식품제조가공업,경상북도,경상북도 상주시
20020558005,1,1,1,(주)두메식품,식품제조가공업,경상북도,경상북도 문경시
20020560352,2,2,2,해뜨락주식회사,식품제조가공업,경상북도,경상북도 경산시
20020560450,7,7,4,주식회사 정성푸드,식품제조가공업,경상북도,경상북도 경산시
20020565015,1,1,1,농업회사법인 주식회사 영양명가식품,식품제조가공업,경상북도,경상북도 영양군
20020566055,2,2,1,햅쌀로 만든 시골한과,식품제조가공업,경상북도,경상북도 영덕군
20020568012,2,2,2,(주)진푸드,식품제조가공업,경상북도,경상북도 고령군
20020568029,1,1,1,경주빵 몽도레,식품제조가공업,경상북도,경상북도 고령군
20020570168,6,3,3,데미샘,식품제조가공업,경상북도,경상북도 김천시
20020589249,6,3,3,남경식품(참그린김치),식품제조가공업,경상남도,경상남도 창원시
20020601010,1,1,1,남강식품(주),식품제조가공업,경상남도,경상남도 진주시
20020601260,7,7,7,아미코젠(주)문산제2공장,식품제조가공업,경상남도,경상남도 진주시
20020601802,2,1,1,아이리치베이커리,식품제조가공업,경상남도,경상남도 진주시
20020607125,1,1,1,푸드벨,식품제조가공업,경상남도,경상남도 김해시
20020607625,1,1,1,영동제과,식품제조가공업,경상남도,경상남도 김해시
20020607788,1,1,1,(주)나이스푸드,식품제조가공업,경상남도,경상남도 김해시
20020608005,1,1,1,미광식품,식품제조가공업,경상남도,경상남도 김해시
20020608149,4,4,4,인덕식품,식품제조가공업,경상남도,경상남도 김해시
20020608182,7,7,7,(주)대동농원,식품제조가공업,경상남도,경상남도 김해시
20020612459,9,9,9,거제사슴영농조합법인,식품제조가공업,경상남도,경상남도 거제시
20020614134,3,3,3,주식회사범아식품,식품제조가공업,경상남도,경상남도 양산시
20020614179,20,19,19,(주)아워홈,식품제조가공업,경상남도,경상남도 양산시
20020614263,2,2,2,(주)동화식품,식품제조가공업,경상남도,경상남도 양산시
20020618155,2,2,2,(주)산마을,식품제조가공업,경상남도,경상남도 창녕군
20020618178,2,2,2,뉴푸드(주),식품제조가공업,경상남도,경상남도 창녕군
20020623009,6,6,6,퓨어플러스(주),식품제조가공업,경상남도,경상남도 함양군
20020627301,1,1,1,영농조합법인 무궁무진,식품제조가공업,제주특별자치도,제주특별자치도 제주시
20020627581,1,1,1,(주)제주아침,식품제조가공업,제주특별자치도,제주특별자치도 제주시
20020627908,2,2,2,영어조합법인탐라바당,식품제조가공업,제주특별자치도,제주특별자치도 제주시
20020628103,1,1,1,(주)내도푸드세상,식품제조가공업,제주특별자치도,제주특별자치도 제주시
20020628326,1,1,1,전원식품,식품제조가공업,제주특별자치도,제주특별자치도 제주시
20020631204,3,3,3,제주영주수산 영어조합법인,식품제조가공업,제주특별자치도,제주특별자치도 서귀포시
20030015236,3,3,3,㈜우리술,식품제조가공업(주류),경기도,경기도 가평군
20030051017,1,1,1,(주)현대그린푸드,위탁급식영업,서울특별시,서울특별시 성북구
20030053361,2,2,2,청옥김치,식품제조가공업,서울특별시,서울특별시 강북구
20030053449,1,1,1,맛골,식품제조가공업,서울특별시,서울특별시 강북구
20030056858,2,1,1,푸드라인,식품제조가공업,경기도,경기도 포천시
20030059417,2,2,2,나래식품,식품제조가공업,서울특별시,서울특별시 노원구
20030070110,1,1,1,이조케터링 서부지원,위탁급식영업,서울특별시,서울특별시 마포구
20030073923,1,1,1,(주)현대그린푸드 현대백화점목동점,위탁급식영업,서울특별시,서울특별시 양천구
20030076114,8,4,4,(주)블루에프앤비,식품제조가공업,경기도,경기도 김포시
20030094482,8,4,4,주식회사 풍전,식품제조가공업,인천광역시,인천광역시 남동구
20030115721,2,1,1,상림식품,식품제조가공업,서울특별시,서울특별시 송파구
20030121485,4,2,2,브랑즈리,식품제조가공업,경기도,경기도 남양주시
20030128361,1,1,1,삼양씨푸드주식회사,식품제조가공업,부산광역시,부산광역시 서구
20030130064,1,1,1,송강에프엔비(F&B),식품제조가공업,부산광역시,부산광역시 영도구
20030131019,1,1,1,거평컴퍼니,식품제조가공업,부산광역시,부산광역시 부산진구
20030131230,1,1,1,부전김치,식품제조가공업,부산광역시,부산광역시 부산진구
20030131383,4,4,4,주식회사 나누리식품,식품제조가공업,부산광역시,부산광역시 부산진구
20030131803,4,4,4,이가네 제일식품,식품제조가공업,부산광역시,부산광역시 부산진구
20030141260,6,3,3,한빛식품,식품제조가공업,부산광역시,부산광역시 해운대구
20030144059,2,2,2,성호물산,식품제조가공업,부산광역시,부산광역시 사하구
20030144209,10,5,5,(주)씨박스메이드,식품제조가공업,부산광역시,부산광역시 사하구
20030144320,8,4,2,동아푸드주식회사,식품제조가공업,부산광역시,부산광역시 서구
20030144376,1,1,1,풍조식품,식품제조가공업,부산광역시,부산광역시 사하구
20030144380,2,2,1,조은식품,식품제조가공업,부산광역시,부산광역시 사하구
20030144410,1,1,1,한영식품,식품제조가공업,부산광역시,부산광역시 사하구
20030144493,2,2,2,주식회사 동원해사랑,식품제조가공업,부산광역시,부산광역시 사하구
20030149043,1,1,1,(주)젤텍,식품제조가공업,부산광역시,부산광역시 강서구
20030149214,5,5,5,(주)녹채원,식품제조가공업,부산광역시,부산광역시 강서구
20030154525,1,1,1,오대양식품,식품제조가공업,부산광역시,부산광역시 사상구
20030156172,3,3,3,(주)석하,식품제조가공업,부산광역시,부산광역시 기장군
20030158309,1,1,1,일미전통유과,식품제조가공업,대구광역시,대구광역시 중구
20030160261,1,1,1,부건식품(JEON TONG FOOD),식품제조가공업,대구광역시,대구광역시 동구
20030166102,2,1,1,햇살푸드,식품제조가공업,대구광역시,대구광역시 달서구
20030181357,3,3,2,주식회사 삼립 대구공장,식품제조가공업,대구광역시,대구광역시 달서구
20030182220,2,1,1,(주)하늘단 성서지점,식품제조가공업,대구광역시,대구광역시 달서구
20030182270,1,1,1,유정종합식품,식품제조가공업,대구광역시,대구광역시 달서구
20030188029,2,2,2,태영식품,식품제조가공업,대구광역시,대구광역시 달성군
20030188242,1,1,1,대빵식품,식품제조가공업,대구광역시,대구광역시 달성군
20030188302,2,2,1,은성푸드시스템,식품제조가공업,대구광역시,대구광역시 달성군
20030188316,1,1,1,가창종합식품,식품제조가공업,대구광역시,대구광역시 달성군
20030192286,1,1,1,삼화제분(주),식품제조가공업,인천광역시,인천광역시 제물포구
20030193393,1,1,1,일월식품,식품제조가공업,인천광역시,인천광역시 미추홀구
20030193633,2,1,1,민속떡마을,식품제조가공업,인천광역시,인천광역시 서해구
20030197421,1,1,1,청량제과,식품제조가공업,인천광역시,인천광역시 연수구
20030199199,1,1,1,주식회사 디딤이앤에프,식품제조가공업,인천광역시,인천광역시 남동구
20030199414,3,3,3,현대식품,식품제조가공업,인천광역시,인천광역시 남동구
20030199866,2,2,2,믿음식품,식품제조가공업,인천광역시,인천광역시 남동구
20030202051,2,2,2,이정 주식회사,식품제조가공업,인천광역시,인천광역시 부평구
20030202227,1,1,1,주식회사토부리,식품제조가공업,인천광역시,인천광역시 부평구
20030202392,1,1,1,푸디안,식품제조가공업,인천광역시,인천광역시 부평구
20030208024,1,1,1,(주)미트뱅크,식품제조가공업,인천광역시,인천광역시 검단구
20030208298,1,1,1,영남식품,식품제조가공업,인천광역시,인천광역시 검단구
20030208458,2,2,2,농업회사법인유한회사 별미식품,식품제조가공업,인천광역시,인천광역시 검단구
20030208630,5,5,5,(주)우리찬,식품제조가공업,인천광역시,인천광역시 서해구
20030211095,1,1,1,(주)케이지에프앤비,식품제조가공업,인천광역시,인천광역시 강화군
20030211151,5,5,4,고려홍삼원(주),식품제조가공업,인천광역시,인천광역시 강화군
20030221351,2,2,2,씨튼장애인직업재활센터 씨튼베이커리,식품제조가공업,전남광주통합특별시,전남광주통합특별시 북구
20030221572,1,1,1,광주K-7저온센터,식품냉동.냉장업,전남광주통합특별시,전남광주통합특별시 북구
20030227203,4,2,1,진주제과,식품제조가공업,전남광주통합특별시,전남광주통합특별시 북구
20030240552,1,1,1,고메드갤러리아 주식회사,위탁급식영업,대전광역시,대전광역시 유성구
20030242466,1,1,1,대전식품앤순대농업회사법인주식회사,식품제조가공업,대전광역시,대전광역시 대덕구
20030247032,1,1,1,(주)한주,식품제조가공업,울산광역시,울산광역시 남구
20030255304,1,1,1,주식회사 그린웰푸드,식품제조가공업,울산광역시,울산광역시 울주군
20030255433,1,1,1,(주)아워홈LX하우시스울산점,위탁급식영업,울산광역시,울산광역시 울주군
20030257011,2,2,2,(주)아너텍,식품제조가공업,세종특별자치시,세종특별자치시
20030257150,3,3,3,행복우리식품,식품제조가공업,세종특별자치시,세종특별자치시
20030263021,2,1,1,쑥떡사랑,식품제조가공업,경기도,경기도 화성시
20030263038,4,2,2,(주)미당,식품제조가공업,경기도,경기도 수원시
20030263075,1,1,1,농업회사법인 (주)세천팜,식품제조가공업,경기도,경기도 수원시
20030275066,3,3,3,대한다업(주),식품제조가공업,경기도,경기도 성남시
20030275185,1,1,1,(주)커피빈푸드,식품제조가공업,경기도,경기도 성남시
20030288244,1,1,1,떡을빚는마을,식품제조가공업,경기도,경기도 안양시
20030288246,2,1,1,한양 다솔,식품제조가공업,서울특별시,서울특별시 금천구
20030294171,6,6,6,(주)푸드케어,식품제조가공업,경기도,경기도 부천시
20030294318,4,4,4,(주)서한푸드,식품제조가공업,경기도,경기도 부천시
20030298324,1,1,1,(주)현대그린푸드,위탁급식영업,경기도,경기도 부천시
20030308122,2,2,1,쌀로만식품,식품제조가공업,경기도,경기도 평택시
20030309106,3,3,3,고것참식품(주),식품제조가공업,경기도,경기도 평택시
20030320348,1,1,1,주식회사 해피21세기,식품제조가공업,경기도,경기도 고양시
20030320470,4,2,2,영식품,식품제조가공업,경기도,경기도 파주시
20030320497,2,2,2,(주)독립문제분,식품제조가공업,경기도,경기도 고양시
20030332047,1,1,1,(주)찰떡궁합,식품제조가공업,경기도,경기도 남양주시
20030332366,1,1,1,설악식품,식품제조가공업,경기도,경기도 남양주시
20030332470,3,3,3,(주)네오스푸드시스템,식품제조가공업,경기도,경기도 남양주시
20030332561,1,1,1,한성제과,식품제조가공업,경기도,경기도 남양주시
20030332724,1,1,1,(주)엔와이,식품제조가공업,경기도,경기도 남양주시
20030332765,1,1,1,도쿄베이커리,식품제조가공업,경기도,경기도 남양주시
20030338465,1,1,1,청호식품,식품제조가공업,경기도,경기도 시흥시
20030338933,6,6,6,동화수산,식품제조가공업,경기도,경기도 시흥시
20030342527,4,4,4,(주)두비산업 제2공장,식품제조가공업,경기도,경기도 군포시
20030347105,3,3,3,(주)아워홈,식품제조가공업,경기도,경기도 용인시
20030347111,11,11,11,삼성바이오헬스케어(주),식품제조가공업,경기도,경기도 용인시
20030350321,1,1,1,삼성웰스토리(주)휴먼센터,위탁급식영업,경기도,경기도 용인시
20030355072,2,1,1,(주)한빛식품,식품제조가공업,경기도,경기도 파주시
20030355103,1,1,1,대경식품,식품제조가공업,경기도,경기도 파주시
20030355159,6,6,6,농업회사법인 주식회사 알토란,식품제조가공업,경기도,경기도 파주시
20030355353,1,1,1,가토미작,식품제조가공업,경기도,경기도 파주시
20030355450,4,4,4,(주)대은바이오,식품제조가공업,경기도,경기도 파주시
20030355478,1,1,1,솜사탕제과,식품제조가공업,경기도,경기도 파주시
20030355550,9,9,5,(주)송학식품,식품제조가공업,경기도,경기도 파주시
20030358123,2,2,2,(주)산식품,식품제조가공업,경기도,경기도 이천시
20030358137,2,2,2,주식회사 제이와이에프엔비,식품제조가공업,경기도,경기도 이천시
20030358332,1,1,1,(주)예담에프엔비,식품제조가공업,경기도,경기도 이천시
20030358364,4,2,2,오선물산주식회사,식품제조가공업,경기도,경기도 양주시
20030360227,2,2,2,우리식품,식품제조가공업,경기도,경기도 안성시
20030360370,2,2,2,(주)라이스텍,식품제조가공업,경기도,경기도 안성시
20030362122,5,5,5,(주)호텔리어쿡,식품제조가공업,경기도,경기도 김포시
20030362198,3,3,3,화남식품산업,식품제조가공업,경기도,경기도 김포시
20030362331,3,3,3,참들나라,식품제조가공업,경기도,경기도 김포시
20030362405,1,1,1,삼미식품,식품제조가공업,경기도,경기도 김포시
20030362443,3,3,3,만복식품,식품제조가공업,경기도,경기도 김포시
20030362499,2,2,1,해듬,식품제조가공업,경기도,경기도 김포시
20030364118,2,1,1,(주)엘림데리카후레쉬,식품제조가공업,경기도,경기도 화성시
20030364288,4,4,4,무지개식품,식품제조가공업,경기도,경기도 화성시
20030364298,4,4,4,(주)예그린제과,식품제조가공업,경기도,경기도 화성시
20030364667,12,6,6,(주)에이치엘사이언스,식품제조가공업,충청북도,충청북도 충주시
20030364718,3,2,3,농업회사법인꿀맛나는세상주식회사,식품제조가공업,경기도,경기도 화성시
20030364752,1,1,1,농업회사법인 유한회사 현명농장,식품제조가공업,경기도,경기도 화성시
20030368010,9,9,9,(주)리빙라이프,식품제조가공업,경기도,경기도 광주시
20030368111,2,1,1,주식회사 브라운하우스,식품제조가공업,경기도,경기도 광주시
20030368161,6,6,6,(주)바프,식품제조가공업,경기도,경기도 광주시
20030368190,1,1,1,알토란식품,식품제조가공업,경기도,경기도 광주시
20030368194,2,2,2,비앤비푸드,식품제조가공업,경기도,경기도 광주시
20030368334,2,2,2,대광식품,식품제조가공업,경기도,경기도 광주시
20030368339,2,2,2,(주)영진데리카후레쉬,식품제조가공업,경기도,경기도 광주시
20030368440,6,6,6,(주)힐링,식품제조가공업,경기도,경기도 광주시
20030370299,2,2,2,청원식품,식품제조가공업,경기도,경기도 양주시
20030370428,6,6,3,자담채미가,식품제조가공업,경기도,경기도 양주시
20030372064,1,1,1,포천한과,식품제조가공업,경기도,경기도 포천시
20030372137,1,1,1,에스와이푸드,식품제조가공업,경기도,경기도 포천시
20030372203,8,4,4,(주)성원냉동식품,식품제조가공업,경기도,경기도 연천군
20030372409,1,1,1,세창식품,식품제조가공업,경기도,경기도 포천시
20030375178,1,1,1,(주)상우에프엔에스,식품제조가공업,경기도,경기도 여주시
20030380218,2,1,1,주식회사 피피이씨춘천-얼음지점,식품제조가공업,강원특별자치도,강원특별자치도 춘천시
20030380266,1,1,1,(주)신한,식품제조가공업,강원특별자치도,강원특별자치도 춘천시
20030380509,1,1,1,(주)케이알산업춘천(하)휴게소한식봇,일반음식점,강원특별자치도,강원특별자치도 춘천시
20030380661,6,6,6,(주)베베쿡,식품제조가공업,강원특별자치도,강원특별자치도 춘천시
20030383809,1,1,1,"치악(부산방향)휴게소(봉화산설렁탕,한양식)",일반음식점,강원특별자치도,강원특별자치도 원주시
20030386150,1,1,1,해오름(주),식품제조가공업,강원특별자치도,강원특별자치도 강릉시
20030386251,1,1,1,강릉부일한과,식품제조가공업,강원특별자치도,강원특별자치도 강릉시
20030386787,1,1,1,대원농산,식품제조가공업,강원특별자치도,강원특별자치도 강릉시
20030391084,2,2,2,농업회사법인주식회사토보리,식품제조가공업,강원특별자치도,강원특별자치도 태백시
20030392182,3,3,2,주식회사산들바람식품농업회사법인,식품제조가공업,강원특별자치도,강원특별자치도 속초시
20030392388,3,3,3,정선더덕농원,식품제조가공업,강원특별자치도,강원특별자치도 속초시
20030394159,16,16,10,(주)산돌식품,식품제조가공업,강원특별자치도,강원특별자치도 홍천군
20030394230,6,3,2,옥천식품,식품제조가공업,경기도,경기도 이천시
20030394251,1,1,1,뫼내뜰영농조합법인식품공장,식품제조가공업,강원특별자치도,강원특별자치도 홍천군
20030394260,4,4,4,농업회사법인백이동골(주),식품제조가공업,강원특별자치도,강원특별자치도 홍천군
20030395019,11,11,11,(주)유유헬스케어,식품제조가공업,강원특별자치도,강원특별자치도 횡성군
20030399011,1,1,1,철원친환경영농조합법인,식품제조가공업,강원특별자치도,강원특별자치도 철원군
20030404062,3,3,3,참자연영농조합법인,식품제조가공업,강원특별자치도,강원특별자치도 양양군
20030415032,1,1,1,씨엔에이바이오텍(주),식품제조가공업,충청북도,충청북도 청주시
20030415041,1,1,1,농업회사법인 조은식품 주식회사,식품제조가공업,충청북도,충청북도 청주시
20030415047,10,10,10,(주)에스앤디,식품제조가공업,충청북도,충청북도 청주시
20030415157,12,12,12,주식회사 노바렉스,식품제조가공업,충청북도,충청북도 청주시
20030425682,1,1,1,한식당,휴게음식점,충청북도,충청북도 청주시
20030433209,2,2,2,대한민국고엽제전우회(고전B&F),식품제조가공업,충청북도,충청북도 충주시
20030433362,5,5,3,농업회사법인 주식회사 동촌에프에스,식품제조가공업,충청북도,충청북도 충주시
20030435223,10,10,8,(주)씨엔에스푸드시스템,식품제조가공업,충청북도,충청북도 제천시
20030439059,1,1,1,한자골농장,식품제조가공업,충청북도,충청북도 보은군
20030440031,2,2,2,(주)청양식품,식품제조가공업,충청북도,충청북도 옥천군
20030440194,1,1,1,(주)금강휴게소(5호),휴게음식점,충청북도,충청북도 옥천군
20030441066,2,2,2,영동대 벤처식품(주),식품제조가공업,충청북도,충청북도 영동군
20030442005,1,1,1,농업회사법인 한그루(주),식품제조가공업,충청북도,충청북도 증평군
20030442077,1,1,1,(주)풀무원푸드앤컬처 풀무원건강생활,위탁급식영업,충청북도,충청북도 증평군
20030443106,1,1,1,(주)코시스바이오,식품제조가공업,충청북도,충청북도 진천군
20030443217,9,9,8,프레시플러스 주식회사,식품제조가공업,충청북도,충청북도 진천군
20030445025,11,11,11,(주)한국씨엔에스팜,식품제조가공업,충청북도,충청북도 음성군
20030445040,1,1,1,(주)라벤다,식품제조가공업,충청북도,충청북도 음성군
20030445042,11,11,11,(주)웰팜,식품제조가공업,충청북도,충청북도 음성군
20030445045,4,2,2,풀무원식품(주),식품제조가공업,충청북도,충청북도 음성군
20030445056,4,4,4,(주)삼아아시아,식품제조가공업,충청북도,충청북도 음성군
20030445103,1,1,1,음성(남이방향)휴게소E,일반음식점,충청북도,충청북도 음성군
20030445128,22,11,11,(주)후드원,식품제조가공업,충청북도,충청북도 음성군
20030445134,1,1,1,음성(하남방향)휴게소 양식당,일반음식점,충청북도,충청북도 음성군
20030445177,4,4,4,서울향료(주)음성공장,식품제조가공업,충청북도,충청북도 음성군
20030445181,5,5,5,(주)다농원,식품제조가공업,충청북도,충청북도 음성군
20030445196,2,2,2,(주)선명농수산(지점),식품제조가공업,충청북도,충청북도 음성군
20030445240,2,2,2,조이쿡시스템,식품제조가공업,충청북도,충청북도 음성군
20030445243,2,2,2,영농조합법인 산정푸드,식품제조가공업,충청북도,충청북도 음성군
20030449008,3,3,3,(주)유림고려홍삼,식품제조가공업,충청남도,충청남도 천안시
20030449009,21,21,21,(주)선제,식품제조가공업,충청남도,충청남도 천안시
20030449014,1,1,1,(주)프랜즈,식품제조가공업,충청남도,충청남도 천안시
20030449017,3,3,3,주식회사 두원식품,식품제조가공업,충청남도,충청남도 천안시
20030449031,1,1,1,새롬푸드(주),식품제조가공업,충청남도,충청남도 천안시
20030449051,2,2,1,상원종합식품(주),식품제조가공업,충청남도,충청남도 천안시
20030449061,2,2,2,농업회사법인 비에스푸드 주식회사,식품제조가공업,충청남도,충청남도 천안시
20030456210,1,1,1,정미제과,식품제조가공업,충청남도,충청남도 당진시
20030456224,2,2,2,명광식품주식회사,식품제조가공업,충청남도,충청남도 당진시
20030458243,1,1,1,신대정식품,식품제조가공업,충청남도,충청남도 공주시
20030459008,1,1,1,(주)퍼시픽에프엔비,식품제조가공업,충청남도,충청남도 보령시
20030461097,4,4,4,푸른들영농조합법인,식품제조가공업,충청남도,충청남도 아산시
20030463065,3,3,3,참샘골식품,식품제조가공업,충청남도,충청남도 서산시
20030463126,1,1,1,서산옛날생강한과,식품제조가공업,충청남도,충청남도 서산시
20030464006,1,1,1,태영식품,식품제조가공업,충청남도,충청남도 논산시
20030464040,4,4,4,(주)진주햄논산공장,식품제조가공업,충청남도,충청남도 논산시
20030464110,2,2,2,태양식품,식품제조가공업,충청남도,충청남도 논산시
20030467029,2,2,2,한국홍삼진흥공사,식품제조가공업,충청남도,충청남도 금산군
20030467037,1,1,1,금산토종홍삼,식품제조가공업,충청남도,충청남도 금산군
20030467108,14,14,14,대동고려삼(주),식품제조가공업,충청남도,충청남도 금산군
20030467116,1,1,1,한국생약영농조합법인,식품제조가공업,충청남도,충청남도 금산군
20030467154,2,2,2,금산홍삼마을,식품제조가공업,충청남도,충청남도 금산군
20030467180,3,3,3,(주)대화바이오,식품제조가공업,충청남도,충청남도 금산군
20030467217,1,1,1,농업회사법인주식회사 청정인삼,식품제조가공업,충청남도,충청남도 금산군
20030467230,3,3,3,(주)대한홍삼진흥원,식품제조가공업,충청남도,충청남도 금산군
20030470048,2,2,2,대한민국상이군경회 식품사업소 연기공장,식품제조가공업,충청남도,충청남도 부여군
20030470059,1,1,1,금산인삼농협,식품제조가공업,충청남도,충청남도 부여군
20030472052,11,11,11,매일유업(주) 청양공장,식품제조가공업,충청남도,충청남도 청양군
20030473071,9,9,9,건강한사람들 주식회사 2사업장,식품제조가공업,충청남도,충청남도 홍성군
20030473117,3,3,3,광천농업협동조합2공장,식품제조가공업,충청남도,충청남도 홍성군
20030478381,1,1,1,전주식품,식품제조가공업,전북특별자치도,전북특별자치도 전주시
20030484120,18,18,15,대상주식회사,식품제조가공업,전북특별자치도,전북특별자치도 군산시
20030484785,1,1,1,유)농업회사법인진포푸드,식품제조가공업,전북특별자치도,전북특별자치도 군산시
20030487003,1,1,1,(주)은성식품,식품제조가공업,전북특별자치도,전북특별자치도 익산시
20030490192,1,1,1,농업회사법인유한회사탐이나식품,식품제조가공업,전북특별자치도,전북특별자치도 정읍시
20030490214,2,2,2,칠보농협옹동제약식품사업부,식품제조가공업,전북특별자치도,전북특별자치도 정읍시
20030492063,1,1,1,노고단식품,식품제조가공업,전북특별자치도,전북특별자치도 남원시
20030493175,9,9,9,(주)참고을 제2공장,식품제조가공업,전북특별자치도,전북특별자치도 김제시
20030493186,2,2,2,주식회사 푸드웨어,식품제조가공업,전북특별자치도,전북특별자치도 김제시
20030495047,4,4,4,참식품 주식회사,식품제조가공업,전북특별자치도,전북특별자치도 진안군
20030497020,1,1,1,한비즌,식품제조가공업,전북특별자치도,전북특별자치도 장수군
20030503204,1,1,1,이화식품,식품제조가공업,전남광주통합특별시,전남광주통합특별시 목포시
20030503635,2,2,2,(주)행남식품,식품제조가공업,전남광주통합특별시,전남광주통합특별시 목포시
20030506181,1,1,1,청경수산,식품제조가공업,전남광주통합특별시,전남광주통합특별시 여수시
20030509048,1,1,1,펑펑식품,식품제조가공업,전남광주통합특별시,전남광주통합특별시 순천시
20030512109,1,1,1,유은식품,식품제조가공업,전남광주통합특별시,전남광주통합특별시 나주시
20030512193,4,4,4,농업회사법인 선한세상 주식회사,식품제조가공업,전남광주통합특별시,전남광주통합특별시 나주시
20030517004,1,1,1,지산식품,식품제조가공업,전남광주통합특별시,전남광주통합특별시 구례군
20030523072,2,2,2,주식회사 티젠,식품제조가공업,전남광주통합특별시,전남광주통합특별시 해남군
20030525098,4,4,4,현진식품영농조합법인,식품제조가공업,전남광주통합특별시,전남광주통합특별시 무안군
20030526025,1,1,1,함평천지(상)휴게소 푸드코트,일반음식점,전남광주통합특별시,전남광주통합특별시 함평군
20030527059,1,1,1,서울떡집,식품제조가공업,전남광주통합특별시,전남광주통합특별시 영광군
20030528065,1,1,1,다감식품,식품제조가공업,전남광주통합특별시,전남광주통합특별시 장성군
20030529142,1,1,1,유한회사 대한물산,식품제조가공업,전남광주통합특별시,전남광주통합특별시 완도군
20030543279,2,2,2,풍산 주식회사,식품제조가공업,경상북도,경상북도 안동시
20030543340,2,2,1,주식회사 파머스바이오,식품제조가공업,경상북도,경상북도 안동시
20030548698,1,1,1,농업회사법인싱싱식품(주),식품제조가공업,경상북도,경상북도 구미시
20030548925,1,1,1,(주)아워홈 LG디스플레이 구미2점,위탁급식영업,경상북도,경상북도 구미시
20030554013,1,1,1,소백로컬푸드협동조합,식품제조가공업,경상북도,경상북도 영주시
20030554150,8,8,8,피지바이오헬스영농조합법인,식품제조가공업,경상북도,경상북도 영주시
20030554188,3,3,3,(주)비트로시스농업회사법인,식품제조가공업,경상북도,경상북도 영주시
20030555091,7,7,5,농업회사법인 김재식헬스푸드 주식회사,식품제조가공업,경상북도,경상북도 영천시
20030555136,2,2,2,농업회사법인(주)한도,식품제조가공업,경상북도,경상북도 영천시
20030560171,2,2,2,"돈가스, 우동",휴게음식점,경상북도,경상북도 경산시
20030560235,1,1,1,(주)장원식품,식품제조가공업,경상북도,경상북도 경산시
20030569063,1,1,1,모락모락,식품제조가공업,경상북도,경상북도 성주군
20030570083,6,6,6,(주)샘초롱,식품제조가공업,경상북도,경상북도 칠곡군
20030571106,1,1,1,농업회사법인 주식회사 예천청결고추,식품제조가공업,경상북도,경상북도 예천군
20030589375,1,1,1,(주)동원홈푸드 동원F&B창원,위탁급식영업,경상남도,경상남도 창원시
20030601347,2,2,2,송이식품,식품제조가공업,경상남도,경상남도 진주시
20030604304,1,1,1,주식회사 태일식품,식품제조가공업,경상남도,경상남도 통영시
20030604426,1,1,1,일구수산,식품제조가공업,경상남도,경상남도 통영시
20030606088,1,1,1,다자연영농조합법인,식품제조가공업,경상남도,경상남도 사천시
20030607061,2,2,2,하주푸드,식품제조가공업,경상남도,경상남도 김해시
20030607215,2,2,2,찬슬,식품제조가공업,경상남도,경상남도 김해시
20030607375,2,2,2,(주)원푸드림,식품제조가공업,경상남도,경상남도 김해시
20030607555,1,1,1,주식회사 썬푸드,식품제조가공업,경상남도,경상남도 김해시
20030607556,2,1,1,조선식품,식품제조가공업,경상남도,경상남도 김해시
20030607650,1,1,1,(주)백양식품,식품제조가공업,경상남도,경상남도 김해시
20030607967,6,3,3,주식회사 네스코,식품제조가공업,경상남도,경상남도 김해시
20030608087,2,2,2,자연과 발효,식품제조가공업,경상남도,경상남도 김해시
20030611080,1,1,1,참그린농산,식품제조가공업,경상남도,경상남도 밀양시
20030611220,25,25,25,(주) 선인,식품제조가공업,경상남도,경상남도 밀양시
20030614075,1,1,1,(주)지코바,식품제조가공업,경상남도,경상남도 양산시
20030614307,43,43,39,(주)젠푸드,식품제조가공업,경상남도,경상남도 양산시
20030614433,2,1,1,주식회사 강대감씨앤에프,식품제조가공업,울산광역시,울산광역시 울주군
20030617028,2,2,2,(주)한국농수산 제2공장,식품제조가공업,경상남도,경상남도 함안군
20030617119,2,2,2,농업회사법인 청보식품(주),식품제조가공업,경상남도,경상남도 함안군
20030618074,3,3,3,(주)우포라이스텍,식품제조가공업,경상남도,경상남도 창녕군
20030619117,3,3,2,효성식품(주),식품제조가공업,경상남도,경상남도 고성군
20030620160,1,1,1,남해유자농장,식품제조가공업,경상남도,경상남도 남해군
20030627061,3,3,2,제주삼다알로에영농조합법인,식품제조가공업,제주특별자치도,제주특별자치도 제주시
20030627177,1,1,1,금영수산,식품제조가공업,제주특별자치도,제주특별자치도 제주시
20040029370,1,1,1,가빈상회,식품제조가공업,서울특별시,서울특별시 중구
20040036115,4,2,2,주식회사 케익모아,식품제조가공업,경기도,경기도 양주시
20040066011,1,1,1,(주)다길통상,식품제조가공업,서울특별시,서울특별시 서대문구
20040066097,1,1,1,애란네김밥,식품제조가공업,서울특별시,서울특별시 서대문구
20040080187,4,2,1,황금마루푸드,식품제조가공업,서울특별시,서울특별시 구로구
20040091544,2,2,2,티엔에스식품,식품제조가공업,서울특별시,서울특별시 동작구
20040100378,4,4,4,히코코,식품제조가공업,서울특별시,서울특별시 서초구
20040101033,2,1,1,롯데 프리미엄 푸드마켓 서초점,기타식품판매업,서울특별시,서울특별시 서초구
20040115845,1,1,1,청광식품,식품제조가공업,서울특별시,서울특별시 송파구
20040128159,4,2,2,에이치제이수산(HJ수산),식품제조가공업,부산광역시,부산광역시 사하구
20040129095,1,1,1,대한제분(주),식품제조가공업,부산광역시,부산광역시 동구
20040137122,2,2,2,(주)한탑,식품제조가공업,부산광역시,부산광역시 남구
20040144041,2,2,2,케이씨글로벌(주),식품제조가공업,부산광역시,부산광역시 사하구
20040144122,3,3,3,해주씨푸드 주식회사,식품제조가공업,부산광역시,부산광역시 사하구
20040144125,2,2,1,하해수산,식품제조가공업,부산광역시,부산광역시 사하구
20040144164,1,1,1,(주)비에프씨,식품제조가공업,부산광역시,부산광역시 사하구
20040144284,1,1,1,(주)새난,식품제조가공업,부산광역시,부산광역시 사하구
20040144305,1,1,1,주식회사 에이앤제우스,식품제조가공업,부산광역시,부산광역시 사하구
20040144336,1,1,1,선영수산,식품제조가공업,부산광역시,부산광역시 사하구
20040144472,7,7,6,(주)한려엔쵸비,식품제조가공업,부산광역시,부산광역시 사하구
20040144519,1,1,1,(주)유왕,식품제조가공업,부산광역시,부산광역시 사하구
20040144585,2,2,2,태영씨푸드,식품제조가공업,부산광역시,부산광역시 사하구
20040144627,4,4,2,현우수산,식품제조가공업,부산광역시,부산광역시 사하구
20040144962,2,2,2,(주)쓰리에스씨푸드,식품제조가공업,부산광역시,부산광역시 사하구
20040147364,2,1,1,유한회사 씨엠엔(CMN),식품제조가공업,부산광역시,부산광역시 금정구
20040147423,2,2,1,부산급식 주식회사,식품제조가공업,부산광역시,부산광역시 금정구
20040149167,1,1,1,부산대원식품주식회사,식품제조가공업,부산광역시,부산광역시 강서구
20040149192,2,2,2,강산식품협동조합,식품제조가공업,부산광역시,부산광역시 강서구
20040154145,1,1,1,(주)경복식품,식품제조가공업,부산광역시,부산광역시 사상구
20040161036,1,1,1,우리식품,식품제조가공업,대구광역시,대구광역시 동구
20040168257,3,3,3,장가네제과,식품제조가공업,대구광역시,대구광역시 북구
20040168676,1,1,1,경남식품,식품제조가공업,대구광역시,대구광역시 북구
20040168892,2,2,2,초록들코리아주식회사,식품제조가공업,대구광역시,대구광역시 북구
20040182486,8,8,8,(주)떡파는 사람들,식품제조가공업,대구광역시,대구광역시 달서구
20040182511,1,1,1,대도,식품제조가공업,대구광역시,대구광역시 달서구
20040188069,2,2,2,호찐빵  만두나라,식품제조가공업,대구광역시,대구광역시 달성군
20040193836,2,1,1,진명식품,식품제조가공업,인천광역시,인천광역시 서해구
20040194069,2,1,1,제일FC,식품제조가공업,인천광역시,인천광역시 부평구
20040202645,2,2,2,시루방아,식품제조가공업,인천광역시,인천광역시 부평구
20040205152,6,3,3,(주)성민푸드시스템,식품제조가공업,인천광역시,인천광역시 부평구
20040208868,2,2,2,시골항아리식품,식품제조가공업,인천광역시,인천광역시 서해구
20040209018,1,1,1,고원식품고원김치,식품제조가공업,인천광역시,인천광역시 서해구
20040211002,4,4,2,(주)칠성에프앤비,식품제조가공업,인천광역시,인천광역시 강화군
20040212073,1,1,1,영흥식품,식품제조가공업,인천광역시,인천광역시 옹진군
20040216005,2,1,1,창해식품,식품제조가공업,전남광주통합특별시,전남광주통합특별시 광산구
20040219577,8,4,4,농업회사법인 (주)황금농원식품,식품제조가공업,전남광주통합특별시,전남광주통합특별시 장흥군
20040233635,1,1,1,동방식품,식품제조가공업,대전광역시,대전광역시 중구
20040240764,1,1,1,갑동골 푸드,식품제조가공업,대전광역시,대전광역시 유성구
20040242655,1,1,1,(주)에스델리,식품제조가공업,대전광역시,대전광역시 대덕구
20040245669,1,1,1,서울식품,식품제조가공업,울산광역시,울산광역시 중구
20040255061,2,2,1,(주)다원식품,식품제조가공업,울산광역시,울산광역시 울주군
20040257068,2,2,2,주식회사 일미푸드,식품제조가공업,세종특별자치시,세종특별자치시
20040257193,5,4,4,YJFOOD,식품제조가공업,세종특별자치시,세종특별자치시
20040263989,1,1,1,영미식품,식품제조가공업,경기도,경기도 수원시
20040275047,1,1,1,(주)고궁,식품제조가공업,경기도,경기도 성남시
20040275056,42,21,19,(주)로제트,식품제조가공업,경기도,경기도 성남시
20040275057,6,3,3,(주)푸드코아,식품제조가공업,경기도,경기도 성남시
20040275066,2,2,2,해농수산,식품제조가공업,경기도,경기도 성남시
20040275167,2,2,2,(주)베이글코리아,식품제조가공업,경기도,경기도 성남시
20040275237,2,1,1,(주)건영수산,식품제조가공업,경기도,경기도 광주시
20040275247,2,2,2,(주)동원홈푸드,식품제조가공업,경기도,경기도 성남시
20040275272,4,2,2,(주)동해식품,식품제조가공업,경기도,경기도 광주시
20040275311,1,1,1,베떼엠제과,식품제조가공업,경기도,경기도 성남시
20040285973,3,3,3,(주)바오,식품제조가공업,경기도,경기도 의정부시
20040288092,2,2,2,빠니니코리아(주),식품제조가공업,경기도,경기도 안양시
20040294042,5,5,3,주식회사 이소,식품제조가공업,경기도,경기도 부천시
20040294485,1,1,1,한국프리믹스,식품제조가공업,경기도,경기도 부천시
20040294501,1,1,1,미산식품,식품제조가공업,경기도,경기도 부천시
20040294566,1,1,1,(주)영의정,식품제조가공업,경기도,경기도 부천시
20040294728,2,2,2,자연김치,식품제조가공업,경기도,경기도 부천시
20040306418,18,17,15,에스피엘주식회사,식품제조가공업,경기도,경기도 평택시
20040308037,2,2,2,주식회사 하나푸드,식품제조가공업,경기도,경기도 평택시
20040308245,5,5,5,(주)푸드코리아,식품제조가공업,경기도,경기도 평택시
20040309217,1,1,1,씨케이코퍼레이션즈(주),식품제조가공업,경기도,경기도 평택시
20040311047,2,2,1,백암진식품,식품제조가공업,경기도,경기도 안산시
20040311058,2,1,1,동일에프엔지(주),식품제조가공업,경기도,경기도 안산시
20040311095,4,2,2,창보식품,식품제조가공업,경기도,경기도 안산시
20040311406,4,4,4,티피에프앤비(주),식품제조가공업,경기도,경기도 안산시
20040311719,2,1,1,스위트밀(주)군포공장,식품제조가공업,경기도,경기도 군포시
20040320242,1,1,1,형제식품,식품제조가공업,경기도,경기도 고양시
20040332389,2,1,1,오남식품,식품제조가공업,경기도,경기도 남양주시
20040332423,1,1,1,푸드원(맛을담는사람들),식품제조가공업,경기도,경기도 남양주시
20040332743,6,6,6,주식회사 한맥푸드,식품제조가공업,경기도,경기도 남양주시
20040332868,3,3,3,(주)덕소식품,식품제조가공업,경기도,경기도 남양주시
20040338533,2,2,2,(주)동서,식품제조가공업,경기도,경기도 시흥시
20040345341,3,3,3,(주)재경식품산업,식품제조가공업,경기도,경기도 하남시
20040345354,2,1,1,일품식품,식품제조가공업,경기도,경기도 광주시
20040347013,1,1,1,(주)가또케익,식품제조가공업,경기도,경기도 용인시
20040347066,1,1,1,경희대학교,식품제조가공업,경기도,경기도 용인시
20040347077,2,2,2,(주)에스에이치에스,식품제조가공업,경기도,경기도 용인시
20040355237,3,3,3,(주)조리쿡,식품제조가공업,경기도,경기도 파주시
20040355255,3,3,3,미식가식품,식품제조가공업,경기도,경기도 파주시
20040355580,9,8,8,오뚜기냉동식품 주식회사,식품제조가공업,경기도,경기도 파주시
20040358017,6,6,6,(주)윈투바이오,식품제조가공업,경기도,경기도 이천시
20040358062,4,4,3,씨제이씨푸드 주식회사,식품제조가공업,경기도,경기도 이천시
20040358102,4,4,3,주식회사 비에이치씨 이천공장,식품제조가공업,경기도,경기도 이천시
20040358339,2,2,2,(주)초화림,식품제조가공업,경기도,경기도 이천시
20040358352,3,3,2,예맛식품,식품제조가공업,경기도,경기도 이천시
20040358436,1,1,1,(주)해맛,식품제조가공업,경기도,경기도 이천시
20040358445,7,7,5,(주)기림식품,식품제조가공업,경기도,경기도 이천시
20040360236,2,2,2,바산고려홍삼 주식회사,식품제조가공업,경기도,경기도 안성시
20040360353,1,1,1,한우국밥,일반음식점,경기도,경기도 안성시
20040360395,4,4,3,농업회사법인(주)237오르토,식품제조가공업,경기도,경기도 안성시
20040360467,4,4,4,농업회사법인 (유) 일품김치,식품제조가공업,경기도,경기도 안성시
20040360475,1,1,1,두레지에프,식품제조가공업,경기도,경기도 안성시
20040362157,3,3,3,성호,식품제조가공업,경기도,경기도 김포시
20040364198,1,1,1,우주식품,식품제조가공업,경기도,경기도 화성시
20040364199,1,1,1,에코바이오텍(주),식품제조가공업,경기도,경기도 화성시
20040364226,1,1,1,e-맛사랑,식품제조가공업,경기도,경기도 화성시
20040364264,9,9,9,엠에스산업(주),식품제조가공업,경기도,경기도 화성시
20040364561,1,1,1,정만두,식품제조가공업,경기도,경기도 화성시
20040364832,3,3,3,에스케이내추럴팜(주),식품제조가공업,경기도,경기도 화성시
20040364957,1,1,1,마누Food,식품제조가공업,경기도,경기도 화성시
20040368156,2,2,2,신진식품,식품제조가공업,경기도,경기도 광주시
20040368530,1,1,1,선진식품,식품제조가공업,경기도,경기도 광주시
20040368610,1,1,1,(주)구스토커피커피,식품제조가공업,경기도,경기도 광주시
20040372089,2,2,2,이엔푸드,식품제조가공업,경기도,경기도 포천시
20040372098,1,1,1,강원식품,식품제조가공업,경기도,경기도 포천시
20040372112,1,1,1,고향유과,식품제조가공업,경기도,경기도 포천시
20040372343,1,1,1,(주)대영지에프,식품제조가공업,경기도,경기도 포천시
20040375026,5,5,4,(주)에스아이케이,식품제조가공업,경기도,경기도 여주시
20040375166,1,1,1,여주(강릉)휴게소[수유리우동집&남산돈까스],일반음식점,경기도,경기도 여주시
20040375197,1,1,1,농업회사법인 풀목산농원(주),식품제조가공업,경기도,경기도 여주시
20040377171,1,1,1,효자원식품,식품제조가공업,경기도,경기도 가평군
20040380066,2,2,2,대한민국상이군경회식품사업소춘천공장,식품제조가공업,강원특별자치도,강원특별자치도 춘천시
20040380565,2,2,1,큰시루,식품제조가공업,강원특별자치도,강원특별자치도 춘천시
20040383175,2,2,2,주식회사 정푸드,식품제조가공업,강원특별자치도,강원특별자치도 원주시
20040383850,1,1,1,토박이마을,식품제조가공업,강원특별자치도,강원특별자치도 원주시
20040384011,1,1,1,"주식회사나이스디앤에스원주(춘천방향)휴게소(제순,샘밭,양식)",일반음식점,강원특별자치도,강원특별자치도 원주시
20040386194,1,1,1,은정한과,식품제조가공업,강원특별자치도,강원특별자치도 강릉시
20040386540,1,1,1,감농식품,식품제조가공업,강원특별자치도,강원특별자치도 강릉시
20040386890,1,1,1,더어푸드,식품제조가공업,강원특별자치도,강원특별자치도 강릉시
20040387028,1,1,1,(주)자연이준식품,식품제조가공업,강원특별자치도,강원특별자치도 강릉시
20040389465,1,1,1,풍년떡집,식품제조가공업,강원특별자치도,강원특별자치도 동해시
20040394012,2,2,1,춘희식품,식품제조가공업,강원특별자치도,강원특별자치도 홍천군
20040394158,2,2,2,(주)세준에프앤비,식품제조가공업,강원특별자치도,강원특별자치도 홍천군
20040394227,3,3,3,홍천남산식품,식품제조가공업,강원특별자치도,강원특별자치도 홍천군
20040398102,2,2,2,아라리식품 영농조합법인,식품제조가공업,강원특별자치도,강원특별자치도 정선군
20040415018,1,1,1,대호식품,식품제조가공업,충청북도,충청북도 청주시
20040415037,1,1,1,평동전통떡마을영농조합법인,식품제조가공업,충청북도,충청북도 청주시
20040415081,12,12,12,(주)네추럴에프앤피,식품제조가공업,충청북도,충청북도 청주시
20040415088,5,5,5,주식회사 엔푸드,식품제조가공업,충청북도,충청북도 청주시
20040415124,1,1,1,옥돌골식품,식품제조가공업,충청북도,충청북도 청주시
20040435034,2,2,2,주식회사 농업회사법인 푸른강산애,식품제조가공업,충청북도,충청북도 제천시
20040443074,26,13,13,노비스바이오(주),식품제조가공업,경기도,경기도 안성시
20040444054,1,1,1,"(주)대청산업개발 괴산(양평)휴게소(한식반상, 남산돈가스)",일반음식점,충청북도,충청북도 괴산군
20040444055,1,1,1,대보유통(주)괴산(마산방향)휴게소(돈가스),일반음식점,충청북도,충청북도 괴산군
20040445063,9,9,8,비아이에프(주),식품제조가공업,충청북도,충청북도 음성군
20040445073,4,4,4,(주)대일,식품제조가공업,충청북도,충청북도 음성군
20040445125,1,1,1,(주)조아,식품제조가공업,충청북도,충청북도 음성군
20040445128,1,1,1,예그린농산,식품제조가공업,충청북도,충청북도 음성군
20040449005,3,3,3,주식회사상신종합식품,식품제조가공업,충청남도,충청남도 천안시
20040449006,1,1,1,수향식품주식회사,식품제조가공업,충청남도,충청남도 천안시
20040449010,3,3,3,주식회사신세계푸드천안공장,식품제조가공업,충청남도,충청남도 천안시
20040449037,1,1,1,주식회사고전,식품제조가공업,충청남도,충청남도 천안시
20040459005,3,3,2,살렘마을 협동조합,식품제조가공업,충청남도,충청남도 보령시
20040459203,2,2,2,하나맛김,식품제조가공업,충청남도,충청남도 보령시
20040463018,1,1,1,천수만전통생강한과,식품제조가공업,충청남도,충청남도 서산시
20040463131,2,2,2,(주)미가온푸드,식품제조가공업,충청남도,충청남도 서산시
20040464106,1,1,1,내고향젓갈,식품소분업,충청남도,충청남도 논산시
20040464321,7,7,5,주식회사 빛채울,식품제조가공업,충청남도,충청남도 논산시
20040467021,2,2,2,주식회사 삼우다연,식품제조가공업,충청남도,충청남도 금산군
20040467173,2,2,2,(주)후드코리아,식품첨가물제조업,충청남도,충청남도 금산군
20040470032,5,4,4,(주)성신비엔에프,식품제조가공업,충청남도,충청남도 부여군
20040471002,1,1,1,우일식품,식품제조가공업,충청남도,충청남도 서천군
20040472026,1,1,1,(주)으뜸농산,식품제조가공업,충청남도,충청남도 청양군
20040473038,3,3,2,주식회사 솔뫼에프엔씨,식품제조가공업,충청남도,충청남도 홍성군
20040474019,1,1,1,옥국시,식품제조가공업,충청남도,충청남도 예산군
20040478922,1,1,1,전주대궁중약고추장,식품제조가공업,전북특별자치도,전북특별자치도 전주시
20040484740,1,1,1,농업회사법인 더미들래 주식회사,식품제조가공업,전북특별자치도,전북특별자치도 군산시
20040487146,1,1,1,어양토속식품,식품제조가공업,전북특별자치도,전북특별자치도 익산시
20040487352,5,5,5,해태에이치티비(주),식품제조가공업,전북특별자치도,전북특별자치도 익산시
20040487668,2,2,2,해피드림,식품제조가공업,전북특별자치도,전북특별자치도 익산시
20040490044,1,1,1,세미기업(주),식품소분업,전북특별자치도,전북특별자치도 정읍시
20040490231,1,1,1,선혜청전통한과,식품제조가공업,전북특별자치도,전북특별자치도 정읍시
20040495003,1,1,1,(주)한국고려홍삼조합,식품제조가공업,전북특별자치도,전북특별자치도 진안군
20040495005,8,8,8,농업회사법인 순애할매농산 유한회사,식품제조가공업,전북특별자치도,전북특별자치도 진안군
20040495055,2,2,2,(유)나눔푸드 2공장,식품제조가공업,전북특별자치도,전북특별자치도 진안군
20040497056,1,1,1,백운전통한과,식품제조가공업,전북특별자치도,전북특별자치도 장수군
20040498005,6,6,6,우리촌,식품제조가공업,전북특별자치도,전북특별자치도 임실군
20040498038,4,4,2,(유)포스피,식품제조가공업,전북특별자치도,전북특별자치도 임실군
20040501027,1,1,1,자연의영농조합법인,식품제조가공업,전북특별자치도,전북특별자치도 부안군
20040501073,4,4,4,주식회사 자연과개발,식품제조가공업,전북특별자치도,전북특별자치도 부안군
20040506189,1,1,1,사조푸디스트(주)YNCC3점,위탁급식영업,전남광주통합특별시,전남광주통합특별시 여수시
20040506632,2,2,2,(주) 거풍푸드,식품제조가공업,전남광주통합특별시,전남광주통합특별시 여수시
20040509084,3,3,3,미가식품영농조합법인,식품제조가공업,전남광주통합특별시,전남광주통합특별시 순천시
20040509904,1,1,1,노고치농원,식품제조가공업,전남광주통합특별시,전남광주통합특별시 순천시
20040515017,3,3,3,농업회사법인 대나무골김치 주식회사,식품제조가공업,전남광주통합특별시,전남광주통합특별시 담양군
20040515084,1,1,1,농업회사법인 (주)파밍하우스,식품제조가공업,전남광주통합특별시,전남광주통합특별시 담양군
20040515101,1,1,1,두리두리식품,식품제조가공업,전남광주통합특별시,전남광주통합특별시 담양군
20040517029,6,6,3,그리올푸드 영농조합법인,식품제조가공업,전남광주통합특별시,전남광주통합특별시 구례군
20040520154,3,3,3,화순토굴김치,식품제조가공업,전남광주통합특별시,전남광주통합특별시 화순군
20040525011,1,1,1,농업회사법인(주)하이즈,식품제조가공업,전남광주통합특별시,전남광주통합특별시 무안군
20040526026,1,1,1,나비골농협가공공장,식품제조가공업,전남광주통합특별시,전남광주통합특별시 함평군
20040527012,1,1,1,미성영어조합법인,식품제조가공업,전남광주통합특별시,전남광주통합특별시 영광군
20040527020,2,2,1,옥당골김치,식품제조가공업,전남광주통합특별시,전남광주통합특별시 영광군
20040527021,1,1,1,영산해다올영어조합법인,식품제조가공업,전남광주통합특별시,전남광주통합특별시 영광군
20040528030,4,4,3,농업회사법인 예술자연농식품(주),식품제조가공업,전남광주통합특별시,전남광주통합특별시 장성군
20040529044,2,2,2,(유)만나씨푸드,식품제조가공업,전남광주통합특별시,전남광주통합특별시 완도군
20040529135,2,2,2,(주) 장보고물산,식품제조가공업,전남광주통합특별시,전남광주통합특별시 완도군
20040533243,1,1,1,덕포전통한과,식품제조가공업,경상북도,경상북도 포항시
20040538201,1,1,1,드롭탑 경주휴게소점,휴게음식점,경상북도,경상북도 경주시
20040543439,3,3,3,천일제면(주),식품제조가공업,경상북도,경상북도 안동시
20040549096,3,2,2,주식회사청우식품,식품제조가공업,경상북도,경상북도 구미시
20040554087,1,1,1,중앙인삼영농조합법인,식품제조가공업,경상북도,경상북도 영주시
20040554242,2,1,2,현재농원,식품제조가공업,경상북도,경상북도 영주시
20040555056,2,2,1,동우당제약(주)식품사업부,식품제조가공업,경상북도,경상북도 영천시
20040555183,2,2,2,농업회사법인 주식회사 시루와방아,식품제조가공업,경상북도,경상북도 영천시
20040555219,1,1,1,씨앤에스에너지(주)영천(포항방향)휴게소 (탐앤탐스),휴게음식점,경상북도,경상북도 영천시
20040555222,1,1,1,씨앤에스에너지(주) 영천(대구방향)휴게소 (탐앤탐스),휴게음식점,경상북도,경상북도 영천시
20040556131,1,1,1,해늘식품,식품제조가공업,경상북도,경상북도 상주시
20040562012,2,2,2,(주)동흥식품,식품제조가공업,대구광역시,대구광역시 군위군
20040564058,1,1,1,아람담은 농산,식품제조가공업,경상북도,경상북도 청송군
20040568059,1,1,1,옛날제과,식품제조가공업,경상북도,경상북도 고령군
20040589167,1,1,1,열매들,식품제조가공업,경상남도,경상남도 창원시
20040595008,5,5,4,주식회사 전인푸드,식품제조가공업,경상남도,경상남도 창원시
20040601365,1,1,1,두성유통(주)문산휴게소 한신우동,일반음식점,경상남도,경상남도 진주시
20040604523,2,2,2,빅마마씨푸드(Bigmama sea-food),식품제조가공업,경상남도,경상남도 통영시
20040606074,1,1,1,(주)제성수산,식품제조가공업,경상남도,경상남도 사천시
20040606095,1,1,1,(주)청해물산,식품제조가공업,경상남도,경상남도 사천시
20040606350,2,2,2,명진식품,식품제조가공업,경상남도,경상남도 사천시
20040606353,1,1,1,주식회사 해오름식품 2공장,식품제조가공업,경상남도,경상남도 사천시
20040606365,1,1,1,만물수산,식품제조가공업,경상남도,경상남도 사천시
20040607314,1,1,1,진한제과,식품제조가공업,경상남도,경상남도 김해시
20040614770,4,4,3,(주)케이푸드,식품제조가공업,경상남도,경상남도 양산시
20040619021,5,5,5,유성물산교역(주)고성공장,식품제조가공업,경상남도,경상남도 고성군
20040619040,5,5,5,경양수산(주),식품제조가공업,경상남도,경상남도 고성군
20040621032,2,2,2,주식회사 농업회사법인 동천,식품제조가공업,경상남도,경상남도 하동군
20040621144,1,1,1,섬진강자연재첩수산,식품제조가공업,경상남도,경상남도 하동군
20040622062,1,1,1,(합)동명식품,식품제조가공업,경상남도,경상남도 산청군
20040623009,1,1,1,시카프관광개발(주)함양(상)휴게소 한식당,일반음식점,경상남도,경상남도 함양군
20040624178,1,1,1,남거창농협 가공사업장,식품제조가공업,경상남도,경상남도 거창군
20040624182,2,2,2,삼흥식품,식품제조가공업,경상남도,경상남도 거창군
20040627135,1,1,1,남주식품,식품제조가공업,제주특별자치도,제주특별자치도 제주시
20040627714,1,1,1,그린웰주식회사,식품제조가공업,제주특별자치도,제주특별자치도 제주시
20040628105,1,1,1,비알코리아(주)제주생산점,식품제조가공업,제주특별자치도,제주특별자치도 제주시
20040628131,1,1,1,농업회사법인유한회사순대고을,식품제조가공업,제주특별자치도,제주특별자치도 제주시
20040628440,6,6,6,주식회사 일해,식품제조가공업,제주특별자치도,제주특별자치도 제주시
20040628513,1,1,1,서문별미순대,식품제조가공업,제주특별자치도,제주특별자치도 제주시
20040631356,3,3,2,올레마켓,식품제조가공업,제주특별자치도,제주특별자치도 서귀포시
20050036576,1,1,1,소지신찰순대,식품제조가공업,서울특별시,서울특별시 성동구
20050039024,1,1,1,맛쭈서해쭈꾸미,식품제조가공업,서울특별시,서울특별시 광진구
20050039320,12,4,4,주식회사 그이름,식품제조가공업,경기도,경기도 성남시
20050063145,2,2,2,최고집식품,식품제조가공업,서울특별시,서울특별시 은평구
20050063208,1,1,1,유예순김치전문점,식품제조가공업,서울특별시,서울특별시 은평구
20050066172,1,1,1,세브란스새병원 환자식당점,위탁급식영업,서울특별시,서울특별시 서대문구
20050073961,2,2,2,엔젤비엔디,식품제조가공업,서울특별시,서울특별시 양천구
20050076313,4,2,1,떡사랑,식품제조가공업,경기도,경기도 김포시
20050107855,2,2,2,호텔리베라 델리샵,식품제조가공업,서울특별시,서울특별시 강남구
20050115101,6,3,3,이푸드,식품제조가공업,서울특별시,서울특별시 송파구
20050120200,1,1,1,맛있는식품,식품제조가공업,서울특별시,서울특별시 강동구
20050128256,2,2,2,금성수산,식품제조가공업,부산광역시,부산광역시 서구
20050128269,2,2,2,(주)푸드엔씨,식품제조가공업,부산광역시,부산광역시 서구
20050130061,6,6,4,(주)자갈치전복,식품제조가공업,부산광역시,부산광역시 영도구
20050137366,3,2,1,한일식품,식품제조가공업,부산광역시,부산광역시 남구
20050144072,1,1,1,동서유지(주)부산공장,식품제조가공업,부산광역시,부산광역시 사하구
20050144137,3,3,3,(주)에스앤에스식품,식품제조가공업,부산광역시,부산광역시 사하구
20050144323,3,3,2,주식회사 해복,식품제조가공업,부산광역시,부산광역시 사하구
20050144553,2,2,2,주식회사 엠에스푸드,식품제조가공업,부산광역시,부산광역시 사하구
20050144577,1,1,1,해맑은 식품(주),식품제조가공업,부산광역시,부산광역시 사하구
20050144621,7,7,7,우영수산주식회사,식품제조가공업,부산광역시,부산광역시 사하구
20050147340,2,2,2,우영식품,식품제조가공업,부산광역시,부산광역시 금정구
20050149013,2,2,2,(주)모두랑,식품제조가공업,부산광역시,부산광역시 강서구
20050154164,16,8,8,미농식품(주),식품제조가공업,부산광역시,부산광역시 사상구
20050154289,1,1,1,청아 에프에스(FS),식품제조가공업,부산광역시,부산광역시 사상구
20050154382,1,1,1,양지제과(주),식품제조가공업,부산광역시,부산광역시 사상구
20050156025,2,2,2,바론식품 주식회사,식품제조가공업,부산광역시,부산광역시 기장군
20050158322,1,1,1,재영전통한과,식품제조가공업,대구광역시,대구광역시 중구
20050160051,1,1,1,한마음푸드,식품제조가공업,대구광역시,대구광역시 동구
20050163042,3,3,3,갓바위팔공식품,식품제조가공업,대구광역시,대구광역시 서구
20050163147,3,3,3,(주)영피쉬,식품제조가공업,대구광역시,대구광역시 서구
20050168096,4,4,4,고운들,식품제조가공업,대구광역시,대구광역시 북구
20050169029,2,2,2,주식회사 용궁냉동,식품제조가공업,대구광역시,대구광역시 북구
20050188004,1,1,1,정화식품,식품제조가공업,대구광역시,대구광역시 달성군
20050188151,3,3,2,주식회사 농업회사법인 휴먼웰,식품제조가공업,대구광역시,대구광역시 달성군
20050190241,2,2,2,(주)오대양씨푸드,식품제조가공업,인천광역시,인천광역시 제물포구
20050190442,2,2,2,(주)더나은푸드,식품제조가공업,인천광역시,인천광역시 제물포구
20050193206,2,2,2,동산식품,식품제조가공업,인천광역시,인천광역시 미추홀구
20050193275,2,2,2,케이에이치캠프,식품제조가공업,인천광역시,인천광역시 미추홀구
20050193765,2,2,2,(주)동화오션,식품제조가공업,인천광역시,인천광역시 미추홀구
20050199602,3,3,3,(주)데어리랜드,식품제조가공업,인천광역시,인천광역시 남동구
20050199774,4,2,2,주명식품,식품제조가공업,인천광역시,인천광역시 남동구
20050199836,2,1,1,(주)유정에이치앤에프,식품제조가공업,경기도,경기도 김포시
20050205502,2,1,1,오룡식품,식품제조가공업,인천광역시,인천광역시 계양구
20050208174,4,2,2,(주)대표식품,식품제조가공업,인천광역시,인천광역시 제물포구
20050208417,4,2,2,(주)데코푸드,식품제조가공업,인천광역시,인천광역시 서해구
20050208514,2,2,2,전원식품,식품제조가공업,인천광역시,인천광역시 서해구
20050208735,2,2,2,(주)선봉식품,식품제조가공업,인천광역시,인천광역시 검단구
20050211021,1,1,1,삼흥인삼 주식회사,식품제조가공업,인천광역시,인천광역시 강화군
20050211067,1,1,1,농업회사법인(주) 손맛,식품제조가공업,인천광역시,인천광역시 강화군
20050211140,1,1,1,강화고려인삼영농조합법인,식품제조가공업,인천광역시,인천광역시 강화군
20050221187,1,1,1,광보네 김치,식품제조가공업,전남광주통합특별시,전남광주통합특별시 북구
20050221468,2,2,2,주식회사정진식품,식품제조가공업,전남광주통합특별시,전남광주통합특별시 북구
20050227625,4,4,4,빛고을김치 영농조합법인,식품제조가공업,전남광주통합특별시,전남광주통합특별시 광산구
20050227737,3,3,3,성근식품,식품제조가공업,전남광주통합특별시,전남광주통합특별시 광산구
20050236003,5,5,3,한터,식품제조가공업,대전광역시,대전광역시 서구
20050240447,2,1,1,(주)바이오리더스,식품제조가공업,대전광역시,대전광역시 유성구
20050255170,1,1,1,(주)푸드윈,식품제조가공업,울산광역시,울산광역시 울주군
20050257069,9,9,8,(주)신우테크,식품제조가공업,세종특별자치시,세종특별자치시
20050257179,5,5,5,(주)씨즈닝테크,식품제조가공업,세종특별자치시,세종특별자치시
20050263418,2,2,1,(주)송월푸드,식품제조가공업,경기도,경기도 수원시
20050275017,1,1,1,성남지역자활센터,식품제조가공업,경기도,경기도 성남시
20050275040,1,1,1,경양수산(주),식품제조가공업,경기도,경기도 성남시
20050275062,3,3,3,인광식품,식품제조가공업,경기도,경기도 성남시
20050275115,3,3,3,바다원(주),식품제조가공업,경기도,경기도 성남시
20050275158,1,1,1,한알식품,식품제조가공업,경기도,경기도 성남시
20050275198,2,2,2,(주)에이비피홀딩스,식품제조가공업,경기도,경기도 성남시
20050275262,6,6,6,(주)쇼콜라이삭,식품제조가공업,경기도,경기도 성남시
20050275279,3,3,3,주식회사 쵸코하우스,식품제조가공업,경기도,경기도 성남시
20050275300,2,2,2,주식회사 더원에프앤디,식품제조가공업,경기도,경기도 성남시
20050275304,2,2,2,(주)딘타이펑코리아,식품제조가공업,경기도,경기도 성남시
20050285398,2,1,1,엠디에프앤팩킹,식품소분업,경기도,경기도 양주시
20050294291,1,1,1,황가네전통김치,식품제조가공업,경기도,경기도 부천시
20050294365,2,2,1,(주)현민,식품제조가공업,경기도,경기도 부천시
20050294542,2,2,2,솜씨가 김치,식품제조가공업,경기도,경기도 부천시
20050311135,1,1,1,다림식품,식품제조가공업,경기도,경기도 안산시
20050311260,1,1,1,샬롬도시락,식품제조가공업,경기도,경기도 안산시
20050320138,3,3,3,(주)제이제이에프,식품제조가공업,경기도,경기도 고양시
20050320178,6,3,3,유씨네,식품제조가공업,경기도,경기도 고양시
20050320517,2,1,1,(주)뉴디스 코리아,식품제조가공업,경기도,경기도 파주시
20050330053,1,1,1,(주)맛들식품,식품제조가공업,경기도,경기도 구리시
20050332066,1,1,1,미금지구배작목회,식품제조가공업,경기도,경기도 남양주시
20050332145,5,5,5,(주)천보바이오,식품제조가공업,경기도,경기도 남양주시
20050332233,2,1,1,주식회사 정탑농산,식품제조가공업,경기도,경기도 포천시
20050332269,1,1,1,태양의맛(농산),식품제조가공업,경기도,경기도 남양주시
20050332528,1,1,1,경성제약 주식회사,식품제조가공업,경기도,경기도 남양주시
20050332860,2,1,1,(주)바다마음,식품제조가공업,경기도,경기도 포천시
20050336021,1,1,1,(주)비에이치앤바이오,식품제조가공업,경기도,경기도 오산시
20050338197,1,1,1,에바다푸드시스템,식품제조가공업,경기도,경기도 시흥시
20050338492,1,1,1,(주)삼미식품,식품제조가공업,경기도,경기도 시흥시
20050342257,2,2,2,주식회사 케익드라마,식품제조가공업,경기도,경기도 군포시
20050344084,6,2,2,세일식품,식품제조가공업,경기도,경기도 의왕시
20050344143,3,3,3,하나푸드,식품제조가공업,경기도,경기도 의왕시
20050347094,1,1,1,도헌식품,식품제조가공업,경기도,경기도 용인시
20050347105,2,1,1,한국파파존스(주)큐씨씨,식품제조가공업,경기도,경기도 안성시
20050347130,3,3,3,비엔지푸드(주),식품제조가공업,경기도,경기도 용인시
20050347173,4,2,1,주식회사 청해진수산,식품제조가공업,경기도,경기도 용인시
20050355345,2,2,2,(주)파미유,식품제조가공업,경기도,경기도 파주시
20050355361,2,2,2,(주)푸디스,식품제조가공업,경기도,경기도 파주시
20050355533,2,2,2,디웰푸드(DWell Food),식품제조가공업,경기도,경기도 파주시
20050355577,1,1,1,(주)골든골드,식품제조가공업,경기도,경기도 파주시
20050355701,1,1,1,코델리커피,식품제조가공업,경기도,경기도 파주시
20050355817,4,4,4,도미솔식품,식품제조가공업,경기도,경기도 파주시
20050358104,3,3,3,(주)해우촌,식품제조가공업,경기도,경기도 이천시
20050358194,15,15,14,(주)에버헬스케어 농업회사법인,식품제조가공업,경기도,경기도 이천시
20050358456,1,1,1,서창산업(주) 이천(하)휴게소(한식),일반음식점,경기도,경기도 이천시
20050358462,1,1,1,서창산업(주)이천(하)휴게소(우동),일반음식점,경기도,경기도 이천시
20050360021,4,4,4,(주)지피코,식품제조가공업,경기도,경기도 안성시
20050360040,1,1,1,농업회사법인(주)안성떡방,식품제조가공업,경기도,경기도 안성시
20050360078,10,5,5,성신푸드,식품제조가공업,경기도,경기도 안성시
20050360135,3,3,2,(주)엔엘푸드,식품제조가공업,경기도,경기도 안성시
20050360209,1,1,1,안성(하)휴게소 소머리국밥,일반음식점,경기도,경기도 안성시
20050360407,3,3,3,주식회사 무라,식품제조가공업,경기도,경기도 안성시
20050364066,6,6,6,(주)바로푸드,식품제조가공업,경기도,경기도 화성시
20050364174,3,3,3,주식회사 대양수산,식품제조가공업,경기도,경기도 화성시
20050364214,6,2,2,농업회사법인 주식회사 우리밀에프엔비 2공장,식품제조가공업,경기도,경기도 평택시
20050364523,1,1,1,(주)다드림,식품소분업,경기도,경기도 화성시
20050364896,6,6,6,진화식품,식품제조가공업,경기도,경기도 화성시
20050364940,3,3,3,농업회사법인(주)감로정,식품제조가공업,경기도,경기도 화성시
20050368046,1,1,1,고려농산,식품제조가공업,경기도,경기도 광주시
20050368098,1,1,1,진흥식품,식품제조가공업,경기도,경기도 광주시
20050368110,3,3,3,(주)토자연,식품제조가공업,경기도,경기도 광주시
20050368235,1,1,1,미미식품,식품제조가공업,경기도,경기도 광주시
20050368236,3,3,2,(주)청탑,식품제조가공업,경기도,경기도 광주시
20050368375,1,1,1,(주)오래식품,식품소분업,경기도,경기도 광주시
20050370198,3,3,3,산여울식품주식회사,식품제조가공업,경기도,경기도 양주시
20050370330,2,2,2,(주)동원농산교역,식품제조가공업,경기도,경기도 양주시
20050372004,9,9,9,(주)에이뷰,식품제조가공업,경기도,경기도 포천시
20050372159,2,2,2,아셀떡,식품제조가공업,경기도,경기도 포천시
20050372172,10,10,9,(주)허브큐어,식품제조가공업,경기도,경기도 포천시
20050372285,2,1,1,선경푸드바이오 주식회사,식품소분업,경기도,경기도 남양주시
20050372391,1,1,1,성진시골한과,식품제조가공업,경기도,경기도 포천시
20050375063,1,1,1,한국곡산,식품제조가공업,경기도,경기도 여주시
20050375117,1,1,1,"여주(인천방향)휴게소 한,양식전문점",일반음식점,경기도,경기도 여주시
20050375141,6,6,6,(주)케이에이치앤비,식품제조가공업,경기도,경기도 여주시
20050375197,1,1,1,밀성양봉원,식품제조가공업,경기도,경기도 여주시
20050378134,2,2,1,농업회사법인주식회사옥구촌한우,식품제조가공업,경기도,경기도 양평군
20050383048,1,1,1,농업회사법인 혜밀 주식회사,식품제조가공업,강원특별자치도,강원특별자치도 원주시
20050383859,3,3,3,구전식품(손가네김치),식품제조가공업,강원특별자치도,강원특별자치도 원주시
20050386366,1,1,1,유한회사다자연식품,식품제조가공업,강원특별자치도,강원특별자치도 강릉시
20050389301,2,2,2,(주)맑은동해,식품제조가공업,강원특별자치도,강원특별자치도 동해시
20050392151,1,1,1,선호식품,식품제조가공업,강원특별자치도,강원특별자치도 속초시
20050395036,1,1,1,산내마을,식품제조가공업,강원특별자치도,강원특별자치도 횡성군
20050397003,2,2,2,(주)평창산들식품,식품제조가공업,강원특별자치도,강원특별자치도 평창군
20050398112,4,4,4,푸른솔산업 주식회사,식품제조가공업,강원특별자치도,강원특별자치도 정선군
20050400002,1,1,1,간동농업협동조합,식품제조가공업,강원특별자치도,강원특별자치도 화천군
20050402011,1,1,1,용대황태영농조합법인,식품제조가공업,강원특별자치도,강원특별자치도 인제군
20050415020,21,21,20,(주)시아스,식품제조가공업,충청북도,충청북도 청주시
20050415028,1,1,1,(주)아하식품,식품제조가공업,충청북도,충청북도 청주시
20050415097,1,1,1,태평씨엔에프,식품제조가공업,충청북도,충청북도 청주시
20050440004,1,1,1,(주)내츄럴팜,식품제조가공업,충청북도,충청북도 옥천군
20050440030,6,6,6,(주)교동식품 제2공장,식품제조가공업,충청북도,충청북도 옥천군
20050440087,1,1,1,주식회사 비락지엔비,식품제조가공업,충청북도,충청북도 옥천군
20050443026,1,1,1,다우에프앤비 주식회사,식품제조가공업,충청북도,충청북도 진천군
20050443129,1,1,1,(주)독일비엔씨,식품제조가공업,충청북도,충청북도 진천군
20050445011,1,1,1,씨제이제일제당(주),식품제조가공업,충청북도,충청북도 음성군
20050445013,3,3,3,(주)보성일억조코리아,식품제조가공업,충청북도,충청북도 음성군
20050445055,5,5,5,(주)엠에이치투바이오케미칼,식품첨가물제조업,충청북도,충청북도 음성군
20050445218,2,2,2,(주)동서푸드코리아,식품제조가공업,충청북도,충청북도 음성군
20050449003,1,1,1,민들레떡,식품제조가공업,충청남도,충청남도 천안시
20050449025,20,20,18,주식회사새롬비앤에프농업회사법인,식품제조가공업,충청남도,충청남도 천안시
20050449026,1,1,1,(주)즐거운밥상,식품제조가공업,충청남도,충청남도 천안시
20050449032,2,2,2,천안옛날호두과자 본점,식품제조가공업,충청남도,충청남도 천안시
20050450038,1,1,1,주식회사호도원본점,제과점영업,충청남도,충청남도 천안시
20050456107,1,1,1,솔뫼생강한과,식품제조가공업,충청남도,충청남도 당진시
20050456315,1,1,1,종근당건강(주),식품제조가공업,충청남도,충청남도 당진시
20050458035,12,6,6,(주)보부식품,식품제조가공업,충청남도,충청남도 공주시
20050458183,1,1,1,식약동원,식품제조가공업,충청남도,충청남도 공주시
20050459037,2,2,2,대천맛김(주),식품제조가공업,충청남도,충청남도 보령시
20050459273,1,1,1,대천우리식품,식품제조가공업,충청남도,충청남도 보령시
20050461516,1,1,1,농업회사법인주원유기농주식회사,식품제조가공업,충청남도,충청남도 아산시
20050463047,1,1,1,약바위전통식품,식품제조가공업,충청남도,충청남도 서산시
20050463110,2,2,2,(주)미라지식품,식품제조가공업,충청남도,충청남도 서산시
20050464127,2,2,2,(주)삼일에프엔비,식품제조가공업,충청남도,충청남도 논산시
20050464198,8,8,8,농업회사법인주식회사 두리두리,식품제조가공업,충청남도,충청남도 논산시
20050467218,1,1,1,주안푸드,식품제조가공업,충청남도,충청남도 금산군
20050470076,1,1,1,밤뜨래 영농조합법인,식품제조가공업,충청남도,충청남도 부여군
20050471091,1,1,1,주식회사 농민식품,식품제조가공업,충청남도,충청남도 서천군
20050471173,5,5,5,농업회사법인 한생 주식회사,식품제조가공업,충청남도,충청남도 서천군
20050473049,1,1,1,농업회사법인주식회사한국흑홍삼,식품제조가공업,충청남도,충청남도 홍성군
20050475240,1,1,1,안면도농협고추가공공장,식품제조가공업,충청남도,충청남도 태안군
20050478745,2,2,2,농업회사법인 유한회사 오성식품외갓집김치,식품제조가공업,전북특별자치도,전북특별자치도 전주시
20050481336,1,1,1,(주)삼우냉동,식품제조가공업,전북특별자치도,전북특별자치도 전주시
20050481611,1,1,1,고향떡전문점,식품제조가공업,전북특별자치도,전북특별자치도 전주시
20050481640,1,1,1,주식회사강동오케익,식품제조가공업,전북특별자치도,전북특별자치도 전주시
20050484141,2,2,2,(주)대두식품,식품제조가공업,전북특별자치도,전북특별자치도 군산시
20050484243,1,1,1,유한회사 혜성식품,식품제조가공업,전북특별자치도,전북특별자치도 군산시
20050487178,1,1,1,(주)에이치엔지에프제1공장,식품제조가공업,전북특별자치도,전북특별자치도 익산시
20050490147,1,1,1,농업회사법인(주)솔티,식품제조가공업,전북특별자치도,전북특별자치도 정읍시
20050490294,1,1,1,농업회사법인(유)엘림농원식품,식품제조가공업,전북특별자치도,전북특별자치도 정읍시
20050497034,7,7,7,(주)천본,식품제조가공업,전북특별자치도,전북특별자치도 장수군
20050498010,2,2,1,주식회사 케이에스식품,식품제조가공업,전북특별자치도,전북특별자치도 임실군
20050500033,2,2,2,삼경복분자영농조합법인,식품제조가공업,전북특별자치도,전북특별자치도 고창군
20050500047,2,2,1,해풍영농조합법인,식품제조가공업,전북특별자치도,전북특별자치도 고창군
20050501075,1,1,1,내츄럴팜 영농조합법인,식품제조가공업,전북특별자치도,전북특별자치도 부안군
20050501121,5,5,5,(유)대원푸드,식품제조가공업,전북특별자치도,전북특별자치도 부안군
20050506465,3,3,3,청미래식품,식품제조가공업,전남광주통합특별시,전남광주통합특별시 여수시
20050506587,1,1,1,(유)여수바다로,식품제조가공업,전남광주통합특별시,전남광주통합특별시 여수시
20050506604,1,1,1,농업회사법인 한결(주),식품제조가공업,전남광주통합특별시,전남광주통합특별시 여수시
20050506653,2,2,2,명진식품,식품제조가공업,전남광주통합특별시,전남광주통합특별시 여수시
20050518017,4,4,4,서광식품영농조합법인,식품제조가공업,전남광주통합특별시,전남광주통합특별시 고흥군
20050523021,1,1,1,감로식품영어조합법인,식품제조가공업,전남광주통합특별시,전남광주통합특별시 해남군
20050523039,1,1,1,두미원,식품제조가공업,전남광주통합특별시,전남광주통합특별시 해남군
20050523108,1,1,1,수미다정 영농조합법인,식품제조가공업,전남광주통합특별시,전남광주통합특별시 해남군
20050528016,1,1,1,대양산업 백양사휴게소 일반음식점,일반음식점,전남광주통합특별시,전남광주통합특별시 장성군
20050528021,1,1,1,대보디앤에스(주)백양사(순천)휴게소 식당,일반음식점,전남광주통합특별시,전남광주통합특별시 장성군
20050531050,1,1,1,(주)초록섬마하탑,식품제조가공업,전남광주통합특별시,전남광주통합특별시 신안군
20050533017,4,4,4,주식회사 대일씨엔에프,식품제조가공업,경상북도,경상북도 포항시
20050538095,1,1,1,(주)케이알산업 건천(상)휴게소 건천반상/옛집식당,휴게음식점,경상북도,경상북도 경주시
20050538603,2,2,2,(주)우수,식품제조가공업,경상북도,경상북도 경주시
20050538661,2,2,2,(주)천호에프에스,식품제조가공업,경상북도,경상북도 경주시
20050543013,1,1,1,하나농산,식품제조가공업,경상북도,경상북도 안동시
20050543125,1,1,1,(주)안동양반간고등어,식품제조가공업,경상북도,경상북도 안동시
20050543208,4,4,4,안동청해종합식품,식품제조가공업,경상북도,경상북도 안동시
20050548930,1,1,1,(주)아워홈,식품제조가공업,경상북도,경상북도 구미시
20050554071,2,2,2,풍기인삼마을제조창,식품제조가공업,경상북도,경상북도 영주시
20050554092,1,1,1,순흥기지떡,식품제조가공업,경상북도,경상북도 영주시
20050554176,2,2,2,풍기제일홍삼원,식품제조가공업,경상북도,경상북도 영주시
20050555145,3,3,3,주식회사 세원푸드,식품제조가공업,경상북도,경상북도 영천시
20050555170,4,4,4,(주)별빛,식품제조가공업,경상북도,경상북도 영천시
20050555180,8,8,8,농업회사법인(주)동서웰빙,식품제조가공업,경상북도,경상북도 영천시
20050556015,1,1,1,두레원식품,식품제조가공업,경상북도,경상북도 상주시
20050556129,4,4,4,주식회사 토리식품,식품제조가공업,경상북도,경상북도 상주시
20050560470,4,4,4,(주)초록원,식품제조가공업,경상북도,경상북도 경산시
20050560527,1,1,1,(주)서원푸드,식품제조가공업,경상북도,경상북도 경산시
20050563006,5,5,5,주식회사 청아띠,식품제조가공업,경상북도,경상북도 의성군
20050563016,2,2,1,마하농원영농조합법인,식품제조가공업,경상북도,경상북도 의성군
20050566070,3,3,3,수성수산,식품제조가공업,경상북도,경상북도 영덕군
20050568034,1,1,1,한아름영농조합법인,식품제조가공업,경상북도,경상북도 고령군
20050568072,1,1,1,황용당제과,식품제조가공업,경상북도,경상북도 고령군
20050570177,1,1,1,(주)제이에프,식품제조가공업,경상북도,경상북도 칠곡군
20050573045,1,1,1,(주)미식수산,식품제조가공업,경상북도,경상북도 울진군
20050607002,5,3,3,(주)삼영데리카후레쉬,식품제조가공업,경상남도,경상남도 김해시
20050607198,1,1,1,동성식품,식품제조가공업,경상남도,경상남도 김해시
20050607722,1,1,1,동림지엔에프,식품제조가공업,경상남도,경상남도 김해시
20050612007,1,1,1,(주)풀무원푸드앤컬처 한화오션 외업복지관,위탁급식영업,경상남도,경상남도 거제시
20050612339,3,3,3,거제수협수산물종합가공공장,식품제조가공업,경상남도,경상남도 거제시
20050614136,2,2,2,양산박,식품제조가공업,경상남도,경상남도 양산시
20050614233,7,6,5,씨제이제일제당(주),식품제조가공업,경상남도,경상남도 양산시
20050614416,1,1,1,양산상휴게소-커피코너,휴게음식점,경상남도,경상남도 양산시
20050617088,7,7,7,(주)사조대림 칠서공장,식품제조가공업,경상남도,경상남도 함안군
20050618008,1,1,1,영농조합법인 창녕도리원,식품제조가공업,경상남도,경상남도 창녕군
20050618037,5,5,5,성심마스타푸드,식품제조가공업,경상남도,경상남도 창녕군
20050618110,1,1,1,소원농산,식품제조가공업,경상남도,경상남도 창녕군
20050621066,1,1,1,강변할매재첩,식품제조가공업,경상남도,경상남도 하동군
20050621075,2,2,2,하동녹차찐빵,식품제조가공업,경상남도,경상남도 하동군
20050623005,2,1,1,허브앤티,식품제조가공업,경상남도,경상남도 함양군
20050623056,4,3,3,화신영농조합법인,식품제조가공업,경상남도,경상남도 함양군
20050623068,3,3,3,천령식품,식품제조가공업,경상남도,경상남도 함양군
20050624013,1,1,1,대상(주)거창공장,식품제조가공업,경상남도,경상남도 거창군
20050624039,1,1,1,덕유농산영농조합법인,식품제조가공업,경상남도,경상남도 거창군
20050627834,1,1,1,영농조합법인산새미,식품제조가공업,제주특별자치도,제주특별자치도 제주시
20050627999,1,1,1,주식회사순이김치,식품제조가공업,제주특별자치도,제주특별자치도 제주시
20050631331,2,2,2,제주과랑,식품제조가공업,제주특별자치도,제주특별자치도 서귀포시
20060015020,16,8,8,㈜국순당,식품제조가공업(주류),강원특별자치도,강원특별자치도 횡성군
20060036039,4,2,1,히즈스쿱 젤라또(Hisscoop Gelato),식품제조가공업,서울특별시,서울특별시 송파구
20060039359,2,1,1,주식회사 농부,식품제조가공업,경기도,경기도 구리시
20060039663,9,3,3,신일식품,식품제조가공업,서울특별시,서울특별시 중랑구
20060046467,2,2,2,더맛식품(주),식품제조가공업,서울특별시,서울특별시 중랑구
20060059022,1,1,1,해맑음보호작업시설,식품제조가공업,서울특별시,서울특별시 노원구
20060080898,1,1,1,(주)거산하북교역,식품제조가공업,서울특별시,서울특별시 구로구
20060087236,2,1,1,미랜드 산업,식품제조가공업,경기도,경기도 광명시
20060091133,2,2,2,(주)굿모닝씨푸드,식품제조가공업,서울특별시,서울특별시 동작구
20060091321,1,1,1,용진제과,식품제조가공업,서울특별시,서울특별시 동작구
20060099466,2,1,1,(주)레드캡 공장,식품제조가공업,서울특별시,서울특별시 서초구
20060115292,8,4,3,(주)왕성수산,식품제조가공업,경기도,경기도 용인시
20060128233,1,1,1,성진수산(주),식품제조가공업,부산광역시,부산광역시 서구
20060144056,4,4,3,알짜푸드,식품제조가공업,부산광역시,부산광역시 사하구
20060144313,4,4,4,태흥수산,식품제조가공업,부산광역시,부산광역시 사하구
20060144339,4,4,4,세양수산(주),식품제조가공업,부산광역시,부산광역시 사하구
20060144377,4,4,4,주식회사 유림수산,식품제조가공업,부산광역시,부산광역시 사하구
20060144509,2,2,2,고래푸드,식품제조가공업,부산광역시,부산광역시 사하구
20060144523,2,2,2,(주)대림씨푸드,식품제조가공업,부산광역시,부산광역시 사하구
20060147396,6,3,3,주식회사 굿앤푸드,식품제조가공업,경상남도,경상남도 양산시
20060147398,2,2,2,세화씨푸드(주),식품제조가공업,부산광역시,부산광역시 금정구
20060149142,1,1,1,그대로팜스,식품제조가공업,부산광역시,부산광역시 강서구
20060152213,1,1,1,(주)청담식품,식품제조가공업,부산광역시,부산광역시 수영구
20060154201,1,1,1,금강식품,식품제조가공업,부산광역시,부산광역시 사상구
20060154379,1,1,1,코린씨푸드,식품제조가공업,부산광역시,부산광역시 사상구
20060156096,3,3,3,길식품,식품제조가공업,부산광역시,부산광역시 기장군
20060156147,2,2,2,맛쿵,식품제조가공업,부산광역시,부산광역시 기장군
20060163493,1,1,1,(주)푸드델,식품제조가공업,대구광역시,대구광역시 서구
20060168871,1,1,1,영광식품,식품제조가공업,대구광역시,대구광역시 북구
20060181266,1,1,1,(주)파리크라상,식품제조가공업,대구광역시,대구광역시 달서구
20060188160,1,1,1,(주)궁전방,식품제조가공업,대구광역시,대구광역시 달성군
20060199110,2,1,1,부산식품,식품제조가공업,인천광역시,인천광역시 남동구
20060208038,3,3,3,농업회사법인 새싹주식회사,식품제조가공업,인천광역시,인천광역시 검단구
20060208332,1,1,1,(주)밥상푸드,식품제조가공업,인천광역시,인천광역시 서해구
20060208376,1,1,1,주식회사 백암식품,식품제조가공업,인천광역시,인천광역시 서해구
20060208443,2,2,2,대영식품,식품제조가공업,인천광역시,인천광역시 서해구
20060211034,4,4,4,농업회사법인(주)콩세알,식품제조가공업,인천광역시,인천광역시 강화군
20060214100,2,2,2,(주)태강씨푸드,식품제조가공업,전남광주통합특별시,전남광주통합특별시 동구
20060221038,4,2,2,주식회사대박산업식품,식품제조가공업,전남광주통합특별시,전남광주통합특별시 광산구
20060221601,1,1,1,(유)자미푸드,식품제조가공업,전남광주통합특별시,전남광주통합특별시 북구
20060227040,5,5,3,(주)흰누리,식품제조가공업,전남광주통합특별시,전남광주통합특별시 광산구
20060227772,1,1,1,주식회사시루연,식품제조가공업,전남광주통합특별시,전남광주통합특별시 광산구
20060227786,1,1,1,참새방,식품제조가공업,전남광주통합특별시,전남광주통합특별시 광산구
20060231278,4,4,4,(주)청복,식품제조가공업,대전광역시,대전광역시 동구
20060242364,1,1,1,왕가식품,식품제조가공업,대전광역시,대전광역시 대덕구
20060242376,2,2,2,(주)크라운제과,식품제조가공업,대전광역시,대전광역시 대덕구
20060242385,2,2,2,주식회사남호현씨푸드,식품제조가공업,대전광역시,대전광역시 대덕구
20060257026,5,5,5,주식회사 삼립 세종공장,식품제조가공업,세종특별자치시,세종특별자치시
20060257044,2,2,2,일오삼식품영농조합법인,식품제조가공업,세종특별자치시,세종특별자치시
20060257093,2,2,1,한씨떡집,식품제조가공업,세종특별자치시,세종특별자치시
20060263057,6,3,3,(주)로젠치즈앤푸드,식품제조가공업,경기도,경기도 용인시
20060263068,1,1,1,백산식품,식품제조가공업,경기도,경기도 수원시
20060263163,1,1,1,산타푸드,식품제조가공업,경기도,경기도 수원시
20060263235,1,1,1,충남떡집,식품제조가공업,경기도,경기도 수원시
20060263614,1,1,1,주칭푸드,식품제조가공업,경기도,경기도 수원시
20060275050,1,1,1,(주)미상식품,식품제조가공업,경기도,경기도 성남시
20060275157,1,1,1,성남만남지역자활쎈터,식품제조가공업,경기도,경기도 성남시
20060288133,2,2,2,수성종합식품,식품제조가공업,경기도,경기도 안양시
20060294176,1,1,1,(주)앤디케이식품,식품제조가공업,경기도,경기도 부천시
20060294346,1,1,1,주식회사이오에스 행복도시락,식품제조가공업,경기도,경기도 부천시
20060294602,2,1,1,(주)서울푸드시스템,식품제조가공업,인천광역시,인천광역시 남동구
20060294604,1,1,1,온누리식품 주식회사,식품제조가공업,경기도,경기도 부천시
20060309020,1,1,1,농업회사법인주식회사오병이어식품,식품제조가공업,경기도,경기도 평택시
20060309134,3,3,3,항아리종합식품,식품제조가공업,경기도,경기도 평택시
20060309187,2,1,1,풀초롱식품,식품제조가공업,경기도,경기도 평택시
20060309260,1,1,1,주식회사 두잇식품소재,식품제조가공업,경기도,경기도 평택시
20060310095,2,2,2,성공식품,식품제조가공업,경기도,경기도 동두천시
20060311155,2,1,1,경기식품,식품제조가공업,경기도,경기도 안산시
20060311274,1,1,1,케익타르트,식품제조가공업,경기도,경기도 안산시
20060311337,1,1,1,(주) 대원식품,식품제조가공업,경기도,경기도 안산시
20060311385,1,1,1,(주)에스푸드코리아,식품제조가공업,경기도,경기도 안산시
20060320339,4,4,4,(주)뜨레봄,식품제조가공업,경기도,경기도 고양시
20060320379,3,3,3,두그린씨푸드,식품제조가공업,경기도,경기도 고양시
20060320399,1,1,1,(주)케이미트솔루션,식품제조가공업,경기도,경기도 고양시
20060320569,6,3,3,주식회사 삼시푸드,식품제조가공업,경기도,경기도 파주시
20060332062,1,1,1,대양식품,식품제조가공업,경기도,경기도 남양주시
20060332367,4,4,4,(주) 신화에프에스,식품제조가공업,경기도,경기도 남양주시
20060332897,1,1,1,초례청,식품제조가공업,경기도,경기도 남양주시
20060338050,1,1,1,동서유지(주)시화공장,식품제조가공업,경기도,경기도 시흥시
20060342156,1,1,1,에이피알,식품제조가공업,경기도,경기도 군포시
20060342222,2,1,1,코리아식품 주식회사,식품제조가공업,경기도,경기도 화성시
20060345131,1,1,1,주식회사 대양식품,식품제조가공업,경기도,경기도 하남시
20060345328,8,4,3,부경수산주식회사,식품제조가공업,경기도,경기도 광주시
20060347010,3,3,3,(주)맑은터,식품제조가공업,경기도,경기도 용인시
20060347030,2,2,2,(주)소스텍,식품제조가공업,경기도,경기도 용인시
20060347041,5,5,3,주식회사 티젠,식품제조가공업,경기도,경기도 용인시
20060347063,1,1,1,농업회사법인 형제비앤에스(주),식품제조가공업,경기도,경기도 용인시
20060347161,2,2,2,(주)아워홈,식품제조가공업,경기도,경기도 용인시
20060355034,1,1,1,파주디엠지양봉영농조합,식품소분업,경기도,경기도 파주시
20060355036,2,2,2,JC푸드팜,식품제조가공업,경기도,경기도 파주시
20060355162,1,1,1,(주)오에프지,식품제조가공업,경기도,경기도 파주시
20060355250,3,3,3,(주)한양에프앤비,식품제조가공업,경기도,경기도 파주시
20060355531,11,11,9,티지에프 주식회사,식품제조가공업,경기도,경기도 파주시
20060358055,2,2,2,(주)만천네이처푸드,식품제조가공업,경기도,경기도 이천시
20060358197,5,5,4,주식회사 양명,식품제조가공업,경기도,경기도 이천시
20060358200,4,4,4,농업회사법인(주)영양F&S,식품제조가공업,경기도,경기도 이천시
20060360028,1,1,1,경희산업,식품제조가공업,경기도,경기도 안성시
20060360283,1,1,1,농업회사법인 세양(주),식품제조가공업,경기도,경기도 안성시
20060360328,2,2,2,주)한살림우리밀제과,식품제조가공업,경기도,경기도 안성시
20060362045,4,2,2,(주)민완에프에스,식품제조가공업,경기도,경기도 김포시
20060362138,7,7,7,(주)고향식품,식품제조가공업,경기도,경기도 김포시
20060362146,2,2,2,참수레식품,식품제조가공업,경기도,경기도 김포시
20060362162,1,1,1,(주)나오인터내셔널,식품제조가공업,경기도,경기도 김포시
20060362284,8,4,4,(주)한진씨푸드,식품제조가공업,경기도,경기도 김포시
20060362314,4,2,2,(주)대흥푸드,식품제조가공업,인천광역시,인천광역시 검단구
20060362343,4,4,4,영화식품(주),식품제조가공업,경기도,경기도 김포시
20060362458,3,3,3,(주)오픈스카이바이오,식품제조가공업,경기도,경기도 김포시
20060364111,2,2,2,주식회사에이앤인니푸드,식품제조가공업,경기도,경기도 화성시
20060364359,1,1,1,(주)아하그린푸드,식품제조가공업,경기도,경기도 화성시
20060364466,1,1,1,(주)청정두리,식품제조가공업,경기도,경기도 화성시
20060364634,3,3,3,농업회사법인 조은제과 주식회사,식품제조가공업,경기도,경기도 화성시
20060364705,3,3,3,주식회사 태백김치,식품제조가공업,경기도,경기도 화성시
20060364756,4,4,4,(주) 함소아 제약,식품제조가공업,경기도,경기도 화성시
20060368076,5,5,4,(주)본비반트,식품제조가공업,경기도,경기도 광주시
20060368135,4,2,2,주식회사 마크로드제과,식품제조가공업,경기도,경기도 용인시
20060368146,1,1,1,송암식품,식품제조가공업,경기도,경기도 광주시
20060368214,1,1,1,삼남매식품,식품제조가공업,경기도,경기도 광주시
20060368236,3,3,3,주식회사 에이프로,식품제조가공업,경기도,경기도 광주시
20060368342,3,3,2,(주)자양에프앤비,식품제조가공업,경기도,경기도 광주시
20060368351,1,1,1,(주)성연지에프,식품제조가공업,경기도,경기도 광주시
20060370204,2,2,2,노블,식품제조가공업,경기도,경기도 양주시
20060370365,1,1,1,주식회사 빨라쪼,식품제조가공업,경기도,경기도 양주시
20060372104,1,1,1,포천인삼영농조합법인,식품제조가공업,경기도,경기도 포천시
20060372116,2,1,1,한일건업,식품제조가공업,강원특별자치도,강원특별자치도 속초시
20060372139,2,2,1,주식회사 삼덕푸드,식품제조가공업,경기도,경기도 포천시
20060372226,1,1,1,(주)로지스랩,식품제조가공업,경기도,경기도 포천시
20060372259,1,1,1,(주)다온푸드,식품제조가공업,경기도,경기도 포천시
20060372311,1,1,1,일우식품(주),식품제조가공업,경기도,경기도 포천시
20060372438,13,13,12,(주)꽃샘식품,식품제조가공업,경기도,경기도 포천시
20060375174,1,1,1,(주)은산푸드,식품제조가공업,경기도,경기도 여주시
20060375175,1,1,1,(주)은산푸드,식품소분업,경기도,경기도 여주시
20060376026,3,3,3,열두개울버섯마을,식품제조가공업,경기도,경기도 연천군
20060377099,1,1,1,가평운악산포도과즙음료영농조합,식품제조가공업,경기도,경기도 가평군
20060378035,3,3,3,웰보 H&F,식품제조가공업,경기도,경기도 양평군
20060378122,2,2,2,농업회사법인 리뉴얼라이프(주),식품제조가공업,경기도,경기도 양평군
20060380330,1,1,1,소당식품,식품제조가공업,강원특별자치도,강원특별자치도 춘천시
20060383211,1,1,1,동광농산,식품제조가공업,강원특별자치도,강원특별자치도 원주시
20060383323,4,2,2,행복한 건강빵,식품제조가공업,충청북도,충청북도 충주시
20060383550,1,1,1,농업회사법인 김채주식회사,식품제조가공업,강원특별자치도,강원특별자치도 원주시
20060386018,1,1,1,강릉국수공장,식품제조가공업,강원특별자치도,강원특별자치도 강릉시
20060386058,1,1,1,강릉우리국수공장,식품제조가공업,강원특별자치도,강원특별자치도 강릉시
20060389022,3,3,3,(주)한바다,식품제조가공업,강원특별자치도,강원특별자치도 동해시
20060392118,8,8,8,(주)정이푸드빌,식품제조가공업,강원특별자치도,강원특별자치도 속초시
20060392223,6,3,3,네오팜,식품제조가공업,강원특별자치도,강원특별자치도 속초시
20060393007,1,1,1,공주떡집,식품제조가공업,강원특별자치도,강원특별자치도 삼척시
20060393173,1,1,1,육백산포도영농조합법인,식품제조가공업,강원특별자치도,강원특별자치도 삼척시
20060394112,4,4,4,(주)삼진GNF,식품제조가공업,강원특별자치도,강원특별자치도 홍천군
20060396013,15,15,15,주식회사 대웅생명과학,식품제조가공업,강원특별자치도,강원특별자치도 영월군
20060399020,2,2,2,동광푸드,식품제조가공업,강원특별자치도,강원특별자치도 철원군
20060403049,1,1,1,(주)차인유통,식품제조가공업,강원특별자치도,강원특별자치도 고성군
20060415215,6,6,6,주식회사 노바렉스 2공장,식품제조가공업,충청북도,충청북도 청주시
20060415234,3,3,3,청주골김치,식품제조가공업,충청북도,충청북도 청주시
20060433044,2,2,2,가온,식품제조가공업,충청북도,충청북도 충주시
20060433211,1,1,1,동궁한과,식품제조가공업,충청북도,충청북도 충주시
20060435102,2,2,2,동해그린피쉬,식품제조가공업,충청북도,충청북도 제천시
20060435146,4,4,4,주식회사 태성김치,식품제조가공업,충청북도,충청북도 제천시
20060439008,1,1,1,형제제과,식품제조가공업,충청북도,충청북도 보은군
20060440105,5,5,5,농업회사법인(주)금호식품 옥천2공장,식품제조가공업,충청북도,충청북도 옥천군
20060442059,3,3,2,롯데웰푸드(주),식품제조가공업,충청북도,충청북도 증평군
20060443094,1,1,1,농업회사법인 주식회사 지엔에이치,식품제조가공업,충청북도,충청북도 진천군
20060443095,2,2,2,씨제이제일제당(주),식품제조가공업,충청북도,충청북도 진천군
20060443127,3,3,3,농업회사법인(주)다올농산푸드 2공장,식품제조가공업,충청북도,충청북도 진천군
20060444007,4,2,2,신선나또(주),식품제조가공업,충청북도,충청북도 괴산군
20060445009,8,2,2,(주)에이원카프,식품제조가공업,충청북도,충청북도 음성군
20060445091,1,1,1,㈜푸드웰에프앤에스,식품제조가공업,충청북도,충청북도 음성군
20060445110,13,13,13,콜마비앤에이치(주) 음성공장,식품제조가공업,충청북도,충청북도 음성군
20060445116,4,4,3,케이제이기업(주) 오월의김치,식품제조가공업,충청북도,충청북도 음성군
20060445194,25,25,24,(주)이가자연면,식품제조가공업,충청북도,충청북도 음성군
20060445211,2,2,2,(주)맑은식품,식품제조가공업,충청북도,충청북도 음성군
20060445219,35,34,32,(주)아워홈,식품제조가공업,충청북도,충청북도 음성군
20060449009,1,1,1,(주)리치빔천안공장,식품제조가공업,충청남도,충청남도 천안시
20060449026,2,2,2,(주)토담,식품제조가공업,충청남도,충청남도 천안시
20060456052,3,3,3,농업회사법인제이엠미트당진지점,식품제조가공업,충청남도,충청남도 당진시
20060456325,2,2,2,올리고마을영농조합법인,식품제조가공업,충청남도,충청남도 당진시
20060458039,2,2,2,공주식품,식품제조가공업,충청남도,충청남도 공주시
20060459041,10,5,5,에프엔바이오(주),식품제조가공업,충청남도,충청남도 서산시
20060459154,2,2,2,대광수산맛김,식품제조가공업,충청남도,충청남도 보령시
20060461020,11,11,11,매일유업(주)아산공장,식품제조가공업,충청남도,충청남도 아산시
20060461032,1,1,1,(주)허밍아비스,식품소분업,충청남도,충청남도 아산시
20060463001,2,2,2,정동식품,식품제조가공업,충청남도,충청남도 서산시
20060463142,8,8,7,(주)그린2공장,식품제조가공업,충청남도,충청남도 서산시
20060463191,1,1,1,서산큰집생강한과,식품제조가공업,충청남도,충청남도 서산시
20060463222,3,3,3,푸른들 영농조합,식품제조가공업,충청남도,충청남도 서산시
20060463227,1,1,1,(주)서산생강한과 영이식품,식품제조가공업,충청남도,충청남도 서산시
20060464002,15,15,9,(주)건강마을,식품제조가공업,충청남도,충청남도 논산시
20060464021,17,17,15,주식회사 대상다이브스,식품제조가공업,충청남도,충청남도 논산시
20060464064,1,1,1,농업회사법인 주식회사 맥향,식품제조가공업,충청남도,충청남도 논산시
20060464077,1,1,1,주식회사썬푸드,식품제조가공업,충청남도,충청남도 논산시
20060467010,3,3,3,홍삼천하,식품제조가공업,충청남도,충청남도 금산군
20060467018,1,1,1,(주)유엔아이,식품제조가공업,충청남도,충청남도 금산군
20060467100,2,2,2,삼신고려홍삼(주),식품제조가공업,충청남도,충청남도 금산군
20060467141,3,3,3,명가에프씨,식품제조가공업,충청남도,충청남도 금산군
20060467223,4,4,4,홍도고려홍삼공사,식품제조가공업,충청남도,충청남도 금산군
20060467265,6,6,6,향토농산홍삼사업부,식품제조가공업,충청남도,충청남도 금산군
20060471148,5,5,5,(주)우양,식품제조가공업,충청남도,충청남도 서천군
20060471160,3,3,2,서천해의 어업회사법인(주),식품제조가공업,충청남도,충청남도 서천군
20060473048,4,4,2,영어조합법인 태경식품,식품제조가공업,충청남도,충청남도 홍성군
20060473147,2,2,2,(주)별식품,식품제조가공업,충청남도,충청남도 홍성군
20060478188,1,1,1,떡사랑컴(Com),식품제조가공업,전북특별자치도,전북특별자치도 전주시
20060478530,1,1,1,평화제과,식품제조가공업,전북특별자치도,전북특별자치도 전주시
20060487086,1,1,1,계수나무떡,식품제조가공업,전북특별자치도,전북특별자치도 익산시
20060487596,2,1,1,농업회사법인 주식회사 세인식품,식품제조가공업,전북특별자치도,전북특별자치도 익산시
20060490026,8,8,8,주식회사 산마루,식품제조가공업,전북특별자치도,전북특별자치도 정읍시
20060492058,2,2,2,농업회사법인 주식회사 남원에프앤비,식품제조가공업,전북특별자치도,전북특별자치도 남원시
20060494136,8,4,4,다복솔식품,식품제조가공업,전북특별자치도,전북특별자치도 김제시
20060495023,1,1,1,정희고려홍삼,식품제조가공업,전북특별자치도,전북특별자치도 진안군
20060497004,3,3,3,장수도깨비동굴김치영농조합법인,식품제조가공업,전북특별자치도,전북특별자치도 장수군
20060499028,1,1,1,성가정식품,식품제조가공업,전북특별자치도,전북특별자치도 순창군
20060499033,1,1,1,베리앤단비 영농조합법인,식품제조가공업,전북특별자치도,전북특별자치도 순창군
20060500017,2,1,1,케이푸드테크(주),식품제조가공업,대구광역시,대구광역시 달성군
20060500035,2,2,2,고창농협복분자가공사업소,식품제조가공업,전북특별자치도,전북특별자치도 고창군
20060500057,5,5,5,선운산농업협동조합,식품제조가공업,전북특별자치도,전북특별자치도 고창군
20060506497,3,3,3,(주)여수명가,식품제조가공업,전남광주통합특별시,전남광주통합특별시 여수시
20060506587,2,2,2,동백식품,식품제조가공업,전남광주통합특별시,전남광주통합특별시 여수시
20060506724,4,4,4,영어조합법인 서풍,식품제조가공업,전남광주통합특별시,전남광주통합특별시 여수시
20060509421,1,1,1,덕동원영농조합법인,식품제조가공업,전남광주통합특별시,전남광주통합특별시 순천시
20060512128,7,7,7,좋은영농조합법인,식품제조가공업,전남광주통합특별시,전남광주통합특별시 나주시
20060515035,4,4,4,(주)에스디씨,식품제조가공업,전남광주통합특별시,전남광주통합특별시 담양군
20060515059,2,2,1,(유)난타5000,식품제조가공업,전남광주통합특별시,전남광주통합특별시 담양군
20060517003,1,1,1,노고명품2,식품제조가공업,전남광주통합특별시,전남광주통합특별시 구례군
20060520023,1,1,1,힐링심은푸드원,식품제조가공업,전남광주통합특별시,전남광주통합특별시 화순군
20060522030,2,2,2,천지해영어조합법인,식품제조가공업,전남광주통합특별시,전남광주통합특별시 강진군
20060524019,1,1,1,친환경기영농조합법인,식품제조가공업,전남광주통합특별시,전남광주통합특별시 영암군
20060525092,5,5,2,황토랑양파즙 영농조합법인,식품제조가공업,전남광주통합특별시,전남광주통합특별시 무안군
20060525094,1,1,1,몽탄우리농산영농조합법인,식품제조가공업,전남광주통합특별시,전남광주통합특별시 무안군
20060526024,4,4,3,중원식품,식품제조가공업,전남광주통합특별시,전남광주통합특별시 함평군
20060528065,2,2,2,(주)농업회사법인 상남자식품,식품제조가공업,전남광주통합특별시,전남광주통합특별시 장성군
20060529073,1,1,1,(주)해림후코이단,식품제조가공업,전남광주통합특별시,전남광주통합특별시 완도군
20060533024,1,1,1,원조동아식품,식품제조가공업,경상북도,경상북도 포항시
20060533097,2,2,1,대한노년자원봉사회 복도시락,식품제조가공업,경상북도,경상북도 포항시
20060533131,1,1,1,효자종합식품(주),식품제조가공업,경상북도,경상북도 포항시
20060533141,4,4,3,해봉수산(주),식품제조가공업,경상북도,경상북도 포항시
20060533152,3,3,3,햇살식품,식품제조가공업,경상북도,경상북도 포항시
20060538146,1,1,1,다미방푸드,식품제조가공업,경상북도,경상북도 경주시
20060538558,1,1,1,주)신라명가,식품제조가공업,경상북도,경상북도 경주시
20060543022,1,1,1,안동(하)휴게소 커피전문점,휴게음식점,경상북도,경상북도 안동시
20060548766,2,2,2,(주)제이더블유푸드,식품제조가공업,경상북도,경상북도 구미시
20060554121,1,1,1,풍기한림홍삼원,식품제조가공업,경상북도,경상북도 영주시
20060554133,1,1,1,풍기인삼제조원,식품제조가공업,경상북도,경상북도 영주시
20060554235,6,3,3,농업회사법인(주)삼앤삶,식품제조가공업,경상북도,경상북도 안동시
20060554266,3,3,3,영농조합법인순우리인삼,식품제조가공업,경상북도,경상북도 영주시
20060556132,1,1,1,(주)하늘마당,식품제조가공업,경상북도,경상북도 상주시
20060558070,1,1,1,문경시농업기술센터,식품제조가공업,경상북도,경상북도 문경시
20060560325,1,1,1,주식회사 에프앤디 함께하는 사람들,식품제조가공업,경상북도,경상북도 경산시
20060562016,1,1,1,삼성식품,식품제조가공업,대구광역시,대구광역시 군위군
20060565013,1,1,1,영양고추유통공사,식품제조가공업,경상북도,경상북도 영양군
20060570122,4,2,2,주식회사 새한식품,식품제조가공업,경상북도,경상북도 칠곡군
20060571007,2,2,2,초산정,식품제조가공업,경상북도,경상북도 예천군
20060599014,1,1,1,웅천농협고춧가루공장,식품제조가공업,경상남도,경상남도 창원시
20060601370,1,1,1,진주우엉마영농조합법인,식품제조가공업,경상남도,경상남도 진주시
20060601486,2,1,1,진양푸드,식품제조가공업,경상남도,경상남도 진주시
20060601546,1,1,1,(주)다인명가,식품제조가공업,경상남도,경상남도 진주시
20060606020,2,2,2,(주)다미원,식품제조가공업,경상남도,경상남도 사천시
20060607139,1,1,1,한울식품,식품제조가공업,경상남도,경상남도 김해시
20060607798,1,1,1,주식회사 유기농산,식품제조가공업,경상남도,경상남도 김해시
20060614131,2,1,1,(주)에이치씨글로벌,식품제조가공업,경상남도,경상남도 양산시
20060617049,2,2,2,농업회사법인 주식회사 아라리농산,식품제조가공업,경상남도,경상남도 함안군
20060617062,3,3,3,(주)한국에이요,식품제조가공업,경상남도,경상남도 함안군
20060622020,11,11,10,(주)신선에프앤브이,식품제조가공업,경상남도,경상남도 산청군
20060622028,1,1,1,(주)아이스올리,식품제조가공업,경상남도,경상남도 산청군
20060623003,2,2,2,(주)지산식품,식품제조가공업,경상남도,경상남도 함양군
20060623011,1,1,1,함양군 철갑상어 영어조합,식품제조가공업,경상남도,경상남도 함양군
20060623029,2,2,2,운림농원,식품제조가공업,경상남도,경상남도 함양군
20060623072,2,2,2,지리산우리밀영농조합법인,식품제조가공업,경상남도,경상남도 함양군
20060624012,6,4,5,서울우유협동조합거창공장,식품제조가공업,경상남도,경상남도 거창군
20060627055,3,3,3,(주) 삼다,식품제조가공업,제주특별자치도,제주특별자치도 제주시
20060627106,4,4,3,주식회사시트리아,식품제조가공업,제주특별자치도,제주특별자치도 제주시
20060627783,2,2,2,제주시수산업협동조합,식품제조가공업,제주특별자치도,제주특별자치도 제주시
20060628206,4,2,2,영어조합법인올레바당,식품제조가공업,제주특별자치도,제주특별자치도 제주시
20060631253,1,1,1,서울떡집,식품제조가공업,제주특별자치도,제주특별자치도 서귀포시
20070036284,2,2,2,(주)동빙고,식품제조가공업,서울특별시,서울특별시 성동구
20070039488,2,1,1,주식회사 수향,식품제조가공업,경기도,경기도 구리시
20070042122,4,2,2,파티쉐 봉(Patissier Bong),식품제조가공업,서울특별시,서울특별시 동대문구
20070042225,2,1,1,미송식품,식품소분업,서울특별시,서울특별시 동대문구
20070042701,4,2,2,주식회사 영인제과,식품제조가공업,경기도,경기도 성남시
20070046081,2,2,2,(주)메이크플랜,식품제조가공업,서울특별시,서울특별시 중랑구
20070046653,4,2,2,텔푸드,식품제조가공업,경기도,경기도 남양주시
20070056544,34,17,15,농업회사법인(주)승화푸드,식품제조가공업,경기도,경기도 포천시
20070069126,2,1,1,마망갸또 1공장,식품제조가공업,서울특별시,서울특별시 금천구
20070069806,2,1,1,(주)에프씨웍스,식품제조가공업,경기도,경기도 고양시
20070070086,1,1,1,대한식품,식품제조가공업,서울특별시,서울특별시 마포구
20070073608,1,1,1,월드식품,식품제조가공업,서울특별시,서울특별시 양천구
20070076804,2,1,1,장수웰빙식혜,식품제조가공업,서울특별시,서울특별시 강서구
20070094010,4,2,2,헐레벌떡,식품제조가공업,서울특별시,서울특별시 관악구
20070107049,1,1,1,삼성웰스토리(주)삼성서울병원암병원,위탁급식영업,서울특별시,서울특별시 강남구
20070115162,1,1,1,지선종합식품,식품제조가공업,서울특별시,서울특별시 송파구
20070115294,2,2,2,다원물산,식품제조가공업,서울특별시,서울특별시 송파구
20070128085,1,1,1,우재산업 주식회사,식품제조가공업,부산광역시,부산광역시 서구
20070128307,3,3,3,(주)에스제이푸드,식품제조가공업,부산광역시,부산광역시 서구
20070134102,1,1,1,(주)메가마트동래점 바스키아,식품제조가공업,부산광역시,부산광역시 동래구
20070134115,1,1,1,두바리,식품제조가공업,부산광역시,부산광역시 동래구
20070139041,1,1,1,공앤공(Gong&Gong),식품제조가공업,부산광역시,부산광역시 북구
20070144009,1,1,1,진태식품,식품제조가공업,부산광역시,부산광역시 사하구
20070144044,2,2,2,정인수산,식품제조가공업,부산광역시,부산광역시 사하구
20070144085,1,1,1,청구수산,식품제조가공업,부산광역시,부산광역시 사하구
20070144168,1,1,1,부산식품,식품제조가공업,부산광역시,부산광역시 사하구
20070144216,2,1,1,(주)해성참치,식품제조가공업,부산광역시,부산광역시 사하구
20070144294,1,1,1,(주)만나참치,식품제조가공업,부산광역시,부산광역시 사하구
20070144311,1,1,1,주식회사 대산참치,식품제조가공업,부산광역시,부산광역시 사하구
20070144351,2,2,2,(주)신우농수산,식품제조가공업,부산광역시,부산광역시 사하구
20070144415,4,4,4,산청&바이오(SanCheong&Bio),식품제조가공업,부산광역시,부산광역시 사하구
20070147184,2,1,1,진양식품 주식회사,식품제조가공업,부산광역시,부산광역시 금정구
20070149002,2,2,2,(주)농심,식품제조가공업,부산광역시,부산광역시 강서구
20070149192,3,3,3,월드푸드,식품제조가공업,부산광역시,부산광역시 강서구
20070152316,4,4,4,(주)채목,식품제조가공업,부산광역시,부산광역시 수영구
20070154137,1,1,1,성남식품,식품제조가공업,부산광역시,부산광역시 사상구
20070154267,1,1,1,해광식품,식품제조가공업,부산광역시,부산광역시 사상구
20070154373,1,1,1,종경식품,식품제조가공업,부산광역시,부산광역시 사상구
20070156181,3,3,3,롯데웰푸드(주),식품제조가공업,부산광역시,부산광역시 기장군
20070156185,1,1,1,(주)해오름바이오,식품제조가공업,부산광역시,부산광역시 기장군
20070163046,1,1,1,(주)태극식품,식품제조가공업,대구광역시,대구광역시 서구
20070163163,1,1,1,금성,식품제조가공업,대구광역시,대구광역시 서구
20070163376,1,1,1,(주)캠퍼스,식품제조가공업,대구광역시,대구광역시 서구
20070166282,4,2,2,비네아트,식품제조가공업,대구광역시,대구광역시 남구
20070168149,1,1,1,(주)명가푸드,식품제조가공업,대구광역시,대구광역시 북구
20070168452,1,1,1,(주)성빈식품,식품제조가공업,대구광역시,대구광역시 북구
20070168685,1,1,1,두성식품,식품제조가공업,대구광역시,대구광역시 북구
20070168924,2,1,1,금송가루촌식품,식품제조가공업,경상북도,경상북도 칠곡군
20070188205,2,2,2,농업회사법인 주식회사 초록들,식품제조가공업,대구광역시,대구광역시 달성군
20070188249,2,2,1,(주)푸름원,식품제조가공업,대구광역시,대구광역시 달성군
20070199107,4,4,4,농업회사법인주식회사우리김치,식품제조가공업,인천광역시,인천광역시 남동구
20070199457,6,3,3,(주)아우레이트,식품제조가공업,인천광역시,인천광역시 남동구
20070199592,1,1,1,(주)다담,식품제조가공업,인천광역시,인천광역시 남동구
20070205409,8,4,4,(주)엘케이푸드,식품제조가공업,인천광역시,인천광역시 서해구
20070208179,2,2,2,(주)에스알씨,식품제조가공업,인천광역시,인천광역시 서해구
20070212020,1,1,1,소래바다,식품제조가공업,인천광역시,인천광역시 옹진군
20070227167,2,1,1,은성제과,식품제조가공업,전남광주통합특별시,전남광주통합특별시 담양군
20070227540,1,1,1,푸드와이 유한회사,식품제조가공업,전남광주통합특별시,전남광주통합특별시 광산구
20070233266,1,1,1,주식회사맑은아침,식품제조가공업,대전광역시,대전광역시 중구
20070236590,4,2,2,다누림,식품제조가공업,대전광역시,대전광역시 서구
20070242038,1,1,1,준훈식품,식품제조가공업,대전광역시,대전광역시 대덕구
20070242349,1,1,1,비알코리아(주)신탄진공장,식품제조가공업,대전광역시,대전광역시 대덕구
20070247459,1,1,1,울산고래떡방협동조합,식품제조가공업,울산광역시,울산광역시 남구
20070252207,1,1,1,(사)희망을키우는일터 행복을나누는도시락,식품제조가공업,울산광역시,울산광역시 동구
20070255004,1,1,1,(주)해우농수산,식품제조가공업,울산광역시,울산광역시 울주군
20070263506,2,1,1,뚜아모아,식품제조가공업,경기도,경기도 수원시
20070275069,2,1,1,(주)양지엔터프라이즈,식품제조가공업,경기도,경기도 김포시
20070275072,2,2,2,(주)엔젤식품,식품제조가공업,경기도,경기도 성남시
20070275085,8,4,4,(주)선그린,식품제조가공업,인천광역시,인천광역시 검단구
20070275090,1,1,1,대한다업(주)디티엔커피,식품제조가공업,경기도,경기도 성남시
20070275103,2,1,1,(주)비전바이오켐,식품제조가공업,충청북도,충청북도 음성군
20070275117,4,4,4,(주)조이푸드,식품제조가공업,경기도,경기도 성남시
20070275156,1,1,1,선영식품,식품제조가공업,경기도,경기도 성남시
20070275176,4,2,2,(주)카스 인 바이오,식품제조가공업,경기도,경기도 성남시
20070288141,3,3,3,유한회사 마더구스,식품제조가공업,경기도,경기도 안양시
20070294084,5,5,5,(주)조은수산,식품제조가공업,경기도,경기도 부천시
20070294146,1,1,1,고집F&B(고집에프엔비),식품제조가공업,경기도,경기도 부천시
20070294230,1,1,1,(주)엄지식품,식품제조가공업,경기도,경기도 부천시
20070294445,2,2,2,주식회사 디에스푸드,식품제조가공업,경기도,경기도 부천시
20070304040,1,1,1,영일식품,식품제조가공업,경기도,경기도 광명시
20070308005,3,3,3,유진물산,식품제조가공업,경기도,경기도 평택시
20070309126,1,1,1,(주)코아식품,식품제조가공업,경기도,경기도 평택시
20070309132,8,8,8,(주)코리아화인에프티,식품제조가공업,경기도,경기도 평택시
20070310214,1,1,1,훼미리식품,식품제조가공업,경기도,경기도 동두천시
20070311142,8,4,4,주식회사 굿모닝웰빙,식품제조가공업,경기도,경기도 화성시
20070320238,1,1,1,종로복떡방,식품제조가공업,경기도,경기도 고양시
20070320573,2,2,2,(주)굿씨드,식품제조가공업,경기도,경기도 고양시
20070320626,6,6,3,수예당,식품제조가공업,경기도,경기도 고양시
20070329022,1,1,1,(주)구스띠모 코리아,식품제조가공업,경기도,경기도 과천시
20070329077,1,1,1,(주)농업회사 법인 신금,식품제조가공업,경기도,경기도 과천시
20070330202,4,4,4,(주)조은유통,식품제조가공업,경기도,경기도 구리시
20070330231,1,1,1,(주)푸드빌,식품제조가공업,경기도,경기도 구리시
20070330356,2,1,1,청아원(주),식품제조가공업,경기도,경기도 구리시
20070332193,2,2,2,(주)담은청,식품제조가공업,경기도,경기도 남양주시
20070332404,2,2,2,주식회사 한식구,식품제조가공업,경기도,경기도 남양주시
20070332607,2,2,2,미창NFC,식품제조가공업,경기도,경기도 남양주시
20070338531,14,7,5,(주)우신에프엠,식품제조가공업,경기도,경기도 시흥시
20070338676,4,2,1,(주)떡다움,식품제조가공업,경기도,경기도 시흥시
20070342038,4,2,2,(주)이지푸드,식품제조가공업,경기도,경기도 의왕시
20070345072,1,1,1,유한회사 채미원,식품소분업,경기도,경기도 하남시
20070345119,6,3,2,주식회사 착한낙지,식품제조가공업,경기도,경기도 이천시
20070345298,6,6,6,(주)해양에프에스,식품제조가공업,경기도,경기도 하남시
20070347003,5,5,3,태진수산(주),식품제조가공업,경기도,경기도 용인시
20070347087,1,1,1,(주)푸드머스,식품냉동.냉장업,경기도,경기도 용인시
20070347112,2,2,1,에스프레소 코리아(주),식품제조가공업,경기도,경기도 용인시
20070347130,2,2,2,(주)모음,식품제조가공업,경기도,경기도 용인시
20070347147,2,1,1,(주) 대원,식품제조가공업,경기도,경기도 안성시
20070347169,1,1,1,미다솜 주식회사,식품제조가공업,경기도,경기도 용인시
20070355030,7,7,7,(주)엠디에스코리아 2공장,식품제조가공업,경기도,경기도 파주시
20070355130,1,1,1,미래제과,식품제조가공업,경기도,경기도 파주시
20070355183,2,2,2,(주)세븐틴엠코리아,식품제조가공업,경기도,경기도 파주시
20070355220,2,2,2,케익플러스 아띠애,식품제조가공업,경기도,경기도 파주시
20070355264,2,2,2,(주)엠디에스코리아 1공장,식품제조가공업,경기도,경기도 파주시
20070355307,8,8,8,(주)토스크,식품제조가공업,경기도,경기도 파주시
20070355386,1,1,1,(주)영우식품,식품제조가공업,경기도,경기도 파주시
20070355560,1,1,1,(주)코코비아,식품제조가공업,경기도,경기도 파주시
20070355900,5,5,5,(주)황소식품,식품제조가공업,경기도,경기도 파주시
20070358002,3,3,3,(주)드림,식품제조가공업,경기도,경기도 이천시
20070358060,2,2,2,주식회사 이우스푸드,식품제조가공업,경기도,경기도 이천시
20070358083,2,2,2,농업회사법인 주식회사 다경,식품제조가공업,경기도,경기도 이천시
20070358224,32,31,31,코스맥스엔비티(주),식품제조가공업,경기도,경기도 이천시
20070358262,2,2,2,(주)야미푸드,식품제조가공업,경기도,경기도 이천시
20070358265,17,17,16,주식회사 신세계푸드 이천 2공장,식품제조가공업,경기도,경기도 이천시
20070358287,2,2,2,주식회사 아스카푸드,식품제조가공업,경기도,경기도 이천시
20070358380,3,3,3,(주)선농생활,식품제조가공업,경기도,경기도 이천시
20070360037,4,4,3,송연식품 주식회사,식품제조가공업,경기도,경기도 안성시
20070360143,1,1,1,(주)두리인터내셔날,식품제조가공업,경기도,경기도 안성시
20070360163,1,1,1,디에스푸드(주),식품소분업,경기도,경기도 안성시
20070360382,1,1,1,디에스푸드(주),식품제조가공업,경기도,경기도 안성시
20070362128,2,2,2,(주)신세대푸드,식품제조가공업,경기도,경기도 김포시
20070362299,4,2,2,(주)우리식품,식품제조가공업,경기도,경기도 김포시
20070364769,1,1,1,차전에프앤비(주),식품제조가공업,경기도,경기도 화성시
20070365131,1,1,1,누리식품,식품제조가공업,경기도,경기도 화성시
20070368001,1,1,1,(주)한신식품,식품제조가공업,경기도,경기도 광주시
20070368273,2,2,1,원신푸드,식품제조가공업,경기도,경기도 광주시
20070368349,6,3,3,주식회사 영인푸드,식품제조가공업,경기도,경기도 광주시
20070370027,3,3,3,대한민국상이군경회 식품사업소 양주공장,식품제조가공업,경기도,경기도 양주시
20070370189,1,1,1,주식회사 에이치앤유푸드,식품제조가공업,경기도,경기도 양주시
20070370278,2,2,2,밀식품,식품제조가공업,경기도,경기도 양주시
20070372010,1,1,1,주식회사 진솔,식품제조가공업,경기도,경기도 포천시
20070372100,2,2,2,소문난식품,식품제조가공업,경기도,경기도 포천시
20070372286,6,6,6,엠지푸드솔루션 주식회사,식품제조가공업,경기도,경기도 포천시
20070372333,10,10,10,(주)로뎀푸드,식품제조가공업,경기도,경기도 포천시
20070372416,1,1,1,현천식품,식품제조가공업,경기도,경기도 포천시
20070375015,1,1,1,산림조합중앙회 임산물유통본부,식품제조가공업,경기도,경기도 여주시
20070375129,4,4,3,농업회사법인 한둘 주식회사,식품제조가공업,경기도,경기도 여주시
20070380138,1,1,1,농업회사법인강원양봉주식회사,식품제조가공업,강원특별자치도,강원특별자치도 춘천시
20070380141,1,1,1,농업회사법인강원양봉주식회사,식품소분업,강원특별자치도,강원특별자치도 춘천시
20070380577,2,2,2,주식회사황태종가식품,식품제조가공업,강원특별자치도,강원특별자치도 춘천시
20070383126,1,1,1,예그린식품,식품제조가공업,강원특별자치도,강원특별자치도 원주시
20070383711,2,2,2,주식회사 한길에프앤비,식품제조가공업,강원특별자치도,강원특별자치도 원주시
20070386080,1,1,1,강릉B&C,식품제조가공업,강원특별자치도,강원특별자치도 강릉시
20070386464,1,1,1,(주)웰빙엘에스,식품제조가공업,강원특별자치도,강원특별자치도 강릉시
20070391032,4,4,4,태백산채냉면영농조합법인,식품제조가공업,강원특별자치도,강원특별자치도 태백시
20070391155,15,15,15,(주)해마,식품제조가공업,강원특별자치도,강원특별자치도 태백시
20070393045,1,1,1,군자식품,식품제조가공업,강원특별자치도,강원특별자치도 삼척시
20070393142,2,2,2,오가명가영농조합,식품제조가공업,강원특별자치도,강원특별자치도 삼척시
20070395073,3,3,3,영농조합법인 텃밭,식품제조가공업,강원특별자치도,강원특별자치도 횡성군
20070395076,2,2,2,(합)햇살나눔,식품제조가공업,강원특별자치도,강원특별자치도 횡성군
20070395088,1,1,1,홍삼팜C&C,식품제조가공업,강원특별자치도,강원특별자치도 횡성군
20070397110,8,8,5,평창올푸드주식회사농업회사법인,식품제조가공업,강원특별자치도,강원특별자치도 평창군
20070398003,1,1,1,천년취떡,식품제조가공업,강원특별자치도,강원특별자치도 정선군
20070400003,1,1,1,토담 한과,식품제조가공업,강원특별자치도,강원특별자치도 화천군
20070415024,1,1,1,(주)용가마식품,식품제조가공업,충청북도,충청북도 청주시
20070415063,1,1,1,조방식품 주식회사 농업회사법인,식품제조가공업,충청북도,충청북도 청주시
20070415100,1,1,1,해사랑,식품제조가공업,충청북도,충청북도 청주시
20070415104,1,1,1,원준이네인삼밭,식품제조가공업,충청북도,충청북도 청주시
20070433105,2,2,2,소혜몰에프앤에스 주식회사,식품제조가공업,충청북도,충청북도 충주시
20070433247,1,1,1,영양제과(주),식품제조가공업,충청북도,충청북도 충주시
20070433281,1,1,1,농업회사법인(주)프라미스,식품제조가공업,충청북도,충청북도 충주시
20070433399,1,1,1,유성식품,식품제조가공업,충청북도,충청북도 충주시
20070435069,17,17,13,농업법인(주)옻가네,식품제조가공업,충청북도,충청북도 제천시
20070435176,1,1,1,(주)메디오젠 제천공장,식품제조가공업,충청북도,충청북도 제천시
20070435177,18,18,17,(주)태경식품,식품제조가공업,충청북도,충청북도 제천시
20070435187,1,1,1,(주)태경식품,식품첨가물제조업,충청북도,충청북도 제천시
20070435188,1,1,1,태양농산(주),식품제조가공업,충청북도,충청북도 제천시
20070439047,1,1,1,속리산(청주)휴게소 시루봉,일반음식점,충청북도,충청북도 보은군
20070440011,1,1,1,신영제과,식품제조가공업,충청북도,충청북도 옥천군
20070440038,1,1,1,수복식품,식품제조가공업,충청북도,충청북도 옥천군
20070440056,1,1,1,옥천떡집,식품제조가공업,충청북도,충청북도 옥천군
20070440065,2,2,2,농업회사법인 (주)창성,식품제조가공업,충청북도,충청북도 옥천군
20070440071,2,2,2,두미식품,식품제조가공업,충청북도,충청북도 옥천군
20070440079,10,10,10,(주)다원,식품제조가공업,충청북도,충청북도 옥천군
20070442064,2,2,1,농업회사법인 주식회사 에프앤피,식품제조가공업,충청북도,충청북도 증평군
20070443110,15,13,15,(주)삼양패키징광혜원공장,식품제조가공업,충청북도,충청북도 진천군
20070445019,8,8,8,(주)힘내고,식품제조가공업,충청북도,충청북도 음성군
20070445074,1,1,1,(주)대경오앤티,식품소분업,충청북도,충청북도 음성군
20070445087,3,3,3,씨케이글로벌 주식회사,식품제조가공업,충청북도,충청북도 음성군
20070445107,1,1,1,(주)맑은해오름,식품제조가공업,충청북도,충청북도 음성군
20070445189,1,1,1,(주)원플러스원,식품제조가공업,충청북도,충청북도 음성군
20070445199,2,2,2,(주)푸르샨식품,식품제조가공업,충청북도,충청북도 음성군
20070445212,1,1,1,(주)모닝후루츠,식품제조가공업,충청북도,충청북도 음성군
20070445228,1,1,1,(주)네추럴에프앤피 음성공장,식품제조가공업,충청북도,충청북도 음성군
20070445255,2,2,2,남연F&G,식품제조가공업,충청북도,충청북도 음성군
20070447040,4,4,4,농업회사법인 씨알에프앤씨주식회사,식품제조가공업,충청북도,충청북도 단양군
20070449001,4,4,4,원앤원(주),식품제조가공업,충청남도,충청남도 천안시
20070449013,3,3,3,성가네 김치,식품제조가공업,충청남도,충청남도 천안시
20070449029,2,2,2,농업회사법인양지원식품주식회사,식품제조가공업,충청남도,충청남도 천안시
20070458099,4,4,4,주식회사호수,식품제조가공업,충청남도,충청남도 공주시
20070459129,1,1,1,(주)대천우정김,식품제조가공업,충청남도,충청남도 보령시
20070461053,10,5,4,아침 주식회사,식품제조가공업,충청남도,충청남도 보령시
20070461078,2,2,2,아산유통,식품제조가공업,충청남도,충청남도 아산시
20070463028,6,6,4,김정규 자연건강 영농조합법인,식품제조가공업,충청남도,충청남도 서산시
20070464015,2,2,2,(주)해오름식품,식품제조가공업,충청남도,충청남도 논산시
20070464025,2,2,2,딤채식품,식품제조가공업,충청남도,충청남도 논산시
20070464034,11,11,8,농업회사법인 논산딸기랜드(주),식품제조가공업,충청남도,충청남도 논산시
20070464094,12,12,11,(유)삼각에프엠씨 웰빙랜드,식품제조가공업,충청남도,충청남도 논산시
20070467025,2,2,2,금산대근홍삼,식품제조가공업,충청남도,충청남도 금산군
20070467064,2,2,2,월드바이오텍,식품제조가공업,충청남도,충청남도 금산군
20070467182,3,3,3,흙내음,식품제조가공업,충청남도,충청남도 금산군
20070467202,2,2,2,농업회사법인주식회사 정성농장,식품제조가공업,충청남도,충청남도 금산군
20070467207,3,3,3,주식회사 금산몰,식품제조가공업,충청남도,충청남도 금산군
20070467210,3,3,3,장석열흑삼연구소,식품제조가공업,충청남도,충청남도 금산군
20070467216,2,2,2,주식회사지오,식품제조가공업,충청남도,충청남도 금산군
20070467221,2,2,2,인삼세계로영농조합법인,식품제조가공업,충청남도,충청남도 금산군
20070470050,1,1,1,(주)우리면,식품제조가공업,충청남도,충청남도 부여군
20070481002,2,2,1,백제민속한과,식품제조가공업,전북특별자치도,전북특별자치도 전주시
20070481057,3,3,3,(주)하서방식품,식품제조가공업,전북특별자치도,전북특별자치도 전주시
20070484339,7,7,7,옹고집영농조합법인,식품제조가공업,전북특별자치도,전북특별자치도 군산시
20070484510,3,3,3,농업회사법인 유한회사 아리울현푸드,식품제조가공업,전북특별자치도,전북특별자치도 군산시
20070487090,6,6,6,황수연전통식품 영농조합법인,식품제조가공업,전북특별자치도,전북특별자치도 익산시
20070487419,1,1,1,(주)에이치엔지에프,식품제조가공업,전북특별자치도,전북특별자치도 익산시
20070490010,1,1,1,들뫼농산,식품제조가공업,전북특별자치도,전북특별자치도 정읍시
20070490093,1,1,1,농업회사법인(주) 다원에프에스,식품제조가공업,전북특별자치도,전북특별자치도 정읍시
20070492004,2,2,2,춘향골사람들 영농조합법인,식품제조가공업,전북특별자치도,전북특별자치도 남원시
20070492031,1,1,1,지리산한봉영농조합,식품제조가공업,전북특별자치도,전북특별자치도 남원시
20070492059,2,2,2,씨제이제일제당(주)남원공장 제2공장,식품제조가공업,전북특별자치도,전북특별자치도 남원시
20070492100,3,3,3,(주)코썬바이오,식품제조가공업,전북특별자치도,전북특별자치도 남원시
20070493051,4,4,4,장보고FOOD,식품제조가공업,전북특별자치도,전북특별자치도 김제시
20070494091,1,1,1,행복한집,식품제조가공업,전북특별자치도,전북특별자치도 완주군
20070495016,2,2,2,참살이안골식품,식품제조가공업,전북특별자치도,전북특별자치도 진안군
20070495029,2,2,2,대상주식회사,식품제조가공업,전북특별자치도,전북특별자치도 진안군
20070495041,1,1,1,진안고려홍삼,식품제조가공업,전북특별자치도,전북특별자치도 진안군
20070495042,1,1,1,진안마이산(익산)휴게소-한식ㆍ양식ㆍ새집추어탕,휴게음식점,전북특별자치도,전북특별자치도 진안군
20070495043,1,1,1,진안마이산(익산)휴게소-우동·라면,휴게음식점,전북특별자치도,전북특별자치도 진안군
20070495046,1,1,1,한식,휴게음식점,전북특별자치도,전북특별자치도 진안군
20070495047,1,1,1,"용우동, 라면",휴게음식점,전북특별자치도,전북특별자치도 진안군
20070495050,1,1,1,(주)한화호텔앤드리조트진안(장수방향)휴게소,휴게음식점,전북특별자치도,전북특별자치도 진안군
20070495054,1,1,1,"(주)한화호텔앤드리조트(익산방면)휴게소-한식,놀부부대찌개",휴게음식점,전북특별자치도,전북특별자치도 진안군
20070496010,8,8,5,농업회사법인 주식회사 포렘,식품제조가공업,전북특별자치도,전북특별자치도 무주군
20070499004,1,1,1,미래식품,식품제조가공업,전북특별자치도,전북특별자치도 순창군
20070499024,1,1,1,순창고추장익는마을 영농조합법인,식품제조가공업,전북특별자치도,전북특별자치도 순창군
20070500067,2,2,2,고창복분자마을진농식품,식품제조가공업,전북특별자치도,전북특별자치도 고창군
20070500091,4,4,3,매일유업(주)상하공장,식품제조가공업,전북특별자치도,전북특별자치도 고창군
20070501028,3,3,3,농업회사법인 유한회사 슬지제빵소,식품제조가공업,전북특별자치도,전북특별자치도 부안군
20070506037,1,1,1,자연바다식품,식품제조가공업,전남광주통합특별시,전남광주통합특별시 여수시
20070506372,4,4,2,웰빙촌친환경영농조합법인,식품제조가공업,전남광주통합특별시,전남광주통합특별시 여수시
20070506487,2,2,2,신흥식품부,식품제조가공업,전남광주통합특별시,전남광주통합특별시 여수시
20070506538,3,3,3,(주)대아씨푸드,식품제조가공업,전남광주통합특별시,전남광주통합특별시 여수시
20070509112,3,3,3,세명제다영농조합법인,식품제조가공업,전남광주통합특별시,전남광주통합특별시 순천시
20070512043,2,2,2,(재) 전남바이오진흥원 그린바이오본부 식품센터,식품제조가공업,전남광주통합특별시,전남광주통합특별시 나주시
20070512070,6,6,6,농업회사법인(주)새롬한방제약식품사업부,식품제조가공업,전남광주통합특별시,전남광주통합특별시 나주시
20070512123,1,1,1,나주배돌이영농조합법인,식품제조가공업,전남광주통합특별시,전남광주통합특별시 나주시
20070512125,2,2,2,농업회사법인주식회사장수식품,식품제조가공업,전남광주통합특별시,전남광주통합특별시 나주시
20070513012,1,1,1,명진식품,식품제조가공업,전남광주통합특별시,전남광주통합특별시 광양시
20070516001,2,2,2,농업회사법인(주)미실란,식품제조가공업,전남광주통합특별시,전남광주통합특별시 곡성군
20070518041,1,1,1,농업회사법인주식회사 고흥에프앤비,식품제조가공업,전남광주통합특별시,전남광주통합특별시 고흥군
20070519017,2,2,2,농업회사법인(주)보향다원,식품제조가공업,전남광주통합특별시,전남광주통합특별시 보성군
20070520021,2,2,2,농업회사법인(주)선재전통식품,식품제조가공업,전남광주통합특별시,전남광주통합특별시 화순군
20070520079,3,3,3,농업회사법인(주)고려홍삼공사,식품제조가공업,전남광주통합특별시,전남광주통합특별시 화순군
20070524044,3,3,3,삼호농협 무화과유통센터,식품제조가공업,전남광주통합특별시,전남광주통합특별시 영암군
20070525058,1,1,1,자연나라 영농조합법인 식품,식품제조가공업,전남광주통합특별시,전남광주통합특별시 무안군
20070525059,1,1,1,다림 식품,식품제조가공업,전남광주통합특별시,전남광주통합특별시 무안군
20070526014,2,2,1,주식회사 이미라클,식품제조가공업,전남광주통합특별시,전남광주통합특별시 함평군
20070528004,1,1,1,백양사절임김치,식품제조가공업,전남광주통합특별시,전남광주통합특별시 장성군
20070530084,1,1,1,가가호직거래 영어조합법인(제1공장),식품제조가공업,전남광주통합특별시,전남광주통합특별시 진도군
20070533005,1,1,1,비학산푸드 주식회사,식품제조가공업,경상북도,경상북도 포항시
20070533017,1,1,1,햇살바다,식품제조가공업,경상북도,경상북도 포항시
20070533150,1,1,1,농업회사법인(주)해맞이빵,식품제조가공업,경상북도,경상북도 포항시
20070533218,2,2,2,영어조합법인 정원에프앤에프,식품제조가공업,경상북도,경상북도 포항시
20070533243,4,4,2,보성씨푸드,식품제조가공업,경상북도,경상북도 포항시
20070543091,1,1,1,남안동농협가공사업소,식품제조가공업,경상북도,경상북도 안동시
20070543294,1,1,1,(주)안동간고등어,식품제조가공업,경상북도,경상북도 안동시
20070554141,1,1,1,풍기진품홍삼제조원,식품제조가공업,경상북도,경상북도 영주시
20070554295,2,2,2,풍기인삼영농조합법인,식품제조가공업,경상북도,경상북도 영주시
20070555053,7,7,7,주식회사 체리푸드,식품제조가공업,경상북도,경상북도 영천시
20070556101,1,1,1,도림원 영농조합법인,식품제조가공업,경상북도,경상북도 상주시
20070556148,5,5,5,(주)케이티앤에프,식품제조가공업,경상북도,경상북도 상주시
20070556155,2,1,1,종가네국수,식품제조가공업,경상북도,경상북도 칠곡군
20070556222,1,1,1,화서(상주방향)휴게소(한.양식),일반음식점,경상북도,경상북도 상주시
20070556223,1,1,1,화서(상주방향)휴게소(분식),일반음식점,경상북도,경상북도 상주시
20070556229,1,1,1,화서(상주방향)휴게소(김밥),일반음식점,경상북도,경상북도 상주시
20070558068,2,2,2,에프앤지주식회사,식품제조가공업,경상북도,경상북도 문경시
20070558111,1,1,1,농업회사법인주식회사 한농,식품제조가공업,경상북도,경상북도 문경시
20070560220,8,4,4,우영식품,식품제조가공업,경상북도,경상북도 칠곡군
20070560292,1,1,1,"한식, 돈가스전문점, 순두부",일반음식점,경상북도,경상북도 경산시
20070560335,6,3,3,(주)디저트키친,식품제조가공업,경상북도,경상북도 영천시
20070562025,1,1,1,영농조합법인 군위찰옥수수,식품제조가공업,대구광역시,대구광역시 군위군
20070563008,2,2,2,농업회사법인주식회사 다모,식품제조가공업,경상북도,경상북도 의성군
20070563031,4,4,4,의성흑마늘영농조합법인,식품제조가공업,경상북도,경상북도 의성군
20070563047,3,3,3,대성의성마늘,식품제조가공업,경상북도,경상북도 의성군
20070566009,1,1,1,영덕농수산영어농조합법인,식품제조가공업,경상북도,경상북도 영덕군
20070568039,4,4,2,대가야,식품제조가공업,경상북도,경상북도 고령군
20070569077,1,1,1,대보유통(주)남성주참외(창원)휴게소(한식당),일반음식점,경상북도,경상북도 성주군
20070569081,1,1,1,대보유통(주)남성주참외(양평)휴게소(한식당),일반음식점,경상북도,경상북도 성주군
20070570157,1,1,1,(주)코끼리푸드,식품제조가공업,경상북도,경상북도 칠곡군
20070589428,5,5,3,농업회사법인(주)제이엠푸드,식품제조가공업,경상남도,경상남도 창원시
20070595018,5,5,5,(주)마산푸드,식품제조가공업,경상남도,경상남도 창원시
20070595206,1,1,1,(주)대영수산식품,식품제조가공업,경상남도,경상남도 창원시
20070601121,1,1,1,진주진양농협양곡사업소,식품제조가공업,경상남도,경상남도 진주시
20070604181,3,3,3,(주)통영허브수산,식품제조가공업,경상남도,경상남도 통영시
20070606294,1,1,1,주식회사올유사천와룡수,식품제조가공업,경상남도,경상남도 사천시
20070607428,4,4,4,오미식품,식품제조가공업,경상남도,경상남도 김해시
20070607940,1,1,1,제이엠,식품제조가공업,경상남도,경상남도 김해시
20070611052,1,1,1,(주)대왕,식품제조가공업,경상남도,경상남도 밀양시
20070611104,2,1,1,건식무역(주),식품제조가공업,경상남도,경상남도 밀양시
20070612012,4,4,4,알로에팜영농조합법인,식품제조가공업,경상남도,경상남도 거제시
20070614010,2,2,2,청암식품,식품제조가공업,경상남도,경상남도 양산시
20070614050,2,2,2,(주)에스엘푸드,식품제조가공업,경상남도,경상남도 양산시
20070614117,5,5,5,다산식품,식품제조가공업,경상남도,경상남도 양산시
20070614234,2,2,2,엔젤위더스,식품제조가공업,경상남도,경상남도 양산시
20070617026,8,8,8,유한책임회사 세진에프엔에스,식품제조가공업,경상남도,경상남도 함안군
20070618010,2,2,2,정원식품 해뜬날,식품제조가공업,경상남도,경상남도 창녕군
20070618027,1,1,1,농업회사법인주식회사웰빙라이프,식품제조가공업,경상남도,경상남도 창녕군
20070619069,1,1,1,한국클로렐라,식품제조가공업,경상남도,경상남도 고성군
20070620047,5,5,5,주식회사 일백,식품제조가공업,경상남도,경상남도 남해군
20070621053,1,1,1,김정문의 섬진강 재첩 주식회사 농업회사법인,식품제조가공업,경상남도,경상남도 하동군
20070621064,1,1,1,하동 참식품,식품제조가공업,경상남도,경상남도 하동군
20070623038,6,6,5,농업회사법인 (주)우리가,식품제조가공업,경상남도,경상남도 함양군
20070627420,1,1,1,(주)후레쉬서브,식품제조가공업,제주특별자치도,제주특별자치도 제주시
20070627425,2,2,2,제주일품수산,식품제조가공업,제주특별자치도,제주특별자치도 제주시
20070627436,1,1,1,한라수산,식품제조가공업,제주특별자치도,제주특별자치도 제주시
20070627455,2,2,2,어머니영농조합법인 어머니김치,식품제조가공업,제주특별자치도,제주특별자치도 제주시
20070627457,1,1,1,(주)삼다올레,식품제조가공업,제주특별자치도,제주특별자치도 제주시
20070627614,3,3,2,제주어복수산,식품제조가공업,제주특별자치도,제주특별자치도 제주시
20070627882,1,1,1,명류당,식품제조가공업,제주특별자치도,제주특별자치도 제주시
20070627907,1,1,1,태산영어조합법인,식품제조가공업,제주특별자치도,제주특별자치도 제주시
20070628101,4,4,4,(재)제주테크노파크 바이오융합센터1,식품제조가공업,제주특별자치도,제주특별자치도 제주시
20070628114,1,1,1,어업회사법인주식회사해일,식품제조가공업,제주특별자치도,제주특별자치도 제주시
20080042160,15,5,5,단비식품,식품제조가공업,서울특별시,서울특별시 동대문구
20080063120,1,1,1,(주)쁘띠에프엔비,식품제조가공업,서울특별시,서울특별시 은평구
20080063626,6,3,3,신 명동식품,식품제조가공업,서울특별시,서울특별시 은평구
20080069098,2,2,2,(주)코노니아,식품제조가공업,서울특별시,서울특별시 마포구
20080073068,12,6,3,(주)에스엘비코리아,식품제조가공업,서울특별시,서울특별시 양천구
20080084328,1,1,1,독산루,일반음식점,서울특별시,서울특별시 금천구
20080084528,4,2,2,행복한조각,식품제조가공업,경기도,경기도 고양시
20080098949,1,1,1,엘타워1(ELTOWER 1),일반음식점,서울특별시,서울특별시 서초구
20080098950,1,1,1,엘타워2(ELTOWER 2),일반음식점,서울특별시,서울특별시 서초구
20080098951,1,1,1,엘타워3(ELTOWER3),일반음식점,서울특별시,서울특별시 서초구
20080098952,1,1,1,엘타워4(ELTOWER 4),일반음식점,서울특별시,서울특별시 서초구
20080105226,1,1,1,(주)현대그린푸드강남세브란스병원환자식당,위탁급식영업,서울특별시,서울특별시 강남구
20080106558,1,1,1,명식품,식품제조가공업,서울특별시,서울특별시 강남구
20080107089,2,2,2,강남세움보호작업장,식품제조가공업,서울특별시,서울특별시 강남구
20080120279,1,1,1,성농찬,식품제조가공업,서울특별시,서울특별시 강동구
20080128017,2,2,2,(주)은하수산 암남지점,식품제조가공업,부산광역시,부산광역시 서구
20080128132,1,1,1,(주)이스턴웰스,식품제조가공업,부산광역시,부산광역시 서구
20080128242,2,2,2,쿠킹맘푸드,식품제조가공업,부산광역시,부산광역시 서구
20080131108,1,1,1,만덕네김치,식품제조가공업,부산광역시,부산광역시 부산진구
20080134345,1,1,1,영진식품,식품제조가공업,부산광역시,부산광역시 동래구
20080137270,2,2,2,한아바이오,식품제조가공업,부산광역시,부산광역시 남구
20080139363,2,2,2,이파랑김치,식품제조가공업,부산광역시,부산광역시 북구
20080141804,2,2,2,라프랑스,식품제조가공업,부산광역시,부산광역시 해운대구
20080144009,2,2,2,(주)인풍,식품제조가공업,부산광역시,부산광역시 사하구
20080144028,1,1,1,세정식품,식품제조가공업,부산광역시,부산광역시 사하구
20080144059,2,2,2,씨스카이푸드,식품제조가공업,부산광역시,부산광역시 사하구
20080144061,1,1,1,(주)타이니코퍼레이션,식품제조가공업,부산광역시,부산광역시 사하구
20080144071,2,2,2,(주)동방유통,식품제조가공업,부산광역시,부산광역시 사하구
20080144282,1,1,1,주식회사 아이원,식품제조가공업,부산광역시,부산광역시 사하구
20080144343,1,1,1,(주)와와식품,식품제조가공업,부산광역시,부산광역시 사하구
20080144374,6,6,3,코리안씨푸드 주식회사,식품제조가공업,부산광역시,부산광역시 사하구
20080144442,3,3,3,주식회사 덕우수산,식품제조가공업,부산광역시,부산광역시 사하구
20080144448,9,9,5,덕우수산,식품제조가공업,부산광역시,부산광역시 사하구
20080144485,2,2,2,남경수산,식품제조가공업,부산광역시,부산광역시 사하구
20080144501,1,1,1,(주)마린푸드,식품제조가공업,부산광역시,부산광역시 사하구
20080144592,1,1,1,주식회사 등대식품,식품제조가공업,부산광역시,부산광역시 사하구
20080147271,1,1,1,명가람,식품제조가공업,부산광역시,부산광역시 금정구
20080147316,2,2,2,상도유통주식회사,식품제조가공업,부산광역시,부산광역시 금정구
20080152322,1,1,1,누들하이,식품제조가공업,부산광역시,부산광역시 수영구
20080154184,1,1,1,효자식품,식품제조가공업,부산광역시,부산광역시 사상구
20080156018,3,3,3,(주)지이스트냉동,식품제조가공업,부산광역시,부산광역시 기장군
20080156135,1,1,1,(주)이삭에프앤비,식품제조가공업,부산광역시,부산광역시 기장군
20080156209,4,4,4,(주)아이엠피쉬,식품제조가공업,부산광역시,부산광역시 기장군
20080156229,4,4,4,(주)자연에프엔에스,식품제조가공업,부산광역시,부산광역시 기장군
20080158223,14,7,5,미팜에프앤비,식품제조가공업,경상북도,경상북도 경산시
20080160090,1,1,1,제일식품,식품제조가공업,대구광역시,대구광역시 동구
20080160438,4,4,4,영농조합법인 팔공김치,식품제조가공업,대구광역시,대구광역시 동구
20080160474,1,1,1,동해김치,식품제조가공업,대구광역시,대구광역시 동구
20080163186,2,1,1,대경식품,식품제조가공업,대구광역시,대구광역시 서구
20080168942,2,2,1,이삭푸드서비스(주),식품제조가공업,대구광역시,대구광역시 북구
20080169027,1,1,1,금호푸드,식품제조가공업,대구광역시,대구광역시 북구
20080174509,2,1,1,모담푸드,식품제조가공업,대구광역시,대구광역시 동구
20080181270,7,7,7,(재)대구테크노파크 F&B,식품제조가공업,대구광역시,대구광역시 달서구
20080188097,2,2,2,아나식품,식품제조가공업,대구광역시,대구광역시 달성군
20080188175,3,3,3,진명뉴트리션,식품제조가공업,대구광역시,대구광역시 달성군
20080197296,1,1,1,울엄마손김치,식품제조가공업,인천광역시,인천광역시 연수구
20080197423,2,2,1,한우물식품,식품제조가공업,인천광역시,인천광역시 연수구
20080199577,2,2,2,주식회사 다담푸드,식품제조가공업,인천광역시,인천광역시 남동구
20080202046,6,3,3,(주)혜진수산,식품제조가공업,인천광역시,인천광역시 검단구
20080202422,8,4,4,주식회사락컴퍼니,식품제조가공업,인천광역시,인천광역시 부평구
20080208418,1,1,1,대상식품,식품제조가공업,인천광역시,인천광역시 서해구
20080208589,6,3,3,농업회사법인 해피데이푸드(주),식품제조가공업,인천광역시,인천광역시 서해구
20080208838,2,2,2,우리푸드,식품제조가공업,인천광역시,인천광역시 서해구
20080211018,1,1,1,강화인삼농업협동조합,식품제조가공업,인천광역시,인천광역시 강화군
20080211050,3,3,3,푸른식품주식회사,식품제조가공업,인천광역시,인천광역시 강화군
20080211065,1,1,1,농업회사법인(주)팜테크,식품제조가공업,인천광역시,인천광역시 강화군
20080216333,4,4,4,(주)창희식품,식품제조가공업,전남광주통합특별시,전남광주통합특별시 서구
20080216372,1,1,1,주식회사 청해진건해산물,집단급식소 식품판매업,전남광주통합특별시,전남광주통합특별시 서구
20080219159,2,1,1,그리운 식품,식품제조가공업,전남광주통합특별시,전남광주통합특별시 남구
20080231059,3,3,3,대림종합식품,식품제조가공업,대전광역시,대전광역시 동구
20080231484,2,2,1,예안식품,식품제조가공업,대전광역시,대전광역시 동구
20080233075,3,3,3,부자농산,식품제조가공업,대전광역시,대전광역시 중구
20080236134,1,1,1,(주)공주떡집,식품제조가공업,대전광역시,대전광역시 서구
20080236521,3,3,3,(주)오김치,식품제조가공업,대전광역시,대전광역시 서구
20080240373,1,1,1,한밭식품,식품제조가공업,대전광역시,대전광역시 유성구
20080242208,1,1,1,(주)동양유통,식품제조가공업,대전광역시,대전광역시 대덕구
20080242250,1,1,1,해태제과식품(주),식품제조가공업,대전광역시,대전광역시 대덕구
20080242354,4,4,4,호천식품(주),식품제조가공업,대전광역시,대전광역시 대덕구
20080247771,4,2,2,진원F&F,식품제조가공업,울산광역시,울산광역시 남구
20080255174,3,3,3,주식회사 돈흥원 본점,식품제조가공업,울산광역시,울산광역시 울주군
20080255347,1,1,1,(주)대명바이오,식품제조가공업,울산광역시,울산광역시 울주군
20080275024,4,4,4,(주)한국축지,식품제조가공업,경기도,경기도 성남시
20080275077,4,2,2,주식회사 디에스푸드시스템,식품제조가공업,경기도,경기도 성남시
20080275107,1,1,1,(주)동우씨엔에프(제2공장),식품제조가공업,경기도,경기도 성남시
20080275137,1,1,1,다산식품,식품제조가공업,경기도,경기도 성남시
20080275163,1,1,1,하나식품,식품제조가공업,경기도,경기도 성남시
20080275213,6,6,6,(주)파티시에 김영모,식품제조가공업,경기도,경기도 성남시
20080285858,2,2,2,창조식품,식품제조가공업,경기도,경기도 의정부시
20080288289,2,1,1,(주)맥,식품제조가공업,경기도,경기도 군포시
20080294059,2,2,2,그린웰,식품제조가공업,경기도,경기도 부천시
20080294209,8,7,6,(주)자인,식품제조가공업,경기도,경기도 부천시
20080294280,4,2,2,(주)지지푸드,식품제조가공업,경기도,경기도 부천시
20080294375,8,4,4,신승식품,식품제조가공업,경기도,경기도 화성시
20080294464,3,3,3,주식회사 한바다,식품제조가공업,경기도,경기도 부천시
20080304328,2,1,1,주식회사 차오름,식품소분업,경기도,경기도 광명시
20080308157,4,4,4,(주)선양평택공장,식품제조가공업,경기도,경기도 평택시
20080309063,6,6,6,(주)삼화에프앤에프,식품제조가공업,경기도,경기도 평택시
20080309165,1,1,1,롯데웰푸드(주)포승공장,식품제조가공업,경기도,경기도 평택시
20080309220,2,2,2,디에프씨푸드주식회사,식품제조가공업,경기도,경기도 평택시
20080311269,10,5,5,(주)더본코리아 예산공장,식품제조가공업,충청남도,충청남도 예산군
20080311501,1,1,1,(주)씨암푸드,식품제조가공업,경기도,경기도 안산시
20080320042,7,7,7,팜드림(주),식품제조가공업,경기도,경기도 고양시
20080320150,1,1,1,대치떡방,식품제조가공업,경기도,경기도 고양시
20080320181,2,1,1,도우앤도우넛,식품제조가공업,경기도,경기도 파주시
20080320387,1,1,1,(주)더채움,식품제조가공업,경기도,경기도 고양시
20080320602,1,1,1,송포농산,식품제조가공업,경기도,경기도 고양시
20080330084,1,1,1,(주)풀모아,집단급식소 식품판매업,경기도,경기도 구리시
20080332180,1,1,1,주식회사 씨에이치푸드,식품제조가공업,경기도,경기도 남양주시
20080332337,2,2,2,(주)채선당 식품제조 육가공사업본부,식품제조가공업,경기도,경기도 남양주시
20080332567,2,1,1,주식회사 진선식품,식품제조가공업,경기도,경기도 남양주시
20080332594,6,6,6,(주)스위트컵,식품제조가공업,경기도,경기도 남양주시
20080336228,7,5,5,(주)후레쉬서브,식품제조가공업,경기도,경기도 오산시
20080338223,3,3,3,(주)샌드팜,식품제조가공업,경기도,경기도 시흥시
20080338374,5,5,5,해정수산주식회사,식품제조가공업,경기도,경기도 시흥시
20080338945,1,1,1,(주)고려원인삼,식품제조가공업,경기도,경기도 시흥시
20080342003,2,2,2,(주)청미식품,식품제조가공업,경기도,경기도 군포시
20080342144,2,1,1,주식회사 내츄럴스,식품제조가공업,경기도,경기도 화성시
20080342441,1,1,1,(주)푸드윈,식품제조가공업,경기도,경기도 군포시
20080344025,2,1,1,송학푸드인옥도시락,식품제조가공업,경기도,경기도 안양시
20080344124,3,3,3,수미향,식품제조가공업,경기도,경기도 의왕시
20080345045,4,2,2,주식회사 선민식품,식품제조가공업,경기도,경기도 광주시
20080345120,1,1,1,주식회사 할매맛식품,식품제조가공업,경기도,경기도 하남시
20080345236,2,2,2,하나웰니스 주식회사,식품제조가공업,경기도,경기도 하남시
20080347016,2,2,2,웬떡마을영농조합법인,식품제조가공업,경기도,경기도 용인시
20080347043,2,2,2,(주)태종에프디,식품제조가공업,경기도,경기도 용인시
20080355164,5,5,5,(주)이엔푸드,식품제조가공업,경기도,경기도 파주시
20080355836,2,2,2,(주)신흥식품,식품제조가공업,경기도,경기도 파주시
20080355861,5,5,4,세광식품(주) 제2공장,식품제조가공업,경기도,경기도 파주시
20080358119,11,11,9,(주)카파아이엔티,식품제조가공업,경기도,경기도 이천시
20080358144,1,1,1,길경영농조합법인,식품제조가공업,경기도,경기도 이천시
20080358234,2,2,2,(주)행복을 굽는 사람들,식품제조가공업,경기도,경기도 이천시
20080358277,3,3,3,서정쿠킹(주),식품제조가공업,경기도,경기도 이천시
20080358291,3,3,3,(주)미가인에프앤비,식품제조가공업,경기도,경기도 이천시
20080358314,2,2,1,(주) 선민기업,식품제조가공업,경기도,경기도 이천시
20080358366,1,1,1,도움에프앤비,식품제조가공업,경기도,경기도 이천시
20080360041,3,3,2,안성마춤농협조합공동사업법인(대덕공장),식품제조가공업,경기도,경기도 안성시
20080360126,2,2,2,주식회사 송원식품,식품제조가공업,경기도,경기도 안성시
20080360137,6,6,6,농업회사법인 무진푸드(주),식품제조가공업,경기도,경기도 안성시
20080360189,2,2,2,주식회사 아미,식품제조가공업,경기도,경기도 안성시
20080360192,2,2,2,부건에프엔비,식품제조가공업,경기도,경기도 안성시
20080360234,1,1,1,(주)해민에프앤비,식품제조가공업,경기도,경기도 안성시
20080360284,4,4,4,홈플러스 주식회사,식품제조가공업,경기도,경기도 안성시
20080360298,3,3,3,조은이식품,식품제조가공업,경기도,경기도 안성시
20080360395,1,1,1,쌀로만제과,식품제조가공업,경기도,경기도 안성시
20080362484,2,2,2,디에스에프씨(주),식품제조가공업,경기도,경기도 김포시
20080364090,1,1,1,이삭식품,식품제조가공업,경기도,경기도 화성시
20080364310,1,1,1,(주)다익,식품제조가공업,경기도,경기도 화성시
20080364332,6,6,5,가나식품(주),식품제조가공업,경기도,경기도 화성시
20080364389,1,1,1,선우푸드,식품제조가공업,경기도,경기도 화성시
20080364459,2,2,2,백설연차,식품제조가공업,경기도,경기도 화성시
20080364580,1,1,1,가미,식품제조가공업,경기도,경기도 화성시
20080364863,2,2,2,두리식품,식품제조가공업,경기도,경기도 화성시
20080364897,1,1,1,수원지구원예농협 산지유통센터,집단급식소 식품판매업,경기도,경기도 화성시
20080368034,2,2,2,주식회사 일해,식품제조가공업,경기도,경기도 광주시
20080368392,2,1,1,경기제과,식품제조가공업,경기도,경기도 광주시
20080370069,1,1,1,(주)참그린푸드,식품제조가공업,경기도,경기도 양주시
20080370234,1,1,1,주식회사 베네시아,식품제조가공업,경기도,경기도 양주시
20080370244,1,1,1,새싹원식품,식품제조가공업,경기도,경기도 양주시
20080370312,2,2,2,(주)푸드피아,식품제조가공업,경기도,경기도 양주시
20080370313,1,1,1,에스엔제이푸드,식품소분업,경기도,경기도 양주시
20080372028,1,1,1,(주)올리브,식품제조가공업,경기도,경기도 포천시
20080372049,4,4,4,한국에프앤비(주) 포천2지사,식품제조가공업,경기도,경기도 포천시
20080372085,4,4,4,백호식품,식품제조가공업,경기도,경기도 포천시
20080372194,7,7,7,효림농산영농조합법인,식품제조가공업,경기도,경기도 포천시
20080372247,1,1,1,블루밀,식품제조가공업,경기도,경기도 포천시
20080372417,6,6,6,(주)청우푸드,식품제조가공업,경기도,경기도 포천시
20080372472,6,6,3,망향식품,식품제조가공업,경기도,경기도 포천시
20080375069,4,4,3,농업회사법인 현농 주식회사,식품제조가공업,경기도,경기도 여주시
20080375174,1,1,1,테오스(TEOS),식품제조가공업,경기도,경기도 여주시
20080377130,2,2,2,주식회사 경주생약식품사업부,식품제조가공업,경기도,경기도 가평군
20080380239,18,18,17,일동후디스(주),식품제조가공업,강원특별자치도,강원특별자치도 춘천시
20080380361,8,8,8,주식회사 해밀리,식품제조가공업,강원특별자치도,강원특별자치도 춘천시
20080383749,5,5,3,(주)서강식품,식품제조가공업,강원특별자치도,강원특별자치도 원주시
20080383903,1,1,1,고려인삼주식회사,식품소분업,강원특별자치도,강원특별자치도 원주시
20080383904,5,5,5,고려인삼주식회사,식품제조가공업,강원특별자치도,강원특별자치도 원주시
20080386554,1,1,1,교산한과,식품제조가공업,강원특별자치도,강원특별자치도 강릉시
20080389009,4,2,2,주식회사 한바다,식품제조가공업,강원특별자치도,강원특별자치도 동해시
20080391131,2,2,2,주식회사 태서식품,식품제조가공업,강원특별자치도,강원특별자치도 태백시
20080392261,1,1,1,(주)청초수씨푸드,식품제조가공업,강원특별자치도,강원특별자치도 속초시
20080394073,4,4,4,산촌마을농업회사법인,식품제조가공업,강원특별자치도,강원특별자치도 홍천군
20080395007,8,8,7,주식회사 청아굿푸드,식품제조가공업,강원특별자치도,강원특별자치도 횡성군
20080395120,17,17,17,(주)서울에프엔비 횡성지점,식품제조가공업,강원특별자치도,강원특별자치도 횡성군
20080396006,3,3,2,(주)내먹,식품제조가공업,강원특별자치도,강원특별자치도 영월군
20080397019,1,1,1,대관령원예농협 절임사업소,식품제조가공업,강원특별자치도,강원특별자치도 평창군
20080398062,2,2,2,정선농협중부지점,식품제조가공업,강원특별자치도,강원특별자치도 정선군
20080399004,5,5,4,고려인삼,식품제조가공업,강원특별자치도,강원특별자치도 철원군
20080401054,1,1,1,(주)내몸애푸드,식품제조가공업,강원특별자치도,강원특별자치도 양구군
20080415085,5,5,5,(주)장충동왕족발,식품제조가공업,충청북도,충청북도 청주시
20080415099,8,8,8,주식회사 휴럼,식품제조가공업,충청북도,충청북도 청주시
20080415123,4,4,2,주식회사 해신,식품제조가공업,충청북도,충청북도 청주시
20080415128,6,4,4,농업회사법인(주) 예소담,식품제조가공업,충청북도,충청북도 청주시
20080433401,2,2,2,(주)올가니카,식품제조가공업,충청북도,충청북도 충주시
20080435168,7,7,7,(주)신영에이치에스,식품제조가공업,충청북도,충청북도 제천시
20080435169,6,6,6,(주)씨알푸드,식품제조가공업,충청북도,충청북도 제천시
20080435275,2,2,2,주식회사 비알푸드,식품제조가공업,충청북도,충청북도 제천시
20080439008,4,4,4,구록원,식품제조가공업,충청북도,충청북도 보은군
20080439024,3,3,3,영농조합법인 속리바이오텍,식품제조가공업,충청북도,충청북도 보은군
20080440010,12,6,6,주식회사모카씨엔티,식품제조가공업,대전광역시,대전광역시 대덕구
20080440019,1,1,1,(주)고추명가 참식품,식품제조가공업,충청북도,충청북도 옥천군
20080440024,2,1,1,무궁화 식품,식품제조가공업,충청북도,충청북도 옥천군
20080440065,1,1,1,(주)글로벌 푸드,식품제조가공업,충청북도,충청북도 옥천군
20080440082,8,8,8,농업회사법인 한울팜스주식회사,식품제조가공업,충청북도,충청북도 옥천군
20080442137,3,3,3,주식회사 해마루,식품제조가공업,충청북도,충청북도 증평군
20080443097,5,4,4,씨제이제일제당(주),식품제조가공업,충청북도,충청북도 진천군
20080443190,1,1,1,(주)쌍인진천공장,식품제조가공업,충청북도,충청북도 진천군
20080445030,1,1,1,사과꽃향기,식품제조가공업,충청북도,충청북도 음성군
20080445056,2,2,2,(주)예우당에프에스,식품제조가공업,충청북도,충청북도 음성군
20080445078,1,1,1,유한농산,식품제조가공업,충청북도,충청북도 음성군
20080445153,1,1,1,(주)강식품,식품제조가공업,충청북도,충청북도 음성군
20080445208,6,6,5,(주)사옹원 대소공장,식품제조가공업,충청북도,충청북도 음성군
20080445216,1,1,1,자연채영농조합법인,식품제조가공업,충청북도,충청북도 음성군
20080445218,2,2,2,(주)에그앤씨드 음성지점,식품제조가공업,충청북도,충청북도 음성군
20080445239,1,1,1,주식회사 호연푸드,식품제조가공업,충청북도,충청북도 음성군
20080449004,6,6,5,(주)금진식품,식품제조가공업,충청남도,충청남도 천안시
20080449007,1,1,1,(주)양원농장농업회사법인,식품제조가공업,충청남도,충청남도 천안시
20080449008,4,4,4,주식회사코리아홍삼공스,식품제조가공업,충청남도,충청남도 천안시
20080449021,1,1,1,(주)호도원 본점,식품제조가공업,충청남도,충청남도 천안시
20080452354,1,1,1,제이에스1,휴게음식점,충청남도,충청남도 천안시
20080452355,1,1,1,제이에스2,휴게음식점,충청남도,충청남도 천안시
20080452362,1,1,1,제이에스3,휴게음식점,충청남도,충청남도 천안시
20080456257,1,1,1,대호한과,식품제조가공업,충청남도,충청남도 당진시
20080458027,5,5,5,프레시플러스(주)공주제1공장,식품제조가공업,충청남도,충청남도 공주시
20080458028,1,1,1,영농조합법인부일식품,식품제조가공업,충청남도,충청남도 공주시
20080458091,2,1,1,보문참곳간,식품제조가공업,충청남도,충청남도 공주시
20080463145,1,1,1,농업회사법인한들찬 주식회사,식품제조가공업,충청남도,충청남도 서산시
20080463181,2,1,1,(주)대복식품,식품제조가공업,충청남도,충청남도 서산시
20080464032,2,2,2,초정식품,식품제조가공업,충청남도,충청남도 논산시
20080464045,3,3,3,김치누리(주)농업회사법인,식품제조가공업,충청남도,충청남도 논산시
20080464214,10,10,9,주식회사 세계에프엘,식품제조가공업,충청남도,충청남도 논산시
20080467022,3,3,3,(주)맛생식품지점,식품제조가공업,충청남도,충청남도 금산군
20080467036,4,4,4,심천식품,식품제조가공업,충청남도,충청남도 금산군
20080467042,6,6,6,농업회사법인 주식회사 금산인삼명가,식품제조가공업,충청남도,충청남도 금산군
20080467100,5,5,5,(주)나우랩팩토리,식품제조가공업,충청남도,충청남도 금산군
20080467130,4,4,4,고려인삼엑스포공사,식품제조가공업,충청남도,충청남도 금산군
20080467172,3,3,3,새벽마을홍삼,식품제조가공업,충청남도,충청남도 금산군
20080467208,1,1,1,중부대학교 산학협력단,식품제조가공업,충청남도,충청남도 금산군
20080472029,1,1,1,미가람 제과,식품제조가공업,충청남도,충청남도 청양군
20080473013,1,1,1,홍주 유과,식품제조가공업,충청남도,충청남도 홍성군
20080473043,4,4,3,주식회사 가온앤푸드,식품제조가공업,충청남도,충청남도 홍성군
20080473078,2,2,2,영어조합법인 광천삼원식품,식품제조가공업,충청남도,충청남도 홍성군
20080473160,3,3,2,농업회사법인 홍성풀무주식회사,식품제조가공업,충청남도,충청남도 홍성군
20080474066,1,1,1,농업회사법인 예당식품 주식회사,식품제조가공업,충청남도,충청남도 예산군
20080474073,1,1,1,(주)진경식품,식품제조가공업,충청남도,충청남도 예산군
20080481290,2,2,2,코비스,식품제조가공업,전북특별자치도,전북특별자치도 전주시
20080481356,2,2,2,하예랑(주),식품제조가공업,전북특별자치도,전북특별자치도 전주시
20080481573,2,1,1,롯데쇼핑(주)롯데마트맥스송천점,기타식품판매업,전북특별자치도,전북특별자치도 전주시
20080484196,1,1,1,조은식품,식품소분업,전북특별자치도,전북특별자치도 군산시
20080484301,1,1,1,대상(주)군산공장,식품제조가공업,전북특별자치도,전북특별자치도 군산시
20080487049,2,2,2,천년초마을 영농조합법인,식품제조가공업,전북특별자치도,전북특별자치도 익산시
20080487306,1,1,1,농업회사법인 한국식품,식품제조가공업,전북특별자치도,전북특별자치도 익산시
20080487419,2,2,2,이리수산시장(주),식품제조가공업,전북특별자치도,전북특별자치도 익산시
20080487435,2,2,2,영농조합법인아리랑,식품제조가공업,전북특별자치도,전북특별자치도 익산시
20080492119,1,1,1,새청뜰식품,식품제조가공업,전북특별자치도,전북특별자치도 남원시
20080493074,4,4,4,농업회사법인 주식회사 한우물,식품제조가공업,전북특별자치도,전북특별자치도 김제시
20080494041,3,3,3,온신정식품,식품제조가공업,전북특별자치도,전북특별자치도 완주군
20080494058,1,1,1,부부식품,식품제조가공업,전북특별자치도,전북특별자치도 완주군
20080494061,2,2,2,(주)비지에프푸드 전북,식품제조가공업,전북특별자치도,전북특별자치도 완주군
20080494128,2,2,2,영농조합법인 푸드인완주 마더쿠키,식품제조가공업,전북특별자치도,전북특별자치도 완주군
20080498004,3,3,3,둘레산둘레강,식품제조가공업,전북특별자치도,전북특별자치도 임실군
20080499006,5,5,5,궁중음식본가주식회사농업회사법인,식품제조가공업,전북특별자치도,전북특별자치도 순창군
20080499016,1,1,1,농업회사법인 정담원 주식회사,식품제조가공업,전북특별자치도,전북특별자치도 순창군
20080499032,1,1,1,전이수산,식품제조가공업,전북특별자치도,전북특별자치도 순창군
20080500009,3,3,3,고창황토복분자영농조합법인,식품제조가공업,전북특별자치도,전북특별자치도 고창군
20080501075,1,1,1,RBNF(알비내츄럴식품),식품제조가공업,전북특별자치도,전북특별자치도 부안군
20080503614,1,1,1,장가,식품제조가공업,전남광주통합특별시,전남광주통합특별시 목포시
20080509087,6,6,6,주식회사 담터에프엔비,식품제조가공업,전남광주통합특별시,전남광주통합특별시 순천시
20080515007,1,1,1,주식회사 담양제과식품,식품제조가공업,전남광주통합특별시,전남광주통합특별시 담양군
20080515025,2,2,2,초록효소,식품제조가공업,전남광주통합특별시,전남광주통합특별시 담양군
20080515035,4,4,4,참사랑 맛김,식품제조가공업,전남광주통합특별시,전남광주통합특별시 담양군
20080517001,3,3,3,도울바이오푸드영농조합법인,식품제조가공업,전남광주통합특별시,전남광주통합특별시 구례군
20080517003,1,1,1,김태경우리밀베이커리(주),식품제조가공업,전남광주통합특별시,전남광주통합특별시 구례군
20080518016,3,3,3,고흥석류친환경 영농조합법인,식품제조가공업,전남광주통합특별시,전남광주통합특별시 고흥군
20080518089,2,2,1,하나영농조합법인,식품제조가공업,전남광주통합특별시,전남광주통합특별시 고흥군
20080520066,2,1,2,농업회사법인주식회사사평기정떡,식품제조가공업,전남광주통합특별시,전남광주통합특별시 화순군
20080522026,7,7,7,다산명가(주)농업회사법인,식품제조가공업,전남광주통합특별시,전남광주통합특별시 강진군
20080523099,2,2,2,황금밭영농조합법인,식품제조가공업,전남광주통합특별시,전남광주통합특별시 해남군
20080523113,2,2,2,화원농협김치가공공장,식품제조가공업,전남광주통합특별시,전남광주통합특별시 해남군
20080525001,1,1,1,신믿음 건강농원,식품제조가공업,전남광주통합특별시,전남광주통합특별시 무안군
20080525072,3,3,1,남도푸드 영농조합법인,식품제조가공업,전남광주통합특별시,전남광주통합특별시 무안군
20080525117,1,1,1,초록마을,식품제조가공업,전남광주통합특별시,전남광주통합특별시 무안군
20080526055,2,2,2,(주)덕산식품 함평공장,식품제조가공업,전남광주통합특별시,전남광주통합특별시 함평군
20080526060,1,1,1,주식회사 농업회사법인 함평애푸드,식품제조가공업,전남광주통합특별시,전남광주통합특별시 함평군
20080527060,1,1,1,영광유통영어조합법인,식품제조가공업,전남광주통합특별시,전남광주통합특별시 영광군
20080527099,3,3,3,고추마을영농조합법인,식품제조가공업,전남광주통합특별시,전남광주통합특별시 영광군
20080528046,4,4,4,농업회사법인 주식회사  다도팜,식품제조가공업,전남광주통합특별시,전남광주통합특별시 장성군
20080533285,3,3,3,주식회사 신대양산업,식품제조가공업,경상북도,경상북도 포항시
20080538068,1,1,1,예가미푸드,식품제조가공업,경상북도,경상북도 경주시
20080541064,1,1,1,영농조합법인두리손에프앤에스,식품제조가공업,경상북도,경상북도 김천시
20080541169,1,1,1,김천(서울방향)휴게소(한식당),일반음식점,경상북도,경상북도 김천시
20080541171,1,1,1,김천(서울방향)휴게소(한신우동),휴게음식점,경상북도,경상북도 김천시
20080543232,1,1,1,안동식혜 영농조합법인,식품제조가공업,경상북도,경상북도 안동시
20080543274,3,3,3,안동농협 더햇식품사업소,식품제조가공업,경상북도,경상북도 안동시
20080554003,2,2,2,미소머금고영농조합법인,식품제조가공업,경상북도,경상북도 영주시
20080554006,1,1,1,풍기두꺼비홍삼제조원,식품제조가공업,경상북도,경상북도 영주시
20080554022,2,2,2,영농조합법인풍기인삼제조창,식품제조가공업,경상북도,경상북도 영주시
20080554124,1,1,1,청삼영농조합법인,식품제조가공업,경상북도,경상북도 영주시
20080554165,1,1,1,홍삼뱅크,식품제조가공업,경상북도,경상북도 영주시
20080554227,2,2,2,풍기광명참홍삼원,식품제조가공업,경상북도,경상북도 영주시
20080554329,3,3,3,농업회사법인에이치지바이오주식회사,식품제조가공업,경상북도,경상북도 영주시
20080555150,4,4,4,(주)천연식품,식품제조가공업,경상북도,경상북도 영천시
20080556015,4,4,4,문장대유기농영농조합법인,식품제조가공업,경상북도,경상북도 상주시
20080556068,1,1,1,참배수출단지농업회사법인 주식회사,식품제조가공업,경상북도,경상북도 상주시
20080556088,1,1,1,속리산프로폴리스영농조합법인,식품제조가공업,경상북도,경상북도 상주시
20080558017,1,1,1,숲속의 아침 사과,식품제조가공업,경상북도,경상북도 문경시
20080558094,2,2,2,농업회사법인 에프엔디큐웰(주),식품제조가공업,경상북도,경상북도 문경시
20080560200,1,1,1,발효촌,식품제조가공업,경상북도,경상북도 경산시
20080563004,1,1,1,주식회사 농업회사법인 의성내고향흑마늘,식품제조가공업,경상북도,경상북도 의성군
20080563070,2,2,2,신비안 주식회사 농업회사법인,식품제조가공업,경상북도,경상북도 의성군
20080567009,2,2,2,주식회사 엔씨(NC),식품제조가공업,경상북도,경상북도 청도군
20080567069,3,3,3,(주)감천지,식품제조가공업,경상북도,경상북도 청도군
20080570061,2,1,1,예은식품,식품제조가공업,경상북도,경상북도 칠곡군
20080570129,1,1,1,(주)평해식품,식품제조가공업,경상북도,경상북도 칠곡군
20080571062,2,2,2,(주)뚜또,식품제조가공업,경상북도,경상북도 예천군
20080573092,1,1,1,청해식품,식품제조가공업,경상북도,경상북도 울진군
20080573096,1,1,1,주신수산식품(주),식품제조가공업,경상북도,경상북도 울진군
20080595229,1,1,1,주식회사 태양수산,식품제조가공업,경상남도,경상남도 창원시
20080599280,1,1,1,동오식품(주),식품제조가공업,경상남도,경상남도 창원시
20080601331,2,2,2,대한민국상이군경회식품사업소경남공장,식품제조가공업,경상남도,경상남도 진주시
20080601615,2,1,1,(주)짜르푸드,식품제조가공업,경상남도,경상남도 진주시
20080606187,2,2,2,금해건업,식품제조가공업,경상남도,경상남도 사천시
20080607033,2,2,2,초림단지묵,식품제조가공업,경상남도,경상남도 김해시
20080607192,1,1,1,정우식품,식품제조가공업,경상남도,경상남도 김해시
20080614050,4,4,4,(주)사조오양양산공장,식품제조가공업,경상남도,경상남도 양산시
20080614178,1,1,1,만나식품,식품제조가공업,경상남도,경상남도 양산시
20080614259,14,14,14,(주)희창유업 제2공장,식품제조가공업,경상남도,경상남도 양산시
20080614466,2,2,1,씨원푸드,식품제조가공업,경상남도,경상남도 양산시
20080616016,1,1,1,부림영농조합법인,식품제조가공업,경상남도,경상남도 의령군
20080616029,1,1,1,농업회사법인 부림떡전문점(주),식품제조가공업,경상남도,경상남도 의령군
20080619026,1,1,1,천해수산,식품제조가공업,경상남도,경상남도 고성군
20080620056,1,1,1,남해보물섬마늘영농조합법인,식품제조가공업,경상남도,경상남도 남해군
20080621039,3,3,3,해밀농원,식품제조가공업,경상남도,경상남도 하동군
20080623035,1,1,1,농업회사법인 하얀햇살 주식회사,식품제조가공업,경상남도,경상남도 함양군
20080624108,2,2,2,주식회사 하늘바이오 농업회사법인,식품제조가공업,경상남도,경상남도 거창군
20080627442,1,1,1,영어조합법인정품수산,식품제조가공업,제주특별자치도,제주특별자치도 제주시
20080627657,2,2,1,주식회사투플레이,식품제조가공업,제주특별자치도,제주특별자치도 제주시
20080627769,5,5,4,주식회사탐나는초콜릿,식품제조가공업,제주특별자치도,제주특별자치도 제주시
20080627805,2,2,2,재영수산,식품제조가공업,제주특별자치도,제주특별자치도 제주시
20080627981,2,2,2,제주씨푸드,식품제조가공업,제주특별자치도,제주특별자치도 제주시
20080628173,1,1,1,마미포유,즉석판매제조가공업,제주특별자치도,제주특별자치도 제주시
20080628225,3,3,3,제주자연영농조합법인,식품제조가공업,제주특별자치도,제주특별자치도 제주시
20090015058,1,1,1,서울탁주성동연합제조장,식품제조가공업(주류),서울특별시,서울특별시 성동구
20090015102,1,1,1,서울탁주영등포연합제조장,식품제조가공업(주류),서울특별시,서울특별시 영등포구
20090033607,2,1,1,(주)다마시이,식품제조가공업,서울특별시,서울특별시 용산구
20090036071,1,1,1,동춘부산물,식품제조가공업,서울특별시,서울특별시 성동구
20090036325,4,2,2,(주)보나비 아티지움,식품제조가공업,서울특별시,서울특별시 성동구
20090043089,22,11,11,(주)토종마을,식품제조가공업,서울특별시,서울특별시 동대문구
20090043110,1,1,1,부자왕순대,식품제조가공업,서울특별시,서울특별시 동대문구
20090053416,3,3,1,(주)명동김치,식품제조가공업,서울특별시,서울특별시 강북구
20090056435,1,1,1,아이엠리얼쿠키,식품제조가공업,서울특별시,서울특별시 도봉구
20090063537,2,2,2,똘레랑스,식품제조가공업,서울특별시,서울특별시 은평구
20090069471,1,1,1,롯데쇼핑(주)롯데슈퍼공덕점,기타식품판매업,서울특별시,서울특별시 마포구
20090069773,2,1,1,주식회사 홍반장,식품제조가공업,경기도,경기도 파주시
20090084069,1,1,1,미주통상,식품제조가공업,서울특별시,서울특별시 금천구
20090084091,2,1,1,유로와플,식품제조가공업,서울특별시,서울특별시 금천구
20090084100,1,1,1,사계절맛김치,식품제조가공업,서울특별시,서울특별시 금천구
20090086449,39,13,13,(주)동원홈푸드 부평공장,식품제조가공업,인천광역시,인천광역시 부평구
20090087032,6,3,3,(주)케이씨엔바이오텍,식품제조가공업,인천광역시,인천광역시 강화군
20090091295,4,2,2,주식회사 오페뜨,식품제조가공업,서울특별시,서울특별시 동작구
20090099494,2,2,2,레꼴두스,식품제조가공업,서울특별시,서울특별시 서초구
20090106510,3,1,1,초코인,식품제조가공업,서울특별시,서울특별시 송파구
20090114975,4,2,2,(주)가빈에프엔씨,식품제조가공업,경기도,경기도 양주시
20090115097,2,1,1,(주)태강에프앤씨,식품제조가공업,서울특별시,서울특별시 송파구
20090126220,2,2,2,다원푸드,식품제조가공업,부산광역시,부산광역시 중구
20090128102,4,2,2,(주)비에스씨푸드,식품제조가공업,부산광역시,부산광역시 사하구
20090128294,3,3,3,(주)부광에프엔지,식품제조가공업,부산광역시,부산광역시 서구
20090129022,1,1,1,유비스식품,식품제조가공업,부산광역시,부산광역시 동구
20090134404,4,2,2,대청씨푸드,식품제조가공업,부산광역시,부산광역시 강서구
20090139094,1,1,1,맘스쌀과자,식품제조가공업,부산광역시,부산광역시 북구
20090139283,3,3,2,참브레드(주),식품제조가공업,부산광역시,부산광역시 북구
20090141943,4,2,2,굿 앤 푸드,식품제조가공업,경상남도,경상남도 양산시
20090141984,2,1,1,주식회사 알비에이치상사,식품제조가공업,부산광역시,부산광역시 기장군
20090144013,1,1,1,(주)금진식품,식품제조가공업,부산광역시,부산광역시 사하구
20090144018,2,2,2,새롬씨푸드,식품제조가공업,부산광역시,부산광역시 사하구
20090144165,2,2,2,아이유피쉬몰,식품제조가공업,부산광역시,부산광역시 사하구
20090144260,2,2,2,(주)복주,식품제조가공업,부산광역시,부산광역시 사하구
20090144261,2,2,2,(주)가온씨푸드,식품제조가공업,부산광역시,부산광역시 사하구
20090144548,2,2,2,주식회사 성우에프앤비,식품제조가공업,부산광역시,부산광역시 사하구
20090147169,1,1,1,옛찬,식품제조가공업,부산광역시,부산광역시 금정구
20090149027,1,1,1,부산자연영농조합법인,집단급식소 식품판매업,부산광역시,부산광역시 강서구
20090150173,1,1,1,소소명과,식품제조가공업,부산광역시,부산광역시 연제구
20090152269,15,15,15,(주)옵스,식품제조가공업,부산광역시,부산광역시 수영구
20090156049,2,2,2,(주)에이치비티,식품제조가공업,부산광역시,부산광역시 기장군
20090163051,1,1,1,시골김치,식품제조가공업,대구광역시,대구광역시 서구
20090163352,3,3,3,해피원베이커리,식품제조가공업,대구광역시,대구광역시 서구
20090168035,3,3,3,하나로농산,식품제조가공업,대구광역시,대구광역시 북구
20090168062,5,5,5,(주)마루종합식품,식품제조가공업,대구광역시,대구광역시 북구
20090168410,1,1,1,옛날찐빵,식품제조가공업,대구광역시,대구광역시 북구
20090168962,1,1,1,대구옛날손찐빵,식품제조가공업,대구광역시,대구광역시 북구
20090169097,4,2,2,유학산식품,식품제조가공업,경상북도,경상북도 칠곡군
20090181859,1,1,1,성림푸드,식품제조가공업,대구광역시,대구광역시 달서구
20090181982,2,1,1,(주)설롱디저트,식품제조가공업,대구광역시,대구광역시 달성군
20090188032,2,2,2,주식회사 샌드팜 영남공장,식품제조가공업,대구광역시,대구광역시 달성군
20090190102,2,1,1,(주)우원식품,식품소분업,인천광역시,인천광역시 제물포구
20090192023,2,2,2,JEIU Health Food,식품제조가공업,인천광역시,인천광역시 제물포구
20090193597,2,1,1,미성식품,식품제조가공업,경기도,경기도 고양시
20090199018,3,3,3,(주)해늘,식품제조가공업,인천광역시,인천광역시 남동구
20090199133,2,2,2,더케이크(The cake),식품제조가공업,인천광역시,인천광역시 남동구
20090199222,1,1,1,황금들녘,식품제조가공업,인천광역시,인천광역시 남동구
20090199897,5,5,5,(주)새롬식품,식품제조가공업,인천광역시,인천광역시 남동구
20090200096,3,3,3,(주)피자코리아,식품제조가공업,인천광역시,인천광역시 남동구
20090200209,2,2,2,(주)엔타스프레쉬미트,식품제조가공업,인천광역시,인천광역시 남동구
20090202027,1,1,1,대명에프에스(주),식품제조가공업,인천광역시,인천광역시 부평구
20090202152,1,1,1,병천토속대가순대,식품제조가공업,인천광역시,인천광역시 부평구
20090202791,1,1,1,성우푸드,식품제조가공업,인천광역시,인천광역시 부평구
20090205267,6,3,3,철은인터내셔날(주),식품제조가공업,인천광역시,인천광역시 계양구
20090208206,1,1,1,황금시루,식품제조가공업,인천광역시,인천광역시 검단구
20090208313,8,4,4,(주)연자방,식품제조가공업,인천광역시,인천광역시 서해구
20090208534,4,4,4,농업회사법인주식회사해오름식품,식품제조가공업,인천광역시,인천광역시 서해구
20090208545,1,1,1,두진푸드시스템,식품제조가공업,인천광역시,인천광역시 서해구
20090208620,2,1,1,세현백암전통순대,식품제조가공업,인천광역시,인천광역시 검단구
20090208801,2,2,2,장수식품,식품제조가공업,인천광역시,인천광역시 서해구
20090208850,3,3,3,주식회사 동화수산,식품제조가공업,인천광역시,인천광역시 서해구
20090211043,6,6,6,(주)한스코리아,식품제조가공업,인천광역시,인천광역시 강화군
20090214096,8,4,4,운림가,식품제조가공업,전남광주통합특별시,전남광주통합특별시 동구
20090216534,2,2,2,동방디저트,식품제조가공업,전남광주통합특별시,전남광주통합특별시 서구
20090216598,2,2,2,(주)우주식품,식품제조가공업,전남광주통합특별시,전남광주통합특별시 서구
20090221004,4,2,4,틔움직업재활센터,식품제조가공업,전남광주통합특별시,전남광주통합특별시 북구
20090221456,16,8,7,유한회사빛고을청아,식품제조가공업,전남광주통합특별시,전남광주통합특별시 광산구
20090227072,2,2,2,(주)참든건강과학농업회사법인,식품제조가공업,전남광주통합특별시,전남광주통합특별시 광산구
20090227396,2,2,2,(주)국제푸드종합유통,식품제조가공업,전남광주통합특별시,전남광주통합특별시 광산구
20090227469,3,3,3,한두레농산(주),식품제조가공업,전남광주통합특별시,전남광주통합특별시 광산구
20090227496,1,1,1,(주)보리수,식품제조가공업,전남광주통합특별시,전남광주통합특별시 광산구
20090227554,1,1,1,(주)청수원,식품소분업,전남광주통합특별시,전남광주통합특별시 광산구
20090228007,1,1,1,(주)참두레,식품제조가공업,전남광주통합특별시,전남광주통합특별시 광산구
20090231152,1,1,1,주안(F/B)에프앤비,식품제조가공업,대전광역시,대전광역시 동구
20090233118,2,2,2,지원식품,식품제조가공업,대전광역시,대전광역시 중구
20090236882,1,1,1,크리스피크림대전둔산점,식품제조가공업,대전광역시,대전광역시 서구
20090240230,2,2,2,(주)비티진,식품제조가공업,대전광역시,대전광역시 유성구
20090242118,8,4,4,(주)아람,식품제조가공업,대전광역시,대전광역시 서구
20090242274,1,1,1,주식회사성경식품,식품제조가공업,대전광역시,대전광역시 대덕구
20090242366,3,3,3,이가네식품,식품제조가공업,대전광역시,대전광역시 대덕구
20090242384,1,1,1,궁떡집,식품제조가공업,대전광역시,대전광역시 대덕구
20090242399,4,2,2,(주)세우리식품,식품제조가공업,대전광역시,대전광역시 대덕구
20090242456,2,2,2,(주)한가족,식품제조가공업,대전광역시,대전광역시 대덕구
20090245205,1,1,1,다진식품,식품제조가공업,울산광역시,울산광역시 중구
20090255104,5,5,5,대구제면,식품제조가공업,울산광역시,울산광역시 울주군
20090255293,2,2,2,울산원예농협배즙가공공장,식품제조가공업,울산광역시,울산광역시 울주군
20090255303,1,1,1,동아식품,식품제조가공업,울산광역시,울산광역시 울주군
20090257084,1,1,1,뒤웅박고을 농업회사법인 주식회사,식품제조가공업,세종특별자치시,세종특별자치시
20090257112,8,8,7,(주)아이씨푸드,식품제조가공업,세종특별자치시,세종특별자치시
20090257207,1,1,1,주식회사정성식품,식품제조가공업,세종특별자치시,세종특별자치시
20090263076,3,3,3,주식회사 마음을담은,식품제조가공업,경기도,경기도 수원시
20090263109,1,1,1,백청우식품,식품제조가공업,경기도,경기도 수원시
20090275055,2,2,2,(주)고메베이글,식품제조가공업,경기도,경기도 성남시
20090275092,10,5,5,주식회사엠피프레쉬,식품제조가공업,충청남도,충청남도 천안시
20090275104,3,3,3,화이트도우,식품제조가공업,경기도,경기도 성남시
20090275111,2,1,1,(주)자연유통,집단급식소 식품판매업,경기도,경기도 김포시
20090275163,2,2,1,(주)씨지에스에프앤비,식품제조가공업,경기도,경기도 성남시
20090275178,2,2,2,(주)브레드가든성남공장,식품제조가공업,경기도,경기도 성남시
20090275241,4,4,4,(주)엘티에프포유,식품제조가공업,경기도,경기도 성남시
20090288004,2,2,2,비알코리아(주)안양공장,식품제조가공업,경기도,경기도 안양시
20090288538,9,3,3,(주)파티쉐서승주,식품제조가공업,경기도,경기도 안양시
20090294284,4,2,1,(주)소이빈델리,식품제조가공업,경기도,경기도 파주시
20090294548,2,2,2,경기부천소사지역자활센터,식품제조가공업,경기도,경기도 부천시
20090304001,2,1,1,일미식품,식품제조가공업,경기도,경기도 김포시
20090309297,3,3,3,(주)농심,식품제조가공업,경기도,경기도 평택시
20090310022,1,1,1,(주)내츄럴한삶,식품제조가공업,경기도,경기도 동두천시
20090311024,12,6,6,(주)사랑과정성,식품제조가공업,경기도,경기도 안산시
20090311080,2,2,2,금강식품,식품제조가공업,경기도,경기도 안산시
20090311271,8,8,8,(주)아워홈,식품제조가공업,경기도,경기도 안산시
20090311546,4,2,1,이-싼푸드,식품제조가공업,경기도,경기도 안산시
20090311553,4,2,2,(주)리더스푸드,식품제조가공업,경기도,경기도 안산시
20090311673,4,2,2,(주)파티시에,식품제조가공업,경기도,경기도 군포시
20090311747,3,3,3,농업회사법인 주식회사 빛고운식품,식품제조가공업,경기도,경기도 안산시
20090320303,5,5,5,(주)자연에찬,식품제조가공업,경기도,경기도 고양시
20090320485,1,1,1,델리모닝주식회사,식품제조가공업,경기도,경기도 고양시
20090320763,2,2,2,행복한단비,식품제조가공업,경기도,경기도 고양시
20090330460,1,1,1,(주)아트푸드,식품제조가공업,경기도,경기도 구리시
20090332153,10,5,5,주식회사 인화푸드,식품제조가공업,경기도,경기도 남양주시
20090332300,2,2,2,주식회사 하얀식품,식품제조가공업,경기도,경기도 남양주시
20090332374,4,4,3,농업회사법인(주)이삭뜰,식품제조가공업,경기도,경기도 남양주시
20090332675,3,3,2,오션브릿지 주식회사,식품제조가공업,경기도,경기도 남양주시
20090332966,4,4,4,초코웍스,식품제조가공업,경기도,경기도 남양주시
20090333124,4,2,2,농업회사법인 주식회사 다옴베이크,식품제조가공업,경기도,경기도 남양주시
20090333220,1,1,1,주식회사 더드립,식품제조가공업,경기도,경기도 남양주시
20090338522,2,2,2,주식회사 대원전통푸드,식품제조가공업,경기도,경기도 시흥시
20090338976,3,3,3,주식회사 한서식품,식품제조가공업,경기도,경기도 시흥시
20090339002,1,1,1,청수식품,식품제조가공업,경기도,경기도 시흥시
20090339067,10,5,5,락토코리아(주),식품제조가공업,경기도,경기도 시흥시
20090339069,3,3,2,청아식품,식품제조가공업,경기도,경기도 시흥시
20090339138,4,2,2,브레젤르,식품제조가공업,경기도,경기도 시흥시
20090344281,2,2,2,(주)쿠키라인,식품제조가공업,경기도,경기도 의왕시
20090345067,4,4,4,하남소스제조,식품제조가공업,경기도,경기도 하남시
20090345074,1,1,1,(주)푸른바다,집단급식소 식품판매업,경기도,경기도 하남시
20090345146,8,4,1,주나식품,식품제조가공업,경기도,경기도 이천시
20090345346,8,4,2,(주)상원수산,식품제조가공업,경기도,경기도 하남시
20090347026,2,2,2,(주)헤아림,식품제조가공업,경기도,경기도 용인시
20090347087,2,1,1,그린푸드텍(주),식품제조가공업,충청북도,충청북도 음성군
20090347093,3,3,3,용인시보호작업장,식품제조가공업,경기도,경기도 용인시
20090347094,1,1,1,선홍수산식품,식품제조가공업,경기도,경기도 용인시
20090348446,1,1,1,주식회사 삼립 용인(강릉)휴게소(파스쿠찌),휴게음식점,경기도,경기도 용인시
20090350949,1,1,1,(주)인앤아웃(10),휴게음식점,경기도,경기도 용인시
20090355105,1,1,1,(주)더베이커리랩 제1공장,식품제조가공업,경기도,경기도 파주시
20090355110,4,2,2,(주)두라푸드,식품제조가공업,경기도,경기도 파주시
20090355259,5,5,5,(주)새한BiF,식품제조가공업,경기도,경기도 파주시
20090355362,1,1,1,가마골식품,식품제조가공업,경기도,경기도 파주시
20090355765,2,2,2,주식회사 위너스,식품제조가공업,경기도,경기도 파주시
20090355870,1,1,1,다솔푸드,식품제조가공업,경기도,경기도 파주시
20090358005,1,1,1,주식회사 에스알 인터내셔널,식품제조가공업,경기도,경기도 이천시
20090358011,2,2,2,(주)공영식품,식품제조가공업,경기도,경기도 이천시
20090358046,3,3,3,(주)경기고속 KD푸드피아,식품제조가공업,경기도,경기도 이천시
20090358297,2,2,2,(주)디더블유동원물산,식품제조가공업,경기도,경기도 이천시
20090358304,1,1,1,주)예닮,식품제조가공업,경기도,경기도 이천시
20090358305,1,1,1,(주)대청산업개발 이천쌀(하남)휴게소(탐앤탐스(TOM N TOMS)),휴게음식점,경기도,경기도 이천시
20090358371,12,12,12,(주)나래푸드텍,식품제조가공업,경기도,경기도 이천시
20090360002,1,1,1,나라통상(주),식품제조가공업,경기도,경기도 안성시
20090360004,3,3,3,(주)햇빛,식품제조가공업,경기도,경기도 안성시
20090360062,1,1,1,(주)우리식품,식품제조가공업,경기도,경기도 안성시
20090360126,3,3,3,(주)지엔에프안성공장,식품제조가공업,경기도,경기도 안성시
20090360240,1,1,1,조은푸드(주),식품제조가공업,경기도,경기도 안성시
20090360269,1,1,1,한국양봉농협,식품제조가공업,경기도,경기도 안성시
20090360270,1,1,1,한국양봉농협,식품소분업,경기도,경기도 안성시
20090360445,13,13,12,(주)희망그린식품,식품제조가공업,경기도,경기도 안성시
20090360485,1,1,1,(주)서원 안성맞춤(평택방향)휴게소 라면.우동.한식.양식전문점,일반음식점,경기도,경기도 안성시
20090360490,1,1,1,안성맞춤(제천)휴게소 라면.우동.한식.양식전문점,일반음식점,경기도,경기도 안성시
20090362119,2,2,1,(주)해맑음푸드,식품제조가공업,경기도,경기도 김포시
20090362449,2,2,2,김포시니어클럽지점 시장형사업단1호점,식품제조가공업,경기도,경기도 김포시
20090362765,2,2,1,강연식품,식품제조가공업,경기도,경기도 김포시
20090364677,1,1,1,황궁 참 식품,식품제조가공업,경기도,경기도 화성시
20090364714,3,3,3,강성씨푸드,식품제조가공업,경기도,경기도 화성시
20090364721,1,1,1,주식회사 선진식품,식품제조가공업,경기도,경기도 화성시
20090364820,1,1,1,천지농산,식품제조가공업,경기도,경기도 화성시
20090364847,1,1,1,(주)정운식품,식품제조가공업,경기도,경기도 화성시
20090365288,2,2,2,(주)에이치앤에스두리반,식품제조가공업,경기도,경기도 화성시
20090365526,2,2,2,화성햇살드리포도(주),식품제조가공업,경기도,경기도 화성시
20090368047,5,5,5,주식회사 파낙스 코리아,식품제조가공업,경기도,경기도 광주시
20090368121,1,1,1,맘모스식품,식품제조가공업,경기도,경기도 광주시
20090368345,1,1,1,금영식품(주),식품소분업,경기도,경기도 광주시
20090368428,12,12,6,(주)스위트코리아,식품제조가공업,경기도,경기도 광주시
20090368545,1,1,1,(주)비앤지푸드,식품제조가공업,경기도,경기도 광주시
20090368564,4,2,1,주식회사 해유 농업회사법인,식품제조가공업,충청남도,충청남도 보령시
20090370132,2,1,1,서구식품,식품제조가공업,경기도,경기도 양주시
20090372032,1,1,1,주식회사 유니푸드,식품제조가공업,경기도,경기도 포천시
20090372047,2,2,2,이에스푸드,식품제조가공업,경기도,경기도 포천시
20090372112,4,4,4,지동마을영농조합법인,식품제조가공업,경기도,경기도 포천시
20090372121,2,2,2,허브아일랜드영농조합법인,식품제조가공업,경기도,경기도 포천시
20090372129,5,5,4,(주)명성식품,식품제조가공업,경기도,경기도 포천시
20090372200,5,5,4,강동퓨어푸드,식품제조가공업,경기도,경기도 포천시
20090372303,2,2,2,주식회사 수라,식품제조가공업,경기도,경기도 포천시
20090372333,4,2,2,기운찬식품,식품제조가공업,경기도,경기도 양주시
20090372366,15,5,5,농업회사법인 늘만나식품(주),식품제조가공업,경기도,경기도 이천시
20090372389,2,2,2,농업회사법인(주)도향,식품제조가공업,경기도,경기도 포천시
20090375061,1,1,1,(주)DHP제약,식품제조가공업,경기도,경기도 여주시
20090375149,1,1,1,한국알카리수 주식회사,식품제조가공업,경기도,경기도 여주시
20090375188,2,2,2,(주)코리아제니스,식품제조가공업,경기도,경기도 여주시
20090378024,6,6,6,(주)윈윈농수산,식품제조가공업,경기도,경기도 양평군
20090378026,1,1,1,주식회사주미제과,식품제조가공업,경기도,경기도 양평군
20090378037,1,1,1,아이비영농조합법인,식품소분업,경기도,경기도 양평군
20090378059,1,1,1,양평양잠영농조합법인,식품제조가공업,경기도,경기도 양평군
20090378086,6,6,6,농업회사법인(주)본프레쉬,식품제조가공업,경기도,경기도 양평군
20090378144,1,1,1,보아식품,식품제조가공업,경기도,경기도 양평군
20090380088,3,3,3,가람소양강식품,식품제조가공업,강원특별자치도,강원특별자치도 춘천시
20090383557,4,2,2,강원식품,식품제조가공업,강원특별자치도,강원특별자치도 원주시
20090383603,1,1,1,주식회사나이스디앤에스원주(부산방향)휴게소인생제순놀부샘밭,휴게음식점,강원특별자치도,강원특별자치도 원주시
20090383662,2,2,2,안흥식품,식품제조가공업,강원특별자치도,강원특별자치도 원주시
20090386031,3,3,3,대가토박이김치,식품제조가공업,강원특별자치도,강원특별자치도 강릉시
20090386210,1,1,1,정선취떡,식품제조가공업,강원특별자치도,강원특별자치도 강릉시
20090386321,2,2,2,강릉시수협 수산물 가공공장,식품제조가공업,강원특별자치도,강원특별자치도 강릉시
20090386423,1,1,1,송암영농조합법인 송아절임김치,식품제조가공업,강원특별자치도,강원특별자치도 강릉시
20090395056,2,2,2,횡성인삼영농조합법인,식품제조가공업,강원특별자치도,강원특별자치도 횡성군
20090395058,3,3,1,횡성(인천)휴게소 휴식정,휴게음식점,강원특별자치도,강원특별자치도 횡성군
20090395140,1,1,1,횡성반상 봉화산 설렁탕,일반음식점,강원특별자치도,강원특별자치도 횡성군
20090395150,2,2,2,대상주식회사,식품제조가공업,강원특별자치도,강원특별자치도 횡성군
20090396006,3,3,3,푸드엔씨영어조합법인,식품제조가공업,강원특별자치도,강원특별자치도 영월군
20090396018,3,3,3,주식회사 초원,식품제조가공업,강원특별자치도,강원특별자치도 영월군
20090396056,1,1,1,(주)리더스에프에스,식품제조가공업,강원특별자치도,강원특별자치도 영월군
20090397031,1,1,1,봉메식품,식품제조가공업,강원특별자치도,강원특별자치도 평창군
20090397178,4,4,4,봉평메밀특산단지영농조합법인,식품제조가공업,강원특별자치도,강원특별자치도 평창군
20090398096,1,1,1,아리아리떡사랑,식품제조가공업,강원특별자치도,강원특별자치도 정선군
20090398100,5,5,3,주식회사 자미원,식품제조가공업,강원특별자치도,강원특별자치도 정선군
20090399056,2,2,2,(주)오대,식품제조가공업,강원특별자치도,강원특별자치도 철원군
20090400033,1,1,1,산수화 전통한과,식품제조가공업,강원특별자치도,강원특별자치도 화천군
20090404119,1,1,1,낙산배,식품제조가공업,강원특별자치도,강원특별자치도 양양군
20090415048,2,2,2,(주)대유푸드,식품제조가공업,충청북도,충청북도 청주시
20090415068,1,1,1,삼풍,식품제조가공업,충청북도,충청북도 청주시
20090415087,3,3,3,주식회사 힐링바이오,식품제조가공업,충청북도,충청북도 청주시
20090433055,4,4,4,이푸드(주),식품제조가공업,충청북도,충청북도 충주시
20090433232,1,1,1,동화약품(주),식품제조가공업,충청북도,충청북도 충주시
20090433290,5,5,5,영신내추럴,식품제조가공업,충청북도,충청북도 충주시
20090433435,6,6,3,농업회사법인(주)만이식품,식품제조가공업,충청북도,충청북도 충주시
20090433464,1,1,1,밀플러스(주),식품제조가공업,충청북도,충청북도 충주시
20090435002,1,1,1,제천약초한과,식품제조가공업,충청북도,충청북도 제천시
20090435035,11,11,11,주식회사 아리너스,식품제조가공업,충청북도,충청북도 제천시
20090440068,9,9,5,(주)건영제과,식품제조가공업,충청북도,충청북도 옥천군
20090440107,4,4,3,(주)라이프키친,식품제조가공업,충청북도,충청북도 옥천군
20090442040,5,5,5,(주)풀무원헬스케어,식품제조가공업,충청북도,충청북도 증평군
20090442048,2,2,1,본푸드,식품제조가공업,충청북도,충청북도 증평군
20090443012,10,10,10,(주)에스앤푸드,식품제조가공업,충청북도,충청북도 진천군
20090443096,1,1,1,농업회사법인(주)디와이푸드,식품제조가공업,충청북도,충청북도 진천군
20090445005,4,4,4,이삭식품(주),식품제조가공업,충청북도,충청북도 음성군
20090445014,4,2,2,(주)태평,식품제조가공업,충청북도,충청북도 진천군
20090445027,3,3,2,(주)한일식품,식품제조가공업,충청북도,충청북도 음성군
20090445050,1,1,1,비알코리아(주)커피공장,식품제조가공업,충청북도,충청북도 음성군
20090445082,8,8,8,에이푸드 주식회사,식품제조가공업,충청북도,충청북도 음성군
20090445189,12,12,10,(주)원일에프앤에프,식품제조가공업,충청북도,충청북도 음성군
20090449001,1,1,1,채움푸드,식품제조가공업,충청남도,충청남도 천안시
20090449003,2,2,2,농업회사법인 한미르주식회사,식품제조가공업,충청남도,충청남도 천안시
20090449005,2,2,2,원조할머니학화호도과자,식품제조가공업,충청남도,충청남도 천안시
20090449009,2,2,2,제이에스푸드원주식회사,식품제조가공업,충청남도,충청남도 천안시
20090449018,1,1,1,한국맥널티주식회사,식품제조가공업,충청남도,충청남도 천안시
20090456078,1,1,1,아삽야콘농원,식품제조가공업,충청남도,충청남도 당진시
20090456427,1,1,1,해나루명천맛김,식품제조가공업,충청남도,충청남도 당진시
20090458068,2,2,2,공주밤식품영농조합법인,식품제조가공업,충청남도,충청남도 공주시
20090458081,1,1,1,공주(대전)휴게소푸드코트(한식 101번지남산돈가스 우동 라면),휴게음식점,충청남도,충청남도 공주시
20090458084,1,1,1,공주(당진)휴게소푸드코트3(우동/라면),휴게음식점,충청남도,충청남도 공주시
20090458085,1,1,1,"공주(당진)휴게소푸드코트1(한식, 새이학)",휴게음식점,충청남도,충청남도 공주시
20090458111,8,8,8,(주)화인에프티,식품제조가공업,충청남도,충청남도 공주시
20090458167,2,2,2,농업회사법인연우당(주),식품제조가공업,충청남도,충청남도 공주시
20090459056,1,1,1,모양맛김,식품제조가공업,충청남도,충청남도 보령시
20090459141,2,2,2,(주)어머니김,식품제조가공업,충청남도,충청남도 보령시
20090459149,6,6,4,한국농협김치조합공동사업법인 충남지사,식품제조가공업,충청남도,충청남도 보령시
20090461605,1,1,1,달기농장농업회사법인주식회사,식품제조가공업,충청남도,충청남도 아산시
20090463266,1,1,1,서산농특산영농조합법인,식품제조가공업,충청남도,충청남도 서산시
20090463267,4,4,4,(주)그린3공장,식품제조가공업,충청남도,충청남도 서산시
20090464082,3,3,3,놀뫼인삼영농조합법인,식품제조가공업,충청남도,충청남도 논산시
20090467022,1,1,1,익수원,식품제조가공업,충청남도,충청남도 금산군
20090467048,1,1,1,동성인삼식품,식품제조가공업,충청남도,충청남도 금산군
20090467124,2,2,2,금산홍삼마을,식품제조가공업,충청남도,충청남도 금산군
20090467192,3,3,3,천지초고려홍삼,식품제조가공업,충청남도,충청남도 금산군
20090470030,1,1,1,부여백제휴게소(서천)푸드코트1,휴게음식점,충청남도,충청남도 부여군
20090470034,1,1,1,부여백제휴게소(공주)푸드코트2,휴게음식점,충청남도,충청남도 부여군
20090470036,1,1,1,부여백제휴게소(공주)푸드코트1,휴게음식점,충청남도,충청남도 부여군
20090470039,1,1,1,부여백제휴게소(서천)푸드코트2,휴게음식점,충청남도,충청남도 부여군
20090471068,3,3,3,주식회사 서천한산식품,식품제조가공업,충청남도,충청남도 서천군
20090473067,1,1,1,(주)광천김,식품제조가공업,충청남도,충청남도 홍성군
20090473092,2,2,1,신라원,식품제조가공업,충청남도,충청남도 홍성군
20090473111,1,1,1,(주)해저식품,식품제조가공업,충청남도,충청남도 홍성군
20090473152,30,15,14,(주)신성티엔에프홍성공장,식품제조가공업,충청남도,충청남도 홍성군
20090474093,1,1,1,대보건설(주)예산(당진방향)휴게소(식당),일반음식점,충청남도,충청남도 예산군
20090474094,1,1,1,대보건설(주)예산(당진방향)휴게소(푸드코트),휴게음식점,충청남도,충청남도 예산군
20090474099,1,1,1,예산(대전방향)휴게소 한/양식당,일반음식점,충청남도,충청남도 예산군
20090474100,1,1,1,예산(대전방향)휴게소 우동/라면,휴게음식점,충청남도,충청남도 예산군
20090475025,3,3,3,어업회사법인에코푸드코리아(주),식품제조가공업,충청남도,충청남도 태안군
20090478081,2,2,2,하프잇주식회사,식품제조가공업,전북특별자치도,전북특별자치도 전주시
20090478568,2,2,2,기흥상사,식품제조가공업,전북특별자치도,전북특별자치도 전주시
20090481430,1,1,1,진북식품,식품제조가공업,전북특별자치도,전북특별자치도 전주시
20090484414,2,2,2,일향유통,식품제조가공업,전북특별자치도,전북특별자치도 군산시
20090487111,2,2,1,신미 푸드,식품제조가공업,전북특별자치도,전북특별자치도 익산시
20090487135,12,12,12,한국식연 주식회사,식품제조가공업,전북특별자치도,전북특별자치도 익산시
20090487167,6,6,6,깊은숲속행복한식품,식품제조가공업,전북특별자치도,전북특별자치도 익산시
20090487380,4,4,4,농업회사법인유한회사 대신물산  제2공장,식품제조가공업,전북특별자치도,전북특별자치도 익산시
20090492030,3,3,3,농업회사법인(주)꿈엔들잊힐리야,식품제조가공업,전북특별자치도,전북특별자치도 남원시
20090492083,1,1,1,빛과소금,식품제조가공업,전북특별자치도,전북특별자치도 남원시
20090492105,4,2,4,현추어탕,식품제조가공업,전북특별자치도,전북특별자치도 남원시
20090492133,2,2,2,지리산맑은물춘향골영농조합법인,식품제조가공업,전북특별자치도,전북특별자치도 남원시
20090492185,6,6,6,농업회사법인 (유)효림원,식품제조가공업,전북특별자치도,전북특별자치도 남원시
20090493067,3,3,3,(주)향미원,식품제조가공업,전북특별자치도,전북특별자치도 김제시
20090494003,2,2,2,참살이모악골영농조합,식품제조가공업,전북특별자치도,전북특별자치도 완주군
20090495024,2,2,2,농업회사법인 구룡유한회사,식품제조가공업,전북특별자치도,전북특별자치도 진안군
20090495036,1,1,1,소정홍삼,식품제조가공업,전북특별자치도,전북특별자치도 진안군
20090495044,1,1,1,대유고려홍삼,식품제조가공업,전북특별자치도,전북특별자치도 진안군
20090495058,1,1,1,부귀인삼제조장,식품제조가공업,전북특별자치도,전북특별자치도 진안군
20090496012,10,5,4,선미농산(주),식품제조가공업,충청북도,충청북도 영동군
20090496025,3,3,3,농업회사법인 주식회사 남영제약 식품사업부,식품제조가공업,전북특별자치도,전북특별자치도 무주군
20090498052,3,3,3,(주)일천,식품제조가공업,전북특별자치도,전북특별자치도 임실군
20090499009,1,1,1,백강황토전통식품영농조합법인,식품제조가공업,전북특별자치도,전북특별자치도 순창군
20090499012,4,4,4,콩심은데 콩나라 (주),식품제조가공업,전북특별자치도,전북특별자치도 순창군
20090500060,4,4,4,만선영어조합법인,식품제조가공업,전북특별자치도,전북특별자치도 고창군
20090500063,3,3,3,고창상희팜푸드영농조합법인,식품제조가공업,전북특별자치도,전북특별자치도 고창군
20090500066,3,3,3,아이보리식품영농조합법인,식품제조가공업,전북특별자치도,전북특별자치도 고창군
20090501020,1,1,1,유한회사 징코푸드시스템,식품제조가공업,전북특별자치도,전북특별자치도 부안군
20090503134,2,2,2,에이케이홀딩스(주),식품제조가공업,전남광주통합특별시,전남광주통합특별시 목포시
20090506103,4,4,4,(주)창대피엔비,식품제조가공업,전남광주통합특별시,전남광주통합특별시 여수시
20090506267,2,2,1,태성수산,식품제조가공업,전남광주통합특별시,전남광주통합특별시 여수시
20090506422,2,2,1,"그랑피아프, 떡보의하루",식품제조가공업,전남광주통합특별시,전남광주통합특별시 여수시
20090512006,3,3,3,농업회사법인주식회사헵시바F&B,식품제조가공업,전남광주통합특별시,전남광주통합특별시 나주시
20090512148,2,2,2,농업회사법인주식회사 보리담은,식품제조가공업,전남광주통합특별시,전남광주통합특별시 나주시
20090513017,2,2,1,한울식품,식품제조가공업,전남광주통합특별시,전남광주통합특별시 광양시
20090515007,5,5,5,담양죽순영농조합법인,식품제조가공업,전남광주통합특별시,전남광주통합특별시 담양군
20090515018,1,1,1,주식회사 강성에프앤비옛사랑한과,식품제조가공업,전남광주통합특별시,전남광주통합특별시 담양군
20090515047,3,3,3,시목원,식품제조가공업,전남광주통합특별시,전남광주통합특별시 담양군
20090517011,1,1,1,예고을식품,식품제조가공업,전남광주통합특별시,전남광주통합특별시 구례군
20090517030,7,7,7,(주)자연드림치유식품 라면공방,식품제조가공업,전남광주통합특별시,전남광주통합특별시 구례군
20090517036,3,3,3,(주)자연드림치유식품 만두앤탕공방,식품제조가공업,전남광주통합특별시,전남광주통합특별시 구례군
20090517064,1,1,1,선명농원,식품제조가공업,전남광주통합특별시,전남광주통합특별시 구례군
20090520116,1,1,1,도장밭노래마을영농조합법인,식품제조가공업,전남광주통합특별시,전남광주통합특별시 화순군
20090521007,2,2,2,(주)삼영비앤에프,식품제조가공업,전남광주통합특별시,전남광주통합특별시 장흥군
20090521018,2,2,1,정남진장흥농협 농산물산지유통센터,식품제조가공업,전남광주통합특별시,전남광주통합특별시 장흥군
20090521023,1,1,1,장흥군수산업협동조합,식품제조가공업,전남광주통합특별시,전남광주통합특별시 장흥군
20090522038,2,2,2,빚고담고자연그대로영농조합법인(짱아식품),식품제조가공업,전남광주통합특별시,전남광주통합특별시 강진군
20090523044,3,3,3,영농조합법인 성진,식품제조가공업,전남광주통합특별시,전남광주통합특별시 해남군
20090523095,2,2,2,오복식품,식품제조가공업,전남광주통합특별시,전남광주통합특별시 해남군
20090524015,1,1,1,태이영농조합법인,식품제조가공업,전남광주통합특별시,전남광주통합특별시 영암군
20090524104,3,3,3,삼성식품(주),식품제조가공업,전남광주통합특별시,전남광주통합특별시 영암군
20090524136,1,1,1,대불농수산영어조합법인,식품제조가공업,전남광주통합특별시,전남광주통합특별시 영암군
20090525058,1,1,1,참유원 주식회사,식품제조가공업,전남광주통합특별시,전남광주통합특별시 무안군
20090525093,2,2,2,농업회사법인(주)황토마을식품,식품제조가공업,전남광주통합특별시,전남광주통합특별시 무안군
20090525129,9,3,3,황토애찬식품,식품제조가공업,전남광주통합특별시,전남광주통합특별시 무안군
20090526007,1,1,1,코코허브,식품제조가공업,전남광주통합특별시,전남광주통합특별시 함평군
20090526074,7,7,3,금화영농조합법인,식품제조가공업,전남광주통합특별시,전남광주통합특별시 함평군
20090526077,3,3,3,옥반식품영농조합법인(함평공장),식품제조가공업,전남광주통합특별시,전남광주통합특별시 함평군
20090527029,1,1,1,영광전통모시송편,식품제조가공업,전남광주통합특별시,전남광주통합특별시 영광군
20090527054,1,1,1,남매떡집,식품제조가공업,전남광주통합특별시,전남광주통합특별시 영광군
20090527093,3,3,1,산머루마을영농조합법인,식품제조가공업,전남광주통합특별시,전남광주통합특별시 영광군
20090527099,1,1,1,더불어삶사회적협동조합,식품제조가공업,전남광주통합특별시,전남광주통합특별시 영광군
20090527110,6,6,5,천보수산 유한회사,식품제조가공업,전남광주통합특별시,전남광주통합특별시 영광군
20090529001,1,1,1,(주)청산바다,식품제조가공업,전남광주통합특별시,전남광주통합특별시 완도군
20090529015,1,1,1,하이푸드(주),식품제조가공업,전남광주통합특별시,전남광주통합특별시 완도군
20090529039,2,1,2,(주)청해진수산,식품제조가공업,전남광주통합특별시,전남광주통합특별시 완도군
20090533241,1,1,1,호미곶 전통 찰보리빵,식품제조가공업,경상북도,경상북도 포항시
20090533327,7,7,7,포항바이오파크,식품제조가공업,경상북도,경상북도 포항시
20090543089,2,2,2,삼성수산 안동간고등어,식품제조가공업,경상북도,경상북도 안동시
20090543228,2,2,2,영농조합법인 안동학가산 마깍두기김치,식품제조가공업,경상북도,경상북도 안동시
20090543305,2,2,2,농업회사법인(주)한국라이스텍,식품제조가공업,경상북도,경상북도 안동시
20090543328,1,1,1,학가산 참조은식품,식품제조가공업,경상북도,경상북도 안동시
20090554020,2,2,2,소백인삼영농조합법인,식품제조가공업,경상북도,경상북도 영주시
20090554046,1,1,1,풍기영남홍삼원,식품제조가공업,경상북도,경상북도 영주시
20090554120,1,1,1,정담,식품제조가공업,경상북도,경상북도 영주시
20090554249,2,2,2,한농연영농조합법인,식품제조가공업,경상북도,경상북도 영주시
20090554254,1,1,1,한얼식품,식품제조가공업,경상북도,경상북도 영주시
20090554282,1,1,1,홍삼촌,식품제조가공업,경상북도,경상북도 영주시
20090555025,4,4,4,(주)보성식품,식품제조가공업,경상북도,경상북도 영천시
20090555128,1,1,1,정식품,식품제조가공업,경상북도,경상북도 영천시
20090555180,1,1,1,농업회사법인주식회사영양물산,식품제조가공업,경상북도,경상북도 영천시
20090556021,1,1,1,토리식품제2공장,식품제조가공업,경상북도,경상북도 상주시
20090556110,1,1,1,초록드림,식품제조가공업,경상북도,경상북도 상주시
20090556159,2,1,2,(주)굿모닝푸드,식품제조가공업,경상북도,경상북도 상주시
20090558052,1,1,1,문경새재웰빙하우스,식품제조가공업,경상북도,경상북도 문경시
20090558138,2,2,2,이로하영농조합법인,식품제조가공업,경상북도,경상북도 문경시
20090558165,2,2,2,푸른산참농원,식품제조가공업,경상북도,경상북도 문경시
20090560252,1,1,1,영진식품,식품제조가공업,경상북도,경상북도 경산시
20090563008,3,3,3,농업회사법인 주식회사 가람솔,식품제조가공업,경상북도,경상북도 의성군
20090563047,1,1,1,영농조합법인 자연스런(The Naturale),식품제조가공업,경상북도,경상북도 의성군
20090563077,1,1,1,농업회사법인 주식회사 참누리,식품제조가공업,경상북도,경상북도 의성군
20090564024,2,2,1,농업회사법인 청송애플식품(주),식품제조가공업,경상북도,경상북도 청송군
20090564028,1,1,1,청송사과한과,식품제조가공업,경상북도,경상북도 청송군
20090566029,1,1,1,힐링숨농장 영농조합법인,식품제조가공업,경상북도,경상북도 영덕군
20090569085,3,3,3,(주)프로틴코리아,식품제조가공업,경상북도,경상북도 성주군
20090571002,2,2,1,장수농산금드림,식품제조가공업,경상북도,경상북도 예천군
20090572015,6,6,3,산골짜기손맛김치,식품제조가공업,경상북도,경상북도 봉화군
20090573090,1,1,1,(주) 울진로하스코리아,식품제조가공업,경상북도,경상북도 울진군
20090595031,2,2,2,(주)이서푸드,식품제조가공업,경상남도,경상남도 창원시
20090595215,7,7,7,자농푸드라인,식품제조가공업,경상남도,경상남도 창원시
20090597115,1,1,1,백제식품,식품제조가공업,경상남도,경상남도 창원시
20090599381,2,2,2,진해수산업협동조합,식품제조가공업,경상남도,경상남도 창원시
20090601231,2,2,1,진주약선한과,식품제조가공업,경상남도,경상남도 진주시
20090601731,1,1,1,다인씨엔비,식품제조가공업,경상남도,경상남도 진주시
20090606048,3,3,3,죽방렴영어조합법인삽재공장,식품제조가공업,경상남도,경상남도 사천시
20090606062,1,1,1,사천농원,식품제조가공업,경상남도,경상남도 사천시
20090606181,1,1,1,진성물산(주),식품제조가공업,경상남도,경상남도 사천시
20090607280,7,7,4,주식회사모산F/S,식품제조가공업,경상남도,경상남도 김해시
20090607777,1,1,1,(주)서진푸드,식품제조가공업,경상남도,경상남도 김해시
20090616005,1,1,1,연호전통식품,식품제조가공업,경상남도,경상남도 의령군
20090616034,1,1,1,의령망개떡 김가네,식품제조가공업,경상남도,경상남도 의령군
20090618022,2,2,2,(주)해드림에프에스,식품제조가공업,경상남도,경상남도 창녕군
20090618082,2,2,2,(주)은하식품,식품제조가공업,경상남도,경상남도 창녕군
20090620023,2,2,2,새남해농협 농식품유통센터,식품제조가공업,경상남도,경상남도 남해군
20090623061,1,1,1,함양농협2,식품제조가공업,경상남도,경상남도 함양군
20090624059,12,12,12,농업회사법인(주)힐링팜,식품제조가공업,경상남도,경상남도 거창군
20090624076,3,3,3,주식회사 청림식품,식품제조가공업,경상남도,경상남도 거창군
20090625047,1,1,1,동흥식품,식품제조가공업,경상남도,경상남도 합천군
20090627090,1,1,1,푸른농수산,식품제조가공업,제주특별자치도,제주특별자치도 제주시
20090627131,2,2,2,섬나라영어조합법인,식품제조가공업,제주특별자치도,제주특별자치도 제주시
20090627144,1,1,1,제주수연수산,식품제조가공업,제주특별자치도,제주특별자치도 제주시
20090627218,3,3,2,영어조합법인 해담,식품제조가공업,제주특별자치도,제주특별자치도 제주시
20090627519,1,1,1,현진식품,식품제조가공업,제주특별자치도,제주특별자치도 제주시
20090627556,2,2,2,제다푸드시스템,식품제조가공업,제주특별자치도,제주특별자치도 제주시
20090627610,1,1,1,영어조합법인숨비소리,식품제조가공업,제주특별자치도,제주특별자치도 제주시
20090627733,2,2,1,한일식품,식품제조가공업,제주특별자치도,제주특별자치도 제주시
20090628034,1,1,1,제주살레,식품제조가공업,제주특별자치도,제주특별자치도 제주시
20090631124,1,1,1,제주전통한과 도솔천,식품제조가공업,제주특별자치도,제주특별자치도 서귀포시
20090631233,2,2,2,농업회사법인(주)자담,식품제조가공업,제주특별자치도,제주특별자치도 서귀포시
20090631313,1,1,1,성산포수산업협동조합(수산물산지가공공장),식품제조가공업,제주특별자치도,제주특별자치도 서귀포시
20090631383,2,2,2,서귀포수산업협동조합,식품제조가공업,제주특별자치도,제주특별자치도 서귀포시
20100015160,2,1,1,서울탁주강동연합제조장,식품제조가공업(주류),서울특별시,서울특별시 강동구
20100015161,2,1,1,서울탁주도봉연합제조장,식품제조가공업(주류),서울특별시,서울특별시 도봉구
20100029129,1,1,1,크리스탈제이드,식품제조가공업,서울특별시,서울특별시 중구
20100036004,6,3,3,신천식품(주),식품제조가공업,서울특별시,서울특별시 성동구
20100036571,8,4,4,(주)조선호텔앤리조트김치,식품제조가공업,경기도,경기도 성남시
20100046150,3,1,1,(주)로뎀베이커리,식품제조가공업,서울특별시,서울특별시 중랑구
20100063483,4,2,2,주식회사 보누스메이트,식품제조가공업,경기도,경기도 파주시
20100066262,2,1,1,대산무역,식품제조가공업,서울특별시,서울특별시 서대문구
20100073217,1,1,1,한사랑식품,식품제조가공업,서울특별시,서울특별시 양천구
20100077198,6,3,3,(주)남해수산,식품제조가공업,서울특별시,서울특별시 강서구
20100087255,2,1,1,(주)정성푸드원,식품제조가공업,경기도,경기도 고양시
20100091010,4,2,1,덕경푸드(양심식품),식품제조가공업,서울특별시,서울특별시 서초구
20100099734,2,2,2,사랑의일터(사랑의베이커리),식품제조가공업,서울특별시,서울특별시 서초구
20100099775,4,4,4,코코브루니,식품제조가공업,서울특별시,서울특별시 서초구
20100105788,1,1,1,(주)에스지다인힐,식품제조가공업,서울특별시,서울특별시 강남구
20100106811,2,1,1,더벨로,식품제조가공업,서울특별시,서울특별시 강남구
20100114659,1,1,1,보상농산(주),식품제조가공업,서울특별시,서울특별시 송파구
20100115478,4,2,2,믿음에프엔비,식품제조가공업,경기도,경기도 용인시
20100115516,2,1,1,농업회사법인(주)양양,식품제조가공업,경기도,경기도 용인시
20100120224,4,2,1,코코델리스,식품제조가공업,서울특별시,서울특별시 강동구
20100128200,3,3,3,합천수산,식품제조가공업,부산광역시,부산광역시 서구
20100128209,2,2,2,(주)중원씨푸드,식품제조가공업,부산광역시,부산광역시 서구
20100131145,2,2,2,명가네식품,식품제조가공업,부산광역시,부산광역시 부산진구
20100131503,1,1,1,(주)그린티엔에프,식품제조가공업,부산광역시,부산광역시 부산진구
20100131785,3,3,3,(주)그리드온 오브라운,식품제조가공업,부산광역시,부산광역시 부산진구
20100134318,1,1,1,24시부산순대,식품제조가공업,부산광역시,부산광역시 동래구
20100134374,1,1,1,아코마,식품제조가공업,부산광역시,부산광역시 동래구
20100137275,1,1,1,타코야미,식품제조가공업,부산광역시,부산광역시 남구
20100139393,1,1,1,신세강식품,식품제조가공업,부산광역시,부산광역시 북구
20100141164,5,5,5,유한회사 소미노,식품제조가공업,부산광역시,부산광역시 해운대구
20100141442,2,1,1,다온식품,식품제조가공업,경상남도,경상남도 밀양시
20100141522,3,3,3,강가네식품,식품제조가공업,부산광역시,부산광역시 해운대구
20100144106,5,3,3,(주)경맥,식품제조가공업,부산광역시,부산광역시 사하구
20100144371,2,2,2,금보물산(주),식품제조가공업,부산광역시,부산광역시 사하구
20100144376,3,3,2,(주)삼성피앤제이 1공장,식품제조가공업,부산광역시,부산광역시 사하구
20100147027,2,1,1,모모스커피 주식회사,식품제조가공업,부산광역시,부산광역시 금정구
20100147228,2,1,1,(주)지산푸드시스템,식품제조가공업,부산광역시,부산광역시 금정구
20100149014,7,7,7,해돋이대아식품(주),식품제조가공업,부산광역시,부산광역시 강서구
20100149101,1,1,1,주식회사 동양식품,식품제조가공업,부산광역시,부산광역시 강서구
20100150144,2,1,1,(주)제이알지코리아,식품제조가공업,부산광역시,부산광역시 동래구
20100154484,3,3,1,(주)도투락 식품,식품제조가공업,부산광역시,부산광역시 사상구
20100154489,3,1,1,주식회사세명에프엔에프,식품제조가공업,부산광역시,부산광역시 사상구
20100156079,3,3,3,황토농원,식품제조가공업,부산광역시,부산광역시 기장군
20100156228,1,1,1,주식회사 바비조아,식품제조가공업,부산광역시,부산광역시 기장군
20100158081,1,1,1,(주)온그린푸드,식품제조가공업,대구광역시,대구광역시 중구
20100158203,2,2,2,행복의 일터,식품제조가공업,대구광역시,대구광역시 중구
20100160546,2,2,2,한백에프앤에스,식품제조가공업,대구광역시,대구광역시 동구
20100160647,2,2,2,(주)수화당에프앤비(F&B),식품제조가공업,대구광역시,대구광역시 동구
20100163026,1,1,1,세이브참솔식품,식품제조가공업,대구광역시,대구광역시 서구
20100163164,1,1,1,대구서구시니어클럽 행복떡방,식품제조가공업,대구광역시,대구광역시 서구
20100163250,6,3,3,산수원,식품제조가공업,대구광역시,대구광역시 서구
20100163253,2,1,1,자연애찬,식품제조가공업,경상남도,경상남도 김해시
20100163465,1,1,1,떡사랑,식품제조가공업,대구광역시,대구광역시 서구
20100168072,1,1,1,서울식품,식품제조가공업,대구광역시,대구광역시 북구
20100174159,2,1,1,떡치푸드,식품제조가공업,대구광역시,대구광역시 수성구
20100182300,16,8,8,(주)케이엠에프,식품제조가공업,대구광역시,대구광역시 달서구
20100182349,6,6,6,(주)일동플러스팜,식품제조가공업,대구광역시,대구광역시 달서구
20100182442,1,1,1,(주)푸드맘,식품제조가공업,대구광역시,대구광역시 달서구
20100188109,1,1,1,비슬미나리농장영농조합법인,식품제조가공업,대구광역시,대구광역시 달성군
20100188203,1,1,1,정성제과,식품제조가공업,대구광역시,대구광역시 달성군
20100193040,6,3,3,성은식품,식품제조가공업,인천광역시,인천광역시 서해구
20100193081,2,2,2,M&F,식품제조가공업,인천광역시,인천광역시 미추홀구
20100193239,3,1,1,준푸드,식품제조가공업,인천광역시,인천광역시 서해구
20100199151,2,2,2,(주)첨맘유통,식품제조가공업,인천광역시,인천광역시 남동구
20100199229,4,4,4,생생찬,식품제조가공업,인천광역시,인천광역시 남동구
20100199286,1,1,1,J.C컴퍼니,식품제조가공업,인천광역시,인천광역시 남동구
20100199357,1,1,1,호야푸드,식품제조가공업,인천광역시,인천광역시 남동구
20100199479,2,1,1,(주)이삭푸드,식품제조가공업,인천광역시,인천광역시 남동구
20100205068,5,5,5,(주)화인푸드,식품제조가공업,인천광역시,인천광역시 계양구
20100205591,1,1,1,행운식품(주),식품제조가공업,인천광역시,인천광역시 계양구
20100205728,10,5,5,(주)피케이글로벌,식품제조가공업,인천광역시,인천광역시 계양구
20100208006,4,4,4,경복식품,식품제조가공업,인천광역시,인천광역시 검단구
20100208465,3,1,1,(주)원푸드라인,집단급식소 식품판매업,경기도,경기도 김포시
20100208769,2,2,2,(주)오모가리에프앤비,식품제조가공업,인천광역시,인천광역시 서해구
20100211096,1,1,1,다이식품,식품제조가공업,인천광역시,인천광역시 강화군
20100211120,1,1,1,농업회사법인 옥림순무 주식회사,식품제조가공업,인천광역시,인천광역시 강화군
20100211219,1,1,1,상도유통,식품제조가공업,인천광역시,인천광역시 강화군
20100219341,7,7,5,주식회사 김치타운,식품제조가공업,전남광주통합특별시,전남광주통합특별시 남구
20100219375,1,1,1,제석근로사업장,식품제조가공업,전남광주통합특별시,전남광주통합특별시 남구
20100221171,1,1,1,(주)쌀과자마을,식품제조가공업,전남광주통합특별시,전남광주통합특별시 북구
20100227415,1,1,1,(주)195에프앤비,식품제조가공업,전남광주통합특별시,전남광주통합특별시 광산구
20100227756,1,1,1,바오로일터,식품제조가공업,전남광주통합특별시,전남광주통합특별시 광산구
20100227940,1,1,1,주식회사수팬들,식품제조가공업,전남광주통합특별시,전남광주통합특별시 광산구
20100231185,8,4,4,(주)에르코스,식품제조가공업,대전광역시,대전광역시 동구
20100236511,2,1,1,해뜰,식품제조가공업,대전광역시,대전광역시 서구
20100236894,1,1,1,동방떡식품,식품제조가공업,대전광역시,대전광역시 서구
20100242109,3,3,3,주)설정숙김치본가,식품제조가공업,대전광역시,대전광역시 대덕구
20100242261,2,2,2,복떡빵,식품제조가공업,대전광역시,대전광역시 대덕구
20100242371,1,1,1,(유)행복한밥상,식품제조가공업,대전광역시,대전광역시 대덕구
20100255512,1,1,1,부자식품,식품제조가공업,울산광역시,울산광역시 울주군
20100257194,1,1,1,세종한과,식품제조가공업,세종특별자치시,세종특별자치시
20100257198,1,1,1,햇살아이영농조합법인,식품제조가공업,세종특별자치시,세종특별자치시
20100263455,6,3,3,형통식품,식품제조가공업,경기도,경기도 수원시
20100263990,4,4,3,장터김치,식품제조가공업,경기도,경기도 수원시
20100275003,3,3,3,남양씨푸드(주),식품제조가공업,경기도,경기도 성남시
20100275025,1,1,1,(주)동원홈푸드,식품소분업,경기도,경기도 성남시
20100275060,4,4,4,(주)청명자연과학,식품제조가공업,경기도,경기도 성남시
20100275092,1,1,1,랑,식품제조가공업,경기도,경기도 성남시
20100275128,1,1,1,주식회사 장터,식품제조가공업,경기도,경기도 성남시
20100275132,6,3,3,제일유업(주),식품제조가공업,경기도,경기도 화성시
20100275177,16,16,15,(주)파리크라상 성남제2공장,식품제조가공업,경기도,경기도 성남시
20100275218,2,2,2,(주)굿투베이크,식품제조가공업,경기도,경기도 성남시
20100275229,1,1,1,(주)행복도시락 성남점,식품제조가공업,경기도,경기도 성남시
20100275263,2,2,2,(주)더브라운베이커리,식품제조가공업,경기도,경기도 성남시
20100285773,4,2,2,주식회사 신성베이커리,식품제조가공업,경기도,경기도 포천시
20100288224,3,3,3,벼리마을(안양시장애인보호작업장),식품제조가공업,경기도,경기도 안양시
20100288391,2,2,2,더블데이피엔에스,식품제조가공업,경기도,경기도 안양시
20100288452,8,4,2,(주)비엔푸드,식품제조가공업,경기도,경기도 군포시
20100288523,3,3,3,(주)한스제과,식품제조가공업,경기도,경기도 안양시
20100288540,4,2,2,장수식품,식품제조가공업,경기도,경기도 김포시
20100294219,6,3,2,주식회사 오름,식품제조가공업,경기도,경기도 양주시
20100294462,1,1,1,주식회사 수라당,식품제조가공업,경기도,경기도 부천시
20100294870,2,2,2,샘물자리,식품제조가공업,경기도,경기도 부천시
20100294897,2,2,2,아이케이푸드,식품제조가공업,경기도,경기도 부천시
20100294933,2,2,2,퀸즈푸드,식품제조가공업,경기도,경기도 부천시
20100308043,2,2,2,주식회사아라푸드,식품제조가공업,경기도,경기도 평택시
20100308180,1,1,1,(주)디에스푸드원,식품제조가공업,경기도,경기도 평택시
20100308257,6,6,6,(주)아름터,식품제조가공업,경기도,경기도 평택시
20100308291,2,2,2,농업회사법인 팜에이트 주식회사,식품제조가공업,경기도,경기도 평택시
20100311099,8,4,4,주식회사미가,식품제조가공업,경기도,경기도 화성시
20100311338,2,1,1,한중식품,식품제조가공업,경기도,경기도 안산시
20100311475,2,2,1,(주)뜰아래,식품제조가공업,경기도,경기도 안산시
20100311644,1,1,1,(주)지앤푸드,식품제조가공업,경기도,경기도 안산시
20100311649,1,1,1,안다미로,식품제조가공업,경기도,경기도 안산시
20100320098,1,1,1,해피브레드,식품제조가공업,경기도,경기도 고양시
20100320168,1,1,1,구름샌드,식품제조가공업,경기도,경기도 고양시
20100320175,2,1,1,김종하과자공방,식품제조가공업,경기도,경기도 파주시
20100320312,3,3,3,천미식품,식품제조가공업,경기도,경기도 고양시
20100320388,5,5,5,비엠에스,식품제조가공업,경기도,경기도 고양시
20100320613,2,2,2,마마님 청국장,식품제조가공업,경기도,경기도 고양시
20100320764,2,2,2,동화속 간식상자,식품제조가공업,경기도,경기도 고양시
20100321008,6,6,5,청은에프엔비(주),식품제조가공업,경기도,경기도 고양시
20100321064,5,5,3,(주)금호통상,식품제조가공업,경기도,경기도 고양시
20100332123,1,1,1,주식회사 기락,식품제조가공업,경기도,경기도 남양주시
20100332164,1,1,1,동우식품,식품제조가공업,경기도,경기도 남양주시
20100332296,8,4,4,가보식품(주),식품제조가공업,경기도,경기도 포천시
20100332430,4,4,3,농업회사법인 주식회사 아나나스푸드,식품제조가공업,경기도,경기도 남양주시
20100332591,3,3,3,(주)자연농장,식품제조가공업,경기도,경기도 남양주시
20100332864,1,1,1,남양주시니어클럽,식품제조가공업,경기도,경기도 남양주시
20100333001,4,4,4,스푼홀릭,식품제조가공업,경기도,경기도 남양주시
20100333055,1,1,1,(주)창구식품,식품제조가공업,경기도,경기도 남양주시
20100333065,4,4,4,영동씨푸드(주),식품제조가공업,경기도,경기도 남양주시
20100333206,2,2,2,나루가온에프엔씨(주),식품제조가공업,경기도,경기도 남양주시
20100333329,1,1,1,농업회사법인 하늘농가 주식회사,집단급식소 식품판매업,경기도,경기도 남양주시
20100338150,1,1,1,진솔식품,식품제조가공업,경기도,경기도 시흥시
20100338800,2,2,2,조은명가,식품제조가공업,경기도,경기도 시흥시
20100339121,1,1,1,(주)한국전통특산,식품제조가공업,경기도,경기도 시흥시
20100342050,1,1,1,(주)비에이치푸드,식품제조가공업,경기도,경기도 군포시
20100342222,1,1,1,(주)크레푸드,식품제조가공업,경기도,경기도 군포시
20100342488,2,2,2,주식회사 아티산푸드시스템,식품제조가공업,경기도,경기도 군포시
20100345002,1,1,1,(주)대우에프앤비,식품소분업,경기도,경기도 하남시
20100345159,2,1,1,주현푸드,식품제조가공업,경기도,경기도 하남시
20100345360,6,3,3,주식회사 스토리푸드,식품제조가공업,경기도,경기도 남양주시
20100345398,1,1,1,한마루푸드,식품제조가공업,경기도,경기도 하남시
20100347015,3,3,3,(주)태종에프디,식품제조가공업,경기도,경기도 용인시
20100347038,1,1,1,(주)한국골드메달,식품제조가공업,경기도,경기도 용인시
20100347053,2,2,2,지구촌보호작업장,식품제조가공업,경기도,경기도 용인시
20100347060,3,3,3,(주)씨즈커피코리아,식품제조가공업,경기도,경기도 용인시
20100347108,12,6,6,(주)지앤씨에프에스,식품제조가공업,충청북도,충청북도 제천시
20100347116,6,3,3,씨앤피푸드팩토리,식품제조가공업,경기도,경기도 용인시
20100347119,2,1,1,주식회사 팥고당에스피 제1공장,식품제조가공업,경기도,경기도 성남시
20100355285,1,1,1,하늘처럼,식품제조가공업,경기도,경기도 파주시
20100355346,2,2,2,평원식품,식품제조가공업,경기도,경기도 파주시
20100355546,4,4,4,(주)한국라이스바이오,식품제조가공업,경기도,경기도 파주시
20100355984,2,2,2,호림식품,식품제조가공업,경기도,경기도 파주시
20100356102,2,2,2,태청F&N,식품제조가공업,경기도,경기도 파주시
20100356113,3,3,3,주식회사 얌샘,식품제조가공업,경기도,경기도 파주시
20100356242,2,2,2,(주)더베러푸드,식품제조가공업,경기도,경기도 파주시
20100356332,2,1,1,주식회사 코끼리와친구들,식품제조가공업,경기도,경기도 고양시
20100358044,1,1,1,대양식품,식품제조가공업,경기도,경기도 이천시
20100358048,1,1,1,예맛상사(주),식품제조가공업,경기도,경기도 이천시
20100358050,3,3,3,농업회사법인 다선(주),식품제조가공업,경기도,경기도 이천시
20100358177,18,9,8,주식회사 제이비케이랩,식품제조가공업,경기도,경기도 이천시
20100358279,10,10,10,(주)새롬푸드 농업회사법인,식품제조가공업,경기도,경기도 이천시
20100358426,12,12,12,(주)그린바이오,식품제조가공업,경기도,경기도 이천시
20100360039,1,1,1,안성인삼농업협동조합 인삼가공공장,식품제조가공업,경기도,경기도 안성시
20100360073,4,4,4,(주)에이치알글로벌,식품제조가공업,경기도,경기도 안성시
20100360334,3,3,3,(주)코비스,식품제조가공업,경기도,경기도 안성시
20100360360,1,1,1,디에이치바이오,식품제조가공업,경기도,경기도 안성시
20100360568,4,4,4,(주)현대에프앤비,식품제조가공업,경기도,경기도 안성시
20100362041,1,1,1,(주)미소누리,식품제조가공업,경기도,경기도 김포시
20100362163,3,3,3,김포파주인삼농협인삼가공공장,식품제조가공업,경기도,경기도 김포시
20100362189,1,1,1,바게트번,식품제조가공업,경기도,경기도 김포시
20100362308,2,2,2,농업회사법인 미래(주),식품제조가공업,경기도,경기도 김포시
20100362463,1,1,1,솔식품 청솔김치,식품제조가공업,경기도,경기도 김포시
20100362741,1,1,1,보길영농조합법인,식품제조가공업,경기도,경기도 김포시
20100364071,2,2,2,정남농협 화성웰빙떡 클러스터사업단,식품제조가공업,경기도,경기도 화성시
20100364375,1,1,1,주식회사 웰면식품,식품제조가공업,경기도,경기도 화성시
20100364683,2,2,2,(주)아로마빌커피,식품제조가공업,경기도,경기도 화성시
20100364821,6,3,3,다인(주),식품제조가공업,경기도,경기도 포천시
20100364893,1,1,1,(주)이노바,식품제조가공업,경기도,경기도 화성시
20100365165,1,1,1,라성식품,식품제조가공업,경기도,경기도 화성시
20100365182,1,1,1,(주)알피바이오,식품제조가공업,경기도,경기도 화성시
20100365272,1,1,1,(주)하나에프앤드엘,식품제조가공업,경기도,경기도 화성시
20100365538,1,1,1,주식회사 라이스피앤씨,식품제조가공업,경기도,경기도 화성시
20100368047,2,2,2,(주)삼원,식품제조가공업,경기도,경기도 광주시
20100368085,2,2,1,(주)야미코리아,식품제조가공업,경기도,경기도 광주시
20100368126,2,2,2,햇사랑식품,식품제조가공업,경기도,경기도 광주시
20100368176,1,1,1,(주)한스푸드테크,식품제조가공업,경기도,경기도 광주시
20100368222,1,1,1,팍스푸드,식품제조가공업,경기도,경기도 광주시
20100368249,1,1,1,세원푸드(주),식품제조가공업,경기도,경기도 광주시
20100368370,2,2,2,(주)사랑과정성,식품제조가공업,경기도,경기도 광주시
20100368449,1,1,1,진터식품,식품제조가공업,경기도,경기도 광주시
20100368548,1,1,1,다인홀딩스,식품제조가공업,경기도,경기도 광주시
20100368572,4,2,2,(주)한국제면,식품제조가공업,경기도,경기도 이천시
20100368585,2,2,2,(주)현대그린푸드 경인센터,식품제조가공업,경기도,경기도 광주시
20100368590,1,1,1,(주)테이트,식품제조가공업,경기도,경기도 광주시
20100370135,9,9,9,농업회사법인 송산 주식회사,식품제조가공업,경기도,경기도 양주시
20100370402,1,1,1,목화당,식품제조가공업,경기도,경기도 양주시
20100372272,2,2,2,성진식품,식품제조가공업,경기도,경기도 포천시
20100372368,1,1,1,농업회사법인 유한회사 굿푸드지점,식품소분업,경기도,경기도 포천시
20100372369,2,2,2,농업회사법인 유한회사 굿푸드지점,식품제조가공업,경기도,경기도 포천시
20100372377,6,2,1,금상푸드,식품제조가공업,경기도,경기도 안산시
20100372386,6,6,4,(주) 청우식품,식품제조가공업,경기도,경기도 포천시
20100372526,1,1,1,(주)해뜨는 식품,식품제조가공업,경기도,경기도 포천시
20100375083,2,2,2,농업회사법인(주)은아목장,식품제조가공업,경기도,경기도 여주시
20100375188,2,2,2,(주)진양 여주공장,식품제조가공업,경기도,경기도 여주시
20100375233,1,1,1,농업회사법인 한둘푸드 주식회사,집단급식소 식품판매업,경기도,경기도 여주시
20100376046,8,8,8,(주)한국지네틱바이오팜,식품제조가공업,경기도,경기도 연천군
20100377026,1,1,1,운악산 포도즙가공센타,식품제조가공업,경기도,경기도 가평군
20100378076,9,9,9,주식회사해나눔,식품제조가공업,경기도,경기도 양평군
20100378174,1,1,1,슬로패밀리,식품제조가공업,경기도,경기도 양평군
20100378211,3,3,3,그린맥스영농법인,식품제조가공업,경기도,경기도 양평군
20100378236,4,4,4,농업회사법인웰팜넷주식회사,식품제조가공업,경기도,경기도 양평군
20100380269,2,2,2,세린식품(주),식품제조가공업,강원특별자치도,강원특별자치도 춘천시
20100380330,1,1,1,(주)삼원푸드,식품제조가공업,강원특별자치도,강원특별자치도 춘천시
20100380419,2,2,2,농업회사법인주식회사시루와떡메,식품제조가공업,강원특별자치도,강원특별자치도 춘천시
20100383114,4,4,4,농업회사법인주식회사대일,식품제조가공업,강원특별자치도,강원특별자치도 원주시
20100383444,1,1,1,해초원,식품제조가공업,강원특별자치도,강원특별자치도 원주시
20100383847,1,1,1,찰떡궁합,식품제조가공업,강원특별자치도,강원특별자치도 원주시
20100386192,2,2,2,군포농산(제2공장),식품제조가공업,강원특별자치도,강원특별자치도 강릉시
20100389172,1,1,1,(주)낙천,식품제조가공업,강원특별자치도,강원특별자치도 동해시
20100392140,6,6,6,(주)씨월드,식품제조가공업,강원특별자치도,강원특별자치도 속초시
20100392282,1,1,1,(주)설악청정식품,식품제조가공업,강원특별자치도,강원특별자치도 속초시
20100394072,4,4,3,(주)디와이푸드,식품제조가공업,강원특별자치도,강원특별자치도 홍천군
20100394147,1,1,1,홍천한과,식품제조가공업,강원특별자치도,강원특별자치도 홍천군
20100395019,1,1,1,안흥도깨비식품,식품제조가공업,강원특별자치도,강원특별자치도 횡성군
20100395093,2,2,2,영농조합법인 산골농장,식품제조가공업,강원특별자치도,강원특별자치도 횡성군
20100395096,6,3,3,농업회사법인살림농산주식회사,식품제조가공업,강원특별자치도,강원특별자치도 원주시
20100404003,5,5,3,농업회사법인(주)홀썸네이처,식품제조가공업,강원특별자치도,강원특별자치도 양양군
20100415013,3,3,3,(주)떡과풍경,식품제조가공업,충청북도,충청북도 청주시
20100415032,1,1,1,순대렐라,식품제조가공업,충청북도,충청북도 청주시
20100415069,5,5,5,대풍,식품제조가공업,충청북도,충청북도 청주시
20100415104,4,4,4,본정초콜릿(주),식품제조가공업,충청북도,충청북도 청주시
20100415115,1,1,1,(주)행복담은네모,식품제조가공업,충청북도,충청북도 청주시
20100433329,1,1,1,시골내음건강,식품제조가공업,충청북도,충청북도 충주시
20100433330,2,2,2,여울선식품,식품제조가공업,충청북도,충청북도 충주시
20100433411,1,1,1,농업회사법인(주)두레촌,식품제조가공업,충청북도,충청북도 충주시
20100433494,1,1,1,예뜰영농조합,식품제조가공업,충청북도,충청북도 충주시
20100435180,1,1,1,농업회사법인(주)에이치맥스,식품제조가공업,충청북도,충청북도 제천시
20100435211,3,3,3,제천인삼약초영농조합법인,식품제조가공업,충청북도,충청북도 제천시
20100439027,2,2,2,고시랑장독대,식품제조가공업,충청북도,충청북도 보은군
20100439042,1,1,1,삼승황토사과방,식품제조가공업,충청북도,충청북도 보은군
20100439084,1,1,1,(주)에스피씨삼립 속리산휴게소,식품소분업,충청북도,충청북도 보은군
20100439085,4,4,4,(주)이킴 삼승공장,식품제조가공업,충청북도,충청북도 보은군
20100440094,3,3,3,주식회사 옥천향수식품,식품제조가공업,충청북도,충청북도 옥천군
20100440124,3,3,2,중앙 바이오(주),식품제조가공업,충청북도,충청북도 옥천군
20100442115,3,3,3,농업회사법인 주식회사 찬선,식품제조가공업,충청북도,충청북도 증평군
20100442136,1,1,1,대연식품,식품제조가공업,충청북도,충청북도 증평군
20100443136,3,3,3,주식회사 쌀담,식품제조가공업,충청북도,충청북도 진천군
20100443150,3,3,3,장원식품,식품제조가공업,충청북도,충청북도 진천군
20100443196,12,12,11,베이시스푸드(주),식품제조가공업,충청북도,충청북도 진천군
20100443202,2,2,2,만디식품,식품제조가공업,충청북도,충청북도 진천군
20100444077,5,5,5,(주) 시즈너,식품제조가공업,충청북도,충청북도 괴산군
20100445021,2,2,2,음성 삼보한과,식품제조가공업,충청북도,충청북도 음성군
20100445027,1,1,1,(주)태공식품,식품제조가공업,충청북도,충청북도 음성군
20100445028,1,1,1,만복식품,식품제조가공업,충청북도,충청북도 음성군
20100445098,2,2,2,(주)장안유업,식품제조가공업,충청북도,충청북도 음성군
20100445181,2,2,1,대호푸드,식품제조가공업,충청북도,충청북도 음성군
20100445237,24,12,11,(주)내츄럴스푸드,식품제조가공업,충청북도,충청북도 진천군
20100445265,3,3,3,(주)혜인식품 음성지점,식품제조가공업,충청북도,충청북도 음성군
20100449004,1,1,1,천안당호두과자남천안점,식품제조가공업,충청남도,충청남도 천안시
20100449009,3,3,3,(주)만호식품 농업회사법인,식품제조가공업,충청남도,충청남도 천안시
20100449016,5,5,5,(주)동원에프앤비((주)동원F&B),식품제조가공업,충청남도,충청남도 천안시
20100449017,3,3,3,주식회사네이피,식품제조가공업,충청남도,충청남도 천안시
20100449023,1,1,1,준식품,식품제조가공업,충청남도,충청남도 천안시
20100458123,1,1,1,샬레르,식품제조가공업,충청남도,충청남도 공주시
20100458169,3,3,3,명주원보호작업장(주원베이커리),식품제조가공업,충청남도,충청남도 공주시
20100459146,2,2,2,서해맛김,식품제조가공업,충청남도,충청남도 보령시
20100461037,2,2,2,장애인보호작업장꿈꾸는나무,식품제조가공업,충청남도,충청남도 아산시
20100461158,4,4,4,새록담푸드랩(주),식품제조가공업,충청남도,충청남도 아산시
20100461294,1,1,1,주식회사 농심미분,식품제조가공업,충청남도,충청남도 아산시
20100461303,4,4,4,(주)제이앤이 아산공장,식품제조가공업,충청남도,충청남도 아산시
20100461568,1,1,1,(주)씨엘팜,식품제조가공업,충청남도,충청남도 아산시
20100463183,2,2,2,서산명가,식품제조가공업,충청남도,충청남도 서산시
20100464073,1,1,1,상록푸드시스템,식품제조가공업,충청남도,충청남도 논산시
20100466070,7,6,6,(주)아워홈,식품제조가공업,충청남도,충청남도 계룡시
20100467016,1,1,1,금산인삼랜드(하)휴게소 한식당(탕류),휴게음식점,충청남도,충청남도 금산군
20100467021,1,1,1,금산인삼랜드(하)휴게소 한식당(찌개류),휴게음식점,충청남도,충청남도 금산군
20100467117,5,5,5,(주)사조오양금산공장,식품제조가공업,충청남도,충청남도 금산군
20100467119,1,1,1,강씨네금산인삼농장,식품제조가공업,충청남도,충청남도 금산군
20100467146,2,2,2,송학고려홍삼주식회사,식품제조가공업,충청남도,충청남도 금산군
20100467147,1,1,1,건행생약,식품제조가공업,충청남도,충청남도 금산군
20100467181,1,1,1,금산삼사랑농원,식품제조가공업,충청남도,충청남도 금산군
20100467202,2,2,2,태을당,식품제조가공업,충청남도,충청남도 금산군
20100467233,1,1,1,가연식품,식품제조가공업,충청남도,충청남도 금산군
20100467247,2,2,2,농업회사법인(주)한국흑삼공사,식품제조가공업,충청남도,충청남도 금산군
20100470083,2,2,1,(주)더웰시아농업회사법인,식품제조가공업,충청남도,충청남도 부여군
20100471044,1,1,1,서천군장애인보호작업장,식품제조가공업,충청남도,충청남도 서천군
20100473055,1,1,1,홍성유기농 생미푸드,식품제조가공업,충청남도,충청남도 홍성군
20100473057,3,3,2,(주)광천원김,식품제조가공업,충청남도,충청남도 홍성군
20100473059,1,1,1,농업회사법인(주)한국도라지,식품제조가공업,충청남도,충청남도 홍성군
20100473135,3,3,3,천일식품(주)홍성공장,식품제조가공업,충청남도,충청남도 홍성군
20100474039,6,3,3,목촌김치,식품제조가공업,충청남도,충청남도 천안시
20100474061,4,4,4,주식회사 늘푸른 예산공장,식품제조가공업,충청남도,충청남도 예산군
20100475083,1,1,1,서해김영어조합법인,식품제조가공업,충청남도,충청남도 태안군
20100481188,3,3,2,(주)다우랑,식품제조가공업,전북특별자치도,전북특별자치도 전주시
20100484598,1,1,1,농업회사법인(유)새싹양정기농원,식품제조가공업,전북특별자치도,전북특별자치도 군산시
20100487036,4,2,2,들녘식품,식품제조가공업,전북특별자치도,전북특별자치도 완주군
20100487057,2,2,2,영농조합법인 다송리사람들,식품제조가공업,전북특별자치도,전북특별자치도 익산시
20100487126,3,3,2,(주)미들채푸드 농업회사법인,식품제조가공업,전북특별자치도,전북특별자치도 익산시
20100487504,1,1,1,(유)지우,식품제조가공업,전북특별자치도,전북특별자치도 익산시
20100490191,2,2,2,농업회사법인(주) 황가네농장,식품제조가공업,전북특별자치도,전북특별자치도 정읍시
20100490302,1,1,1,햇촌식품,식품제조가공업,전북특별자치도,전북특별자치도 정읍시
20100492006,5,5,5,(유)미와미,식품제조가공업,전북특별자치도,전북특별자치도 남원시
20100492037,2,2,2,내츄럴푸드,식품제조가공업,전북특별자치도,전북특별자치도 남원시
20100492087,1,1,1,해표식품 영농조합법인,식품제조가공업,전북특별자치도,전북특별자치도 남원시
20100493035,1,1,1,박씨네누룽지 영농조합법인,식품제조가공업,전북특별자치도,전북특별자치도 김제시
20100494004,1,1,1,완주떡메마을,식품제조가공업,전북특별자치도,전북특별자치도 완주군
20100494118,2,1,1,주식회사 깃듬,식품제조가공업,전북특별자치도,전북특별자치도 완주군
20100494131,1,1,1,"이서(천안방향)휴게소,퓨전/양식",일반음식점,전북특별자치도,전북특별자치도 완주군
20100494132,1,1,1,이서(천안방향)휴게소 한식(그린웰),일반음식점,전북특별자치도,전북특별자치도 완주군
20100494133,1,1,1,이서(순천방향)휴게소한식(그린웰),일반음식점,전북특별자치도,전북특별자치도 완주군
20100494134,1,1,1,이서(순천방향)휴게소우동/라면,일반음식점,전북특별자치도,전북특별자치도 완주군
20100494135,1,1,1,이서(천안방향)휴게소 우동/라면,일반음식점,전북특별자치도,전북특별자치도 완주군
20100494136,1,1,1,"이서(순천방향)휴게소,퓨전/양식",일반음식점,전북특별자치도,전북특별자치도 완주군
20100494154,1,1,1,지후쌀과자,식품제조가공업,전북특별자치도,전북특별자치도 완주군
20100494175,1,1,1,원용복마을 영농조합법인,식품제조가공업,전북특별자치도,전북특별자치도 완주군
20100495004,1,1,1,강산도 홍삼,식품제조가공업,전북특별자치도,전북특별자치도 진안군
20100495010,1,1,1,콤비 고려홍삼,식품제조가공업,전북특별자치도,전북특별자치도 진안군
20100495016,1,1,1,토심정 홍삼,식품제조가공업,전북특별자치도,전북특별자치도 진안군
20100495034,1,1,1,(주)한솔홍삼,식품제조가공업,전북특별자치도,전북특별자치도 진안군
20100495048,1,1,1,삼천지,식품제조가공업,전북특별자치도,전북특별자치도 진안군
20100495059,3,3,3,해현팜스테드,식품제조가공업,전북특별자치도,전북특별자치도 진안군
20100495069,5,5,4,(주)우양 진안공장,식품제조가공업,전북특별자치도,전북특별자치도 진안군
20100497015,1,1,1,장수유일농원,식품제조가공업,전북특별자치도,전북특별자치도 장수군
20100497034,1,1,1,장수청정마을 영농조합법인,식품제조가공업,전북특별자치도,전북특별자치도 장수군
20100498043,1,1,1,오수(순천방향)휴게소-그린웰,일반음식점,전북특별자치도,전북특별자치도 임실군
20100498046,1,1,1,오수(완주방향)휴게소-퓨전양식,일반음식점,전북특별자치도,전북특별자치도 임실군
20100498047,1,1,1,"오수(완주방향)휴게소-코바코,라면",일반음식점,전북특별자치도,전북특별자치도 임실군
20100498048,1,1,1,오수(완주방향)휴게소-그린웰,일반음식점,전북특별자치도,전북특별자치도 임실군
20100498049,1,1,1,오수(순천방향)휴게소-퓨전양식,일반음식점,전북특별자치도,전북특별자치도 임실군
20100498055,1,1,1,"오수(순천방향)휴게소-코바코,라면",일반음식점,전북특별자치도,전북특별자치도 임실군
20100499016,1,1,1,담예찬 영농조합법인,식품제조가공업,전북특별자치도,전북특별자치도 순창군
20100499018,1,1,1,두리식품,식품제조가공업,전북특별자치도,전북특별자치도 순창군
20100499020,1,1,1,주식회사 에스아이지,식품제조가공업,전북특별자치도,전북특별자치도 순창군
20100499047,6,6,6,사조산업(주) 순창공장,식품제조가공업,전북특별자치도,전북특별자치도 순창군
20100500066,7,7,6,사임당푸드영농조합법인,식품제조가공업,전북특별자치도,전북특별자치도 고창군
20100500091,1,1,1,믿음식품영농조합법인,식품제조가공업,전북특별자치도,전북특별자치도 고창군
20100501086,2,2,2,부안수협수산물가공공장,식품제조가공업,전북특별자치도,전북특별자치도 부안군
20100503704,1,1,1,(주)해성,식품제조가공업,전남광주통합특별시,전남광주통합특별시 목포시
20100506023,3,3,2,(주)그린민푸드 (제2공장),식품제조가공업,전남광주통합특별시,전남광주통합특별시 여수시
20100506129,3,3,3,해조영어조합법인,식품제조가공업,전남광주통합특별시,전남광주통합특별시 여수시
20100506144,5,5,5,여수수산 영어조합법인,식품제조가공업,전남광주통합특별시,전남광주통합특별시 여수시
20100506253,1,1,1,일우식품,식품제조가공업,전남광주통합특별시,전남광주통합특별시 여수시
20100509167,1,1,1,농업회사법인상지식품 주식회사,식품제조가공업,전남광주통합특별시,전남광주통합특별시 순천시
20100509382,2,2,2,조이당 영농조합법인,식품제조가공업,전남광주통합특별시,전남광주통합특별시 순천시
20100509445,2,2,2,동부생약영농조합,식품제조가공업,전남광주통합특별시,전남광주통합특별시 순천시
20100512004,1,1,1,남도고추가루영농조합법인,식품제조가공업,전남광주통합특별시,전남광주통합특별시 나주시
20100512021,2,2,2,주식회사 나주수산,식품제조가공업,전남광주통합특별시,전남광주통합특별시 나주시
20100512023,4,4,4,빛가람생명농업공동체협동조합,식품제조가공업,전남광주통합특별시,전남광주통합특별시 나주시
20100512076,1,1,1,(주)건강을지키는사람들,식품제조가공업,전남광주통합특별시,전남광주통합특별시 나주시
20100512087,2,2,2,나주배가족농장,식품제조가공업,전남광주통합특별시,전남광주통합특별시 나주시
20100512090,1,1,1,경희푸드,식품제조가공업,전남광주통합특별시,전남광주통합특별시 나주시
20100512143,1,1,1,햇살가득,식품제조가공업,전남광주통합특별시,전남광주통합특별시 나주시
20100515088,8,8,8,엔피케이(주),식품제조가공업,전남광주통합특별시,전남광주통합특별시 담양군
20100517019,3,3,3,농업회사법인(주) 초록앤푸드,식품제조가공업,전남광주통합특별시,전남광주통합특별시 구례군
20100517050,2,2,2,(주)맘씨,식품제조가공업,전남광주통합특별시,전남광주통합특별시 구례군
20100517066,2,2,2,(주)자연드림치유식품 과자공방,식품제조가공업,전남광주통합특별시,전남광주통합특별시 구례군
20100518029,1,1,1,참맛,식품제조가공업,전남광주통합특별시,전남광주통합특별시 고흥군
20100518072,2,2,2,월하석류농원,식품제조가공업,전남광주통합특별시,전남광주통합특별시 고흥군
20100519039,4,4,4,강산농원 유한회사 농업회사법인,식품제조가공업,전남광주통합특별시,전남광주통합특별시 보성군
20100520005,1,1,1,맑은샘전통식품영농조합법인,식품제조가공업,전남광주통합특별시,전남광주통합특별시 화순군
20100522010,1,1,1,더조은식품,식품제조가공업,전남광주통합특별시,전남광주통합특별시 강진군
20100522036,1,1,1,참농인,식품제조가공업,전남광주통합특별시,전남광주통합특별시 강진군
20100523102,4,4,2,해남월동배추영농조합법인,식품제조가공업,전남광주통합특별시,전남광주통합특별시 해남군
20100524101,6,6,6,영암농협 식품가공센터,식품제조가공업,전남광주통합특별시,전남광주통합특별시 영암군
20100525131,1,1,1,(유)삼창산업,식품제조가공업,전남광주통합특별시,전남광주통합특별시 무안군
20100525144,1,1,1,무안황토식품영농조합법인,식품제조가공업,전남광주통합특별시,전남광주통합특별시 무안군
20100526007,1,1,1,"㈜서원 함평나비(광주방향)휴게소(라면/우동, 한식/양식)",일반음식점,전남광주통합특별시,전남광주통합특별시 함평군
20100526008,1,1,1,"㈜서원 함평나비(무안)휴게소(라면/우동, 한식/양식)",일반음식점,전남광주통합특별시,전남광주통합특별시 함평군
20100527009,1,1,1,콩고물영농조합법인,식품제조가공업,전남광주통합특별시,전남광주통합특별시 영광군
20100527015,1,1,1,은혜떡집,식품제조가공업,전남광주통합특별시,전남광주통합특별시 영광군
20100527059,1,1,1,옛살비 모싯잎송편,식품제조가공업,전남광주통합특별시,전남광주통합특별시 영광군
20100527069,1,1,1,떡사랑영광모싯잎송편,식품제조가공업,전남광주통합특별시,전남광주통합특별시 영광군
20100527076,1,1,1,천년마을송편,식품제조가공업,전남광주통합특별시,전남광주통합특별시 영광군
20100527096,1,1,1,영백솔트 영어조합법인,식품제조가공업,전남광주통합특별시,전남광주통합특별시 영광군
20100528066,3,3,3,농업회사법인 산들래 주식회사,식품제조가공업,전남광주통합특별시,전남광주통합특별시 장성군
20100528069,2,2,2,어업회사법인 주식회사 아주식품,식품제조가공업,전남광주통합특별시,전남광주통합특별시 장성군
20100529011,5,5,5,(주)씨푸드 완도공장,식품제조가공업,전남광주통합특별시,전남광주통합특별시 완도군
20100529022,1,1,1,(주)바다명가,식품제조가공업,전남광주통합특별시,전남광주통합특별시 완도군
20100529034,3,3,3,(주)푸른정 식품,식품제조가공업,전남광주통합특별시,전남광주통합특별시 완도군
20100529138,2,2,2,(재)전남바이오진흥원 해양바이오본부,식품제조가공업,전남광주통합특별시,전남광주통합특별시 완도군
20100530033,2,2,1,(유)선일식품,식품제조가공업,전남광주통합특별시,전남광주통합특별시 진도군
20100531037,1,1,1,형제수산 영어조합법인,식품제조가공업,전남광주통합특별시,전남광주통합특별시 신안군
20100533015,2,2,2,(주)친정애농업회사법인,식품제조가공업,경상북도,경상북도 포항시
20100538022,1,1,1,신경주빵,식품제조가공업,경상북도,경상북도 경주시
20100538277,1,1,1,행복식품,식품제조가공업,경상북도,경상북도 경주시
20100538326,1,1,1,단석가,식품제조가공업,경상북도,경상북도 경주시
20100541104,1,1,1,"김천(부산방향)휴게소한(양)식당,한신우동",일반음식점,경상북도,경상북도 김천시
20100541111,1,1,1,김천(부산방향)휴게소 수라방돈가스,휴게음식점,경상북도,경상북도 김천시
20100541151,4,4,4,(주)에스퓨어,식품제조가공업,경상북도,경상북도 김천시
20100541158,1,1,1,수라방국밥전문점,일반음식점,경상북도,경상북도 김천시
20100541182,3,3,3,영농조합법인 연두,식품제조가공업,경상북도,경상북도 김천시
20100543066,10,8,10,오케이에프음료 주식회사,식품제조가공업,경상북도,경상북도 안동시
20100543180,1,1,1,대왕식품,식품제조가공업,경상북도,경상북도 안동시
20100548351,1,1,1,황금찰보리빵,식품제조가공업,경상북도,경상북도 구미시
20100554002,1,1,1,고려청정영농조합법인,식품제조가공업,경상북도,경상북도 영주시
20100554010,2,2,2,미풍정홍삼제조원,식품제조가공업,경상북도,경상북도 영주시
20100554035,2,2,2,농업회사법인(주)해인,식품제조가공업,경상북도,경상북도 영주시
20100554048,1,1,1,영주소백산벌꿀,식품소분업,경상북도,경상북도 영주시
20100554070,1,1,1,(주)생명나무,식품제조가공업,경상북도,경상북도 영주시
20100554169,1,1,1,홍삼도원,식품제조가공업,경상북도,경상북도 영주시
20100554206,2,2,2,풍기특산물가공소,식품제조가공업,경상북도,경상북도 영주시
20100555098,1,1,1,(주)미보부산어묵,식품제조가공업,경상북도,경상북도 영천시
20100556071,2,2,2,(주)씨티푸드 제2공장,식품제조가공업,경상북도,경상북도 상주시
20100558044,1,1,1,문경오미자밸리영농조합법인,식품제조가공업,경상북도,경상북도 문경시
20100558051,2,2,2,수지누리식품,식품제조가공업,경상북도,경상북도 문경시
20100558052,3,3,2,농업회사법인 엠케이엠 주식회사,식품제조가공업,경상북도,경상북도 문경시
20100558125,1,1,1,리치애플,식품제조가공업,경상북도,경상북도 문경시
20100558158,3,3,3,(주)루왁코리아,식품제조가공업,경상북도,경상북도 문경시
20100560450,5,5,5,농업회사법인아람농장(주),식품제조가공업,경상북도,경상북도 경산시
20100560479,1,1,1,농업회사법인주식회사 윤푸드,식품제조가공업,경상북도,경상북도 경산시
20100562019,2,2,2,경북친환경영농조합법인,집단급식소 식품판매업,대구광역시,대구광역시 군위군
20100563007,1,1,1,의성 조옥란 한과,식품제조가공업,경상북도,경상북도 의성군
20100563012,1,1,1,영농조합법인 구즈애플(Goods Apple),식품제조가공업,경상북도,경상북도 의성군
20100563049,1,1,1,옥산사과마을 영농조합법인,식품제조가공업,경상북도,경상북도 의성군
20100564030,1,1,1,청송팜영농조합법인,식품제조가공업,경상북도,경상북도 청송군
20100566022,1,1,1,한빛농장,식품제조가공업,경상북도,경상북도 영덕군
20100566033,3,3,2,영덕전통민속김치영농조합법인,식품제조가공업,경상북도,경상북도 영덕군
20100567005,1,1,1,(주)에스앤비인터내셔널,식품제조가공업,경상북도,경상북도 청도군
20100568064,1,1,1,안성식품,식품제조가공업,경상북도,경상북도 고령군
20100568074,2,1,1,주식회사 왕의떡,식품제조가공업,대구광역시,대구광역시 달성군
20100570181,1,1,1,한솔영농조합법인,식품제조가공업,경상북도,경상북도 칠곡군
20100572001,2,2,2,솔지원,식품제조가공업,경상북도,경상북도 봉화군
20100573029,1,1,1,주식회사 목양에프원,식품제조가공업,경상북도,경상북도 울진군
20100574006,2,2,2,(주)큐비엠,식품제조가공업,경상북도,경상북도 울릉군
20100592617,1,1,1,롯데쇼핑(주)롯데마트맥스창원중앙점,기타식품판매업,경상남도,경상남도 창원시
20100595410,1,1,1,(주)국심,식품제조가공업,경상남도,경상남도 창원시
20100601470,1,1,1,주식회사삼립 진주휴게소한식,일반음식점,경상남도,경상남도 진주시
20100601486,1,1,1,(주)락토메이슨,식품제조가공업,경상남도,경상남도 진주시
20100601647,2,2,1,대보식품 주식회사,식품제조가공업,경상남도,경상남도 진주시
20100604193,3,3,3,삼삼물산(주)제2공장,식품제조가공업,경상남도,경상남도 통영시
20100604377,4,4,2,(주)에스엘물산,식품제조가공업,경상남도,경상남도 통영시
20100607279,3,3,3,초록바구니&누들메이커스(Noodle Makers),식품제조가공업,경상남도,경상남도 김해시
20100607776,4,4,4,(주)은성식품,식품제조가공업,경상남도,경상남도 김해시
20100608141,1,1,1,정일식품,식품제조가공업,경상남도,경상남도 김해시
20100611055,2,2,2,농업회사법인 자연과농부(주),식품제조가공업,경상남도,경상남도 밀양시
20100611089,1,1,1,미화당식품,식품제조가공업,경상남도,경상남도 밀양시
20100614266,1,1,1,삼선푸드시스템(주),식품제조가공업,경상남도,경상남도 양산시
20100614388,9,9,9,(주)천호엔케어,식품제조가공업,경상남도,경상남도 양산시
20100614489,4,4,4,(주)정우식품,식품제조가공업,경상남도,경상남도 양산시
20100616032,1,1,1,의령부자망개떡,식품제조가공업,경상남도,경상남도 의령군
20100618048,1,1,1,농업회사법인 좋은생각 주식회사,식품제조가공업,경상남도,경상남도 창녕군
20100619055,2,2,2,주식회사 농업회사법인 성마리오농장,식품제조가공업,경상남도,경상남도 고성군
20100619124,1,1,1,농업회사법인 창조 주식회사,식품제조가공업,경상남도,경상남도 고성군
20100620042,2,2,2,(주) 초린원,식품제조가공업,경상남도,경상남도 남해군
20100621055,2,2,2,(주)율림에프앤비 농업회사법인,식품제조가공업,경상남도,경상남도 하동군
20100621091,1,1,1,정성드리,식품제조가공업,경상남도,경상남도 하동군
20100622011,1,1,1,산청원임산물 유통센터,식품제조가공업,경상남도,경상남도 산청군
20100622030,1,1,1,정도원(주),식품제조가공업,경상남도,경상남도 산청군
20100624070,1,1,1,농업회사법인 유한회사 봉팜푸드,식품제조가공업,경상남도,경상남도 거창군
20100625007,2,2,1,합천율곡농협,식품제조가공업,경상남도,경상남도 합천군
20100627113,1,1,1,탐모라식품,식품제조가공업,제주특별자치도,제주특별자치도 제주시
20100627188,1,1,1,다솜떡방,식품제조가공업,제주특별자치도,제주특별자치도 제주시
20100627489,2,2,2,농업회사법인(주)오크라팜,식품제조가공업,제주특별자치도,제주특별자치도 제주시
20100627707,5,5,4,주식회사올레둘레,식품제조가공업,제주특별자치도,제주특별자치도 제주시
20100627845,1,1,1,제주벌꿀영농조합법인,식품제조가공업,제주특별자치도,제주특별자치도 제주시
20100627865,1,1,1,(주)비지에프푸드제주,식품제조가공업,제주특별자치도,제주특별자치도 제주시
20100627912,1,1,1,농업회사법인서문식품주식회사,식품제조가공업,제주특별자치도,제주특별자치도 제주시
20100628066,5,5,5,주식회사제키스,식품제조가공업,제주특별자치도,제주특별자치도 제주시
20100628182,3,3,2,생드르영농조합법인(제2가공실),식품제조가공업,제주특별자치도,제주특별자치도 제주시
20100628235,1,1,1,에코푸드케터링주식회사,식품제조가공업,제주특별자치도,제주특별자치도 제주시
20100631014,2,2,2,6차산업 협동조합 귤뜨레,식품제조가공업,제주특별자치도,제주특별자치도 서귀포시
20100631020,1,1,1,제주랑식품,식품제조가공업,제주특별자치도,제주특별자치도 서귀포시
20100631036,2,2,2,영어조합법인 신광원,식품제조가공업,제주특별자치도,제주특별자치도 서귀포시
20100631198,1,1,1,모슬포수산업협동조합 수산물산지가공공장,식품제조가공업,제주특별자치도,제주특별자치도 서귀포시
20100631418,2,2,1,할머니떡집,식품제조가공업,제주특별자치도,제주특별자치도 서귀포시
20110015171,2,2,2,하이트진로㈜강원공장,식품제조가공업(주류),강원특별자치도,강원특별자치도 홍천군
20110015190,4,4,4,롯데칠성음료㈜강릉공장,식품제조가공업(주류),강원특별자치도,강원특별자치도 강릉시
20110015205,3,3,2,세븐브로이맥주 주식회사,식품제조가공업(주류),전북특별자치도,전북특별자치도 익산시
20110025355,1,1,1,"대학로떡,호두과자",식품제조가공업,서울특별시,서울특별시 종로구
20110029795,2,1,1,(주)레오스푸드,식품제조가공업,서울특별시,서울특별시 중구
20110042218,1,1,1,춘자네 명품김치,식품제조가공업,서울특별시,서울특별시 동대문구
20110050881,2,1,1,(주)네이처인,식품제조가공업,경기도,경기도 남양주시
20110050917,1,1,1,주식회사 원일엔애프씨,식품제조가공업,서울특별시,서울특별시 성북구
20110063289,2,1,1,신현푸드,식품제조가공업,서울특별시,서울특별시 은평구
20110063687,1,1,1,미종푸드(주),식품제조가공업,서울특별시,서울특별시 은평구
20110066444,1,1,1,참맛푸드,식품제조가공업,서울특별시,서울특별시 서대문구
20110074017,2,2,2,(주)쥬비스다이어트 쥬비스푸드점,식품제조가공업,서울특별시,서울특별시 양천구
20110076215,1,1,1,그라나다보호작업센터,식품제조가공업,서울특별시,서울특별시 강서구
20110077307,3,3,3,대양수산,식품제조가공업,서울특별시,서울특별시 강서구
20110080328,1,1,1,파리바게뜨 구로제일점,제과점영업,서울특별시,서울특별시 구로구
20110084019,2,2,2,(주) 올댓푸드,식품제조가공업,서울특별시,서울특별시 금천구
20110084280,1,1,1,공방씨앤아이,식품제조가공업,서울특별시,서울특별시 금천구
20110084489,51,17,16,(주)웰파인,식품제조가공업,서울특별시,서울특별시 금천구
20110087146,1,1,1,미미팩토리,식품제조가공업,서울특별시,서울특별시 영등포구
20110106000,4,2,1,농업회사법인 주식회사 떡찌니,식품제조가공업,경기도,경기도 광주시
20110106605,2,2,2,래그랜느 보호작업장,식품제조가공업,서울특별시,서울특별시 강남구
20110107027,1,1,1,커피지아,식품제조가공업,서울특별시,서울특별시 강남구
20110107997,3,1,1,(주)떡메가,식품제조가공업,서울특별시,서울특별시 강남구
20110114167,2,2,2,(주)산무리,식품제조가공업,서울특별시,서울특별시 송파구
20110114479,1,1,1,사회적협동조합 두레마을 부설 행복도시락 송파센터,식품제조가공업,서울특별시,서울특별시 송파구
20110115136,2,2,2,올후드,식품제조가공업,서울특별시,서울특별시 송파구
20110126139,1,1,1,그린식품,식품제조가공업,부산광역시,부산광역시 중구
20110128042,1,1,1,(주)우신냉장,식품제조가공업,부산광역시,부산광역시 서구
20110128156,3,3,3,(주)비에스푸드,식품제조가공업,부산광역시,부산광역시 서구
20110131599,4,2,2,가오네씨푸드,식품제조가공업,부산광역시,부산광역시 부산진구
20110134339,4,1,1,(주)파나,식품제조가공업,부산광역시,부산광역시 동래구
20110141134,2,1,1,(주)진삼,식품제조가공업,부산광역시,부산광역시 해운대구
20110141387,2,2,2,(주)아슬란,식품제조가공업,부산광역시,부산광역시 해운대구
20110144070,2,2,2,덕우수산,식품제조가공업,부산광역시,부산광역시 사하구
20110144082,2,2,2,(주)원광에프에스,식품제조가공업,부산광역시,부산광역시 사하구
20110144154,2,2,1,세원베이커리,식품제조가공업,부산광역시,부산광역시 사하구
20110144173,2,2,2,신진푸드,식품제조가공업,부산광역시,부산광역시 사하구
20110144175,7,4,3,바애드(주),식품제조가공업,부산광역시,부산광역시 사하구
20110144185,2,2,2,(주)골드앤씨,식품제조가공업,부산광역시,부산광역시 사하구
20110144260,1,1,1,주식회사 세윤식품,식품제조가공업,부산광역시,부산광역시 사하구
20110144321,2,2,1,엔케이수산(주),식품제조가공업,부산광역시,부산광역시 사하구
20110144360,2,2,2,승민수산,식품제조가공업,부산광역시,부산광역시 사하구
20110144370,2,2,2,삼진식품(주),식품제조가공업,부산광역시,부산광역시 사하구
20110144428,4,4,4,주식회사 길조,식품제조가공업,부산광역시,부산광역시 사하구
20110144484,2,2,2,(주)으뜸씨푸드,식품제조가공업,부산광역시,부산광역시 사하구
20110147057,2,2,2,제이앤푸드,식품제조가공업,부산광역시,부산광역시 금정구
20110149027,10,10,10,주식회사 다올바이오,식품제조가공업,부산광역시,부산광역시 강서구
20110149114,8,8,8,(주)테일러팜스,식품제조가공업,부산광역시,부산광역시 강서구
20110149185,3,3,2,농업회사법인 주식회사 열매농산,식품제조가공업,부산광역시,부산광역시 강서구
20110154408,4,2,2,주식회사 지팜,식품제조가공업,부산광역시,부산광역시 사상구
20110156313,1,1,1,리치식품,식품제조가공업,부산광역시,부산광역시 기장군
20110163089,7,7,6,한국네츄럴팜,식품제조가공업,대구광역시,대구광역시 서구
20110163114,1,1,1,자연빚은떡방,식품제조가공업,대구광역시,대구광역시 서구
20110163206,1,1,1,엠스푸드 주식회사 대구지점,식품제조가공업,대구광역시,대구광역시 서구
20110163450,1,1,1,(주)이엠에스,식품제조가공업,대구광역시,대구광역시 서구
20110168374,2,1,1,농업회사법인주식회사대가,식품제조가공업,경상북도,경상북도 칠곡군
20110168568,2,1,1,유한푸드,식품제조가공업,대구광역시,대구광역시 달성군
20110168622,1,1,1,데레사,식품제조가공업,대구광역시,대구광역시 북구
20110181613,1,1,1,한국홍삼제조공사,식품제조가공업,대구광역시,대구광역시 달서구
20110182023,2,2,1,(주)솔밭골푸드,식품제조가공업,대구광역시,대구광역시 달서구
20110182085,1,1,1,나노라이프,식품제조가공업,대구광역시,대구광역시 달서구
20110188361,3,3,3,리치프로덕츠코리아 유한책임회사,식품제조가공업,대구광역시,대구광역시 달성군
20110190268,2,2,2,(주)미리내에프엔씨,식품제조가공업,인천광역시,인천광역시 제물포구
20110193376,4,4,2,신명가식품,식품제조가공업,인천광역시,인천광역시 미추홀구
20110199096,2,2,2,원푸드스토리,식품제조가공업,인천광역시,인천광역시 남동구
20110199629,6,6,3,진승글로벌푸드주식회사,식품제조가공업,인천광역시,인천광역시 남동구
20110200209,1,1,1,주식회사 신양식품,식품제조가공업,인천광역시,인천광역시 남동구
20110205222,2,2,2,노틀담베이커리,식품제조가공업,인천광역시,인천광역시 계양구
20110208018,2,2,2,(주)동건푸드,식품제조가공업,인천광역시,인천광역시 서해구
20110208075,3,3,3,태양이엔에스(주),식품제조가공업,인천광역시,인천광역시 서해구
20110208352,3,3,3,진산식품(주),식품제조가공업,인천광역시,인천광역시 검단구
20110208604,2,2,2,(주)국제씨푸드,식품제조가공업,인천광역시,인천광역시 검단구
20110208608,2,2,2,(주)아이앤씨푸드,식품제조가공업,인천광역시,인천광역시 검단구
20110208738,1,1,1,삼봉식품,식품제조가공업,인천광역시,인천광역시 서해구
20110214381,2,1,1,주식회사 디자인앤본두,식품제조가공업,전남광주통합특별시,전남광주통합특별시 북구
20110216368,2,1,1,농업회사법인 명가원(주),식품제조가공업,전남광주통합특별시,전남광주통합특별시 북구
20110216704,3,3,3,엠마우스일터,식품제조가공업,전남광주통합특별시,전남광주통합특별시 서구
20110219224,1,1,1,발효코리아영농조합법인,식품제조가공업,전남광주통합특별시,전남광주통합특별시 남구
20110221264,1,1,1,보리가득,식품제조가공업,전남광주통합특별시,전남광주통합특별시 북구
20110221374,1,1,1,(주)정호에프앤비코리아,식품제조가공업,전남광주통합특별시,전남광주통합특별시 북구
20110221623,3,3,3,(주)늘찬,식품제조가공업,전남광주통합특별시,전남광주통합특별시 북구
20110221765,4,2,2,가나푸드,식품제조가공업,전남광주통합특별시,전남광주통합특별시 북구
20110221828,2,2,2,풍전나이스제과(주),식품제조가공업,전남광주통합특별시,전남광주통합특별시 북구
20110222018,3,1,1,맛본,식품제조가공업,전남광주통합특별시,전남광주통합특별시 나주시
20110227176,2,2,2,수협광주공판장단체급식사업소,식품제조가공업,전남광주통합특별시,전남광주통합특별시 광산구
20110227662,7,7,7,농업회사법인 우리밀식품주식회사,식품제조가공업,전남광주통합특별시,전남광주통합특별시 광산구
20110227688,8,4,4,농업회사법인삼도웰빙(주),식품제조가공업,전남광주통합특별시,전남광주통합특별시 장성군
20110227744,2,2,2,광주광산어등지역자활센터뷰밀(Voumil),식품제조가공업,전남광주통합특별시,전남광주통합특별시 광산구
20110227747,1,1,1,생명나무,식품제조가공업,전남광주통합특별시,전남광주통합특별시 광산구
20110227866,1,1,1,더불어락 두부마을,식품제조가공업,전남광주통합특별시,전남광주통합특별시 광산구
20110228137,2,2,2,다다수산유통,식품제조가공업,전남광주통합특별시,전남광주통합특별시 광산구
20110231215,3,3,3,(주)씨앤에프,식품제조가공업,대전광역시,대전광역시 동구
20110231408,3,3,3,주)미스터베이커리농업회사법인,식품제조가공업,대전광역시,대전광역시 동구
20110233338,1,1,1,주식회사새벽애,식품제조가공업,대전광역시,대전광역시 중구
20110242314,1,1,1,대전광역시무지개복지공장,식품제조가공업,대전광역시,대전광역시 대덕구
20110245091,4,2,2,바다속,식품제조가공업,울산광역시,울산광역시 북구
20110245409,1,1,1,하나로식품,식품제조가공업,울산광역시,울산광역시 중구
20110254170,1,1,1,떡만드는앙드레,식품제조가공업,울산광역시,울산광역시 북구
20110254365,2,1,1,주식회사 들메내식품,식품제조가공업,울산광역시,울산광역시 북구
20110257153,16,8,7,다솔푸드테크,식품제조가공업,세종특별자치시,세종특별자치시
20110257216,1,1,1,한국효소농업법인영농조합법인,식품제조가공업,세종특별자치시,세종특별자치시
20110263374,4,2,2,(주)신사강,식품제조가공업,경기도,경기도 수원시
20110263839,1,1,1,노블트리 커피(Nobletree coffee),식품제조가공업,경기도,경기도 수원시
20110275012,2,1,1,농업회사법인 청결원식품 주식회사,식품제조가공업,경기도,경기도 성남시
20110275015,2,2,2,씨후레쉬(주),식품제조가공업,경기도,경기도 성남시
20110275040,4,4,4,파파브레드,식품제조가공업,경기도,경기도 성남시
20110275054,4,4,3,미담라이스,식품제조가공업,경기도,경기도 성남시
20110275074,18,6,5,(주)티마드,식품제조가공업,경기도,경기도 성남시
20110275088,3,1,1,주식회사 와이엠씨씨,식품제조가공업,경기도,경기도 평택시
20110275119,2,2,2,(주)일신나퓨,식품제조가공업,경기도,경기도 성남시
20110275139,2,2,2,구스F&B(주) 3공장,식품제조가공업,경기도,경기도 성남시
20110275203,1,1,1,주식회사 E&G 통상,식품제조가공업,경기도,경기도 성남시
20110275213,4,2,2,주식회사 르뺑,식품제조가공업,경기도,경기도 이천시
20110275224,1,1,1,(주)현부 성남공장,식품제조가공업,경기도,경기도 성남시
20110275227,1,1,1,미담제과,식품제조가공업,경기도,경기도 성남시
20110275233,3,2,2,주식회사 피엔에스,식품제조가공업,경기도,경기도 성남시
20110275246,2,2,2,(주)미래웰푸드,식품제조가공업,경기도,경기도 성남시
20110275266,1,1,1,(주)바른식,식품제조가공업,경기도,경기도 성남시
20110275279,1,1,1,(주)지엘바이오,식품제조가공업,경기도,경기도 성남시
20110275333,2,2,2,(주)더프레시,식품제조가공업,경기도,경기도 성남시
20110275339,3,3,3,피쉬베이커리,식품제조가공업,경기도,경기도 성남시
20110294087,2,2,2,행복한동행,식품제조가공업,경기도,경기도 부천시
20110294121,5,5,4,(주)강원농산,식품제조가공업,경기도,경기도 부천시
20110294360,2,1,1,본연푸드,식품제조가공업,경기도,경기도 부천시
20110294496,2,2,2,(주)맘스,식품제조가공업,경기도,경기도 부천시
20110294605,1,1,1,주식회사 반가빈,식품제조가공업,경기도,경기도 부천시
20110294622,2,2,2,(주) 태강씨푸드,식품제조가공업,경기도,경기도 부천시
20110294634,4,2,2,(주) 바다로,식품제조가공업,경기도,경기도 부천시
20110294636,2,2,2,(주)그린레드,식품제조가공업,경기도,경기도 부천시
20110294664,3,3,3,조아수산(주),식품제조가공업,경기도,경기도 부천시
20110294700,1,1,1,(주)참누리푸드시스템,식품제조가공업,경기도,경기도 부천시
20110294818,2,2,2,평일식품,식품제조가공업,경기도,경기도 부천시
20110304184,1,1,1,주식회사두런,식품제조가공업,경기도,경기도 광명시
20110304511,16,8,8,셀플러스,식품제조가공업,경기도,경기도 용인시
20110304543,6,3,2,주식회사케이앤피나노푸드,식품제조가공업,경기도,경기도 광명시
20110308348,2,2,2,진우푸드,식품제조가공업,경기도,경기도 평택시
20110309145,2,2,2,주식회사 카리나에프앤티,식품제조가공업,경기도,경기도 평택시
20110310171,1,1,1,한성식품,식품제조가공업,경기도,경기도 동두천시
20110310217,4,4,4,(주)우리집식품,식품제조가공업,경기도,경기도 동두천시
20110311136,1,1,1,수성식품,식품제조가공업,경기도,경기도 안산시
20110311308,1,1,1,(주)이푸른푸드,식품제조가공업,경기도,경기도 안산시
20110311336,18,12,12,씨제이제일제당(주),식품제조가공업,경기도,경기도 안산시
20110311505,1,1,1,다올김치,식품제조가공업,경기도,경기도 안산시
20110311565,3,3,3,주식회사 큐브에스앤씨,식품제조가공업,경기도,경기도 안산시
20110311668,2,2,2,니아푸드(주),식품제조가공업,경기도,경기도 안산시
20110311748,2,2,2,(주)이산,식품제조가공업,경기도,경기도 안산시
20110320050,6,3,3,세종푸드주식회사,식품제조가공업,경기도,경기도 고양시
20110320363,4,2,2,부농푸드,식품제조가공업,경기도,경기도 고양시
20110320473,3,3,3,도경F&S,식품제조가공업,경기도,경기도 고양시
20110320544,1,1,1,(주)플라잉닥터,식품제조가공업,경기도,경기도 고양시
20110320607,2,1,1,미래 농업회사법인 주식회사,식품제조가공업,경기도,경기도 파주시
20110320748,1,1,1,주식회사 참맛원,식품제조가공업,경기도,경기도 고양시
20110320928,2,2,2,조이팜,식품제조가공업,경기도,경기도 고양시
20110320940,1,1,1,(주)트루라이프,식품제조가공업,경기도,경기도 고양시
20110320945,2,2,2,(주)대선,식품제조가공업,경기도,경기도 고양시
20110321026,2,2,2,위미종합식품,식품제조가공업,경기도,경기도 고양시
20110327347,1,1,1,(주)농협하나로유통농협고양유통센터,집단급식소 식품판매업,경기도,경기도 고양시
20110330538,2,2,2,(주)맛있는생선가게,식품제조가공업,경기도,경기도 구리시
20110332008,2,2,1,봉우리영농조합법인,식품제조가공업,경기도,경기도 남양주시
20110332163,1,1,1,(주)엘에이치뉴트리,식품제조가공업,경기도,경기도 남양주시
20110332205,1,1,1,주식회사 쏘이마루,식품제조가공업,경기도,경기도 남양주시
20110332408,1,1,1,(주)캐리힐에프엔비,식품제조가공업,경기도,경기도 남양주시
20110336329,2,2,2,(주)잔다리마을공동체농업회사법인,식품제조가공업,경기도,경기도 오산시
20110338168,1,1,1,(주)영의정푸드,식품제조가공업,경기도,경기도 시흥시
20110339030,6,3,2,정현수산,식품제조가공업,인천광역시,인천광역시 서해구
20110339073,2,2,2,주식회사 이호푸드,식품제조가공업,경기도,경기도 시흥시
20110344284,4,2,1,농업회사법인(주)삼신후르츠,식품제조가공업,경기도,경기도 화성시
20110345006,8,4,3,평화식품,식품제조가공업,경기도,경기도 하남시
20110345013,5,5,5,(주)청정무구,식품제조가공업,경기도,경기도 하남시
20110345039,4,2,2,주식회사 부영푸드,식품제조가공업,경기도,경기도 남양주시
20110345283,2,2,2,디엘수산,식품제조가공업,경기도,경기도 하남시
20110345290,8,4,3,마린윌,식품제조가공업,경기도,경기도 하남시
20110345332,1,1,1,농업회사법인 (주)성원,집단급식소 식품판매업,경기도,경기도 하남시
20110345481,5,5,4,(주)해담은푸드,식품제조가공업,경기도,경기도 하남시
20110345483,2,2,2,성준푸드,식품제조가공업,경기도,경기도 하남시
20110345485,2,2,2,가득한 주식회사,식품제조가공업,경기도,경기도 하남시
20110347007,2,2,2,주식회사태경푸드,식품제조가공업,경기도,경기도 용인시
20110347018,1,1,1,(주)복있는사람 에프앤비,식품제조가공업,경기도,경기도 용인시
20110347043,1,1,1,(주)천하면가,식품제조가공업,경기도,경기도 용인시
20110347113,2,2,2,주식회사 아이푸드,식품제조가공업,경기도,경기도 용인시
20110347130,2,2,2,(주)세건 경기지점,식품제조가공업,경기도,경기도 용인시
20110347131,1,1,1,진성식품,식품제조가공업,경기도,경기도 용인시
20110347136,1,1,1,(주)마메든,식품제조가공업,경기도,경기도 용인시
20110347152,1,1,1,(주)한불화농,식품제조가공업,경기도,경기도 용인시
20110347180,6,6,2,오션나라,식품제조가공업,경기도,경기도 용인시
20110347194,2,2,2,(주)니드플러스,식품제조가공업,경기도,경기도 용인시
20110347198,1,1,1,청보리식품,식품제조가공업,경기도,경기도 용인시
20110347221,4,2,2,(주)신일피쉬,식품제조가공업,경기도,경기도 용인시
20110355036,2,2,2,(주)토마토푸드,식품제조가공업,경기도,경기도 파주시
20110355190,2,2,2,쵸코스페이스 F2,식품제조가공업,경기도,경기도 파주시
20110355223,1,1,1,주식회사 주비푸드,식품제조가공업,경기도,경기도 파주시
20110355542,2,2,2,동방엔터프라이즈,식품제조가공업,경기도,경기도 파주시
20110355595,1,1,1,누리 FOOD(푸드),식품제조가공업,경기도,경기도 파주시
20110355790,1,1,1,(주)맘세즈,식품제조가공업,경기도,경기도 파주시
20110355833,2,2,2,농업회사법인토마토주식회사,식품제조가공업,경기도,경기도 파주시
20110355999,10,10,8,주식회사 황금유자,식품제조가공업,경기도,경기도 파주시
20110356154,2,2,2,민영수산,식품제조가공업,경기도,경기도 파주시
20110356260,2,2,2,이레축산,식품제조가공업,경기도,경기도 파주시
20110358113,1,1,1,참조아,식품제조가공업,경기도,경기도 이천시
20110358121,4,2,2,주식회사 자로,식품제조가공업,경기도,경기도 광주시
20110358180,1,1,1,농업회사법인 주식회사 연꽃마을,식품제조가공업,경기도,경기도 이천시
20110358197,1,1,1,명품떡전문점,식품제조가공업,경기도,경기도 이천시
20110358326,3,3,3,(주)화진엔터프라이즈 서이천물류가공센터,식품제조가공업,경기도,경기도 이천시
20110358451,3,3,3,(주)코레드 인터내쇼날,식품제조가공업,경기도,경기도 이천시
20110358530,1,1,1,고려제약(주),식품제조가공업,경기도,경기도 이천시
20110360005,7,7,7,(주)토담,식품제조가공업,경기도,경기도 안성시
20110360061,8,8,8,농업회사법인 지엔티(주),식품제조가공업,경기도,경기도 안성시
20110360063,12,12,12,주식회사 제이푸드서비스,식품제조가공업,경기도,경기도 안성시
20110360092,14,7,6,별가식품,식품제조가공업,충청남도,충청남도 천안시
20110360472,3,3,3,녹차원(주),식품제조가공업,경기도,경기도 안성시
20110360475,2,2,2,(주)자연맘,식품제조가공업,경기도,경기도 안성시
20110360583,4,4,3,이앤에스(주),식품제조가공업,경기도,경기도 안성시
20110360586,1,1,1,이앤에스(주),식품소분업,경기도,경기도 안성시
20110362082,2,2,2,(주)쌩스푸드,식품제조가공업,경기도,경기도 김포시
20110362143,1,1,1,농업회사법인 김포농식품(주),식품제조가공업,경기도,경기도 김포시
20110362246,1,1,1,(주)청정,식품제조가공업,경기도,경기도 김포시
20110362510,4,4,4,주식회사 더한,식품제조가공업,경기도,경기도 김포시
20110362633,2,1,1,(주)내추럴푸드텍,식품제조가공업,경기도,경기도 김포시
20110364381,1,1,1,(주)다익2공장,식품제조가공업,경기도,경기도 화성시
20110364502,2,2,2,한진에프엔비(주),식품제조가공업,경기도,경기도 화성시
20110364820,3,3,3,신화종합식품,식품제조가공업,경기도,경기도 화성시
20110365078,2,1,1,베네프(주),식품제조가공업,경기도,경기도 화성시
20110365281,6,6,5,이레에프에스(주),식품제조가공업,경기도,경기도 화성시
20110365301,2,2,2,주식회사참살이네푸드,식품제조가공업,경기도,경기도 화성시
20110365474,5,5,5,해피타임,식품제조가공업,경기도,경기도 화성시
20110368167,1,1,1,라움메이드 주식회사,식품제조가공업,경기도,경기도 광주시
20110368266,1,1,1,한라식품(주),식품제조가공업,경기도,경기도 광주시
20110368394,1,1,1,주식회사 로스팅멘토,식품제조가공업,경기도,경기도 광주시
20110368409,1,1,1,(주)에이치앤에프,식품제조가공업,경기도,경기도 광주시
20110368419,7,7,6,(주)아람,식품제조가공업,경기도,경기도 광주시
20110368437,7,7,6,(주)내츄럴바이오,식품제조가공업,경기도,경기도 광주시
20110368559,6,6,5,주식회사 다들림푸드,식품제조가공업,경기도,경기도 광주시
20110368639,6,3,3,대향유통(주) 1공장,식품제조가공업,경기도,경기도 광주시
20110368667,4,4,4,(주)대호가,식품제조가공업,경기도,경기도 광주시
20110370135,3,3,3,다산식품,식품제조가공업,경기도,경기도 양주시
20110370209,1,1,1,금호제과,식품제조가공업,경기도,경기도 양주시
20110372044,3,1,1,베이커리 코리아,식품제조가공업,경기도,경기도 양주시
20110372329,5,5,5,(주) 한맥식품,식품제조가공업,경기도,경기도 포천시
20110372411,1,1,1,(주)석송식품,식품제조가공업,경기도,경기도 포천시
20110372457,20,10,10,자연그대로(주),식품제조가공업,경기도,경기도 양주시
20110372532,8,8,8,(주)산과들에,식품제조가공업,경기도,경기도 포천시
20110375158,2,2,2,성문농장 농업회사법인 유한회사,식품제조가공업,경기도,경기도 여주시
20110375215,2,2,1,농성원푸드,식품제조가공업,경기도,경기도 여주시
20110375270,3,3,3,일미식품주식회사,식품제조가공업,경기도,경기도 여주시
20110378055,3,3,3,아이비영농조합법인,식품제조가공업,경기도,경기도 양평군
20110380845,4,4,4,(주)메디언스 공장,식품제조가공업,강원특별자치도,강원특별자치도 춘천시
20110380865,3,3,3,윤서식품,식품제조가공업,강원특별자치도,강원특별자치도 춘천시
20110383462,4,4,4,삼양식품(주),식품제조가공업,강원특별자치도,강원특별자치도 원주시
20110383752,1,1,1,(주)진생바이팜,식품제조가공업,강원특별자치도,강원특별자치도 원주시
20110383906,2,2,2,농업회사법인주식회사치악산병과,식품제조가공업,강원특별자치도,강원특별자치도 원주시
20110386098,1,1,1,행복한빵가게,식품제조가공업,강원특별자치도,강원특별자치도 강릉시
20110386266,3,3,3,농업회사법인 합자회사 비비코,식품제조가공업,강원특별자치도,강원특별자치도 강릉시
20110386580,2,2,2,주식회사선유,식품제조가공업,강원특별자치도,강원특별자치도 강릉시
20110392036,1,1,1,합명회사 참좋은식품,식품제조가공업,강원특별자치도,강원특별자치도 속초시
20110394009,7,7,5,(주)하티,식품제조가공업,강원특별자치도,강원특별자치도 홍천군
20110394023,7,7,4,(주)우영채널,식품제조가공업,강원특별자치도,강원특별자치도 홍천군
20110394169,1,1,1,푸른마을씨케이,식품제조가공업,강원특별자치도,강원특별자치도 홍천군
20110395023,1,1,1,농업회사법인 주식회사 예향,식품제조가공업,강원특별자치도,강원특별자치도 횡성군
20110397003,2,2,2,동인발효삼영농조합법인,식품제조가공업,강원특별자치도,강원특별자치도 평창군
20110398041,1,1,1,정선명품취떡,식품제조가공업,강원특별자치도,강원특별자치도 정선군
20110400057,3,3,3,농업회사법인 채향원 주식회사,식품제조가공업,강원특별자치도,강원특별자치도 화천군
20110402047,1,1,1,인제취떡,식품제조가공업,강원특별자치도,강원특별자치도 인제군
20110402053,2,2,2,주식회사 북설악,식품제조가공업,강원특별자치도,강원특별자치도 인제군
20110402172,8,8,8,농업회사법인 린디미방 주식회사,식품제조가공업,강원특별자치도,강원특별자치도 인제군
20110415027,1,1,1,영푸드 시스템,식품제조가공업,충청북도,충청북도 청주시
20110415058,3,3,3,농공상직거래협동조합,식품제조가공업,충청북도,충청북도 청주시
20110415097,1,1,1,주식회사 청현씨엔씨,식품제조가공업,충청북도,충청북도 청주시
20110433561,1,1,1,농업회사법인(주)장안농장,식품제조가공업,충청북도,충청북도 충주시
20110435141,2,2,2,(주)푸른촌,식품제조가공업,충청북도,충청북도 제천시
20110435280,4,2,2,(주)영월평창 다슬기,식품제조가공업,충청북도,충청북도 제천시
20110435292,3,3,3,(주)세종쎌팜,식품제조가공업,충청북도,충청북도 제천시
20110435325,1,1,1,대상(주)제천공장,식품제조가공업,충청북도,충청북도 제천시
20110441029,1,1,1,명성제약식품,식품제조가공업,충청북도,충청북도 영동군
20110441046,4,2,2,(주)석보유통,식품제조가공업,충청북도,충청북도 영동군
20110441070,1,1,1,대오푸드홀딩스,식품제조가공업,충청북도,충청북도 영동군
20110443012,3,3,3,(주)시골김,식품제조가공업,충청북도,충청북도 진천군
20110443141,4,4,3,(주)정원,식품제조가공업,충청북도,충청북도 진천군
20110443231,2,2,2,반가식품(주),식품제조가공업,충청북도,충청북도 진천군
20110444018,2,1,1,바이셀,식품제조가공업,충청북도,충청북도 괴산군
20110444019,2,1,1,㈜보성일억조코리아 제2공장,식품제조가공업,충청북도,충청북도 음성군
20110444050,6,6,6,(주)진미식품,식품제조가공업,충청북도,충청북도 괴산군
20110445027,3,3,3,햇살마을식품,식품제조가공업,충청북도,충청북도 음성군
20110445029,7,7,6,주식회사 퓨럽2공장,식품제조가공업,충청북도,충청북도 음성군
20110445038,2,2,2,서신식품(주),식품제조가공업,충청북도,충청북도 음성군
20110445042,1,1,1,엑소후레쉬물류(주),식품냉동.냉장업,충청북도,충청북도 음성군
20110445059,1,1,1,엑소후레쉬물류(주),식품제조가공업,충청북도,충청북도 음성군
20110445112,1,1,1,백야홍삼 농업회사법인 주식회사,식품제조가공업,충청북도,충청북도 음성군
20110445152,2,2,2,(학)건국대학교 건국유업ㆍ건국햄,식품제조가공업,충청북도,충청북도 음성군
20110445205,1,1,1,(주)더푸른식품,식품제조가공업,충청북도,충청북도 음성군
20110445244,2,2,2,꽃동네학교,식품제조가공업,충청북도,충청북도 음성군
20110445283,1,1,1,(주)인스밸류,식품소분업,충청북도,충청북도 음성군
20110445292,50,30,32,(주)흥국에프엔비,식품제조가공업,충청북도,충청북도 음성군
20110447066,1,1,1,단고을조합공동사업법인,식품제조가공업,충청북도,충청북도 단양군
20110449012,1,1,1,동호원,식품제조가공업,충청남도,충청남도 천안시
20110449015,9,9,9,주식회사오투바이오,식품제조가공업,충청남도,충청남도 천안시
20110449023,4,4,4,주)신미씨앤에프(차암),식품제조가공업,충청남도,충청남도 천안시
20110456055,4,4,3,사조동아원(주)당진제분공장,식품제조가공업,충청남도,충청남도 당진시
20110456438,1,1,1,행담도휴게소(육첩반상1-1),휴게음식점,충청남도,충청남도 당진시
20110456439,1,1,1,행담도휴게소(육첩반상1-2),휴게음식점,충청남도,충청남도 당진시
20110458003,2,2,2,농가애 주식회사 농업회사법인,식품제조가공업,충청남도,충청남도 공주시
20110458085,6,6,6,프레시플러스(주)공주제4공장,식품제조가공업,충청남도,충청남도 공주시
20110458135,1,1,1,주식회사곰두레,식품제조가공업,충청남도,충청남도 공주시
20110459155,1,1,1,(주)대천청정맛김,식품제조가공업,충청남도,충청남도 보령시
20110461464,5,5,4,대선제분(주),식품제조가공업,충청남도,충청남도 아산시
20110463103,7,7,6,농업회사법인 우리미단 주식회사,식품제조가공업,충청남도,충청남도 서산시
20110463160,2,2,2,주식회사 정일품,식품제조가공업,충청남도,충청남도 서산시
20110464174,3,3,3,(주)가이아,식품제조가공업,충청남도,충청남도 논산시
20110467004,2,2,2,길기춘인삼,식품제조가공업,충청남도,충청남도 금산군
20110467030,3,3,3,만인식품,식품제조가공업,충청남도,충청남도 금산군
20110467052,2,2,2,아리항,식품제조가공업,충청남도,충청남도 금산군
20110467162,8,4,4,농업회사법인 주식회사 이에프지 금산,식품제조가공업,충청남도,충청남도 금산군
20110467169,2,2,2,농업회사법인(유)해오름식품,식품제조가공업,충청남도,충청남도 금산군
20110470080,1,1,1,(주)정성면,식품제조가공업,충청남도,충청남도 부여군
20110471018,3,3,3,(주)청화농산,식품제조가공업,충청남도,충청남도 서천군
20110471095,1,1,1,서천달고개모시마을,식품제조가공업,충청남도,충청남도 서천군
20110471103,1,1,1,떡메소리,식품제조가공업,충청남도,충청남도 서천군
20110472003,2,2,2,꽃뫼영농조합법인,식품제조가공업,충청남도,충청남도 청양군
20110473054,1,1,1,광천토굴전통식품,식품제조가공업,충청남도,충청남도 홍성군
20110473076,1,1,1,산들푸드주식회사 농업회사법인,식품제조가공업,충청남도,충청남도 홍성군
20110474132,3,3,3,(주)더본코리아 백석공장,식품제조가공업,충청남도,충청남도 예산군
20110474184,1,1,1,원조2대예산시장국수,식품제조가공업,충청남도,충청남도 예산군
20110478103,3,3,3,주식회사 위대한밥상,식품제조가공업,전북특별자치도,전북특별자치도 전주시
20110478106,2,2,2,비사벌식품,식품제조가공업,전북특별자치도,전북특별자치도 전주시
20110478496,1,1,1,동암자활자립장,식품제조가공업,전북특별자치도,전북특별자치도 전주시
20110478962,2,1,1,유한회사 행복예찬,식품제조가공업,전북특별자치도,전북특별자치도 완주군
20110481050,2,2,2,신일유통,식품제조가공업,전북특별자치도,전북특별자치도 전주시
20110481224,4,4,4,주식회사찬드림,식품제조가공업,전북특별자치도,전북특별자치도 전주시
20110484236,5,5,5,(유)효송그린푸드,식품제조가공업,전북특별자치도,전북특별자치도 군산시
20110484320,1,1,1,(주)해누리김,식품제조가공업,전북특별자치도,전북특별자치도 군산시
20110484438,1,1,1,서주푸드(주)3공장,식품제조가공업,전북특별자치도,전북특별자치도 군산시
20110484449,1,1,1,주식회사 명품수산,식품제조가공업,전북특별자치도,전북특별자치도 군산시
20110484462,1,1,1,농업회사법인주식회사아리울식품,식품제조가공업,전북특별자치도,전북특별자치도 군산시
20110484696,1,1,1,(유)바다향,식품제조가공업,전북특별자치도,전북특별자치도 군산시
20110484753,1,1,1,옥산한과,식품제조가공업,전북특별자치도,전북특별자치도 군산시
20110484756,1,1,1,농업회사법인 서해푸드 주식회사,식품제조가공업,전북특별자치도,전북특별자치도 군산시
20110487054,1,1,1,이성자,식품제조가공업,전북특별자치도,전북특별자치도 익산시
20110487306,3,3,3,전라도 흥부식품,식품제조가공업,전북특별자치도,전북특별자치도 익산시
20110487440,1,1,1,동서네푸드,식품제조가공업,전북특별자치도,전북특별자치도 익산시
20110487517,1,1,1,농업회사법인 (주)산마루,식품제조가공업,전북특별자치도,전북특별자치도 익산시
20110490034,10,10,10,(유)신우 S&F,식품제조가공업,전북특별자치도,전북특별자치도 정읍시
20110490195,4,4,4,(주)두손푸드,식품제조가공업,전북특별자치도,전북특별자치도 정읍시
20110492146,1,1,1,(주)더조은워터,식품제조가공업,전북특별자치도,전북특별자치도 남원시
20110492158,3,3,3,농업회사법인(주)지리산디앤에이치(JD&H),식품제조가공업,전북특별자치도,전북특별자치도 남원시
20110492175,3,3,3,춘향식품 영농조합법인,식품제조가공업,전북특별자치도,전북특별자치도 남원시
20110493030,1,1,1,새만금유기농꾸지뽕,식품제조가공업,전북특별자치도,전북특별자치도 김제시
20110493072,10,10,10,코엔에프(유),식품제조가공업,전북특별자치도,전북특별자치도 김제시
20110494138,1,1,1,비봉우리콩두부영농조합법인,식품제조가공업,전북특별자치도,전북특별자치도 완주군
20110494147,2,1,1,유한회사 온달푸드,식품제조가공업,전북특별자치도,전북특별자치도 김제시
20110494166,2,2,2,도계정보화두부김치마을,식품제조가공업,전북특별자치도,전북특별자치도 완주군
20110495005,1,1,1,한홍정건강식품,식품제조가공업,전북특별자치도,전북특별자치도 진안군
20110495020,1,1,1,묘보홍삼,식품제조가공업,전북특별자치도,전북특별자치도 진안군
20110495040,1,1,1,불로초홍삼영농조합법인,식품제조가공업,전북특별자치도,전북특별자치도 진안군
20110495083,6,6,6,주식회사 천지에프엔비,식품제조가공업,전북특별자치도,전북특별자치도 진안군
20110496011,1,1,1,반디누리작업장,식품제조가공업,전북특별자치도,전북특별자치도 무주군
20110497031,4,4,4,장수군농산물종합가공센터,식품제조가공업,전북특별자치도,전북특별자치도 장수군
20110498003,4,4,4,(주)메트로비앤에프,식품제조가공업,전북특별자치도,전북특별자치도 임실군
20110499005,1,1,1,농업회사법인 순창장류 주식회사,식품제조가공업,전북특별자치도,전북특별자치도 순창군
20110499013,1,1,1,노루목 엿치는 마을 영농조합법인,식품제조가공업,전북특별자치도,전북특별자치도 순창군
20110499015,3,3,3,주식회사 진미순창식품,식품제조가공업,전북특별자치도,전북특별자치도 순창군
20110499032,1,1,1,농업회사법인 향적원 유한회사,식품제조가공업,전북특별자치도,전북특별자치도 순창군
20110499036,1,1,1,하마마을 영농조합법인,식품제조가공업,전북특별자치도,전북특별자치도 순창군
20110500008,3,3,3,농업회사법인 청맥(주),식품제조가공업,전북특별자치도,전북특별자치도 고창군
20110500044,1,1,1,오복농산영농조합법인,식품제조가공업,전북특별자치도,전북특별자치도 고창군
20110500051,3,3,3,임성규네고구마(영),식품제조가공업,전북특별자치도,전북특별자치도 고창군
20110500065,2,2,2,(주)고창황토배기유통(지점),식품제조가공업,전북특별자치도,전북특별자치도 고창군
20110500077,1,1,1,선운산쌀과방,식품제조가공업,전북특별자치도,전북특별자치도 고창군
20110501017,1,1,1,하늘숲영농조합법인,식품제조가공업,전북특별자치도,전북특별자치도 부안군
20110501054,3,3,2,바다의향기,식품제조가공업,전북특별자치도,전북특별자치도 부안군
20110503033,1,1,1,(주)동원에프엔에프,식품제조가공업,전남광주통합특별시,전남광주통합특별시 목포시
20110503549,1,1,1,행복한과자,식품제조가공업,전남광주통합특별시,전남광주통합특별시 목포시
20110506236,6,6,5,(주)선해에프앤에스,식품제조가공업,전남광주통합특별시,전남광주통합특별시 여수시
20110506271,2,2,2,(주)피엔티푸드,식품제조가공업,전남광주통합특별시,전남광주통합특별시 여수시
20110506554,2,2,2,천사돌산갓김치,식품제조가공업,전남광주통합특별시,전남광주통합특별시 여수시
20110509019,1,1,1,(주)삼립황전(순천)휴게소 한신우동,휴게음식점,전남광주통합특별시,전남광주통합특별시 순천시
20110509022,1,1,1,(주)삼립황전(전주)휴게소 한신우동,휴게음식점,전남광주통합특별시,전남광주통합특별시 순천시
20110509026,1,1,1,(주)삼립황전(전주)휴게소한식당,일반음식점,전남광주통합특별시,전남광주통합특별시 순천시
20110509027,1,1,1,(주)삼립황전(순천)휴게소 한식/양식,일반음식점,전남광주통합특별시,전남광주통합특별시 순천시
20110512029,1,1,1,이슬촌생명영농조합법인,식품제조가공업,전남광주통합특별시,전남광주통합특별시 나주시
20110512070,2,2,2,농업회사법인 명성제분(주),식품제조가공업,전남광주통합특별시,전남광주통합특별시 나주시
20110515004,1,1,1,농업회사법인 산들해(주),식품제조가공업,전남광주통합특별시,전남광주통합특별시 담양군
20110515007,1,1,1,강순임 슬로우푸드,식품제조가공업,전남광주통합특별시,전남광주통합특별시 담양군
20110515064,1,1,1,농업회사법인 (주)디딜방아,식품제조가공업,전남광주통합특별시,전남광주통합특별시 담양군
20110515073,2,2,2,주식회사 유기농샵 에프앤비,식품제조가공업,전남광주통합특별시,전남광주통합특별시 담양군
20110515082,1,1,1,미담,식품제조가공업,전남광주통합특별시,전남광주통합특별시 담양군
20110516003,1,1,1,통명산영농조합법인(늘예솔식품),식품제조가공업,전남광주통합특별시,전남광주통합특별시 곡성군
20110516006,2,2,2,주식회사운석,식품제조가공업,전남광주통합특별시,전남광주통합특별시 곡성군
20110517025,5,5,3,지리산피아골식품 영농조합법인,식품제조가공업,전남광주통합특별시,전남광주통합특별시 구례군
20110518073,4,4,3,주식회사 죽암에프앤씨,식품제조가공업,전남광주통합특별시,전남광주통합특별시 고흥군
20110518084,2,2,2,(주)인조이내츄럴,식품제조가공업,전남광주통합특별시,전남광주통합특별시 고흥군
20110518089,3,3,3,주식회사 세일식품 농업회사법인,식품제조가공업,전남광주통합특별시,전남광주통합특별시 고흥군
20110519008,1,1,1,북부농협식품사업소,집단급식소 식품판매업,전남광주통합특별시,전남광주통합특별시 보성군
20110520041,4,4,2,농업회사법인 약선향기 주식회사,식품제조가공업,전남광주통합특별시,전남광주통합특별시 화순군
20110520074,1,1,1,농업회사법인 화순미가(주),식품제조가공업,전남광주통합특별시,전남광주통합특별시 화순군
20110520111,1,1,1,옥동떡메,식품제조가공업,전남광주통합특별시,전남광주통합특별시 화순군
20110521018,2,2,2,바른홀푸드(주),식품제조가공업,전남광주통합특별시,전남광주통합특별시 장흥군
20110521079,3,3,2,장흥무산김주식회사,식품제조가공업,전남광주통합특별시,전남광주통합특별시 장흥군
20110521118,2,2,1,농업회사법인 주식회사 장흥식품,식품제조가공업,전남광주통합특별시,전남광주통합특별시 장흥군
20110522043,1,1,1,농업회사법인(주)황칠코리아,식품제조가공업,전남광주통합특별시,전남광주통합특별시 강진군
20110523017,2,2,2,해남김치정보화마을,식품제조가공업,전남광주통합특별시,전남광주통합특별시 해남군
20110523106,1,1,1,유기원영농조합,식품제조가공업,전남광주통합특별시,전남광주통합특별시 해남군
20110524021,1,1,1,영암열매농원 영농조합법인,식품제조가공업,전남광주통합특별시,전남광주통합특별시 영암군
20110525009,1,1,1,달구지농원,식품제조가공업,전남광주통합특별시,전남광주통합특별시 무안군
20110525102,1,1,1,(유)세원냉동,식품제조가공업,전남광주통합특별시,전남광주통합특별시 무안군
20110525169,1,1,1,등대유기영농조합법인,식품제조가공업,전남광주통합특별시,전남광주통합특별시 무안군
20110527003,1,1,1,영광군수협이용가공사업소,식품제조가공업,전남광주통합특별시,전남광주통합특별시 영광군
20110527012,2,2,1,부경식품 주식회사,식품제조가공업,전남광주통합특별시,전남광주통합특별시 영광군
20110527020,2,2,1,협동조합 들샘,식품제조가공업,전남광주통합특별시,전남광주통합특별시 영광군
20110527035,1,1,1,고은떡집,식품제조가공업,전남광주통합특별시,전남광주통합특별시 영광군
20110527046,3,3,3,(주)새암푸드먼트,식품제조가공업,전남광주통합특별시,전남광주통합특별시 영광군
20110527066,1,1,1,금호떡집,식품제조가공업,전남광주통합특별시,전남광주통합특별시 영광군
20110527070,4,4,4,농업회사법인웰빙푸드(주),식품제조가공업,전남광주통합특별시,전남광주통합특별시 영광군
20110527075,2,2,1,희망이 샘솟는 떡집,식품제조가공업,전남광주통합특별시,전남광주통합특별시 영광군
20110527087,2,2,1,성광수산,식품제조가공업,전남광주통합특별시,전남광주통합특별시 영광군
20110527093,1,1,1,법성포 참맛 영어조합법인,식품제조가공업,전남광주통합특별시,전남광주통합특별시 영광군
20110527153,2,2,1,행운에프앤비,식품제조가공업,전남광주통합특별시,전남광주통합특별시 영광군
20110528067,10,4,8,(주)가온에프에스,식품제조가공업,전남광주통합특별시,전남광주통합특별시 장성군
20110528090,1,1,1,한마음공동체 영농조합법인,식품제조가공업,전남광주통합특별시,전남광주통합특별시 장성군
20110530005,1,1,1,황금농장김치,식품제조가공업,전남광주통합특별시,전남광주통합특별시 진도군
20110531001,2,2,2,어업회사법인 신안새우젓 주식회사,식품제조가공업,전남광주통합특별시,전남광주통합특별시 신안군
20110531010,2,2,2,목포신안군농협조합공동사업법인,식품제조가공업,전남광주통합특별시,전남광주통합특별시 신안군
20110531035,1,1,1,천사섬 영농조합법인,즉석판매제조가공업,전남광주통합특별시,전남광주통합특별시 신안군
20110531037,1,1,1,비금농업협동조합,식품제조가공업,전남광주통합특별시,전남광주통합특별시 신안군
20110533047,1,1,1,(주)경북외식산업2공장,식품제조가공업,경상북도,경상북도 포항시
20110533052,1,1,1,박선녀한과,식품제조가공업,경상북도,경상북도 포항시
20110533135,2,2,1,신동아식품,식품제조가공업,경상북도,경상북도 포항시
20110533183,1,1,1,김나운찹쌀떡,식품제조가공업,경상북도,경상북도 포항시
20110533224,1,1,1,행복떡집,식품제조가공업,경상북도,경상북도 포항시
20110533234,2,2,2,(주)미보수산,식품제조가공업,경상북도,경상북도 포항시
20110533236,1,1,1,농업회사법인(주)독도무역,식품소분업,경상북도,경상북도 포항시
20110538197,4,4,4,주)천년미인,식품제조가공업,경상북도,경상북도 경주시
20110538284,1,1,1,교동경주빵,식품제조가공업,경상북도,경상북도 경주시
20110541145,2,2,2,(주)영해식품,식품제조가공업,경상북도,경상북도 김천시
20110543036,1,1,1,영농조합법인 나눔과섬김,집단급식소 식품판매업,경상북도,경상북도 안동시
20110543097,6,6,6,이(e)방앗간,식품제조가공업,경상북도,경상북도 안동시
20110548120,2,2,2,상경물산,식품제조가공업,경상북도,경상북도 구미시
20110548882,2,2,2,토끼밀,식품제조가공업,경상북도,경상북도 구미시
20110548996,2,1,2,짝꿍푸드인사동떡집,식품제조가공업,경상북도,경상북도 구미시
20110554001,1,1,1,영농조합법인 풍기인삼나라,식품제조가공업,경상북도,경상북도 영주시
20110554008,4,4,2,유미네,식품제조가공업,경상북도,경상북도 영주시
20110554176,1,1,1,참살이영농조합법인,식품제조가공업,경상북도,경상북도 영주시
20110554228,2,2,2,소백산하늘허브앤프룻,식품제조가공업,경상북도,경상북도 영주시
20110554274,1,1,1,아람진영농조합법인,식품제조가공업,경상북도,경상북도 영주시
20110555003,5,5,5,농업회사법인 기림바이오 주식회사,식품제조가공업,경상북도,경상북도 영천시
20110555038,1,1,1,한국특수인삼주식회사,식품제조가공업,경상북도,경상북도 영천시
20110555096,2,1,1,경북햇살농원 영농조합법인,식품제조가공업,경상북도,경상북도 영천시
20110555115,2,2,2,농업회사법인(주)두손애약초,식품제조가공업,경상북도,경상북도 영천시
20110558155,1,1,1,대실영농조합법인,식품제조가공업,경상북도,경상북도 문경시
20110563047,1,1,1,가을빛고운전통식품영농조합법인,식품제조가공업,경상북도,경상북도 의성군
20110564027,1,1,1,청송백자식품,식품제조가공업,경상북도,경상북도 청송군
20110564036,1,1,1,자양식품,식품제조가공업,경상북도,경상북도 청송군
20110564039,1,1,1,농업회사법인주식회사내몸사랑,식품제조가공업,경상북도,경상북도 청송군
20110565005,1,1,1,두아(DUA) F&S,식품제조가공업,경상북도,경상북도 영양군
20110565009,2,2,2,일월산 식품,식품제조가공업,경상북도,경상북도 영양군
20110568038,14,7,6,농업회사법인(주)늘그린,식품제조가공업,경상북도,경상북도 고령군
20110569030,1,1,1,영화식품,식품제조가공업,경상북도,경상북도 성주군
20110569039,1,1,1,대보유통(주)남성주참외(양평)휴게소(얌샘김밥양식당),일반음식점,경상북도,경상북도 성주군
20110569040,1,1,1,대보유통(주)남성주참외(창원)휴게소(양식당),일반음식점,경상북도,경상북도 성주군
20110571037,3,3,3,농업회사법인 주식회사 착한농부,식품제조가공업,경상북도,경상북도 예천군
20110572007,5,5,3,농업회사법인 본가 주식회사,식품제조가공업,경상북도,경상북도 봉화군
20110589108,1,1,1,창원생과방,식품제조가공업,경상남도,경상남도 창원시
20110595298,2,2,2,(주)자연과바다,식품제조가공업,경상남도,경상남도 창원시
20110599122,2,1,1,(주)부산해정식품,식품제조가공업,부산광역시,부산광역시 강서구
20110601071,3,3,3,아미코젠(주),식품제조가공업,경상남도,경상남도 진주시
20110601689,2,2,2,예하리식품(주),식품제조가공업,경상남도,경상남도 진주시
20110604125,1,1,1,만나꿀빵,식품제조가공업,경상남도,경상남도 통영시
20110604440,8,8,4,(주)씨웰,식품제조가공업,경상남도,경상남도 통영시
20110607085,1,1,1,크리스피크림롯데김해아울렛점,식품제조가공업,경상남도,경상남도 김해시
20110607372,2,2,2,바이오밀(주),식품제조가공업,경상남도,경상남도 김해시
20110608058,1,1,1,바이오에프이주식회사,식품제조가공업,경상남도,경상남도 김해시
20110608106,5,5,5,(주)리안푸드,식품제조가공업,경상남도,경상남도 김해시
20110611167,8,8,5,한방바이오,식품제조가공업,경상남도,경상남도 밀양시
20110611237,4,4,4,(주)옵스,식품제조가공업,경상남도,경상남도 밀양시
20110612047,8,8,7,영농조합법인 푸른초장,식품제조가공업,경상남도,경상남도 거제시
20110614248,2,1,1,농업회사법인주식회사 서초농산,식품제조가공업,경상남도,경상남도 김해시
20110614440,1,1,1,통도사휴게소(한식코너·23번지 남산돈까스),일반음식점,경상남도,경상남도 양산시
20110614600,1,1,1,오경농장(주),식품제조가공업,경상남도,경상남도 양산시
20110618063,1,1,1,농업회사법인뉴그린푸드(주),식품제조가공업,경상남도,경상남도 창녕군
20110618098,2,2,2,풍성에프엔비 주식회사,식품제조가공업,경상남도,경상남도 창녕군
20110618121,4,4,4,농업회사법인 우포의아침 주식회사,식품제조가공업,경상남도,경상남도 창녕군
20110623073,4,4,4,지리산마천농협가공사업소,식품제조가공업,경상남도,경상남도 함양군
20110624103,1,1,1,학교급식지원센터,식품제조가공업,경상남도,경상남도 거창군
20110627059,2,2,2,(사복)한라원장애인직업재활시설,식품제조가공업,제주특별자치도,제주특별자치도 제주시
20110627091,1,1,1,향아수산영어조합법인,식품제조가공업,제주특별자치도,제주특별자치도 제주시
20110627267,1,1,1,영어조합법인올래씨푸드,식품제조가공업,제주특별자치도,제주특별자치도 제주시
20110627299,3,3,3,제주에스에프(영),식품제조가공업,제주특별자치도,제주특별자치도 제주시
20110627303,1,1,1,(주)메이드인제주,식품제조가공업,제주특별자치도,제주특별자치도 제주시
20110627372,7,7,6,제주탐나씨푸드 영어조합법인,식품제조가공업,제주특별자치도,제주특별자치도 제주시
20110627490,2,1,1,주식회사올레마켓,식품제조가공업,제주특별자치도,제주특별자치도 제주시
20110627559,3,3,3,(재)제주테크노파크 바이오융합센터,식품제조가공업,제주특별자치도,제주특별자치도 제주시
20110627743,1,1,1,주식회사제주돈애랑식품,식품제조가공업,제주특별자치도,제주특별자치도 제주시
20110628001,3,3,3,남현식품(신제주점),식품제조가공업,제주특별자치도,제주특별자치도 제주시
20110631116,3,3,3,제주인제주,식품제조가공업,제주특별자치도,제주특별자치도 서귀포시
20120015009,1,1,1,서울탁주서부연합제조장,식품제조가공업(주류),서울특별시,서울특별시 은평구
20120033170,4,2,2,엘브이에스랩(라보카),식품제조가공업,서울특별시,서울특별시 성북구
20120036069,6,3,3,알촌푸드,식품제조가공업,서울특별시,서울특별시 성동구
20120046150,2,2,2,(주)동의보감,식품제조가공업,서울특별시,서울특별시 중랑구
20120046517,4,2,2,(주)아이엠소스,식품제조가공업,경기도,경기도 구리시
20120050730,2,1,1,다홍치마,식품제조가공업,서울특별시,서울특별시 성북구
20120056281,1,1,1,케이엘씨,식품제조가공업,서울특별시,서울특별시 도봉구
20120069298,3,3,3,로스팅마스터즈,식품제조가공업,서울특별시,서울특별시 마포구
20120069413,2,1,1,경기떡집,식품제조가공업,서울특별시,서울특별시 마포구
20120070552,18,6,6,"주식회사 콜(Kohl, Inc.)",식품제조가공업,인천광역시,인천광역시 부평구
20120076991,8,4,4,손봉훈신안갯벌천일염,식품제조가공업,서울특별시,서울특별시 강서구
20120080278,1,1,1,(주)이멕스,식품제조가공업,서울특별시,서울특별시 구로구
20120080568,2,2,2,주식회사 다우림푸드,식품제조가공업,서울특별시,서울특별시 구로구
20120080901,1,1,1,주식회사 제이브라운,식품제조가공업,서울특별시,서울특별시 구로구
20120084148,2,1,1,엔와이푸드,식품제조가공업,경기도,경기도 부천시
20120086045,6,3,2,주식회사 정인식품,식품제조가공업,경기도,경기도 화성시
20120086267,1,1,1,(주)다원에프앤디,식품제조가공업,서울특별시,서울특별시 영등포구
20120091180,12,6,6,담꽃 팩토리,식품제조가공업,전북특별자치도,전북특별자치도 익산시
20120094162,1,1,1,이지푸드,식품제조가공업,서울특별시,서울특별시 관악구
20120094698,1,1,1,서광식품,식품제조가공업,서울특별시,서울특별시 관악구
20120114031,2,2,2,송파위더스,식품제조가공업,서울특별시,서울특별시 송파구
20120115137,10,5,5,주식회사 국도에프엔비,식품제조가공업,경기도,경기도 남양주시
20120128248,6,3,3,파도소리(주),식품제조가공업,부산광역시,부산광역시 서구
20120131235,2,1,1,동우식품,식품제조가공업,부산광역시,부산광역시 남구
20120131403,2,2,2,이레수산(유통),식품제조가공업,부산광역시,부산광역시 부산진구
20120131560,2,1,1,안중식품,식품제조가공업,부산광역시,부산광역시 부산진구
20120139026,2,2,2,주식회사공덕,식품제조가공업,부산광역시,부산광역시 북구
20120141134,1,1,1,현재식품,식품제조가공업,부산광역시,부산광역시 해운대구
20120144027,1,1,1,(주)맛뜰안식품,식품제조가공업,부산광역시,부산광역시 사하구
20120144183,1,1,1,진승수산(주),식품제조가공업,부산광역시,부산광역시 사하구
20120144202,8,4,4,이룸유통,식품제조가공업,부산광역시,부산광역시 사하구
20120144252,2,2,2,주식회사 동천씨푸드,식품제조가공업,부산광역시,부산광역시 사하구
20120144259,3,3,3,(주)주은씨푸드,식품제조가공업,부산광역시,부산광역시 사하구
20120144332,2,2,2,(주)예맥통상,식품제조가공업,부산광역시,부산광역시 사하구
20120144371,2,2,2,명진홀딩스(주) 2공장,식품제조가공업,부산광역시,부산광역시 사하구
20120144417,4,4,4,주식회사제이원씨푸드,식품제조가공업,부산광역시,부산광역시 사하구
20120144432,1,1,1,(주)창해씨푸드,식품제조가공업,부산광역시,부산광역시 사하구
20120147172,1,1,1,(주)이대명과,식품제조가공업,부산광역시,부산광역시 금정구
20120149086,2,2,2,(주)부산식품,식품제조가공업,부산광역시,부산광역시 강서구
20120149204,4,2,1,청화식품,식품제조가공업,부산광역시,부산광역시 강서구
20120150039,1,1,1,홈플러스(주),기타식품판매업,부산광역시,부산광역시 연제구
20120158208,2,2,1,선별식품,식품제조가공업,대구광역시,대구광역시 중구
20120160238,1,1,1,(주)경북캐터링,식품제조가공업,대구광역시,대구광역시 동구
20120160324,2,1,1,우리손푸드,식품제조가공업,경상북도,경상북도 영천시
20120160580,1,1,1,일호식품,식품제조가공업,대구광역시,대구광역시 동구
20120168006,1,1,1,(주)더존푸드,식품제조가공업,대구광역시,대구광역시 북구
20120168502,6,3,3,주식회사 더신전,식품제조가공업,경상북도,경상북도 경산시
20120168516,2,1,1,항아리식품,식품제조가공업,대구광역시,대구광역시 북구
20120168626,2,2,2,블루오션식품,식품제조가공업,대구광역시,대구광역시 북구
20120168826,3,3,3,성일청정식품 2공장,식품제조가공업,대구광역시,대구광역시 북구
20120181589,2,2,1,(주)바른들식품 농업회사법인,식품제조가공업,대구광역시,대구광역시 달서구
20120188289,1,1,1,청원푸드,식품제조가공업,대구광역시,대구광역시 달성군
20120188380,1,1,1,(주)태광웰푸드,식품제조가공업,대구광역시,대구광역시 달성군
20120190206,2,2,2,(주)에스와이푸드,식품제조가공업,인천광역시,인천광역시 제물포구
20120190222,2,2,2,해담,식품제조가공업,인천광역시,인천광역시 제물포구
20120193420,1,1,1,농업회사 법인 주식회사 현솔,식품제조가공업,인천광역시,인천광역시 미추홀구
20120197661,2,2,2,(주)일흥씨푸드,식품제조가공업,인천광역시,인천광역시 연수구
20120199026,2,2,2,뉴오렌지푸드,식품제조가공업,인천광역시,인천광역시 남동구
20120199304,3,3,3,(주)아람,식품제조가공업,인천광역시,인천광역시 남동구
20120199329,6,6,6,오성푸드 주식회사,식품제조가공업,인천광역시,인천광역시 남동구
20120199899,2,1,1,운하푸드,식품제조가공업,경기도,경기도 시흥시
20120202020,8,4,4,제일씨앤에프(C&F),식품제조가공업,인천광역시,인천광역시 부평구
20120202867,1,1,1,이엔(주),식품제조가공업,인천광역시,인천광역시 부평구
20120205062,2,1,1,자연의품,식품제조가공업,인천광역시,인천광역시 검단구
20120208035,2,2,2,(주)이어수산,식품제조가공업,인천광역시,인천광역시 검단구
20120208575,1,1,1,대영식품2공장,식품제조가공업,인천광역시,인천광역시 서해구
20120211134,2,2,2,농업회사법인(주)싸주아리,식품제조가공업,인천광역시,인천광역시 강화군
20120216447,4,2,2,(주)미소당 광수발효떡,식품제조가공업,전남광주통합특별시,전남광주통합특별시 서구
20120216559,2,2,2,수협광주공판장 가공사업소,식품제조가공업,전남광주통합특별시,전남광주통합특별시 서구
20120219305,8,4,2,주식회사 뜨레찬,식품제조가공업,전남광주통합특별시,전남광주통합특별시 남구
20120221539,4,4,4,(주)해담촌,식품제조가공업,전남광주통합특별시,전남광주통합특별시 북구
20120221640,2,1,1,(주)원바이오텍,식품제조가공업,전북특별자치도,전북특별자치도 부안군
20120227411,1,1,1,(주)해풍수산,식품소분업,전남광주통합특별시,전남광주통합특별시 광산구
20120227665,1,1,1,진미당식품,식품제조가공업,전남광주통합특별시,전남광주통합특별시 광산구
20120231100,1,1,1,준바이오,식품제조가공업,대전광역시,대전광역시 동구
20120231316,1,1,1,케이디저트(K dessert),식품제조가공업,대전광역시,대전광역시 동구
20120233070,8,2,2,드림푸드 빵굽네,식품제조가공업,대전광역시,대전광역시 서구
20120233489,1,1,1,아인당,식품제조가공업,대전광역시,대전광역시 중구
20120236807,2,1,1,에스에이치푸드(SH FOOD),식품제조가공업,대전광역시,대전광역시 동구
20120236982,1,1,1,(주)우명동전통떡마을영농조합,식품제조가공업,대전광역시,대전광역시 서구
20120242068,1,1,1,트리플디엔피자,식품제조가공업,대전광역시,대전광역시 대덕구
20120242143,1,1,1,위드몬,식품제조가공업,대전광역시,대전광역시 대덕구
20120242216,6,3,3,농업회사법인 신정푸드시스템(주),식품제조가공업,대전광역시,대전광역시 유성구
20120255474,6,6,4,경남식품 주식회사,식품제조가공업,울산광역시,울산광역시 울주군
20120263358,4,2,2,(주)마스타식품,식품제조가공업,경기도,경기도 군포시
20120263759,1,1,1,주식회사 세천푸드,식품제조가공업,경기도,경기도 수원시
20120275007,2,2,2,인하푸드,식품제조가공업,경기도,경기도 성남시
20120275009,4,2,2,만영수산,식품제조가공업,경기도,경기도 성남시
20120275066,6,6,6,(주)파리크라상 성남제3공장,식품제조가공업,경기도,경기도 성남시
20120275071,3,3,3,만안,식품제조가공업,경기도,경기도 성남시
20120275156,1,1,1,(주)비씨2000,식품제조가공업,경기도,경기도 성남시
20120275175,8,4,4,(주)씨글로벌,식품제조가공업,경기도,경기도 용인시
20120275181,1,1,1,서바나 도나쓰,식품제조가공업,경기도,경기도 성남시
20120275212,1,1,1,유락구(주),식품제조가공업,경기도,경기도 성남시
20120275286,10,5,5,주식회사 건강한채소,식품제조가공업,충청북도,충청북도 괴산군
20120285824,2,2,2,(주)아라푸드,식품제조가공업,경기도,경기도 의정부시
20120285826,2,2,2,노기글로벌,식품제조가공업,경기도,경기도 의정부시
20120285924,4,2,2,엠디에프앤팩킹,식품제조가공업,경기도,경기도 양주시
20120288017,3,3,1,병천e순대,식품제조가공업,경기도,경기도 안양시
20120288047,1,1,1,농업회사법인(주)율성맑은아침,식품제조가공업,경기도,경기도 안양시
20120288260,1,1,1,대진푸드,식품제조가공업,경기도,경기도 안양시
20120288456,1,1,1,베냐민&리마카롱,식품제조가공업,경기도,경기도 안양시
20120294060,2,2,2,대한씨푸드,식품제조가공업,경기도,경기도 부천시
20120294067,2,2,2,국제씨푸드,식품제조가공업,경기도,경기도 부천시
20120294117,2,2,2,(주)디저트스토리,식품제조가공업,경기도,경기도 부천시
20120294383,2,2,2,해사랑,식품제조가공업,경기도,경기도 부천시
20120294386,2,2,2,(주)바다드림,식품제조가공업,경기도,경기도 부천시
20120294387,2,2,2,에이스씨푸드,식품제조가공업,경기도,경기도 부천시
20120294388,4,2,2,모아수산,식품제조가공업,경기도,경기도 부천시
20120294572,8,4,2,제이아이원(JI원),식품제조가공업,경기도,경기도 광주시
20120294577,4,2,2,조아 에프에스,식품제조가공업,경기도,경기도 광주시
20120294606,4,2,2,한울수산,식품제조가공업,경기도,경기도 부천시
20120304413,1,1,1,강희만쌀과자,식품제조가공업,경기도,경기도 광명시
20120306003,2,2,2,동방재활근로복지관 (이스턴 베이커리),식품제조가공업,경기도,경기도 평택시
20120308117,2,2,2,한국썬아로마 주식회사 평택공장,식품제조가공업,경기도,경기도 평택시
20120309189,2,1,1,농업회사법인(주)삼호,식품제조가공업,경기도,경기도 평택시
20120309312,1,1,1,황산뽕잎한과,식품제조가공업,경기도,경기도 평택시
20120310113,1,1,1,두리식품,식품제조가공업,경기도,경기도 동두천시
20120311458,6,3,3,새싹푸드,식품제조가공업,경기도,경기도 화성시
20120311465,4,2,2,대림유통,식품제조가공업,경기도,경기도 화성시
20120311470,4,2,2,(주)한려수산,식품제조가공업,경기도,경기도 안산시
20120311552,1,1,1,한국김치,식품제조가공업,경기도,경기도 안산시
20120320039,6,3,3,(주)아이푸드,식품제조가공업,경기도,경기도 김포시
20120320099,1,1,1,(주)처가식품에스원,식품제조가공업,경기도,경기도 고양시
20120320464,2,2,2,예은푸드,식품제조가공업,경기도,경기도 고양시
20120320469,2,2,2,무지개푸드,식품제조가공업,경기도,경기도 고양시
20120320470,4,4,2,금빛푸드,식품제조가공업,경기도,경기도 고양시
20120320693,2,2,2,산하,식품제조가공업,경기도,경기도 고양시
20120320695,4,2,2,태진유통,식품제조가공업,경기도,경기도 파주시
20120320796,2,2,2,에스케이푸드빌,식품제조가공업,경기도,경기도 고양시
20120320797,4,4,4,필케이,식품제조가공업,경기도,경기도 고양시
20120320826,1,1,1,유정룡효소과학,식품제조가공업,경기도,경기도 고양시
20120320838,2,2,2,(주)서부식자재물류시스템,식품제조가공업,경기도,경기도 고양시
20120320851,2,2,2,(주)현진그린바이오,식품제조가공업,경기도,경기도 고양시
20120329028,4,4,4,농업회사법인 (주)경성방앗간,식품제조가공업,경기도,경기도 과천시
20120329049,2,1,1,주식회사 지이피트레이딩(GP trading),식품제조가공업,경기도,경기도 의왕시
20120330213,3,3,3,(유)벽제푸드 김치연구소,식품제조가공업,경기도,경기도 구리시
20120332078,1,1,1,(주)한아름김치,식품제조가공업,경기도,경기도 남양주시
20120332108,6,6,5,(주)맑은농산,식품제조가공업,경기도,경기도 남양주시
20120332332,6,6,6,(주)엔에프에스,식품제조가공업,경기도,경기도 남양주시
20120332426,4,4,4,가온에프에스 유한회사,식품제조가공업,경기도,경기도 남양주시
20120332480,1,1,1,(주)델리프레쉬,식품제조가공업,경기도,경기도 남양주시
20120332589,1,1,1,화미락,식품제조가공업,경기도,경기도 남양주시
20120332633,4,2,2,파파푸드,식품제조가공업,경기도,경기도 남양주시
20120336014,1,1,1,(주)성일에프엔씨,식품제조가공업,경기도,경기도 오산시
20120336200,4,4,2,가람푸드(주),식품제조가공업,경기도,경기도 오산시
20120342312,6,3,3,(주)진우식품,식품제조가공업,인천광역시,인천광역시 남동구
20120344244,2,1,1,다울,식품제조가공업,경기도,경기도 안양시
20120345001,2,1,1,(주)네이브플러스,식품제조가공업,경기도,경기도 남양주시
20120345093,2,2,2,해마,식품제조가공업,경기도,경기도 하남시
20120345123,2,2,2,해성홈푸드,식품제조가공업,경기도,경기도 하남시
20120345126,3,3,3,어업회사법인 주식회사 대상,식품제조가공업,경기도,경기도 하남시
20120345135,2,2,2,예일수산,식품제조가공업,경기도,경기도 하남시
20120345169,1,1,1,다솜식품,식품제조가공업,경기도,경기도 하남시
20120345188,4,4,2,제이에스유통,식품제조가공업,경기도,경기도 하남시
20120345189,2,2,2,(주)오션블루,식품제조가공업,경기도,경기도 하남시
20120345190,2,2,2,다원,식품제조가공업,경기도,경기도 하남시
20120345201,2,2,2,(주)어찬가,식품제조가공업,경기도,경기도 하남시
20120345210,2,2,2,제일F/S,식품제조가공업,경기도,경기도 하남시
20120345211,2,2,2,주식회사 쿡프렌즈,식품제조가공업,경기도,경기도 하남시
20120345214,2,2,2,아트쿡,식품제조가공업,경기도,경기도 하남시
20120345215,2,2,2,엠제이엠앤씨,식품제조가공업,경기도,경기도 하남시
20120345216,8,4,4,자현F.S,식품제조가공업,경기도,경기도 용인시
20120345239,10,5,5,(주)돈키호테,식품제조가공업,경기도,경기도 하남시
20120345249,2,2,2,(주)씨앤씨푸드시스템,식품제조가공업,경기도,경기도 하남시
20120345255,2,2,2,고은푸드,식품제조가공업,경기도,경기도 하남시
20120345258,2,2,2,청하씨푸드,식품제조가공업,경기도,경기도 하남시
20120345263,2,2,2,참선수산,식품제조가공업,경기도,경기도 하남시
20120345266,4,4,2,(주)태기푸드,식품제조가공업,경기도,경기도 하남시
20120345295,2,2,2,(주)비엔에프글로벌,식품제조가공업,경기도,경기도 하남시
20120347006,3,1,1,(주)이비초코,식품제조가공업,전남광주통합특별시,전남광주통합특별시 곡성군
20120347044,12,12,11,신갈CK,식품제조가공업,경기도,경기도 용인시
20120347052,2,2,2,주식회사 바이오션,식품제조가공업,경기도,경기도 용인시
20120347110,4,4,2,푸른드리,식품제조가공업,경기도,경기도 용인시
20120347120,2,1,1,동산떡집,식품제조가공업,경기도,경기도 용인시
20120347124,1,1,1,신한식품 주식회사,식품제조가공업,경기도,경기도 용인시
20120347146,5,5,5,오이코스 인터내셔널,식품제조가공업,경기도,경기도 용인시
20120347162,2,2,2,다해수산,식품제조가공업,경기도,경기도 용인시
20120347190,6,2,2,(주)남도애꽃,식품제조가공업,인천광역시,인천광역시 검단구
20120347200,1,1,1,(주)동성식품 용인원삼지점,식품제조가공업,경기도,경기도 용인시
20120355086,3,3,3,미소담식품,식품제조가공업,경기도,경기도 파주시
20120355261,3,3,3,(주)늘봄푸드,식품제조가공업,경기도,경기도 파주시
20120355277,3,3,3,주식회사 참마루,식품제조가공업,경기도,경기도 파주시
20120355295,5,5,5,(주)맘메이크,식품제조가공업,경기도,경기도 파주시
20120355300,1,1,1,파주양봉영농조합,식품제조가공업,경기도,경기도 파주시
20120355328,3,3,3,주식회사 청초원,식품제조가공업,경기도,경기도 파주시
20120355470,3,3,3,(주)서해글로벌,식품제조가공업,경기도,경기도 파주시
20120355474,2,2,2,(주)푸드블리스,식품제조가공업,경기도,경기도 파주시
20120355794,1,1,1,주식회사 자우담푸드,식품제조가공업,경기도,경기도 파주시
20120355814,1,1,1,농업회사법인 다원웰푸드 주식회사,식품제조가공업,경기도,경기도 파주시
20120355874,1,1,1,주식회사 두리에프앤비,식품제조가공업,경기도,경기도 파주시
20120355952,2,2,2,(주)엠엘오코리아,식품제조가공업,경기도,경기도 파주시
20120355980,4,4,4,농업회사법인 디엠제트드림푸드(주)(제2공장),식품제조가공업,경기도,경기도 파주시
20120356001,3,3,3,주식회사 다미원식품,식품제조가공업,경기도,경기도 파주시
20120358191,1,1,1,재원글로벌넷,식품제조가공업,경기도,경기도 이천시
20120358201,1,1,1,푸드원서비스주식회사,식품제조가공업,경기도,경기도 이천시
20120358218,1,1,1,(주)오뗄 이천지점,식품제조가공업,경기도,경기도 이천시
20120358235,1,1,1,주식회사 농업회사법인비엔케어,식품제조가공업,경기도,경기도 이천시
20120358305,3,3,2,(주)이마트후레쉬센터,식품제조가공업,경기도,경기도 이천시
20120358388,2,2,2,(주)한국데리카후레쉬,식품제조가공업,경기도,경기도 이천시
20120358420,1,1,1,(주)나래푸드텍,식품소분업,경기도,경기도 이천시
20120360149,3,3,3,주식회사 올가니카 안성1공장,식품제조가공업,경기도,경기도 안성시
20120360175,2,1,1,농업회사법인(주)선우내추럴,식품제조가공업,경기도,경기도 안성시
20120360389,6,6,5,고삼농협 안성마춤 푸드센터,식품제조가공업,경기도,경기도 안성시
20120362050,2,2,2,주식회사 한강에프디에스,식품제조가공업,경기도,경기도 김포시
20120362173,5,5,5,농업회사법인(주)류씨네 2공장,식품제조가공업,경기도,경기도 김포시
20120362307,2,2,2,(주)트루웰푸드,식품제조가공업,경기도,경기도 김포시
20120362440,2,2,2,(주)신일식품,식품제조가공업,경기도,경기도 김포시
20120362606,3,3,3,(주)그린키친,식품제조가공업,경기도,경기도 김포시
20120364182,1,1,1,(주)새롬,식품제조가공업,경기도,경기도 화성시
20120364498,1,1,1,(주)케이에스에프,식품제조가공업,경기도,경기도 화성시
20120364611,1,1,1,농업회사법인주식회사진영식품,식품제조가공업,경기도,경기도 화성시
20120364732,2,2,2,고젠코리아 주식회사,식품제조가공업,경기도,경기도 화성시
20120364841,8,8,8,한국에스비식품(주),식품제조가공업,경기도,경기도 화성시
20120364971,1,1,1,(주)텃밭에프앤에스,식품제조가공업,경기도,경기도 화성시
20120365022,1,1,1,달님떡집,식품제조가공업,경기도,경기도 화성시
20120365154,2,2,2,농업회사법인델프리스(주),식품제조가공업,경기도,경기도 화성시
20120365257,2,2,2,(주)남경에프에스,식품제조가공업,경기도,경기도 화성시
20120365258,2,2,2,주식회사 씨트리,식품제조가공업,경기도,경기도 화성시
20120365265,1,1,1,주식회사대양에프앤비,식품제조가공업,경기도,경기도 화성시
20120365285,6,3,3,농업회사법인 주식회사 우정,식품제조가공업,경기도,경기도 화성시
20120365455,2,2,2,주식회사 다솔마임에프엔비,식품제조가공업,경기도,경기도 화성시
20120368039,2,2,2,청하우,식품제조가공업,경기도,경기도 광주시
20120368050,4,4,4,주식회사 에쓰와이푸드,식품제조가공업,경기도,경기도 광주시
20120368121,2,2,2,(주)목포수산,식품제조가공업,경기도,경기도 광주시
20120368166,1,1,1,대한푸드텍(주) 2공장,식품제조가공업,경기도,경기도 광주시
20120368172,1,1,1,(주)대정에프엔디,식품제조가공업,경기도,경기도 광주시
20120368193,2,1,1,(주)감성인터내셔널,식품제조가공업,경기도,경기도 광주시
20120368341,1,1,1,신원에프앤에스,식품제조가공업,경기도,경기도 광주시
20120368385,2,2,2,지푸드,식품제조가공업,경기도,경기도 광주시
20120368404,2,2,2,농업회사법인주은푸드주식회사,식품제조가공업,경기도,경기도 광주시
20120368438,1,1,1,주식회사 티엠코리아,식품소분업,경기도,경기도 광주시
20120368480,1,1,1,태광푸드,식품제조가공업,경기도,경기도 광주시
20120368487,10,10,5,(주)잇쿡푸드 수산,식품제조가공업,경기도,경기도 광주시
20120368510,1,1,1,(주)더원비앤에프,식품제조가공업,경기도,경기도 광주시
20120368592,1,1,1,(주)테이트 제2공장,식품제조가공업,경기도,경기도 광주시
20120370139,1,1,1,더식품,식품제조가공업,경기도,경기도 양주시
20120370179,1,1,1,한소담,식품제조가공업,경기도,경기도 양주시
20120372004,3,3,3,(주)청우푸드 포천지점,식품제조가공업,경기도,경기도 포천시
20120372101,3,3,3,(주)포앤그린,식품제조가공업,경기도,경기도 포천시
20120372258,1,1,1,(주)로가닉,식품제조가공업,경기도,경기도 포천시
20120372367,4,4,4,(주)맛찬들백미식품,식품제조가공업,경기도,경기도 포천시
20120372403,5,5,5,주식회사 넥스푸드,식품제조가공업,경기도,경기도 포천시
20120375159,6,6,6,세진식품(주),식품제조가공업,경기도,경기도 여주시
20120377150,2,2,2,또뽀끼야,식품제조가공업,경기도,경기도 가평군
20120380266,1,1,1,대일생활건강(주),식품제조가공업,강원특별자치도,강원특별자치도 춘천시
20120380572,3,3,3,대흥씨푸드,식품제조가공업,강원특별자치도,강원특별자치도 춘천시
20120383131,1,1,1,주식회사에이치알푸드,식품제조가공업,강원특별자치도,강원특별자치도 원주시
20120383356,1,1,1,문막(하)휴게소남산돈까스,일반음식점,강원특별자치도,강원특별자치도 원주시
20120383629,6,6,6,주식회사 숲푸드,식품제조가공업,강원특별자치도,강원특별자치도 원주시
20120383884,2,2,2,(주)만종바이오,식품제조가공업,강원특별자치도,강원특별자치도 원주시
20120383903,1,1,1,엠플러스에프엔씨 주식회사,식품제조가공업,강원특별자치도,강원특별자치도 원주시
20120386356,1,1,1,주식회사 해살이뜰,식품제조가공업,강원특별자치도,강원특별자치도 강릉시
20120386376,3,3,3,(주)박신당에프앤비,식품제조가공업,강원특별자치도,강원특별자치도 강릉시
20120391060,4,4,2,주식회사태백골김치,식품제조가공업,강원특별자치도,강원특별자치도 태백시
20120391076,1,1,1,태백고랭지김치,식품제조가공업,강원특별자치도,강원특별자치도 태백시
20120392023,9,9,7,주식회사 나인스파크,식품제조가공업,강원특별자치도,강원특별자치도 속초시
20120392026,2,2,2,수산물회가공,식품제조가공업,강원특별자치도,강원특별자치도 속초시
20120392035,4,4,3,(주)자연인에프앤씨,식품제조가공업,강원특별자치도,강원특별자치도 속초시
20120392127,1,1,1,설악청정식품스토리,식품제조가공업,강원특별자치도,강원특별자치도 속초시
20120392149,1,1,1,속초청해학교기업,식품제조가공업,강원특별자치도,강원특별자치도 속초시
20120392252,2,2,2,(주)동광푸드,식품제조가공업,강원특별자치도,강원특별자치도 속초시
20120393010,2,2,2,너와마을영농조합법인,식품제조가공업,강원특별자치도,강원특별자치도 삼척시
20120394004,1,1,1,아람식품,식품제조가공업,강원특별자치도,강원특별자치도 홍천군
20120394122,1,1,1,영농조합법인홍천명품한과,식품제조가공업,강원특별자치도,강원특별자치도 홍천군
20120395029,1,1,1,삼배마을영농조합법인,식품제조가공업,강원특별자치도,강원특별자치도 횡성군
20120395092,1,1,1,개나리영농조합법인,식품제조가공업,강원특별자치도,강원특별자치도 횡성군
20120397013,1,1,1,대관령눈마을영농조합법인,식품제조가공업,강원특별자치도,강원특별자치도 평창군
20120397078,3,3,3,농업회사법인주식회사 평창후레쉬푸드,식품제조가공업,강원특별자치도,강원특별자치도 평창군
20120398002,1,1,1,명성수리취떡,식품제조가공업,강원특별자치도,강원특별자치도 정선군
20120398037,1,1,1,정나눔,식품제조가공업,강원특별자치도,강원특별자치도 정선군
20120398109,4,2,2,주식회사 하이원베이커리 F1,식품제조가공업,강원특별자치도,강원특별자치도 정선군
20120399095,1,1,1,대성산종합푸드,식품제조가공업,강원특별자치도,강원특별자치도 철원군
20120402097,3,3,3,하늘농산 영농조합법인(하늘내린김치),식품제조가공업,강원특별자치도,강원특별자치도 인제군
20120403107,2,2,2,(주)한마음스마트,식품제조가공업,강원특별자치도,강원특별자치도 고성군
20120415012,4,4,4,주식회사 담김,식품제조가공업,충청북도,충청북도 청주시
20120415094,3,3,3,(주)씨푸드,식품제조가공업,충청북도,충청북도 청주시
20120415096,1,1,1,떡도리,식품제조가공업,충청북도,충청북도 청주시
20120415098,2,2,2,주식회사 미엘,식품제조가공업,충청북도,충청북도 청주시
20120415118,3,3,3,농업회사법인 황골(주),식품제조가공업,충청북도,충청북도 청주시
20120433058,4,4,3,농업회사법인(주)본가,식품제조가공업,충청북도,충청북도 충주시
20120433123,1,1,1,(주)명가푸드,식품제조가공업,충청북도,충청북도 충주시
20120435018,2,2,2,주식회사 편강한방연구소,식품제조가공업,충청북도,충청북도 제천시
20120435086,5,5,5,(주)원일바이오,식품제조가공업,충청북도,충청북도 제천시
20120435252,3,3,3,주)단이푸드,식품제조가공업,충청북도,충청북도 제천시
20120439037,6,6,5,이든푸드영농조합법인,식품제조가공업,충청북도,충청북도 보은군
20120441004,1,1,1,구름마을사람들영농조합법인,식품제조가공업,충청북도,충청북도 영동군
20120442082,4,4,4,(주)한미에프앤에프,식품제조가공업,충청북도,충청북도 증평군
20120443030,10,10,10,(주)참선진녹즙,식품제조가공업,충청북도,충청북도 진천군
20120443057,2,1,1,(주)소담푸드,식품제조가공업,충청북도,충청북도 진천군
20120443104,7,7,7,평화에프앤비,식품제조가공업,충청북도,충청북도 진천군
20120443128,1,1,1,베이시스푸드(주),식품소분업,충청북도,충청북도 진천군
20120444031,5,5,5,(주)다담은,식품제조가공업,충청북도,충청북도 괴산군
20120444042,2,2,2,임꺽정푸드,식품제조가공업,충청북도,충청북도 괴산군
20120444051,3,3,3,괴산임꺽정청정김치영농조합,식품제조가공업,충청북도,충청북도 괴산군
20120444069,2,2,2,(주)본초호미,식품제조가공업,충청북도,충청북도 괴산군
20120444070,1,1,1,광덕식품,식품제조가공업,충청북도,충청북도 괴산군
20120445013,1,1,1,(주)꿈꾸는콩,식품제조가공업,충청북도,충청북도 음성군
20120445014,1,1,1,음성블루베리원 영농조합법인,식품제조가공업,충청북도,충청북도 음성군
20120445044,16,16,8,(주)티알아이,식품제조가공업,충청북도,충청북도 음성군
20120445147,4,4,3,(주)한산에프앤지,식품제조가공업,충청북도,충청북도 음성군
20120449003,4,4,4,(주)한아름푸드,식품제조가공업,충청남도,충청남도 천안시
20120449005,6,6,6,주식회사후레쉬서브천안공장,식품제조가공업,충청남도,충청남도 천안시
20120449025,1,1,1,늘푸드,식품제조가공업,충청남도,충청남도 천안시
20120449026,2,2,1,주식회사으뜸엘엔에스,식품제조가공업,충청남도,충청남도 천안시
20120449029,1,1,1,감푸드(병천순대),식품제조가공업,충청남도,충청남도 천안시
20120450300,1,1,1,(주)보림로지스틱스천안호두과자1,제과점영업,충청남도,충청남도 천안시
20120456060,1,1,1,당진시농협해나루조합공동사업법인,식품제조가공업,충청남도,충청남도 당진시
20120456196,2,2,2,(주)다농식품,식품제조가공업,충청남도,충청남도 당진시
20120456295,2,2,2,백석올미영농조합,식품제조가공업,충청남도,충청남도 당진시
20120456309,3,3,3,농업회사법인진생바이오텍(주),식품제조가공업,충청남도,충청남도 당진시
20120456334,1,1,1,온헬쓰바이오농업회사법인(주),식품제조가공업,충청남도,충청남도 당진시
20120456344,1,1,1,덕일식품,식품제조가공업,충청남도,충청남도 당진시
20120458124,1,1,1,깊은산골종옥이네,식품제조가공업,충청남도,충청남도 공주시
20120459034,1,1,1,(주)환상의바다,식품제조가공업,충청남도,충청남도 보령시
20120459196,2,2,2,서해키조개영어조합법인,식품제조가공업,충청남도,충청남도 보령시
20120459209,1,1,1,(주)모양에프앤비,식품제조가공업,충청남도,충청남도 보령시
20120461108,1,1,1,주식회사 꿈해비타트,식품제조가공업,충청남도,충청남도 아산시
20120461435,2,1,1,(주)제이에스글로벌,식품제조가공업,인천광역시,인천광역시 남동구
20120464115,1,1,1,주식회사 바다랑,식품제조가공업,충청남도,충청남도 논산시
20120464123,1,1,1,향지촌,식품제조가공업,충청남도,충청남도 논산시
20120464159,7,7,7,주식회사 와이앤비푸드,식품제조가공업,충청남도,충청남도 논산시
20120464174,4,2,2,농업회사법인 김치쿨주식회사,식품제조가공업,충청남도,충청남도 논산시
20120464184,1,1,1,(주)에렉스 벌곡휴게소 한식당,일반음식점,충청남도,충청남도 논산시
20120464214,1,1,1,대우양봉영농조합법인,식품소분업,충청남도,충청남도 논산시
20120464235,1,1,1,(주)썬엘 벌곡(상)휴게소 식당가,일반음식점,충청남도,충청남도 논산시
20120466046,5,5,5,(주)퍼스프,식품제조가공업,충청남도,충청남도 계룡시
20120467021,2,2,2,농업회사법인(주)크레타바이오,식품제조가공업,충청남도,충청남도 금산군
20120467154,1,1,1,천지현황(주),식품제조가공업,충청남도,충청남도 금산군
20120470036,1,1,1,맛나한과,식품제조가공업,충청남도,충청남도 부여군
20120470061,1,1,1,부여연꽃빵영농조합법인,식품제조가공업,충청남도,충청남도 부여군
20120471091,1,1,1,엠엔에프 영농조합법인,식품제조가공업,충청남도,충청남도 서천군
20120471092,1,1,1,주식회사 기업과사람들,식품제조가공업,충청남도,충청남도 서천군
20120471112,1,1,1,주식회사 푸드향,식품제조가공업,충청남도,충청남도 서천군
20120472008,5,5,5,(주)우리에프엔비,식품제조가공업,충청남도,충청남도 청양군
20120474127,2,2,2,농업회사법인빨강사과주식회사,식품제조가공업,충청남도,충청남도 예산군
20120475153,1,1,1,미포영어조합법인,식품제조가공업,충청남도,충청남도 태안군
20120475154,1,1,1,엔피오션그린바이오,식품제조가공업,충청남도,충청남도 태안군
20120478630,2,2,2,제이피썸(주)찬미식품,식품제조가공업,전북특별자치도,전북특별자치도 전주시
20120478645,1,1,1,보성수산,식품제조가공업,전북특별자치도,전북특별자치도 전주시
20120481061,2,2,2,(주)대림유통,식품제조가공업,전북특별자치도,전북특별자치도 전주시
20120481177,2,2,2,농업회사법인주식회사우리푸디스,식품제조가공업,전북특별자치도,전북특별자치도 전주시
20120481351,4,4,2,청정수산,식품제조가공업,전북특별자치도,전북특별자치도 전주시
20120484042,2,2,2,(유)아리울수산,식품제조가공업,전북특별자치도,전북특별자치도 군산시
20120484571,3,3,3,서진유통,식품제조가공업,전북특별자치도,전북특별자치도 군산시
20120487021,1,1,1,(주)은성푸드,식품제조가공업,전북특별자치도,전북특별자치도 익산시
20120487159,8,4,4,정푸드,식품제조가공업,전북특별자치도,전북특별자치도 익산시
20120487443,2,2,2,선화골전통발효식품영농조합법인,식품제조가공업,전북특별자치도,전북특별자치도 익산시
20120490014,7,7,6,농업회사법인모닝팜(주),식품제조가공업,전북특별자치도,전북특별자치도 정읍시
20120490025,1,1,1,농업회사법인(유)주영,식품제조가공업,전북특별자치도,전북특별자치도 정읍시
20120490150,2,2,2,농업회사법인 콩사랑(유),식품제조가공업,전북특별자치도,전북특별자치도 정읍시
20120490155,1,1,1,농업회사법인 샘실(주),식품제조가공업,전북특별자치도,전북특별자치도 정읍시
20120490212,6,6,3,농업회사법인 유기농비건(주),식품제조가공업,전북특별자치도,전북특별자치도 정읍시
20120492042,5,5,5,지리산처럼영농조합법인,식품제조가공업,전북특별자치도,전북특별자치도 남원시
20120492149,2,2,1,농업회사법인(주)화촌엄마손,식품제조가공업,전북특별자치도,전북특별자치도 남원시
20120492154,1,1,1,농업회사법인(유)메밀꽃피는 항아리,식품제조가공업,전북특별자치도,전북특별자치도 남원시
20120493082,1,1,1,이레식품,식품제조가공업,전북특별자치도,전북특별자치도 김제시
20120494110,4,4,4,농업회사법인 주식회사 봉동댁,식품제조가공업,전북특별자치도,전북특별자치도 완주군
20120494142,1,1,1,서계영농조합법인,식품제조가공업,전북특별자치도,전북특별자치도 완주군
20120494161,1,1,1,용진떡방앗간,식품제조가공업,전북특별자치도,전북특별자치도 완주군
20120494168,2,2,2,영농조합법인 정드림,식품제조가공업,전북특별자치도,전북특별자치도 완주군
20120495038,1,1,1,한국한방기업,식품제조가공업,전북특별자치도,전북특별자치도 진안군
20120495040,2,2,2,주식회사 백운,식품제조가공업,전북특별자치도,전북특별자치도 진안군
20120495046,3,3,3,농업회사법인 주식회사 애농,식품제조가공업,전북특별자치도,전북특별자치도 진안군
20120496010,7,7,3,농업회사법인 초록 주식회사,식품제조가공업,전북특별자치도,전북특별자치도 무주군
20120496044,1,1,1,명천솔밭식품 영농조합법인,식품제조가공업,전북특별자치도,전북특별자치도 무주군
20120497003,2,2,2,장수들샘영농조합,식품제조가공업,전북특별자치도,전북특별자치도 장수군
20120498017,1,1,1,농업회사법인 임실고추 앤 농산물가공판매(주),식품제조가공업,전북특별자치도,전북특별자치도 임실군
20120498029,2,2,2,당당슬로푸드,식품제조가공업,전북특별자치도,전북특별자치도 임실군
20120499004,1,1,1,양면장 막내며느리,식품제조가공업,전북특별자치도,전북특별자치도 순창군
20120499014,1,1,1,영농조합법인 가인,식품제조가공업,전북특별자치도,전북특별자치도 순창군
20120499022,1,1,1,농업회사법인 한국절임 주식회사,식품제조가공업,전북특별자치도,전북특별자치도 순창군
20120499042,2,2,1,피플클라우드,식품제조가공업,전북특별자치도,전북특별자치도 순창군
20120499043,6,6,6,농업회사법인순창장류(주) 제2공장,식품제조가공업,전북특별자치도,전북특별자치도 순창군
20120499059,2,2,1,농업회사법인 유한회사 예정성한과,식품제조가공업,전북특별자치도,전북특별자치도 순창군
20120500030,1,1,1,질마재 농장,식품제조가공업,전북특별자치도,전북특별자치도 고창군
20120500036,2,2,2,태후자연식품,식품제조가공업,전북특별자치도,전북특별자치도 고창군
20120500049,1,1,1,청맥(주) 제면공장,식품제조가공업,전북특별자치도,전북특별자치도 고창군
20120500066,2,2,2,농업회사법인 에스알씨청보리주식회사,식품제조가공업,전북특별자치도,전북특별자치도 고창군
20120500067,4,4,4,아이보리영농조합법인,식품제조가공업,전북특별자치도,전북특별자치도 고창군
20120500071,3,3,3,(주)케이엔비푸드,식품제조가공업,전북특별자치도,전북특별자치도 고창군
20120501002,2,2,2,케이헬스푸드 주식회사,식품제조가공업,전북특별자치도,전북특별자치도 부안군
20120501105,2,2,2,유한회사 대왕수산,식품제조가공업,전북특별자치도,전북특별자치도 부안군
20120501124,1,1,1,김인경푸드,식품제조가공업,전북특별자치도,전북특별자치도 부안군
20120501126,1,1,1,부안서해안유한회사농업회사법인,식품제조가공업,전북특별자치도,전북특별자치도 부안군
20120501160,5,5,5,어업회사법인합명회사대일수산식품,식품제조가공업,전북특별자치도,전북특별자치도 부안군
20120506083,4,2,2,여수제일식품,식품제조가공업,전남광주통합특별시,전남광주통합특별시 여수시
20120506191,6,6,2,종말이푸드,식품제조가공업,전남광주통합특별시,전남광주통합특별시 여수시
20120506532,1,1,1,여수참맛(주),식품제조가공업,전남광주통합특별시,전남광주통합특별시 여수시
20120506603,1,1,1,어업회사법인 여수새고막(주),식품제조가공업,전남광주통합특별시,전남광주통합특별시 여수시
20120509317,1,1,1,우리밀이야기,식품제조가공업,전남광주통합특별시,전남광주통합특별시 순천시
20120509524,2,2,2,쌍지뜰,식품제조가공업,전남광주통합특별시,전남광주통합특별시 순천시
20120512032,5,5,5,주식회사 굿푸드,식품제조가공업,전남광주통합특별시,전남광주통합특별시 나주시
20120512043,5,5,5,남양유업 주식회사 나주공장,식품제조가공업,전남광주통합특별시,전남광주통합특별시 나주시
20120512048,2,2,2,주식회사 해농,식품제조가공업,전남광주통합특별시,전남광주통합특별시 나주시
20120512055,4,4,4,(주)팔도,식품제조가공업,전남광주통합특별시,전남광주통합특별시 나주시
20120515058,2,2,2,(주)대숲맑은김치,식품제조가공업,전남광주통합특별시,전남광주통합특별시 담양군
20120515061,2,1,1,농업회사법인(주) 승영에프앤비,식품제조가공업,전남광주통합특별시,전남광주통합특별시 담양군
20120515106,2,2,2,김순영 대숲김치,식품제조가공업,전남광주통합특별시,전남광주통합특별시 담양군
20120517026,1,1,1,쿱푸드시스템 주식회사 라면,식품제조가공업,전남광주통합특별시,전남광주통합특별시 구례군
20120517032,1,1,1,임산물유통센터(구례군산림조합),식품제조가공업,전남광주통합특별시,전남광주통합특별시 구례군
20120518064,1,1,1,유)지에이피농산,식품제조가공업,전남광주통합특별시,전남광주통합특별시 고흥군
20120519022,1,1,1,보성녹차(목포)휴게소,일반음식점,전남광주통합특별시,전남광주통합특별시 보성군
20120520066,1,1,1,농업회사법인 주식회사 거림제약(식품사업부),식품제조가공업,전남광주통합특별시,전남광주통합특별시 화순군
20120521074,2,2,2,(유)태산푸드,식품제조가공업,전남광주통합특별시,전남광주통합특별시 장흥군
20120521109,1,1,1,(주)미가원,식품제조가공업,전남광주통합특별시,전남광주통합특별시 장흥군
20120522041,1,1,1,참좋은된장 강진토하젓,식품제조가공업,전남광주통합특별시,전남광주통합특별시 강진군
20120522044,6,6,5,농업회사법인 (주)정심푸드,식품제조가공업,전남광주통합특별시,전남광주통합특별시 강진군
20120522045,1,1,1,두원푸드,식품제조가공업,전남광주통합특별시,전남광주통합특별시 강진군
20120523055,1,1,1,제일수산,식품제조가공업,전남광주통합특별시,전남광주통합특별시 해남군
20120523072,4,4,4,땅끝홈밀 주식회사,식품제조가공업,전남광주통합특별시,전남광주통합특별시 해남군
20120523074,2,2,2,농업법인회사 유한회사 명성팜,식품제조가공업,전남광주통합특별시,전남광주통합특별시 해남군
20120523077,5,5,5,농업회사법인 해남배추 주식회사,식품제조가공업,전남광주통합특별시,전남광주통합특별시 해남군
20120523096,2,2,2,(주)우리수산,식품제조가공업,전남광주통합특별시,전남광주통합특별시 해남군
20120524080,1,1,1,농업회사법인유한회사 정 그린,식품제조가공업,전남광주통합특별시,전남광주통합특별시 영암군
20120524085,1,1,1,건영식품,식품제조가공업,전남광주통합특별시,전남광주통합특별시 영암군
20120527022,1,1,1,모시세상,식품제조가공업,전남광주통합특별시,전남광주통합특별시 영광군
20120527023,2,2,1,명품떡집,식품제조가공업,전남광주통합특별시,전남광주통합특별시 영광군
20120527039,1,1,1,해상굴비,식품제조가공업,전남광주통합특별시,전남광주통합특별시 영광군
20120527044,2,2,2,농업회사법인 주식회사 새뜸원,식품제조가공업,전남광주통합특별시,전남광주통합특별시 영광군
20120527050,1,1,1,영광황토굴비영어조합법인,식품제조가공업,전남광주통합특별시,전남광주통합특별시 영광군
20120527061,3,3,1,다송유통영농조합법인,식품제조가공업,전남광주통합특별시,전남광주통합특별시 영광군
20120527065,2,2,2,아름답게 그린배 영농조합 법인,식품제조가공업,전남광주통합특별시,전남광주통합특별시 영광군
20120527108,1,1,1,모시사랑,식품제조가공업,전남광주통합특별시,전남광주통합특별시 영광군
20120528012,1,1,1,농업회사법인 정담은주식회사,식품제조가공업,전남광주통합특별시,전남광주통합특별시 장성군
20120528028,3,3,3,삼계농협 농산물산지유통센터,식품제조가공업,전남광주통합특별시,전남광주통합특별시 장성군
20120529004,1,1,1,우리콩세상,식품제조가공업,전남광주통합특별시,전남광주통합특별시 완도군
20120529038,8,8,8,(주)향아식품제2공장,식품제조가공업,전남광주통합특별시,전남광주통합특별시 완도군
20120529115,1,1,1,청해진 농업회사법인,식품제조가공업,전남광주통합특별시,전남광주통합특별시 완도군
20120529117,1,1,1,엄마식품영어조합법인,식품제조가공업,전남광주통합특별시,전남광주통합특별시 완도군
20120530011,3,3,3,진도농협울금가공사업소,식품제조가공업,전남광주통합특별시,전남광주통합특별시 진도군
20120531085,2,2,2,재인영농조합법인,식품제조가공업,전남광주통합특별시,전남광주통합특별시 신안군
20120533029,1,1,1,농업회사법인(주)독도무역,식품제조가공업,경상북도,경상북도 포항시
20120533091,1,1,1,샘물수산,식품제조가공업,경상북도,경상북도 포항시
20120533128,1,1,1,(주)씨트리 구만제2공장,식품제조가공업,경상북도,경상북도 포항시
20120533166,2,2,2,보성수산,식품제조가공업,경상북도,경상북도 포항시
20120533174,2,2,2,진우푸드(주),식품제조가공업,경상북도,경상북도 포항시
20120533191,1,1,1,서한식품 주식회사,식품제조가공업,경상북도,경상북도 포항시
20120538103,2,2,2,금도식품,식품제조가공업,경상북도,경상북도 경주시
20120538150,4,4,3,주식회사 제이앤피,식품제조가공업,경상북도,경상북도 경주시
20120538560,1,1,1,수연당제과,식품제조가공업,경상북도,경상북도 경주시
20120541001,2,2,2,(주)한울,식품제조가공업,경상북도,경상북도 김천시
20120541189,1,1,1,오케이농원,식품제조가공업,경상북도,경상북도 김천시
20120541198,2,2,2,주식회사송죽명과,식품제조가공업,경상북도,경상북도 김천시
20120543007,2,2,2,하회마을간고등어 주식회사,식품제조가공업,경상북도,경상북도 안동시
20120543109,5,5,5,(재)경북바이오산업연구원 바이오벤처프라자,식품제조가공업,경상북도,경상북도 안동시
20120543216,1,1,1,예미정김치,식품제조가공업,경상북도,경상북도 안동시
20120543358,1,1,1,(주)약선푸드 농업회사법인,식품제조가공업,경상북도,경상북도 안동시
20120548364,1,1,1,코코호도구미송정점,식품제조가공업,경상북도,경상북도 구미시
20120548569,20,10,9,농업회사법인주식회사해미래,식품제조가공업,경상북도,경상북도 김천시
20120554011,1,1,1,영주농업회사법인주식회사,식품제조가공업,경상북도,경상북도 영주시
20120554024,2,2,2,친환경인삼영농조합법인,식품제조가공업,경상북도,경상북도 영주시
20120554062,1,1,1,농업회사법인(주)허니비,식품소분업,경상북도,경상북도 영주시
20120554223,1,1,1,풍기기원홍삼제조원,식품제조가공업,경상북도,경상북도 영주시
20120555002,2,2,2,나눔제약(주)기업부설연구소(영천시약용작물산업화지원센터),식품제조가공업,경상북도,경상북도 영천시
20120556119,1,1,1,팔음산포도영농조합법인,식품제조가공업,경상북도,경상북도 상주시
20120556152,3,3,3,한울식품 영농조합법인F2,식품제조가공업,경상북도,경상북도 상주시
20120558063,2,2,2,자연그린 주식회사,식품제조가공업,경상북도,경상북도 문경시
20120558137,1,1,1,하늘선물,식품제조가공업,경상북도,경상북도 문경시
20120558162,1,1,1,명품농원 애플즈팜,식품제조가공업,경상북도,경상북도 문경시
20120560072,9,9,8,우리농산,식품제조가공업,경상북도,경상북도 경산시
20120560169,1,1,1,양승식품,식품제조가공업,경상북도,경상북도 경산시
20120560296,1,1,1,핑커벨,식품제조가공업,경상북도,경상북도 경산시
20120560375,2,1,1,홍삼월드플러스,식품제조가공업,경상북도,경상북도 경산시
20120560481,1,1,1,주식회사 보르딘에프엔비(F&B),식품제조가공업,경상북도,경상북도 경산시
20120560521,1,1,1,(주)케이앤피푸드,식품제조가공업,경상북도,경상북도 경산시
20120560526,2,2,1,금박,식품제조가공업,경상북도,경상북도 경산시
20120560557,7,7,4,더밥,식품제조가공업,경상북도,경상북도 경산시
20120560575,5,5,5,(주)임꺽정푸드시스템,식품제조가공업,경상북도,경상북도 경산시
20120560636,1,1,1,(주)비에이치앤바이오경산공장,식품제조가공업,경상북도,경상북도 경산시
20120562040,2,2,2,주식회사 예담농업회사법인,식품제조가공업,대구광역시,대구광역시 군위군
20120563003,1,1,1,농업회사법인(주) 의성마늘종합가공소,식품제조가공업,경상북도,경상북도 의성군
20120563009,1,1,1,현욱농장,식품제조가공업,경상북도,경상북도 의성군
20120564009,1,1,1,남청송식품영농조합법인,식품제조가공업,경상북도,경상북도 청송군
20120564010,1,1,1,농업회사법인(주)들사랑,식품제조가공업,경상북도,경상북도 청송군
20120564015,4,4,4,농업회사법인(주)웰건,식품제조가공업,경상북도,경상북도 청송군
20120564027,1,1,1,주산지애플,식품제조가공업,경상북도,경상북도 청송군
20120564028,1,1,1,청송농협청결고추가공공장,식품제조가공업,경상북도,경상북도 청송군
20120567001,6,6,6,농업회사법인 주식회사 생생초,식품제조가공업,경상북도,경상북도 청도군
20120567043,2,2,2,청도군장애인보호작업장,식품제조가공업,경상북도,경상북도 청도군
20120568045,2,2,2,대복,식품제조가공업,경상북도,경상북도 고령군
20120571064,2,2,2,참한농원,식품제조가공업,경상북도,경상북도 예천군
20120571083,2,2,2,영농조합법인 참들,식품제조가공업,경상북도,경상북도 예천군
20120573080,2,2,2,주식회사 아리바이오,식품제조가공업,경상북도,경상북도 울진군
20120589178,2,2,2,(주)예림,식품제조가공업,경상남도,경상남도 창원시
20120595129,1,1,1,대진수산,식품제조가공업,경상남도,경상남도 창원시
20120595137,5,5,5,(주)원미푸드,식품제조가공업,경상남도,경상남도 창원시
20120595454,3,3,3,사회복지법인아그네스복지재단 행복주식회사,식품제조가공업,경상남도,경상남도 창원시
20120597159,2,1,1,그린밀푸드,식품제조가공업,경상남도,경상남도 함안군
20120604288,2,2,2,(주)해보씨푸드,식품제조가공업,경상남도,경상남도 통영시
20120606226,2,2,2,(주)다솔면,식품제조가공업,경상남도,경상남도 사천시
20120607188,6,6,6,휴먼앤푸드,식품제조가공업,경상남도,경상남도 김해시
20120607192,1,1,1,영진식품,식품제조가공업,경상남도,경상남도 김해시
20120607425,1,1,1,(주)오즈,식품제조가공업,경상남도,경상남도 김해시
20120607628,1,1,1,(주)금농,식품제조가공업,경상남도,경상남도 김해시
20120607814,1,1,1,한영식품,식품제조가공업,경상남도,경상남도 김해시
20120607836,11,11,9,(주)신광식품 2공장,식품제조가공업,경상남도,경상남도 김해시
20120608034,3,3,3,선농푸드,식품제조가공업,경상남도,경상남도 김해시
20120608075,2,2,2,파밋,식품제조가공업,경상남도,경상남도 김해시
20120611013,2,2,2,무안농협 판매유통사업소,식품제조가공업,경상남도,경상남도 밀양시
20120611071,2,2,2,(주)현대그린푸드 영남센터 제2공장,식품제조가공업,경상남도,경상남도 밀양시
20120611136,3,3,3,농업회사법인(주)얼음골식품,식품제조가공업,경상남도,경상남도 밀양시
20120614277,2,2,2,미래직업재활원 양산순쌀빵,식품제조가공업,경상남도,경상남도 양산시
20120614386,1,1,1,(주)푸드다미원,식품제조가공업,경상남도,경상남도 양산시
20120614404,1,1,1,스마일에프엔디(주),식품제조가공업,경상남도,경상남도 양산시
20120614566,1,1,1,(주)서로푸드,식품제조가공업,경상남도,경상남도 양산시
20120619112,1,1,1,구만우리밀,식품제조가공업,경상남도,경상남도 고성군
20120620038,3,3,3,주식회사 태웅,식품제조가공업,경상남도,경상남도 남해군
20120620059,5,5,5,늘푸른 영어조합법인,식품제조가공업,경상남도,경상남도 남해군
20120621007,2,2,2,슬로푸드 주식회사 농업회사법인,식품제조가공업,경상남도,경상남도 하동군
20120621009,4,4,2,농업회사법인(주)자연향기,식품제조가공업,경상남도,경상남도 하동군
20120621025,1,1,1,(주)에코맘의 산골이유식,식품제조가공업,경상남도,경상남도 하동군
20120622055,2,2,2,지리산 산청식품,식품제조가공업,경상남도,경상남도 산청군
20120623070,1,1,1,지리산청정한과,식품제조가공업,경상남도,경상남도 함양군
20120624110,3,3,3,아림농산영농조합법인,식품제조가공업,경상남도,경상남도 거창군
20120625020,6,2,2,계림건강식품(주),식품제조가공업,경상남도,경상남도 합천군
20120627086,2,2,2,(영)제주친환경,식품제조가공업,제주특별자치도,제주특별자치도 제주시
20120627119,2,2,2,영어조합법인제주창해수산,식품제조가공업,제주특별자치도,제주특별자치도 제주시
20120627711,1,1,1,보민수산,식품제조가공업,제주특별자치도,제주특별자치도 제주시
20120627759,1,1,1,참새방앗간,식품제조가공업,제주특별자치도,제주특별자치도 제주시
20120627763,3,3,3,농업회사법인 주식회사 큰행복,식품제조가공업,제주특별자치도,제주특별자치도 제주시
20120628030,1,1,1,삼다오메기,식품제조가공업,제주특별자치도,제주특별자치도 제주시
20120628145,1,1,1,굿츠친환경영농조합법인,식품제조가공업,제주특별자치도,제주특별자치도 제주시
20120631133,1,1,1,제주투데이식품 영농조합법인,식품제조가공업,제주특별자치도,제주특별자치도 서귀포시
20120631144,2,2,2,농업회사법인 제주홍암가 주식회사,식품제조가공업,제주특별자치도,제주특별자치도 서귀포시
20120631146,5,5,5,농업회사법인(주)제주내츄럴푸드,식품제조가공업,제주특별자치도,제주특별자치도 서귀포시
20120631294,2,2,2,영어조합법인 제주마을,식품제조가공업,제주특별자치도,제주특별자치도 서귀포시
20120631444,2,2,2,에코소랑  (박경숙),식품제조가공업,제주특별자치도,제주특별자치도 서귀포시
20130015037,3,1,1,서울탁주태능연합제조장,식품제조가공업(주류),서울특별시,서울특별시 중랑구
20130015085,5,5,5,주식회사 배상면주가,식품제조가공업(주류),경기도,경기도 포천시
20130016009,1,1,1,㈜MH 에탄올,식품제조가공업(주류),경상남도,경상남도 창원시
20130016056,3,3,3,대선주조(주)기장공장,식품제조가공업(주류),부산광역시,부산광역시 기장군
20130016083,1,1,1,부산합동양조 연산제조장,식품제조가공업(주류),부산광역시,부산광역시 연제구
20130016084,1,1,1,부산합동양조 장림제조장,식품제조가공업(주류),부산광역시,부산광역시 사하구
20130016120,1,1,1,울산탁주공동제조장,식품제조가공업(주류),울산광역시,울산광역시 북구
20130016122,1,1,1,웅촌양조장,식품제조가공업(주류),울산광역시,울산광역시 울주군
20130016131,1,1,1,일산실업㈜칠서에탄올공장,식품제조가공업(주류),경상남도,경상남도 함안군
20130016144,3,3,3,주식회사 진로소주,식품제조가공업(주류),경상남도,경상남도 창원시
20130016147,1,1,1,주식회사무학,식품제조가공업(주류),경상남도,경상남도 창원시
20130016168,2,2,2,하이트진로㈜ 마산공장,식품제조가공업(주류),경상남도,경상남도 창원시
20130016170,2,1,1,한국알콜산업㈜,식품제조가공업(주류),울산광역시,울산광역시 남구
20130017025,1,1,1,(주)진로발효,식품제조가공업(주류),경기도,경기도 안산시
20130017056,3,3,3,디아지오코리아㈜,식품제조가공업(주류),경기도,경기도 이천시
20130017057,3,3,3,롯데칠성음료㈜부평,식품제조가공업(주류),인천광역시,인천광역시 부평구
20130017081,2,2,2,오비맥주㈜이천공장,식품제조가공업(주류),경기도,경기도 이천시
20130017091,1,1,1,인천탁주제조제 1 공장,식품제조가공업(주류),인천광역시,인천광역시 부평구
20130017099,6,4,4,주식회사 화요,식품제조가공업(주류),경기도,경기도 여주시
20130017106,1,1,1,하이트진로 주식회사 이천공장,식품제조가공업(주류),경기도,경기도 이천시
20130018024,6,6,6,경주법주㈜,식품제조가공업(주류),경북,경북 경주시
20130018063,1,1,1,대구탁주합동제1공장,식품제조가공업(주류),대구광역시,대구광역시 동구
20130018070,1,1,1,동해명주,식품제조가공업(주류),경상북도,경상북도 포항시
20130018071,6,6,6,롯데칠성음료㈜경산공장,식품제조가공업(주류),경상북도,경상북도 경산시
20130018158,4,4,4,주식회사 금복주,식품제조가공업(주류),대구광역시,대구광역시 달서구
20130018179,2,1,1,풍국주정공업㈜,식품제조가공업(주류),대구광역시,대구광역시 달서구
20130019015,2,1,1,㈜창해에탄올,식품제조가공업(주류),전북특별자치도,전북특별자치도 전주시
20130019016,1,1,1,㈜한라산,식품제조가공업(주류),제주특별자치도,제주특별자치도 제주시
20130019150,7,7,7,보해양조(주)장성공장,식품제조가공업(주류),전남광주통합특별시,전남광주통합특별시 장성군
20130019173,1,1,1,유한회사 에이스원 푸드,식품제조가공업(주류),전남광주통합특별시,전남광주통합특별시 순천시
20130019174,1,1,1,샤또무주,식품제조가공업(주류),전북특별자치도,전북특별자치도 무주군
20130019176,1,1,1,서안주정㈜,식품제조가공업(주류),전북특별자치도,전북특별자치도 군산시
20130019177,1,1,1,서영주정㈜,식품제조가공업(주류),전북특별자치도,전북특별자치도 군산시
20130019216,1,1,1,오비맥주㈜광주공장,식품제조가공업(주류),전남광주통합특별시,전남광주통합특별시 북구
20130019225,1,1,1,월야주조장,식품제조가공업(주류),전남광주통합특별시,전남광주통합특별시 함평군
20130019255,1,1,1,주식회사 제주막걸리,식품제조가공업(주류),제주특별자치도,제주특별자치도 제주시
20130019256,3,3,2,오비맥주(주) 제주공장,식품제조가공업(주류),제주특별자치도,제주특별자치도 제주시
20130019272,1,1,1,촌사람영농조합법인,식품제조가공업(주류),전북특별자치도,전북특별자치도 남원시
20130019281,1,1,1,하이트진로(주)익산공장,식품제조가공업(주류),전북특별자치도,전북특별자치도 익산시
20130019282,3,3,3,하이트진로㈜ 전주공장,식품제조가공업(주류),전북특별자치도,전북특별자치도 완주군
20130020034,3,3,3,㈜선양소주,식품제조가공업(주류),대전광역시,대전광역시 서구
20130020038,4,4,4,㈜충북소주,식품제조가공업(주류),충청북도,충청북도 청주시
20130020144,1,1,1,불휘농장,식품제조가공업(주류),충청북도,충청북도 영동군
20130020157,2,2,2,삼화양조장,식품제조가공업(주류),충청남도,충청남도 서천군
20130020164,2,2,2,서울장수주식회사,식품제조가공업(주류),충청북도,충청북도 진천군
20130020207,1,1,1,오비맥주 주식회사 청주 공장,식품제조가공업(주류),충청북도,충청북도 청주시
20130020247,1,1,1,종천 주조장,식품제조가공업(주류),충청남도,충청남도 서천군
20130020291,5,5,5,하이트진로㈜ 청주공장,식품제조가공업(주류),충청북도,충청북도 청주시
20130029464,1,1,1,우석이네,식품제조가공업,서울특별시,서울특별시 중구
20130033455,2,1,1,(주)씨엔더블유,식품제조가공업,서울특별시,서울특별시 용산구
20130036185,2,2,2,(주)베어베터,식품제조가공업,서울특별시,서울특별시 성동구
20130039844,3,1,1,주식회사 커피마켓어스,식품제조가공업,서울특별시,서울특별시 광진구
20130046721,4,2,2,(주)위드바이오코스팜,식품제조가공업,서울특별시,서울특별시 중랑구
20130050691,4,4,2,주식회사 가배도 정릉지점,식품제조가공업,서울특별시,서울특별시 성북구
20130053338,2,2,2,박선자김치간장게장,식품제조가공업,서울특별시,서울특별시 강북구
20130063495,8,4,3,(주)국민푸드,식품제조가공업,서울특별시,서울특별시 은평구
20130063789,2,2,2,피터스 팩토리,식품제조가공업,서울특별시,서울특별시 은평구
20130066702,2,2,2,설고,식품제조가공업,서울특별시,서울특별시 서대문구
20130069024,2,2,2,리위쿠키,식품제조가공업,서울특별시,서울특별시 마포구
20130070100,2,1,1,(주)지앤비후르츠,식품제조가공업,서울특별시,서울특별시 용산구
20130073349,1,1,1,(주)쥬비스푸드,식품소분업,서울특별시,서울특별시 양천구
20130076497,2,1,1,주식회사 큐슈식품연구소,식품제조가공업,서울특별시,서울특별시 강서구
20130076996,1,1,1,민속식품,식품제조가공업,서울특별시,서울특별시 강서구
20130080027,4,2,2,한양전통식품 주식회사,식품제조가공업,경기도,경기도 김포시
20130080593,1,1,1,하나에스티엔,식품제조가공업,서울특별시,서울특별시 구로구
20130084211,4,2,2,(주)다좋은푸드,식품제조가공업,서울특별시,서울특별시 금천구
20130084345,1,1,1,보스톤홀딩스(주),식품제조가공업,서울특별시,서울특별시 금천구
20130086212,6,3,3,(주)쓰리비네트웍스,식품제조가공업,인천광역시,인천광역시 남동구
20130086868,2,1,1,트렌디저트 주식회사,식품제조가공업,서울특별시,서울특별시 금천구
20130086899,1,1,1,(주)제이앤엘식품,식품제조가공업,서울특별시,서울특별시 영등포구
20130094803,3,3,3,착한김치.하나식품,식품제조가공업,서울특별시,서울특별시 관악구
20130105860,12,3,3,쿠엔즈버킷,식품제조가공업,서울특별시,서울특별시 강남구
20130107408,4,2,2,몬쉘코리아,식품제조가공업,서울특별시,서울특별시 성동구
20130115084,2,1,1,(주)씨뇨르방,식품제조가공업,경상남도,경상남도 사천시
20130120041,1,1,1,주식회사 예당절병,식품제조가공업,서울특별시,서울특별시 강동구
20130128263,5,5,4,(주)대풍수산식품,식품제조가공업,부산광역시,부산광역시 서구
20130130087,2,1,1,더 소스 코리아,식품제조가공업,부산광역시,부산광역시 영도구
20130134023,1,1,1,새미푸드,식품제조가공업,부산광역시,부산광역시 동래구
20130134474,1,1,1,푸자,식품제조가공업,부산광역시,부산광역시 동래구
20130137239,6,6,6,(주)겐츠 베이커리,식품제조가공업,부산광역시,부산광역시 남구
20130141135,3,3,2,(주)세림글로벌,식품제조가공업,부산광역시,부산광역시 해운대구
20130141524,2,1,1,해림푸드시스템,식품제조가공업,부산광역시,부산광역시 해운대구
20130141971,2,1,1,(주)콩볶는 사람들,식품제조가공업,부산광역시,부산광역시 기장군
20130144046,5,5,3,주식회사 합리적인푸드,식품제조가공업,부산광역시,부산광역시 사하구
20130144107,3,3,3,라이온제과,식품제조가공업,부산광역시,부산광역시 사하구
20130144179,3,3,3,제이씨푸드,식품제조가공업,부산광역시,부산광역시 사하구
20130144356,2,2,2,백암수산(주),식품제조가공업,부산광역시,부산광역시 사하구
20130144432,2,1,1,방울아이증편전문점,식품제조가공업,부산광역시,부산광역시 사상구
20130144449,1,1,1,한양식품주식회사,식품제조가공업,부산광역시,부산광역시 사하구
20130144450,6,3,3,세연하이브,식품제조가공업,부산광역시,부산광역시 사하구
20130144474,2,2,2,(주)계영수산,식품제조가공업,부산광역시,부산광역시 사하구
20130149139,2,2,2,(주)미성물산,식품제조가공업,부산광역시,부산광역시 강서구
20130149281,1,1,1,엘에스지스카이셰프코리아(주)부산사업소,식품제조가공업,부산광역시,부산광역시 강서구
20130152289,8,4,4,(주)명품정항우케익,식품제조가공업,부산광역시,부산광역시 수영구
20130154182,1,1,1,주식회사 씨오피,식품제조가공업,부산광역시,부산광역시 사상구
20130154311,1,1,1,(주)로띠번코리아,식품제조가공업,부산광역시,부산광역시 사상구
20130156224,3,3,3,주식회사 해담푸드,식품제조가공업,부산광역시,부산광역시 기장군
20130156321,1,1,1,선미식품,식품제조가공업,부산광역시,부산광역시 기장군
20130156386,3,3,3,엠에스글로벌바이오 주식회사,식품제조가공업,부산광역시,부산광역시 기장군
20130160566,2,2,2,(주)청우에프엔씨,식품제조가공업,대구광역시,대구광역시 동구
20130160629,2,2,2,(주)백두에프앤에스,식품제조가공업,대구광역시,대구광역시 동구
20130160689,1,1,1,해광식품,식품제조가공업,대구광역시,대구광역시 동구
20130163003,2,1,1,(주)기단식품,식품제조가공업,경상북도,경상북도 칠곡군
20130166239,2,1,1,KC맛있는푸드,식품제조가공업,대구광역시,대구광역시 남구
20130168069,3,3,3,참식품,식품제조가공업,대구광역시,대구광역시 북구
20130168832,1,1,1,남문식품 2공장,식품제조가공업,대구광역시,대구광역시 북구
20130168889,1,1,1,(주)혜성제과,식품제조가공업,대구광역시,대구광역시 북구
20130174347,2,2,2,숲중증장애인다수고용사업장,식품제조가공업,대구광역시,대구광역시 수성구
20130174451,15,5,4,(주)아우노(auno),식품제조가공업,대구광역시,대구광역시 달서구
20130174714,3,3,3,(주)바르미,식품제조가공업,대구광역시,대구광역시 수성구
20130181305,3,3,3,(주)그루나무,식품제조가공업,대구광역시,대구광역시 달서구
20130181371,4,2,2,(주)마늘향기,식품제조가공업,경기도,경기도 김포시
20130188003,2,2,2,(주)누룽지스토리,식품제조가공업,대구광역시,대구광역시 달성군
20130188080,12,6,5,농업회사법인 맑을청웰빙 주식회사,식품제조가공업,경상북도,경상북도 구미시
20130188129,1,1,1,주식회사 현우푸드 맛깔찬,식품제조가공업,대구광역시,대구광역시 달성군
20130192014,2,2,2,주식회사 한성푸드시스템,식품제조가공업,인천광역시,인천광역시 제물포구
20130192068,8,4,2,힘찬푸드,식품제조가공업,인천광역시,인천광역시 남동구
20130193238,1,1,1,비전엔보호작업장,식품제조가공업,인천광역시,인천광역시 미추홀구
20130193696,2,2,2,신현식품,식품제조가공업,인천광역시,인천광역시 미추홀구
20130197025,4,2,2,두레방아협동조합,식품제조가공업,인천광역시,인천광역시 연수구
20130197287,2,1,1,주식회사 유라가,식품제조가공업,인천광역시,인천광역시 연수구
20130197516,8,4,4,(주)유니온F&C,식품제조가공업,인천광역시,인천광역시 연수구
20130199157,1,1,1,(주)조은푸드,식품제조가공업,인천광역시,인천광역시 남동구
20130199274,2,1,1,(주)지엔인터내셔널,식품제조가공업,인천광역시,인천광역시 남동구
20130199552,1,1,1,주식회사 그린식품,식품제조가공업,인천광역시,인천광역시 남동구
20130199742,1,1,1,(주)리치코리아,식품제조가공업,인천광역시,인천광역시 남동구
20130199811,3,3,2,모위코리아(주),식품제조가공업,인천광역시,인천광역시 남동구
20130200300,3,3,3,(주)미소에프엔비,식품제조가공업,인천광역시,인천광역시 남동구
20130200306,4,2,2,(주)남도,식품제조가공업,인천광역시,인천광역시 서해구
20130200310,4,4,2,(주)해다올,식품제조가공업,인천광역시,인천광역시 남동구
20130202103,2,2,2,우리제면소,식품제조가공업,인천광역시,인천광역시 부평구
20130202343,1,1,1,주식회사 두영에프앤디,식품제조가공업,인천광역시,인천광역시 부평구
20130202403,2,2,2,오늘은 푸드,식품제조가공업,인천광역시,인천광역시 부평구
20130205140,2,2,2,(주)초원,식품제조가공업,인천광역시,인천광역시 계양구
20130205179,2,2,2,(주)경인푸드,식품제조가공업,인천광역시,인천광역시 계양구
20130205397,2,2,2,(주)누리푸드,식품제조가공업,인천광역시,인천광역시 계양구
20130205623,2,2,2,(주)나우식품,식품제조가공업,인천광역시,인천광역시 계양구
20130208050,1,1,1,(주)제이엔씨푸드,식품제조가공업,인천광역시,인천광역시 서해구
20130208341,1,1,1,옥천식품,식품제조가공업,인천광역시,인천광역시 서해구
20130208671,4,4,2,(주)태강씨푸드,식품제조가공업,인천광역시,인천광역시 서해구
20130208723,1,1,1,(주)온맘푸드,식품제조가공업,인천광역시,인천광역시 서해구
20130208825,2,2,2,주식회사 아라푸드식품,식품제조가공업,인천광역시,인천광역시 서해구
20130208866,6,6,6,(주)반찬단지,식품제조가공업,인천광역시,인천광역시 서해구
20130208905,4,2,2,주식회사 대서양푸드,식품제조가공업,인천광역시,인천광역시 제물포구
20130211031,2,2,2,나래식품농장,식품제조가공업,인천광역시,인천광역시 강화군
20130211155,1,1,1,인삼사랑,식품제조가공업,인천광역시,인천광역시 강화군
20130214130,2,1,1,(주)농업회사법인아산팜화순지점,식품제조가공업,전남광주통합특별시,전남광주통합특별시 화순군
20130216046,4,2,2,(주)빛고을루시아전통식품∥,식품제조가공업,전남광주통합특별시,전남광주통합특별시 서구
20130221270,9,3,3,(주)프롬네이처,식품제조가공업,전남광주통합특별시,전남광주통합특별시 광산구
20130221414,1,1,1,(주)동아엠에스푸드,식품제조가공업,전남광주통합특별시,전남광주통합특별시 북구
20130221503,4,2,2,CH푸드,식품제조가공업,전남광주통합특별시,전남광주통합특별시 광산구
20130221557,2,1,1,까띠끌레융바이오,식품제조가공업,전남광주통합특별시,전남광주통합특별시 장성군
20130221575,3,3,3,(주)중원명가유통,식품제조가공업,전남광주통합특별시,전남광주통합특별시 북구
20130221776,3,3,3,(주)채자연,식품제조가공업,전남광주통합특별시,전남광주통합특별시 북구
20130221908,3,3,3,찬들식품,식품제조가공업,전남광주통합특별시,전남광주통합특별시 북구
20130227084,8,4,4,(주)새벽(1공장),식품제조가공업,전남광주통합특별시,전남광주통합특별시 광산구
20130227411,1,1,1,농업회사법인(주)야생앤더비,식품소분업,전남광주통합특별시,전남광주통합특별시 광산구
20130227674,1,1,1,하남식품,식품제조가공업,전남광주통합특별시,전남광주통합특별시 광산구
20130231127,2,2,2,판암장애인보호작업장,식품제조가공업,대전광역시,대전광역시 동구
20130233519,2,2,2,햇잎푸드주식회사,식품제조가공업,대전광역시,대전광역시 중구
20130236754,2,2,2,우명동참기름마을 영농조합법인,식품제조가공업,대전광역시,대전광역시 서구
20130236872,1,1,1,이가농산,식품제조가공업,대전광역시,대전광역시 서구
20130240400,1,1,1,구즉여울묵영농조합법인,식품제조가공업,대전광역시,대전광역시 유성구
20130240743,4,2,2,주식회사 그린브라우니,식품제조가공업,대전광역시,대전광역시 대덕구
20130242284,2,1,1,(주)밀토리,식품제조가공업,대전광역시,대전광역시 대덕구
20130242360,1,1,1,거성왕순대,식품제조가공업,대전광역시,대전광역시 대덕구
20130255034,1,1,1,CnS푸드,식품제조가공업,울산광역시,울산광역시 울주군
20130255392,1,1,1,인보바이오텍,식품제조가공업,울산광역시,울산광역시 울주군
20130255439,4,4,4,주식회사 해도지에프앤비,식품제조가공업,울산광역시,울산광역시 울주군
20130257382,1,1,1,주식회사 중리푸드,식품제조가공업,세종특별자치시,세종특별자치시
20130263001,4,4,4,빌카 주식회사,식품제조가공업,경기도,경기도 수원시
20130263411,2,1,1,열도식품,식품제조가공업,경기도,경기도 수원시
20130263460,2,2,2,수원시니어클럽,식품제조가공업,경기도,경기도 수원시
20130263690,4,2,1,흑마유한회사,식품제조가공업,경기도,경기도 화성시
20130263699,2,2,2,농업회사법인 경기지식품 주식회사,식품제조가공업,경기도,경기도 수원시
20130275004,2,2,2,청해푸드,식품제조가공업,경기도,경기도 성남시
20130275006,2,2,2,(주)신선해,식품제조가공업,경기도,경기도 성남시
20130275021,4,4,2,대한씨푸드(주),식품제조가공업,경기도,경기도 성남시
20130275031,1,1,1,농업회사법인(주)하이안,식품제조가공업,경기도,경기도 성남시
20130275033,2,2,2,(주)타마루에스엠에스,식품제조가공업,경기도,경기도 성남시
20130275039,1,1,1,사랑 on,식품제조가공업,경기도,경기도 성남시
20130275057,1,1,1,장복용과자공방,식품제조가공업,경기도,경기도 성남시
20130275074,20,10,10,(주)에프비신영,식품제조가공업,강원특별자치도,강원특별자치도 횡성군
20130275075,2,2,2,주식회사 세림향료,식품제조가공업,경기도,경기도 성남시
20130275130,1,1,1,정의식품,식품제조가공업,경기도,경기도 성남시
20130275133,2,2,2,(주)발리푸드,식품제조가공업,경기도,경기도 성남시
20130275158,2,1,1,핫브레드(Hot Bread),식품제조가공업,경기도,경기도 성남시
20130275165,2,2,2,씨앤디 베이커리(C&D Bakery),식품제조가공업,경기도,경기도 성남시
20130275194,13,13,13,(주)파리크라상성남제5공장,식품제조가공업,경기도,경기도 성남시
20130275231,3,1,1,(주)티타임,식품제조가공업,경기도,경기도 성남시
20130275273,2,2,2,(주)한소반,식품제조가공업,경기도,경기도 성남시
20130275277,2,2,2,(주)코엔바이오,식품제조가공업,경기도,경기도 성남시
20130275293,1,1,1,세현F&M,식품제조가공업,경기도,경기도 성남시
20130275294,1,1,1,노리타,식품제조가공업,경기도,경기도 성남시
20130275309,9,5,5,주식회사 황초원,식품제조가공업,경기도,경기도 성남시
20130285121,2,1,1,주식회사 소담에프앤비,식품제조가공업,경기도,경기도 의정부시
20130285733,1,1,1,지티카페,식품제조가공업,경기도,경기도 의정부시
20130285886,2,2,2,해솔협동조합,식품제조가공업,경기도,경기도 의정부시
20130288165,1,1,1,농업회사법인(주)율성맑은아침,식품소분업,경기도,경기도 안양시
20130294035,2,2,2,(주)대정수산,식품제조가공업,경기도,경기도 부천시
20130294036,2,2,2,(주)마음들,식품제조가공업,경기도,경기도 부천시
20130294074,2,1,1,한양푸드,식품제조가공업,경기도,경기도 연천군
20130294255,1,1,1,(주)스테프코리아,식품제조가공업,경기도,경기도 부천시
20130294558,1,1,1,주식회사글로벌푸드,식품제조가공업,경기도,경기도 부천시
20130294567,2,1,1,(주)훔볼트,식품제조가공업,경기도,경기도 부천시
20130304397,1,1,1,후프후프,식품제조가공업,경기도,경기도 광명시
20130304427,2,2,2,티에이치커피,식품제조가공업,경기도,경기도 광명시
20130308052,7,7,7,라이거통상(주),식품제조가공업,경기도,경기도 평택시
20130308300,2,2,2,채움푸드(주),식품제조가공업,경기도,경기도 평택시
20130309152,1,1,1,일동바이오사이언스(주),식품제조가공업,경기도,경기도 평택시
20130309331,6,3,3,농업회사법인(주)산애들,식품제조가공업,경기도,경기도 평택시
20130310142,3,3,3,주식회사 오래에프씨,식품제조가공업,경기도,경기도 동두천시
20130310155,22,11,11,와이앤제이푸드 주식회사,식품제조가공업,경기도,경기도 포천시
20130311092,2,1,1,(주)씨앤푸드,식품제조가공업,경기도,경기도 안산시
20130311477,4,4,2,다비치푸드,식품제조가공업,경기도,경기도 안산시
20130311478,2,2,2,하명식품,식품제조가공업,경기도,경기도 안산시
20130320437,4,2,2,지푸드,식품제조가공업,경기도,경기도 파주시
20130320495,2,2,2,파란 주식회사,식품제조가공업,경기도,경기도 고양시
20130320496,2,2,2,(주)연희푸드,식품제조가공업,경기도,경기도 고양시
20130320497,2,2,2,장원,식품제조가공업,경기도,경기도 고양시
20130320566,7,7,7,주식회사 카카오파크,식품제조가공업,경기도,경기도 고양시
20130320649,2,2,2,(주)비엘컴퍼니(BL컴퍼니),식품제조가공업,경기도,경기도 고양시
20130320718,6,3,3,(주)한울식품,식품제조가공업,경기도,경기도 고양시
20130320771,2,2,2,(주)에이에프엘푸드,식품제조가공업,경기도,경기도 고양시
20130320772,6,6,4,(주)정인,식품제조가공업,경기도,경기도 고양시
20130320776,5,5,2,(주)해왕푸드,식품제조가공업,경기도,경기도 고양시
20130320834,4,4,2,다솔푸드,식품제조가공업,경기도,경기도 고양시
20130320835,2,2,2,해피,식품제조가공업,경기도,경기도 고양시
20130325075,1,1,1,(주)동원홈푸드 국립암센터 환자식당,위탁급식영업,경기도,경기도 고양시
20130330233,3,3,1,궁궐김치,식품제조가공업,경기도,경기도 구리시
20130330241,1,1,1,주식회사 디엔비푸드,식품제조가공업,경기도,경기도 구리시
20130332053,2,1,1,주)지엠앤,식품제조가공업,경기도,경기도 포천시
20130332107,1,1,1,주) 지앤아이,식품제조가공업,경기도,경기도 남양주시
20130332177,3,3,3,행복미소(주),식품제조가공업,경기도,경기도 남양주시
20130332187,1,1,1,(주)연우,식품제조가공업,경기도,경기도 남양주시
20130332261,2,2,2,초계유천푸드,식품제조가공업,경기도,경기도 남양주시
20130332583,2,2,2,오색소반김치경기동부지사,식품소분업,경기도,경기도 남양주시
20130332638,1,1,1,지민푸드시스템,식품제조가공업,경기도,경기도 남양주시
20130332645,1,1,1,농업회사법인 맛사랑인정식품(주),식품제조가공업,경기도,경기도 남양주시
20130333258,2,2,1,(주)코원 인터내셔널,식품제조가공업,경기도,경기도 남양주시
20130333288,1,1,1,(주)맑은농산 (신공장),식품제조가공업,경기도,경기도 남양주시
20130333299,2,2,2,(주)달그래,식품제조가공업,경기도,경기도 남양주시
20130336026,1,1,1,조은식품,식품제조가공업,경기도,경기도 오산시
20130336230,4,2,1,한누리식품,식품제조가공업,경기도,경기도 평택시
20130338231,8,4,4,예길식품주식회사,식품제조가공업,경기도,경기도 시흥시
20130338339,4,2,2,원일상사,식품제조가공업,인천광역시,인천광역시 서해구
20130338379,2,2,2,골드식품,식품제조가공업,경기도,경기도 시흥시
20130338381,24,8,5,주식회사이호푸드,식품제조가공업,경기도,경기도 시흥시
20130342093,4,4,4,농업회사법인 자연이주식회사,식품제조가공업,경기도,경기도 군포시
20130345004,1,1,1,골드물산,식품제조가공업,경기도,경기도 하남시
20130345025,1,1,1,(주)푸른바다,식품제조가공업,경기도,경기도 하남시
20130345027,2,2,2,디에스에프에스(FS),식품제조가공업,경기도,경기도 하남시
20130345029,2,2,2,동우유통,식품제조가공업,경기도,경기도 하남시
20130345056,3,3,3,나리푸드,식품제조가공업,경기도,경기도 하남시
20130345107,2,2,2,주식회사 시헌,식품제조가공업,경기도,경기도 하남시
20130345119,1,1,1,피딜,식품소분업,경기도,경기도 하남시
20130345125,8,8,8,주식회사 컵풀,식품제조가공업,경기도,경기도 하남시
20130345127,2,2,2,(주)디엔에스,식품제조가공업,경기도,경기도 하남시
20130345128,2,2,2,해마수산,식품제조가공업,경기도,경기도 하남시
20130345140,1,1,1,엘케이푸드시스템 주식회사,식품제조가공업,경기도,경기도 하남시
20130345174,1,1,1,(유)해성푸드,식품제조가공업,경기도,경기도 하남시
20130345191,2,2,2,디오푸드,식품제조가공업,경기도,경기도 하남시
20130345242,3,3,3,(주)후레쉬올,식품제조가공업,경기도,경기도 하남시
20130345279,2,2,2,엄지식품,식품제조가공업,경기도,경기도 하남시
20130347028,2,2,2,예진비앤지(주),식품제조가공업,경기도,경기도 용인시
20130347042,4,4,3,(주)천하코퍼레이션 용인공장,식품제조가공업,경기도,경기도 용인시
20130347071,1,1,1,뉴욕치즈케익팩토리,식품제조가공업,경기도,경기도 용인시
20130347076,27,9,8,(주)휴먼나이즈,식품제조가공업,경기도,경기도 용인시
20130347089,2,2,2,(주)태평양수산,식품제조가공업,경기도,경기도 용인시
20130347092,6,6,6,(주)이음푸드시스템 가동,식품제조가공업,경기도,경기도 용인시
20130347123,2,2,2,대성푸드,식품제조가공업,경기도,경기도 용인시
20130347126,2,2,2,서우푸드,식품제조가공업,경기도,경기도 용인시
20130347154,2,2,2,주호식품,식품제조가공업,경기도,경기도 용인시
20130347170,3,3,3,(주)가비푸드,식품제조가공업,경기도,경기도 용인시
20130347176,2,2,1,맘스토리 주식회사,식품제조가공업,경기도,경기도 용인시
20130347178,3,3,3,(주)면누리,식품제조가공업,경기도,경기도 용인시
20130347203,2,2,2,주식회사 아루카,식품제조가공업,경기도,경기도 용인시
20130348516,1,1,1,삼성웰스토리(주)창조관,위탁급식영업,경기도,경기도 용인시
20130355300,2,2,2,(주)더베이커리랩 제2공장,식품제조가공업,경기도,경기도 파주시
20130355389,4,4,4,은혜유통,식품제조가공업,경기도,경기도 파주시
20130355393,2,2,2,주안푸드,식품제조가공업,경기도,경기도 파주시
20130355421,1,1,1,(주)커피리브레 지점,식품제조가공업,경기도,경기도 파주시
20130355585,1,1,1,베리트팜영농조합법인,식품소분업,경기도,경기도 파주시
20130355602,4,4,2,김앤장푸드,식품제조가공업,경기도,경기도 파주시
20130355603,2,2,2,해맑은수산,식품제조가공업,경기도,경기도 파주시
20130355650,2,2,2,동해식품(주),식품제조가공업,경기도,경기도 파주시
20130355671,3,3,3,(주)술이홀제과,식품제조가공업,경기도,경기도 파주시
20130355718,1,1,1,(주)블랙와인커피,식품제조가공업,경기도,경기도 파주시
20130355812,2,2,2,해몽,식품제조가공업,경기도,경기도 파주시
20130355837,2,2,2,(주)후게츠코리아 파주공장,식품제조가공업,경기도,경기도 파주시
20130358031,1,1,1,(주)일광에프앤에스,식품소분업,경기도,경기도 이천시
20130358034,7,7,5,(주)일광에프앤에스,식품제조가공업,경기도,경기도 이천시
20130358208,16,16,15,주식회사 수내츄럴,식품제조가공업,경기도,경기도 이천시
20130358242,10,10,9,주식회사 이수바이오,식품제조가공업,경기도,경기도 이천시
20130358505,1,1,1,농업회사법인 우리들식품(주),식품제조가공업,경기도,경기도 이천시
20130360238,1,1,1,(주)푸드월드네트워크,식품제조가공업,경기도,경기도 안성시
20130360241,1,1,1,농협안성농식품물류센터,집단급식소 식품판매업,경기도,경기도 안성시
20130360260,2,2,1,고은푸드,식품제조가공업,경기도,경기도 안성시
20130360321,1,1,1,(주)골든피쉬,식품제조가공업,경기도,경기도 안성시
20130360392,1,1,1,(주)지피코 2공장,식품제조가공업,경기도,경기도 안성시
20130360453,1,1,1,안성상휴게소(안성온반 안성돈카츠),일반음식점,경기도,경기도 안성시
20130362117,2,1,1,사군자푸드,식품제조가공업,경기도,경기도 파주시
20130362125,4,2,2,신우에프엠,식품제조가공업,경기도,경기도 김포시
20130362151,1,1,1,경기김포지역자활센터 미소진떡,식품제조가공업,경기도,경기도 김포시
20130362215,22,11,8,고래미 주식회사,식품제조가공업,경기도,경기도 파주시
20130362297,1,1,1,보미 F&C,식품제조가공업,경기도,경기도 김포시
20130362521,1,1,1,주식회사 용천,식품제조가공업,경기도,경기도 김포시
20130362524,4,4,3,(주)엠앤엠씨,식품제조가공업,경기도,경기도 김포시
20130362562,1,1,1,오부자식품,식품제조가공업,경기도,경기도 김포시
20130364107,4,4,4,농업회사법인주식회사김치데이,식품제조가공업,경기도,경기도 화성시
20130364336,2,2,2,성준푸드,식품제조가공업,경기도,경기도 화성시
20130364337,2,2,2,(주)인하푸드,식품제조가공업,경기도,경기도 화성시
20130364683,2,2,2,주식회사 유림푸드,식품제조가공업,경기도,경기도 화성시
20130364693,2,2,2,(주)씨케이케이,식품제조가공업,경기도,경기도 화성시
20130365144,6,6,4,행복한밥상 협동조합,식품제조가공업,경기도,경기도 화성시
20130368090,1,1,1,넛츠팜(주),식품제조가공업,경기도,경기도 광주시
20130368199,2,1,1,주식회사 커피앤두,식품제조가공업,경기도,경기도 광주시
20130368220,1,1,1,주식회사 케이알푸드스,식품제조가공업,경기도,경기도 광주시
20130368264,4,4,4,주식회사 태웅푸드,식품제조가공업,경기도,경기도 광주시
20130368345,2,2,1,(주)장원상사,식품제조가공업,경기도,경기도 광주시
20130368349,60,15,15,(주)소울네이처푸드,식품제조가공업,경기도,경기도 광주시
20130368375,2,2,2,대왕푸드,식품제조가공업,경기도,경기도 광주시
20130368376,2,2,2,주식회사 서희에프앤비,식품제조가공업,경기도,경기도 광주시
20130368380,1,1,1,(주)강스푸드,식품제조가공업,경기도,경기도 광주시
20130368394,1,1,1,에스엠푸드코리아(주),식품제조가공업,경기도,경기도 광주시
20130368395,5,5,4,(주)알뜰,식품제조가공업,경기도,경기도 광주시
20130368454,1,1,1,주식회사 와이앤킴,식품제조가공업,경기도,경기도 광주시
20130368482,2,2,2,(주)프로엠,식품제조가공업,경기도,경기도 광주시
20130368575,1,1,1,곰살어묵,식품제조가공업,경기도,경기도 광주시
20130368588,6,6,6,(주)드림엘푸드,식품제조가공업,경기도,경기도 광주시
20130368598,1,1,1,(주)석정,식품제조가공업,경기도,경기도 광주시
20130368599,4,4,4,해밀(주),식품제조가공업,경기도,경기도 광주시
20130370018,2,2,2,농업회사법인한만두식품 주식회사,식품제조가공업,경기도,경기도 양주시
20130370134,3,3,3,(주)선정원푸드시스템,식품제조가공업,경기도,경기도 양주시
20130370291,1,1,1,(주)식예원,식품제조가공업,경기도,경기도 양주시
20130370398,1,1,1,올레 주식회사,식품제조가공업,경기도,경기도 양주시
20130372133,1,1,1,어담,식품제조가공업,경기도,경기도 포천시
20130372219,1,1,1,(주)성승바이오,식품제조가공업,경기도,경기도 포천시
20130372275,1,1,1,(주)햇살푸드시스템,식품제조가공업,경기도,경기도 포천시
20130372353,3,3,3,해들찬식품,식품제조가공업,경기도,경기도 포천시
20130372355,2,2,2,포천시장애인보호작업장,식품제조가공업,경기도,경기도 포천시
20130372378,3,3,3,녹차원 주식회사,식품제조가공업,경기도,경기도 포천시
20130372440,2,2,2,양심건강푸드,식품제조가공업,경기도,경기도 포천시
20130375004,1,1,1,(주)월송농산,식품제조가공업,경기도,경기도 여주시
20130375094,1,1,1,농업회사법인(주)푸르원,식품소분업,경기도,경기도 여주시
20130375104,1,1,1,여주(강릉)휴게소[여주미가],일반음식점,경기도,경기도 여주시
20130375105,1,1,1,여주(강릉)휴게소[천서리막국수&],일반음식점,경기도,경기도 여주시
20130375106,1,1,1,여주(강릉방향)휴게소,일반음식점,경기도,경기도 여주시
20130375174,2,2,2,농업회사법인경성,식품제조가공업,경기도,경기도 여주시
20130376075,1,1,1,농업회사법인(주)해피트리,식품제조가공업,경기도,경기도 연천군
20130377121,1,1,1,가평특선주 영농조합법인,식품제조가공업,경기도,경기도 가평군
20130380065,2,1,1,스윗드림,식품제조가공업,강원특별자치도,강원특별자치도 원주시
20130380274,2,2,1,스마트팜나인 영농조합법인,식품제조가공업,강원특별자치도,강원특별자치도 춘천시
20130383044,2,1,1,주식회사은민,식품제조가공업,강원특별자치도,강원특별자치도 원주시
20130383538,2,2,2,농업회사법인(주)서원당,식품제조가공업,강원특별자치도,강원특별자치도 원주시
20130392014,4,4,4,(주)동표,식품제조가공업,강원특별자치도,강원특별자치도 속초시
20130392172,6,3,3,(주)매홍엘앤에프,식품제조가공업,강원특별자치도,강원특별자치도 속초시
20130392284,1,1,1,연화T&F,식품제조가공업,강원특별자치도,강원특별자치도 속초시
20130392354,6,6,6,나래건어식품,식품제조가공업,강원특별자치도,강원특별자치도 속초시
20130394028,1,1,1,(주)해동상사홍천지점보드레식품,식품제조가공업,강원특별자치도,강원특별자치도 홍천군
20130394094,1,1,1,홍천순옥한과,식품제조가공업,강원특별자치도,강원특별자치도 홍천군
20130394192,2,2,2,괘석영농조합법인,식품제조가공업,강원특별자치도,강원특별자치도 홍천군
20130394198,3,3,3,홍천팜스영농조합법인2공장,식품제조가공업,강원특별자치도,강원특별자치도 홍천군
20130394199,12,12,10,주식회사다원F&B,식품제조가공업,강원특별자치도,강원특별자치도 홍천군
20130394201,2,2,2,신희종합식품주식회사,식품제조가공업,강원특별자치도,강원특별자치도 홍천군
20130394202,2,2,1,뫼내뜰영농조합법인식품2공장,식품제조가공업,강원특별자치도,강원특별자치도 홍천군
20130395035,1,1,1,농업회사법인 청태산농장 주식회사,식품제조가공업,강원특별자치도,강원특별자치도 횡성군
20130395106,1,1,1,온새미 영농법인,식품제조가공업,강원특별자치도,강원특별자치도 횡성군
20130395120,2,2,2,옛날안흥찐빵,식품제조가공업,강원특별자치도,강원특별자치도 횡성군
20130396054,1,1,1,알리움영농조합법인,식품제조가공업,강원특별자치도,강원특별자치도 영월군
20130397024,1,1,1,강원감자농협조합공동사업법인,식품제조가공업,강원특별자치도,강원특별자치도 평창군
20130397037,10,10,7,구수담 영농조합법인,식품제조가공업,강원특별자치도,강원특별자치도 평창군
20130400001,2,2,2,화천쌀가공협회,식품제조가공업,강원특별자치도,강원특별자치도 화천군
20130401032,2,2,2,어울찬,식품제조가공업,강원특별자치도,강원특별자치도 양구군
20130403006,1,1,1,농업회사법인 내몸애(주),식품제조가공업,강원특별자치도,강원특별자치도 고성군
20130403023,1,1,1,재경상사,식품제조가공업,강원특별자치도,강원특별자치도 고성군
20130403079,10,5,4,디스이즈 주식회사,식품제조가공업,강원특별자치도,강원특별자치도 양양군
20130403083,4,4,2,지우컴퍼니,식품제조가공업,강원특별자치도,강원특별자치도 고성군
20130415003,1,1,1,제이에이치에프엔비(JH F&B),식품제조가공업,충청북도,충청북도 청주시
20130415040,5,5,5,주식회사 정가농산,식품제조가공업,충청북도,충청북도 청주시
20130415052,16,16,15,(주)서흥헬스케어,식품제조가공업,충청북도,충청북도 청주시
20130415070,6,6,6,나누면,식품제조가공업,충청북도,충청북도 청주시
20130415087,1,1,1,대양식품,식품제조가공업,충청북도,충청북도 청주시
20130415094,2,2,2,소니가F&B,식품제조가공업,충청북도,충청북도 청주시
20130415095,2,2,2,(주)연화,식품제조가공업,충청북도,충청북도 청주시
20130415098,5,5,5,농업회사법인(주)하늘뜰,식품제조가공업,충청북도,충청북도 청주시
20130433011,2,2,2,(주)케이지씨예본,식품제조가공업,충청북도,충청북도 충주시
20130433102,2,2,2,(주)코주부비앤에프,식품제조가공업,충청북도,충청북도 충주시
20130433337,10,5,3,농업회사법인참우리주식회사,식품제조가공업,충청북도,충청북도 충주시
20130433338,1,1,1,농업회사법인(주)올빛,식품제조가공업,충청북도,충청북도 충주시
20130433417,3,3,3,(주)프레쥬퀸,식품제조가공업,충청북도,충청북도 충주시
20130433482,2,2,2,금봉산농원,식품제조가공업,충청북도,충청북도 충주시
20130435250,4,4,4,엘에프푸드제천 주식회사,식품제조가공업,충청북도,충청북도 제천시
20130435282,1,1,1,늘푸른농산,식품제조가공업,충청북도,충청북도 제천시
20130439011,2,2,2,(주)돋움,식품제조가공업,충청북도,충청북도 보은군
20130440060,4,4,4,주식회사 우리아이,식품제조가공업,충청북도,충청북도 옥천군
20130443023,1,1,1,(주)제이에스그린푸드,식품제조가공업,충청북도,충청북도 진천군
20130443044,7,7,7,(주)티프렌,식품제조가공업,충청북도,충청북도 진천군
20130443061,7,7,7,(주)에그앤씨드 진천공장,식품제조가공업,충청북도,충청북도 진천군
20130443116,1,1,1,(주)독일에프에스,식품제조가공업,충청북도,충청북도 진천군
20130443168,11,11,10,(주)성보,식품제조가공업,충청북도,충청북도 진천군
20130443188,1,1,1,(주)삼광식품,식품소분업,충청북도,충청북도 진천군
20130443191,2,2,2,(주)다정,식품제조가공업,충청북도,충청북도 진천군
20130443205,8,8,7,(주)그린에프엠,식품제조가공업,충청북도,충청북도 진천군
20130444023,1,1,1,장연 영농조합법인,식품제조가공업,충청북도,충청북도 괴산군
20130444053,1,1,1,깨가쏟아지는마을 영농조합법인,식품제조가공업,충청북도,충청북도 괴산군
20130444061,1,1,1,대보유통(주)괴산(마산방향)휴게소(서울식당),일반음식점,충청북도,충청북도 괴산군
20130444065,1,1,1,네보름영농조합법인,식품제조가공업,충청북도,충청북도 괴산군
20130445014,1,1,1,씨제이씨푸드 주식회사,식품제조가공업,충청북도,충청북도 음성군
20130445054,13,13,13,(주)에스디생명공학 건강식품사업부문,식품제조가공업,충청북도,충청북도 음성군
20130445116,7,7,6,(주)선명농수산 대소지점,식품제조가공업,충청북도,충청북도 음성군
20130445145,1,1,1,(주)바이오시스 금왕(제천)휴게소 우동/라면,일반음식점,충청북도,충청북도 음성군
20130445150,1,1,1,(주)바이오시스 금왕(평택)휴게소 한식/양식,일반음식점,충청북도,충청북도 음성군
20130445179,1,1,1,(주)엔셀,식품제조가공업,충청북도,충청북도 음성군
20130445227,1,1,1,주식회사 달솔,식품제조가공업,충청북도,충청북도 음성군
20130445235,1,1,1,(주)네츄어스베스트푸드,식품제조가공업,충청북도,충청북도 음성군
20130445246,4,4,4,이가식품(주),식품제조가공업,충청북도,충청북도 음성군
20130445253,2,2,2,(주)양덕식품,식품제조가공업,충청북도,충청북도 음성군
20130447024,2,2,2,단양팔경김치,식품제조가공업,충청북도,충청북도 단양군
20130447031,1,1,1,단양아로니아영농조합법인,식품제조가공업,충청북도,충청북도 단양군
20130449002,2,2,2,(주)다인내추럴,식품제조가공업,충청남도,충청남도 천안시
20130449013,3,3,3,주식회사선영푸드,식품제조가공업,충청남도,충청남도 천안시
20130449018,1,1,1,농업회사법인 중앙농산 주식회사,식품제조가공업,충청남도,충청남도 천안시
20130449026,2,2,2,우리식품,식품제조가공업,충청남도,충청남도 천안시
20130456019,7,7,3,주식회사 마루,식품제조가공업,충청남도,충청남도 당진시
20130456049,1,1,1,해나루보호작업장,식품제조가공업,충청남도,충청남도 당진시
20130456342,4,4,2,해나루식품,식품제조가공업,충청남도,충청남도 당진시
20130456475,1,1,1,해나루발효식품,식품제조가공업,충청남도,충청남도 당진시
20130458237,5,5,5,프레시플러스(주)공주제2공장,식품제조가공업,충청남도,충청남도 공주시
20130458257,3,3,3,주식회사해피브릿지공주공장,식품제조가공업,충청남도,충청남도 공주시
20130459018,1,1,1,청진영어조합법인2공장,식품제조가공업,충청남도,충청남도 보령시
20130459061,1,1,1,보령누룽지과자,식품제조가공업,충청남도,충청남도 보령시
20130459081,1,1,1,보령해삼영어조합법인,식품제조가공업,충청남도,충청남도 보령시
20130459094,2,2,1,(주)화란수,식품제조가공업,충청남도,충청남도 보령시
20130459212,2,2,2,보령수산맛김,식품제조가공업,충청남도,충청남도 보령시
20130461118,1,1,1,아산원예농협 학교급식지원센터,집단급식소 식품판매업,충청남도,충청남도 아산시
20130461399,5,5,4,농업회사법인 포에버(주),식품제조가공업,충청남도,충청남도 아산시
20130461628,1,1,1,송악농협식품사업소(제2사업장),식품제조가공업,충청남도,충청남도 아산시
20130464170,2,2,2,(주)종가집젓갈백화점,식품제조가공업,충청남도,충청남도 논산시
20130467003,2,2,2,주식회사 올즙,식품제조가공업,충청남도,충청남도 금산군
20130467032,2,2,2,금산군장애인보호작업장,식품제조가공업,충청남도,충청남도 금산군
20130467045,1,1,1,고려제원삼,식품제조가공업,충청남도,충청남도 금산군
20130467086,2,2,2,삼식농가(주)농업회사법인,식품제조가공업,충청남도,충청남도 금산군
20130467091,3,3,3,(주)더빱,식품제조가공업,충청남도,충청남도 금산군
20130470042,1,1,1,사비팜 영농조합법인,식품제조가공업,충청남도,충청남도 부여군
20130470100,1,1,1,세계식품,식품제조가공업,충청남도,충청남도 부여군
20130471018,2,2,2,어업회사법인 명품김(주),식품제조가공업,충청남도,충청남도 서천군
20130471055,1,1,1,(주)고수록식품,식품제조가공업,충청남도,충청남도 서천군
20130471145,1,1,1,모시촌 협동조합,식품제조가공업,충청남도,충청남도 서천군
20130472014,1,1,1,함지박(주),식품제조가공업,충청남도,충청남도 청양군
20130472025,2,2,2,재단법인 청양군 지역활성화재단,식품제조가공업,충청남도,충청남도 청양군
20130472057,1,1,1,(주) 미녀와 김치,식품제조가공업,충청남도,충청남도 청양군
20130473042,6,6,6,농업회사법인 (주)백제,식품제조가공업,충청남도,충청남도 홍성군
20130473129,1,1,1,(주)김노리,식품제조가공업,충청남도,충청남도 홍성군
20130473273,2,2,2,블루베리농원 해마루,식품제조가공업,충청남도,충청남도 홍성군
20130474077,1,1,1,부림농원,식품제조가공업,충청남도,충청남도 예산군
20130475016,1,1,1,태현보호작업장,식품제조가공업,충청남도,충청남도 태안군
20130475031,4,4,4,바다림영어조합법인,식품제조가공업,충청남도,충청남도 태안군
20130478180,2,1,1,유한회사 빈타이컴퍼니,식품제조가공업,전북특별자치도,전북특별자치도 전주시
20130478523,4,2,2,거제수산,식품제조가공업,전북특별자치도,전북특별자치도 전주시
20130478922,2,1,1,농업회사법인주식회사천년누리,식품제조가공업,전북특별자치도,전북특별자치도 전주시
20130481066,4,2,2,농부맘(전주덕진지역자활센터),식품제조가공업,전북특별자치도,전북특별자치도 전주시
20130481090,4,2,1,나눔마켓 러브레드,식품제조가공업,전북특별자치도,전북특별자치도 전주시
20130481277,7,7,7,농업회사법인(주)디자인농부,식품제조가공업,전북특별자치도,전북특별자치도 전주시
20130481522,2,2,2,주식회사라파프로폴리스,식품제조가공업,전북특별자치도,전북특별자치도 전주시
20130484009,1,1,1,대방영농조합법인,식품제조가공업,전북특별자치도,전북특별자치도 군산시
20130484297,1,1,1,효경물산,식품제조가공업,전북특별자치도,전북특별자치도 군산시
20130484484,1,1,1,빛뜰미담,식품제조가공업,전북특별자치도,전북특별자치도 군산시
20130484641,2,2,2,조은식품,식품제조가공업,전북특별자치도,전북특별자치도 군산시
20130487311,3,3,3,더원 영농조합법인,식품제조가공업,전북특별자치도,전북특별자치도 익산시
20130487441,3,3,3,(유)더고은 매홍푸드,식품제조가공업,전북특별자치도,전북특별자치도 익산시
20130487464,4,4,2,푸른해,식품제조가공업,전북특별자치도,전북특별자치도 익산시
20130490030,2,2,1,(주)디피엔에프,식품제조가공업,전북특별자치도,전북특별자치도 정읍시
20130490051,4,4,4,(주)동원F&B 정읍공장,식품제조가공업,전북특별자치도,전북특별자치도 정읍시
20130490058,2,2,2,민들레뜨락 농업회사법인유한회사,식품제조가공업,전북특별자치도,전북특별자치도 정읍시
20130490156,2,2,1,두승산 콩마을,식품제조가공업,전북특별자치도,전북특별자치도 정읍시
20130490197,3,3,3,정읍새마을금고(MG정읍푸드),식품제조가공업,전북특별자치도,전북특별자치도 정읍시
20130490217,3,3,2,산영영농조합법인,식품제조가공업,전북특별자치도,전북특별자치도 정읍시
20130492137,3,3,3,웰빙팜,식품제조가공업,전북특별자치도,전북특별자치도 남원시
20130493113,1,1,1,영농조합법인 사르밧한과,식품제조가공업,전북특별자치도,전북특별자치도 김제시
20130493127,1,1,1,(주)서주,식품소분업,전북특별자치도,전북특별자치도 김제시
20130494015,2,2,2,구암쌀두부 영농조합법인,식품제조가공업,전북특별자치도,전북특별자치도 완주군
20130494069,6,3,3,케이씨,식품제조가공업,전북특별자치도,전북특별자치도 김제시
20130494112,4,4,4,완주군로컬푸드가공식품생산자협동조합,식품제조가공업,전북특별자치도,전북특별자치도 완주군
20130495046,1,1,1,천우 홍삼원,식품제조가공업,전북특별자치도,전북특별자치도 진안군
20130495055,2,2,2,가재골 진안홍삼,식품제조가공업,전북특별자치도,전북특별자치도 진안군
20130497026,1,1,1,장계농협 첫사랑김치,식품제조가공업,전북특별자치도,전북특별자치도 장수군
20130497033,3,3,3,장수우성식품,식품제조가공업,전북특별자치도,전북특별자치도 장수군
20130498038,3,3,3,농업회사법인(주)그린피아,식품제조가공업,전북특별자치도,전북특별자치도 임실군
20130498040,2,2,1,영농조합법인 베리줌마,식품제조가공업,전북특별자치도,전북특별자치도 임실군
20130499003,1,1,1,순창장본가전통식품,식품제조가공업,전북특별자치도,전북특별자치도 순창군
20130499005,1,1,1,석보부엉골 영농조합법인,식품제조가공업,전북특별자치도,전북특별자치도 순창군
20130499036,6,6,6,(주)시아스 순창공장,식품제조가공업,전북특별자치도,전북특별자치도 순창군
20130500001,3,3,3,화산영농조합법인,식품제조가공업,전북특별자치도,전북특별자치도 고창군
20130500003,3,3,3,해리농협천일염가공사업소,식품제조가공업,전북특별자치도,전북특별자치도 고창군
20130500026,1,1,1,황금터,식품제조가공업,전북특별자치도,전북특별자치도 고창군
20130501068,3,3,3,(주) 참프레,식품제조가공업,전북특별자치도,전북특별자치도 부안군
20130501102,1,1,1,곡식플러스 영농조합법인,식품제조가공업,전북특별자치도,전북특별자치도 부안군
20130506065,2,2,2,영심푸드,식품제조가공업,전남광주통합특별시,전남광주통합특별시 여수시
20130506178,4,4,4,여수농협돌산갓유통센터,식품제조가공업,전남광주통합특별시,전남광주통합특별시 여수시
20130506230,3,3,2,거문도해풍쑥영농조합법인,식품제조가공업,전남광주통합특별시,전남광주통합특별시 여수시
20130506299,1,1,1,오성수산,식품제조가공업,전남광주통합특별시,전남광주통합특별시 여수시
20130506330,9,9,8,연등식품,식품제조가공업,전남광주통합특별시,전남광주통합특별시 여수시
20130506392,4,4,3,농업회사법인 향유미가(주),식품제조가공업,전남광주통합특별시,전남광주통합특별시 여수시
20130506512,4,4,2,21세기푸드 영농조합법인,식품제조가공업,전남광주통합특별시,전남광주통합특별시 여수시
20130509019,4,4,4,농업회사법인순천송광주식회사,식품제조가공업,전남광주통합특별시,전남광주통합특별시 순천시
20130509204,4,4,4,(주)하린식품,식품제조가공업,전남광주통합특별시,전남광주통합특별시 순천시
20130512003,3,3,3,한원푸드시스템(주),식품제조가공업,전남광주통합특별시,전남광주통합특별시 나주시
20130512016,1,1,1,농업회사법인주식회사나물사랑,식품제조가공업,전남광주통합특별시,전남광주통합특별시 나주시
20130512132,10,5,3,농업회사법인녹색식품(주),식품제조가공업,전남광주통합특별시,전남광주통합특별시 함평군
20130515003,6,6,4,농업회사법인(주)해주이엔팜,식품제조가공업,전남광주통합특별시,전남광주통합특별시 담양군
20130515027,1,1,1,잣정경자네,식품제조가공업,전남광주통합특별시,전남광주통합특별시 담양군
20130516028,3,3,3,옥과맛있는김치 영농조합법인,식품제조가공업,전남광주통합특별시,전남광주통합특별시 곡성군
20130517036,4,4,4,(주)자연드림치유식품 김치공방,식품제조가공업,전남광주통합특별시,전남광주통합특별시 구례군
20130517051,1,1,1,농업회사법인 (주)쿱농산APC,식품제조가공업,전남광주통합특별시,전남광주통합특별시 구례군
20130518043,1,1,1,한동유자영농조합법인,식품제조가공업,전남광주통합특별시,전남광주통합특별시 고흥군
20130518053,7,6,6,영농조합법인 엔자임팜,식품제조가공업,전남광주통합특별시,전남광주통합특별시 고흥군
20130518061,1,1,1,농업회사법인(주)농부누리,식품제조가공업,전남광주통합특별시,전남광주통합특별시 고흥군
20130519063,1,1,1,보성녹차(광양)휴게소,일반음식점,전남광주통합특별시,전남광주통합특별시 보성군
20130520059,3,1,1,(주)대양식품,식품제조가공업,전남광주통합특별시,전남광주통합특별시 북구
20130521002,2,2,2,(주)에이치씨바이오텍,식품제조가공업,전남광주통합특별시,전남광주통합특별시 장흥군
20130523015,2,2,1,천가네진홍삼,식품제조가공업,전남광주통합특별시,전남광주통합특별시 해남군
20130523019,1,1,1,농업회사법인 해남고구마식품 주식회사,식품제조가공업,전남광주통합특별시,전남광주통합특별시 해남군
20130523068,5,5,3,문내초원영농조합법인,식품제조가공업,전남광주통합특별시,전남광주통합특별시 해남군
20130524080,4,4,4,햇살가득한식품(영암자립센터),식품제조가공업,전남광주통합특별시,전남광주통합특별시 영암군
20130526065,1,1,1,월봉참영농조합법인,식품제조가공업,전남광주통합특별시,전남광주통합특별시 함평군
20130527047,1,1,1,대호영광굴비,식품제조가공업,전남광주통합특별시,전남광주통합특별시 영광군
20130527092,2,2,2,농업회사법인 하나식품(주),식품제조가공업,전남광주통합특별시,전남광주통합특별시 영광군
20130528041,4,4,4,(주)현대푸드시스템,식품제조가공업,전남광주통합특별시,전남광주통합특별시 장성군
20130528045,2,2,2,큰장성,식품제조가공업,전남광주통합특별시,전남광주통합특별시 장성군
20130528047,1,1,1,연향기가,식품제조가공업,전남광주통합특별시,전남광주통합특별시 장성군
20130531007,3,3,2,(주)신안천사김,식품제조가공업,전남광주통합특별시,전남광주통합특별시 신안군
20130531044,1,1,1,임자뜨란,식품제조가공업,전남광주통합특별시,전남광주통합특별시 신안군
20130533036,2,2,2,꽃젓갈,식품제조가공업,경상북도,경상북도 포항시
20130533050,1,1,1,(주)오대양,식품제조가공업,경상북도,경상북도 포항시
20130538077,2,2,1,만물수산,식품제조가공업,경상북도,경상북도 경주시
20130538588,1,1,1,푸드앤디자인협동조합,식품제조가공업,경상북도,경상북도 경주시
20130541189,1,1,1,농업회사법인 주식회사 삼송,식품제조가공업,경상북도,경상북도 김천시
20130543008,2,2,2,씨엔비제과,식품제조가공업,경상북도,경상북도 안동시
20130543137,1,1,1,안동(상)휴게소 커피전문점,휴게음식점,경상북도,경상북도 안동시
20130543209,1,1,1,가온,식품제조가공업,경상북도,경상북도 안동시
20130554130,4,4,4,(주)뜨레봄영주공장,식품제조가공업,경상북도,경상북도 영주시
20130554186,2,2,1,사랑애부석태된장영농조합법인,식품제조가공업,경상북도,경상북도 영주시
20130555051,2,2,2,디앤농업식품주식회사,식품제조가공업,경상북도,경상북도 영천시
20130555108,12,12,11,주식회사 도투락,식품제조가공업,경상북도,경상북도 영천시
20130555171,1,1,1,주식회사 우리에프에스,식품제조가공업,경상북도,경상북도 영천시
20130556014,6,6,6,농업회사법인 주식회사 일미,식품제조가공업,경상북도,경상북도 상주시
20130556021,2,2,2,중원영농조합법인,식품제조가공업,경상북도,경상북도 상주시
20130556102,3,3,3,대원푸드 농업회사법인 주식회사,식품제조가공업,경상북도,경상북도 상주시
20130556117,5,5,5,주식회사 비엘에프씨,식품제조가공업,경상북도,경상북도 상주시
20130556125,1,1,1,모서농협유통가공사업소,식품제조가공업,경상북도,경상북도 상주시
20130556175,3,3,3,오손도손F2,식품제조가공업,경상북도,경상북도 상주시
20130558034,1,1,1,(주)해그린,식품제조가공업,경상북도,경상북도 문경시
20130558099,1,1,1,황가식품,식품제조가공업,경상북도,경상북도 문경시
20130558144,4,4,4,농업회사법인 문경미소 주식회사,식품제조가공업,경상북도,경상북도 문경시
20130560362,4,2,1,(주)더미소,식품제조가공업,경상북도,경상북도 청도군
20130560508,2,2,2,청사초롱,식품제조가공업,경상북도,경상북도 경산시
20130562043,2,2,2,(주)미본,식품제조가공업,대구광역시,대구광역시 군위군
20130563008,2,2,1,농업회사법인 주식회사 빛고은,식품제조가공업,경상북도,경상북도 의성군
20130563035,2,2,2,우일농산영농조합법인,식품제조가공업,경상북도,경상북도 의성군
20130564001,5,5,5,(주)우양 청송공장,식품제조가공업,경상북도,경상북도 청송군
20130564010,2,2,1,청송자연고추 영농법인,식품제조가공업,경상북도,경상북도 청송군
20130564016,1,1,1,아침햇살영농조합법인,식품제조가공업,경상북도,경상북도 청송군
20130564039,2,2,1,영농조합법인청송주왕산싱싱사과,식품제조가공업,경상북도,경상북도 청송군
20130566006,2,2,2,주)정승식품,식품제조가공업,경상북도,경상북도 영덕군
20130567042,1,1,1,한재미나리영농조합법인,식품제조가공업,경상북도,경상북도 청도군
20130568012,1,1,1,(주)참미푸드,식품제조가공업,경상북도,경상북도 고령군
20130568068,1,1,1,다산팜,식품제조가공업,경상북도,경상북도 고령군
20130569002,1,1,1,수미담,식품제조가공업,경상북도,경상북도 성주군
20130570149,1,1,1,(주)두레에프앤디,식품소분업,경상북도,경상북도 칠곡군
20130571069,1,1,1,예천보호작업장,식품제조가공업,경상북도,경상북도 예천군
20130573050,2,2,1,유한회사 야생초,식품제조가공업,경상북도,경상북도 울진군
20130589025,3,3,3,농업회사법인주식회사 다경,식품제조가공업,경상남도,경상남도 창원시
20130592200,1,1,1,창원천광학교,식품제조가공업,경상남도,경상남도 창원시
20130595224,3,3,3,경해식품,식품제조가공업,경상남도,경상남도 창원시
20130599326,1,1,1,주식회사국제물산,식품제조가공업,경상남도,경상남도 창원시
20130601771,1,1,1,(주)참진주로컬푸드농업회사법인,식품제조가공업,경상남도,경상남도 진주시
20130604145,4,4,4,근해장어통발수산업협동조합산지가공공장,식품제조가공업,경상남도,경상남도 통영시
20130604361,3,3,3,(주)보경씨푸드,식품제조가공업,경상남도,경상남도 통영시
20130606012,6,6,3,(주)신화수산,식품제조가공업,경상남도,경상남도 사천시
20130606046,1,1,1,착한오징어(주),식품제조가공업,경상남도,경상남도 사천시
20130606090,2,2,2,삼천포수산물주식회사,식품제조가공업,경상남도,경상남도 사천시
20130606093,1,1,1,대령수산,식품제조가공업,경상남도,경상남도 사천시
20130606204,8,4,2,(주)태흥씨푸드,식품제조가공업,경상북도,경상북도 경주시
20130606219,4,4,4,(주)위드프레쉬,식품제조가공업,경상남도,경상남도 사천시
20130606258,2,2,2,어업회사법인 주식회사 청해명가,식품제조가공업,경상남도,경상남도 사천시
20130606284,1,1,1,믿을식품,식품제조가공업,경상남도,경상남도 사천시
20130607034,7,7,7,(주)해서물산,식품제조가공업,경상남도,경상남도 김해시
20130607221,2,2,2,농업회사법인(주)봉하마을,식품제조가공업,경상남도,경상남도 김해시
20130607446,1,1,1,SM푸드,식품제조가공업,경상남도,경상남도 김해시
20130607838,1,1,1,탐앤탐스(외부),휴게음식점,경상남도,경상남도 김해시
20130608075,2,2,1,(주)신흥물산,식품제조가공업,경상남도,경상남도 김해시
20130612473,1,1,1,주식회사 엔알바이오텍,식품제조가공업,경상남도,경상남도 거제시
20130614492,1,1,1,주식회사 주산,식품제조가공업,경상남도,경상남도 양산시
20130614636,1,1,1,(주)미림식품,식품제조가공업,경상남도,경상남도 양산시
20130618073,1,1,1,풀무원식품(주)영산휴게소 가판매장3,휴게음식점,경상남도,경상남도 창녕군
20130619074,1,1,1,(주) 두도,식품제조가공업,경상남도,경상남도 고성군
20130620071,4,4,4,재단법인 남해마늘연구소,식품제조가공업,경상남도,경상남도 남해군
20130621051,1,1,1,복을만드는사람들주식회사농업회사법인,식품제조가공업,경상남도,경상남도 하동군
20130622030,1,1,1,지리산 산청시골농장,식품소분업,경상남도,경상남도 산청군
20130622115,2,2,2,(주)미미에프,식품제조가공업,경상남도,경상남도 산청군
20130623048,1,1,1,에덴영농조합법인,식품제조가공업,경상남도,경상남도 함양군
20130624018,3,3,3,거창한쌀,식품제조가공업,경상남도,경상남도 거창군
20130624041,1,1,1,농업회사법인 주식회사 거창한국수,식품제조가공업,경상남도,경상남도 거창군
20130624116,1,1,1,모든푸드농업회사법인주식회사,식품제조가공업,경상남도,경상남도 거창군
20130625085,3,3,3,대장경식품,식품제조가공업,경상남도,경상남도 합천군
20130627013,1,1,1,(주)제주아가,식품제조가공업,제주특별자치도,제주특별자치도 제주시
20130627215,1,1,1,농업회사법인(주)가미원,식품제조가공업,제주특별자치도,제주특별자치도 제주시
20130627553,3,3,3,주식회사포프리리테일,식품제조가공업,제주특별자치도,제주특별자치도 제주시
20130627836,1,1,1,느티나무,식품제조가공업,제주특별자치도,제주특별자치도 제주시
20130627886,4,4,3,농업회사법인 주식회사 제주팜이십일,식품제조가공업,제주특별자치도,제주특별자치도 제주시
20130627909,1,1,1,해거름마을영농조합법인,식품제조가공업,제주특별자치도,제주특별자치도 제주시
20130627910,1,1,1,제주씨앤푸드,식품제조가공업,제주특별자치도,제주특별자치도 제주시
20130627948,1,1,1,(주)탐라식품,식품제조가공업,제주특별자치도,제주특별자치도 제주시
20130627959,2,2,2,제주담다,식품제조가공업,제주특별자치도,제주특별자치도 제주시
20130628019,3,3,3,(주)한도그린에프앤비,식품제조가공업,제주특별자치도,제주특별자치도 제주시
20130628110,1,1,1,오제이주식회사,식품제조가공업,제주특별자치도,제주특별자치도 제주시
20130628332,7,7,7,제주농장영농조합법인제주지점,식품제조가공업,제주특별자치도,제주특별자치도 제주시
20130631105,1,1,1,제주광어주식회사,식품제조가공업,제주특별자치도,제주특별자치도 서귀포시
20130631190,5,5,4,주식회사 제주내먹,식품제조가공업,제주특별자치도,제주특별자치도 서귀포시
20130631196,1,1,1,구두미영농조합법인,식품제조가공업,제주특별자치도,제주특별자치도 서귀포시
20130631212,2,2,2,길호수산영어조합법인,식품제조가공업,제주특별자치도,제주특별자치도 서귀포시
20130631379,1,1,1,제주제면,식품제조가공업,제주특별자치도,제주특별자치도 서귀포시
20130631417,3,3,3,농업회사법인 (주)태반의땅 제주,식품제조가공업,제주특별자치도,제주특별자치도 서귀포시
20140020007,1,1,1,롯데칠성음료㈜충주공장,식품제조가공업(주류),충청북도,충청북도 충주시
20140025469,8,2,2,강성은명과,식품제조가공업,서울특별시,서울특별시 서대문구
20140029145,1,1,1,대영식품,식품제조가공업,서울특별시,서울특별시 중구
20140033529,1,1,1,YJ 유진농산 용산점,식품제조가공업,서울특별시,서울특별시 용산구
20140036321,1,1,1,신천식품(주),식품제조가공업,서울특별시,서울특별시 성동구
20140036373,2,1,1,델리베이,식품제조가공업,경기도,경기도 하남시
20140036508,1,1,1,그라놀로지 GRANOLOGY,식품제조가공업,서울특별시,서울특별시 성동구
20140036509,1,1,1,데어리프로포즈,식품제조가공업,서울특별시,서울특별시 성동구
20140036515,2,1,1,(주)감성베이크,식품제조가공업,경기도,경기도 성남시
20140036568,1,1,1,에스비식품,식품제조가공업,서울특별시,서울특별시 성동구
20140036569,8,4,4,(주)스윗니모코리아,식품제조가공업,서울특별시,서울특별시 구로구
20140036600,6,2,2,몽상클레르 코리아,식품제조가공업,서울특별시,서울특별시 용산구
20140036973,4,2,2,주식회사 경진에프앤비,식품제조가공업,경기도,경기도 구리시
20140042149,2,1,1,(주)테즈로스팅,식품제조가공업,경기도,경기도 파주시
20140046078,2,2,2,(주)씨엔비위즈,식품제조가공업,서울특별시,서울특별시 중랑구
20140059397,2,1,1,몬트마카롱,식품제조가공업,서울특별시,서울특별시 노원구
20140069169,4,2,2,르까도드마비,식품제조가공업,서울특별시,서울특별시 영등포구
20140069496,1,1,1,주식회사 리치몬드,식품제조가공업,서울특별시,서울특별시 마포구
20140069789,2,2,2,영화식품(주)서울제1공장,식품제조가공업,서울특별시,서울특별시 마포구
20140069906,16,2,2,브라운리본더치랩,식품제조가공업,서울특별시,서울특별시 마포구
20140073018,1,1,1,슬로우커피,식품제조가공업,서울특별시,서울특별시 양천구
20140073232,2,1,1,맛나식품,식품제조가공업,인천광역시,인천광역시 미추홀구
20140073461,2,1,1,바나바스,식품제조가공업,경기도,경기도 광명시
20140073522,1,1,1,배드매드브레드,식품제조가공업,서울특별시,서울특별시 양천구
20140073640,1,1,1,(주)신영다우리 김장본가,식품제조가공업,서울특별시,서울특별시 양천구
20140073814,2,2,2,(주)비에이치푸드,식품제조가공업,서울특별시,서울특별시 양천구
20140076031,5,5,4,(주)스위트웨이브,식품제조가공업,서울특별시,서울특별시 강서구
20140076439,4,2,2,(주)오페라베이커리,식품제조가공업,서울특별시,서울특별시 강서구
20140080303,2,2,2,해나무일터,식품제조가공업,서울특별시,서울특별시 구로구
20140080491,2,2,2,두리하나다울,식품제조가공업,서울특별시,서울특별시 구로구
20140080613,2,2,1,우봉식품,식품제조가공업,서울특별시,서울특별시 구로구
20140080847,1,1,1,떡마루식품,식품제조가공업,서울특별시,서울특별시 구로구
20140086585,2,1,1,(주)에스엠팜,식품제조가공업,서울특별시,서울특별시 영등포구
20140086729,3,1,1,민성식품,식품제조가공업,서울특별시,서울특별시 영등포구
20140091415,1,1,1,삼성떡프린스,식품제조가공업,서울특별시,서울특별시 동작구
20140094525,1,1,1,주식회사 농업회사법인수산,식품제조가공업,서울특별시,서울특별시 관악구
20140094608,2,1,1,벙커컴퍼니,식품제조가공업,서울특별시,서울특별시 관악구
20140098429,1,1,1,JKB푸드,식품제조가공업,서울특별시,서울특별시 서초구
20140098574,1,1,1,서울 만남의 광장 휴게소 할리스매장,일반음식점,서울특별시,서울특별시 서초구
20140099078,2,2,2,(주)밀갸또,식품제조가공업,서울특별시,서울특별시 서초구
20140105446,1,1,1,청담,식품제조가공업,서울특별시,서울특별시 강남구
20140106498,6,3,2,노아베이커리공장,식품제조가공업,서울특별시,서울특별시 강남구
20140114326,1,1,1,(주)동선기업,식품제조가공업,서울특별시,서울특별시 송파구
20140114386,2,1,1,하이에나,식품제조가공업,경기도,경기도 남양주시
20140114464,1,1,1,이레푸드,식품제조가공업,서울특별시,서울특별시 송파구
20140114801,2,1,1,현대농산서비스(주),식품제조가공업,경기도,경기도 하남시
20140128007,2,2,2,에프앤에프푸드시스템(주),식품제조가공업,부산광역시,부산광역시 서구
20140128012,3,3,3,(주)오션스코리아,식품제조가공업,부산광역시,부산광역시 서구
20140128024,2,2,2,(주)장수씨푸드,식품제조가공업,부산광역시,부산광역시 서구
20140128030,1,1,1,(주)제이엠수산,식품제조가공업,부산광역시,부산광역시 서구
20140128047,6,6,6,주식회사 합리적인푸드,식품제조가공업,부산광역시,부산광역시 서구
20140128052,3,3,2,보명수산,식품제조가공업,부산광역시,부산광역시 서구
20140128081,3,3,3,(주)마드레수산,식품제조가공업,부산광역시,부산광역시 서구
20140128093,2,2,1,주식회사 어메이징팩토리,식품제조가공업,부산광역시,부산광역시 서구
20140128098,2,2,2,(주)해송에프엔지,식품제조가공업,부산광역시,부산광역시 서구
20140128196,1,1,1,(주)양산도에프엔비,식품제조가공업,부산광역시,부산광역시 서구
20140128202,4,4,4,(주)이정푸드,식품제조가공업,부산광역시,부산광역시 서구
20140128229,3,3,3,(주)푸드파크,식품제조가공업,부산광역시,부산광역시 서구
20140128255,3,3,3,주식회사 어메이징팩토리,식품제조가공업,부산광역시,부산광역시 서구
20140141422,2,2,2,(주)지에프푸드,식품제조가공업,부산광역시,부산광역시 해운대구
20140141572,3,3,2,주식회사 낙지볶음 개미집,식품제조가공업,부산광역시,부산광역시 해운대구
20140141728,2,2,2,(주)가가대소,식품제조가공업,부산광역시,부산광역시 해운대구
20140144008,1,1,1,부경웰푸드주식회사,식품제조가공업,부산광역시,부산광역시 사하구
20140144104,4,4,4,(주)부산해사랑,식품제조가공업,부산광역시,부산광역시 사하구
20140144114,4,4,4,(주)신호씨푸드,식품제조가공업,부산광역시,부산광역시 사하구
20140144117,2,2,2,주식회사 제이피푸드,식품제조가공업,부산광역시,부산광역시 사하구
20140144180,2,2,2,(주)에이치더블유푸드,식품제조가공업,부산광역시,부산광역시 사하구
20140144273,3,3,3,삼희에프앤비,식품제조가공업,부산광역시,부산광역시 사하구
20140144361,2,2,2,엠에이치수산,식품제조가공업,부산광역시,부산광역시 사하구
20140144403,1,1,1,부산갈매기,식품제조가공업,부산광역시,부산광역시 사하구
20140144455,4,4,4,(주)금정씨푸드,식품제조가공업,부산광역시,부산광역시 사하구
20140144499,3,3,3,덕우씨푸드,식품제조가공업,부산광역시,부산광역시 사하구
20140147140,2,2,2,세화씨푸드(주)제2공장,식품제조가공업,부산광역시,부산광역시 금정구
20140147160,5,5,5,효림원푸드,식품제조가공업,부산광역시,부산광역시 금정구
20140149057,1,1,1,스틱하우스(Stick House),식품제조가공업,부산광역시,부산광역시 강서구
20140149272,5,5,4,디에이치씨푸드주식회사,식품제조가공업,부산광역시,부산광역시 강서구
20140149294,1,1,1,주)해광에프앤디,식품제조가공업,부산광역시,부산광역시 강서구
20140149425,1,1,1,(주)예다전통식품,식품제조가공업,부산광역시,부산광역시 강서구
20140150010,2,1,1,농업회사법인 (주)백로앙금,식품제조가공업,부산광역시,부산광역시 강서구
20140154125,2,2,2,빵긋베이커리,식품제조가공업,부산광역시,부산광역시 사상구
20140156019,1,1,1,(주)한영식품,식품제조가공업,부산광역시,부산광역시 기장군
20140156083,1,1,1,본촌인터내셔날(주),식품제조가공업,부산광역시,부산광역시 기장군
20140156247,1,1,1,농업회사법인(주)청성 일광지점,식품제조가공업,부산광역시,부산광역시 기장군
20140156328,3,3,1,(주)기장명품특산물,식품제조가공업,부산광역시,부산광역시 기장군
20140156329,2,2,2,만선수산,식품제조가공업,부산광역시,부산광역시 기장군
20140156551,4,4,4,딤타오 기장점,식품제조가공업,부산광역시,부산광역시 기장군
20140168180,4,2,2,들녘식품,식품제조가공업,대구광역시,대구광역시 북구
20140168271,2,2,2,와이제이식품(YJ식품),식품제조가공업,대구광역시,대구광역시 북구
20140168287,1,1,1,두영식품1공장,식품제조가공업,대구광역시,대구광역시 북구
20140168561,1,1,1,주식회사 피자앤컴퍼니 제2공장,식품제조가공업,대구광역시,대구광역시 북구
20140168798,6,3,3,정직한식품(주),식품제조가공업,경상북도,경상북도 칠곡군
20140174425,1,1,1,(주)스마트투자개발,식품제조가공업,대구광역시,대구광역시 수성구
20140181956,1,1,1,아미푸드,식품제조가공업,대구광역시,대구광역시 달서구
20140188016,2,2,1,한국제과식품협동조합,식품제조가공업,대구광역시,대구광역시 달성군
20140188028,5,5,5,주식회사 도야지식품,식품제조가공업,대구광역시,대구광역시 달성군
20140188199,1,1,1,현풍(하)휴게소 투썸플레이스,휴게음식점,대구광역시,대구광역시 달성군
20140188205,1,1,1,현풍(상)휴게소 투썸플레이스,휴게음식점,대구광역시,대구광역시 달성군
20140188351,1,1,1,DMG푸드,식품제조가공업,대구광역시,대구광역시 달성군
20140188476,3,3,3,농업회사법인청수(주),식품제조가공업,대구광역시,대구광역시 달성군
20140190030,2,2,2,구구수산유통,식품제조가공업,인천광역시,인천광역시 제물포구
20140190065,4,4,2,바다향기,식품제조가공업,인천광역시,인천광역시 제물포구
20140190183,2,2,2,수산대장,식품제조가공업,인천광역시,인천광역시 제물포구
20140190235,2,2,2,그랜드하얏트인천 웨스트타워 페스트리,식품제조가공업,인천광역시,인천광역시 영종구
20140192097,3,3,3,(주)새로미식품,식품제조가공업,인천광역시,인천광역시 제물포구
20140193147,6,2,1,(주)에이치비푸드,식품제조가공업,인천광역시,인천광역시 미추홀구
20140193376,1,1,1,호운래식품,식품제조가공업,인천광역시,인천광역시 미추홀구
20140197025,2,2,2,유한책임회사 경인식품유통센터,식품제조가공업,인천광역시,인천광역시 연수구
20140197044,2,2,2,(주)농가,식품제조가공업,인천광역시,인천광역시 연수구
20140197645,1,1,1,(주)우신라보타치,식품제조가공업,인천광역시,인천광역시 연수구
20140199027,2,2,2,까레몽협동조합,식품제조가공업,인천광역시,인천광역시 남동구
20140199120,1,1,1,(주)웰푸드,식품제조가공업,인천광역시,인천광역시 남동구
20140199547,2,2,2,(주)사리원씨에프디,식품제조가공업,인천광역시,인천광역시 남동구
20140199594,2,2,2,(주)제이케이푸드림,식품제조가공업,인천광역시,인천광역시 남동구
20140199740,4,4,4,아이티F&B,식품제조가공업,인천광역시,인천광역시 남동구
20140200030,3,3,3,어진,식품제조가공업,인천광역시,인천광역시 남동구
20140200144,2,1,1,농업회사법인 주식회사 신광에코팜,식품제조가공업,인천광역시,인천광역시 검단구
20140202266,1,1,1,고추나라,식품제조가공업,인천광역시,인천광역시 부평구
20140202390,2,2,2,(주)하늘보고,식품제조가공업,인천광역시,인천광역시 부평구
20140202550,2,1,1,햇살깃든식혜,식품제조가공업,인천광역시,인천광역시 부평구
20140202605,4,2,2,주식회사제이엘푸드텍,식품제조가공업,인천광역시,인천광역시 부평구
20140205321,2,2,2,주식회사 호재푸드시스템,식품제조가공업,인천광역시,인천광역시 계양구
20140205598,2,2,2,(주)유진수산 서운분점,식품제조가공업,인천광역시,인천광역시 계양구
20140208322,1,1,1,(주)하나로푸드시스템,식품제조가공업,인천광역시,인천광역시 서해구
20140208441,2,2,2,주식회사 천운씨푸드,식품제조가공업,인천광역시,인천광역시 서해구
20140208560,2,2,2,(주)영광푸드,식품제조가공업,인천광역시,인천광역시 검단구
20140208710,4,2,2,주식회사 마마팜,식품제조가공업,경기도,경기도 파주시
20140208808,2,2,2,(주)신선식품,식품제조가공업,인천광역시,인천광역시 검단구
20140209102,9,9,9,신우식품 주식회사,식품제조가공업,인천광역시,인천광역시 검단구
20140209334,1,1,1,(주)디앤푸드,식품제조가공업,인천광역시,인천광역시 검단구
20140209337,6,2,2,바삭한도우,식품제조가공업,경기도,경기도 성남시
20140211130,1,1,1,농업회사법인 강화마니(주),식품제조가공업,인천광역시,인천광역시 강화군
20140211133,1,1,1,농업회사법인 강화초록식품 주식회사,식품제조가공업,인천광역시,인천광역시 강화군
20140211154,1,1,1,강화재순네식품,식품제조가공업,인천광역시,인천광역시 강화군
20140216059,2,2,2,(주)광주수산물유통,식품제조가공업,전남광주통합특별시,전남광주통합특별시 서구
20140216634,2,2,2,(주)비에스에프앤디,식품제조가공업,전남광주통합특별시,전남광주통합특별시 서구
20140219198,1,1,1,베비에르에프앤비,식품제조가공업,전남광주통합특별시,전남광주통합특별시 남구
20140221129,2,2,2,(주)푸건,식품제조가공업,전남광주통합특별시,전남광주통합특별시 북구
20140221153,6,3,3,궁전제과(주)광주1공장,식품제조가공업,전남광주통합특별시,전남광주통합특별시 동구
20140221506,3,3,3,더본촌,식품제조가공업,전남광주통합특별시,전남광주통합특별시 북구
20140221895,1,1,1,팍스페밀리,식품제조가공업,전남광주통합특별시,전남광주통합특별시 북구
20140222190,8,4,2,농업회사법인 유한회사 나비원,식품제조가공업,전남광주통합특별시,전남광주통합특별시 함평군
20140227537,1,1,1,팡스토리,식품제조가공업,전남광주통합특별시,전남광주통합특별시 광산구
20140227681,3,3,3,차암홀딩스,식품제조가공업,전남광주통합특별시,전남광주통합특별시 광산구
20140227714,1,1,1,(주)버디스,식품제조가공업,전남광주통합특별시,전남광주통합특별시 광산구
20140231093,8,4,4,백년에프엔디,식품제조가공업,대전광역시,대전광역시 유성구
20140240453,2,1,1,더리얼컴퍼니(주),식품제조가공업,대전광역시,대전광역시 유성구
20140242124,5,5,5,주식회사오렌지블로썸,식품제조가공업,대전광역시,대전광역시 대덕구
20140242305,4,2,2,농업회사법인 유한회사 산채푸드,식품제조가공업,충청남도,충청남도 금산군
20140245154,1,1,1,감프롱,식품제조가공업,울산광역시,울산광역시 중구
20140254139,2,1,1,브레드어클락,식품제조가공업,울산광역시,울산광역시 남구
20140255044,1,1,1,자연애농부 영농조합법인,식품제조가공업,울산광역시,울산광역시 울주군
20140257007,1,1,1,(주)중리푸드 지점,식품제조가공업,세종특별자치시,세종특별자치시
20140257670,2,2,2,(농) 솔티마을(주),식품제조가공업,세종특별자치시,세종특별자치시
20140263112,6,3,1,(주)슬로테이스트,식품제조가공업,경기도,경기도 화성시
20140263234,2,1,1,주식회사 티엠제과,식품제조가공업,경기도,경기도 수원시
20140275029,6,3,3,(주)다미푸드,식품제조가공업,경기도,경기도 성남시
20140275065,2,2,2,(주)씨케이하우스,식품제조가공업,경기도,경기도 성남시
20140275066,2,2,2,주식회사 미래본,식품제조가공업,경기도,경기도 성남시
20140275084,6,3,3,케이제이푸드,식품제조가공업,경기도,경기도 성남시
20140275090,1,1,1,(주)윤국,식품제조가공업,경기도,경기도 성남시
20140275122,1,1,1,끌라시꼬 커피,식품제조가공업,경기도,경기도 성남시
20140275195,8,8,8,(주)푸드트리,식품제조가공업,경기도,경기도 성남시
20140275208,1,1,1,주식회사 미엘에프엔비,식품제조가공업,경기도,경기도 성남시
20140275252,2,2,2,발레리제,식품제조가공업,경기도,경기도 성남시
20140275259,15,5,4,씨엠원(주),식품제조가공업,경기도,경기도 성남시
20140279230,1,1,1,(주)에스피씨지에프에스 파리성남식당,위탁급식영업,경기도,경기도 성남시
20140285740,1,1,1,농업회사법인 주식회사 하늘채,식품소분업,경기도,경기도 의정부시
20140285865,2,1,1,그레이스,식품제조가공업,경기도,경기도 양주시
20140288012,1,1,1,주식회사 트레아미고,식품제조가공업,경기도,경기도 안양시
20140288254,4,2,2,(주)라붐팩토리,식품제조가공업,경기도,경기도 군포시
20140294149,2,1,1,(주)빈스페이스,식품제조가공업,경기도,경기도 파주시
20140294333,4,4,2,두더지웍스,식품제조가공업,경기도,경기도 부천시
20140294405,1,1,1,(주)피앤파트너스,식품제조가공업,경기도,경기도 부천시
20140294485,16,8,8,(주)슈퍼내츄럴스,식품제조가공업,경기도,경기도 부천시
20140304063,1,1,1,(주)하준,식품제조가공업,경기도,경기도 광명시
20140304277,12,6,6,주식회사 차오름,식품제조가공업,경기도,경기도 광명시
20140306702,2,2,2,주식회사 싱싱수산,식품제조가공업,경기도,경기도 평택시
20140308006,2,2,2,아라수산주식회사,식품제조가공업,경기도,경기도 평택시
20140308197,2,2,2,주식회사 이케이글로벌,식품제조가공업,경기도,경기도 평택시
20140308200,2,2,2,주식회사 해왕에프앤비,식품제조가공업,경기도,경기도 평택시
20140308212,2,1,1,(주)온정에프엔비,식품제조가공업,경기도,경기도 평택시
20140308321,2,2,2,(주)세건 남부지점,식품제조가공업,경기도,경기도 평택시
20140308341,2,2,2,어랑,식품제조가공업,경기도,경기도 평택시
20140308342,2,2,2,어울림,식품제조가공업,경기도,경기도 평택시
20140308361,2,2,2,해울림,식품제조가공업,경기도,경기도 평택시
20140308362,2,2,2,도현지,식품제조가공업,경기도,경기도 평택시
20140308363,2,2,2,대현수산,식품제조가공업,경기도,경기도 평택시
20140308364,2,2,2,은애수산,식품제조가공업,경기도,경기도 평택시
20140309050,3,3,3,농업법인(주)해마루푸드,식품제조가공업,경기도,경기도 평택시
20140309059,2,1,1,(주)씨앤미,식품소분업,경기도,경기도 여주시
20140309061,28,14,6,(주)씨앤미,식품제조가공업,경기도,경기도 평택시
20140309115,3,3,2,경기수협 판매가공팀,식품제조가공업,경기도,경기도 평택시
20140311013,2,2,2,YJ수산,식품제조가공업,경기도,경기도 안산시
20140311066,4,2,2,임페리아 브레드,식품제조가공업,경기도,경기도 화성시
20140311183,1,1,1,아시아푸드,식품제조가공업,경기도,경기도 안산시
20140311247,2,2,2,(주)에바다수산,식품제조가공업,경기도,경기도 안산시
20140311259,2,2,2,소이바이오틱스(SoyBiotics),식품제조가공업,경기도,경기도 안산시
20140311352,2,2,2,주식회사 새솔,식품제조가공업,경기도,경기도 안산시
20140320113,3,3,3,농업회사법인주식회사 진성에프씨,식품제조가공업,경기도,경기도 고양시
20140320194,1,1,1,해동유통,식품제조가공업,경기도,경기도 고양시
20140320287,3,3,2,(주)티엔푸드,식품제조가공업,경기도,경기도 고양시
20140320305,6,3,3,바른길식품,식품제조가공업,경기도,경기도 고양시
20140320306,2,2,2,섬나라,식품제조가공업,경기도,경기도 고양시
20140320307,2,2,2,(주)수민에프에스,식품제조가공업,경기도,경기도 고양시
20140320310,2,2,2,우보식품,식품제조가공업,경기도,경기도 고양시
20140320311,2,2,2,에이원푸드,식품제조가공업,경기도,경기도 고양시
20140320353,2,1,1,다원식품,식품제조가공업,경기도,경기도 파주시
20140320361,2,2,2,빛나수산,식품제조가공업,경기도,경기도 고양시
20140320367,2,2,2,알로하수산,식품제조가공업,경기도,경기도 고양시
20140320400,2,2,2,포세이돈,식품제조가공업,경기도,경기도 고양시
20140320403,2,2,2,다드림,식품제조가공업,경기도,경기도 고양시
20140320449,2,2,2,한라유통,식품제조가공업,경기도,경기도 고양시
20140320450,4,2,2,현대식품,식품제조가공업,경기도,경기도 고양시
20140320462,2,2,2,찬늘,식품제조가공업,경기도,경기도 고양시
20140320463,2,2,2,주식회사 피쉬팩토리,식품제조가공업,경기도,경기도 고양시
20140320665,2,1,1,(주)성진에프에스,식품제조가공업,경기도,경기도 파주시
20140320697,1,1,1,(주)모퉁이,식품제조가공업,경기도,경기도 고양시
20140320715,1,1,1,주식회사 후앙,식품제조가공업,경기도,경기도 고양시
20140320716,8,8,4,농업회사법인 정성가득김치 주식회사,식품제조가공업,경기도,경기도 고양시
20140320746,2,2,2,다이찌식품,식품제조가공업,경기도,경기도 고양시
20140320961,1,1,1,주식회사 엠케이코리아,식품제조가공업,경기도,경기도 고양시
20140323087,2,1,1,주) 해움터,집단급식소 식품판매업,경기도,경기도 고양시
20140325684,1,1,1,(주)티엔푸드,식품소분업,경기도,경기도 고양시
20140330038,1,1,1,원식품(주),식품제조가공업,경기도,경기도 구리시
20140330109,4,2,2,(주)아로와나피셔리,식품제조가공업,경기도,경기도 성남시
20140330281,2,2,2,(주)라이스클레이,식품제조가공업,경기도,경기도 구리시
20140332130,1,1,1,블랙피그,식품제조가공업,경기도,경기도 남양주시
20140332261,5,5,5,(주)강고집,식품제조가공업,경기도,경기도 남양주시
20140332384,1,1,1,농업회사법인 주식회사 빛솜푸드(BeetSom Food),식품제조가공업,경기도,경기도 남양주시
20140332468,2,2,2,주식회사삼진씨앤에프,식품제조가공업,경기도,경기도 남양주시
20140332509,2,1,1,수영 농업회사법인 주식회사,식품제조가공업,경기도,경기도 남양주시
20140332626,6,3,3,넛츠앤 팜스,식품제조가공업,경기도,경기도 포천시
20140332686,1,1,1,농업회사법인 푸드지안 주식회사,식품제조가공업,경기도,경기도 남양주시
20140332843,1,1,1,(주)호랭이 에프앤비,식품제조가공업,경기도,경기도 남양주시
20140333081,1,1,1,농업회사법인 신선미세상,식품제조가공업,경기도,경기도 남양주시
20140333082,2,2,2,청정푸드,식품제조가공업,경기도,경기도 남양주시
20140336277,1,1,1,(주)어촌사람들,식품제조가공업,경기도,경기도 오산시
20140336344,1,1,1,주식회사송연에스와이,식품제조가공업,경기도,경기도 오산시
20140338105,2,2,2,미래푸드,식품제조가공업,경기도,경기도 시흥시
20140338327,24,6,6,(주)그린에코팜,식품제조가공업,경기도,경기도 여주시
20140338466,2,2,2,두원,식품제조가공업,경기도,경기도 시흥시
20140338469,6,6,2,으뜸푸드,식품제조가공업,경기도,경기도 시흥시
20140338470,2,2,2,민경,식품제조가공업,경기도,경기도 시흥시
20140342113,1,1,1,(주)두비산업 제2공장,식품소분업,경기도,경기도 군포시
20140342233,1,1,1,(주)아하그린푸드 군포지사,식품제조가공업,경기도,경기도 군포시
20140344062,1,1,1,두호식품,식품제조가공업,경기도,경기도 의왕시
20140344199,1,1,1,주식회사 디스다임,식품제조가공업,경기도,경기도 의왕시
20140344281,4,4,3,(주)경신바이오,식품제조가공업,경기도,경기도 의왕시
20140345011,2,2,2,온새미로,식품제조가공업,경기도,경기도 하남시
20140345012,2,2,2,케이에스 푸드,식품제조가공업,경기도,경기도 하남시
20140345140,2,2,2,(주)싱싱,식품제조가공업,경기도,경기도 하남시
20140345146,4,4,2,거상코리아,식품제조가공업,경기도,경기도 하남시
20140345147,2,2,2,태산푸드,식품제조가공업,경기도,경기도 하남시
20140345212,3,3,3,jj홀딩스,식품제조가공업,경기도,경기도 하남시
20140345215,2,2,2,(주)온새미,식품제조가공업,경기도,경기도 하남시
20140345272,2,2,2,농업회사법인 (주) 초원에프에스,식품제조가공업,경기도,경기도 하남시
20140345284,1,1,1,농업회사법인 신선푸드(주),식품제조가공업,경기도,경기도 하남시
20140345307,3,3,3,다인식품,식품제조가공업,경기도,경기도 하남시
20140345444,2,2,2,송이네,식품제조가공업,경기도,경기도 하남시
20140345449,2,2,2,(주)테티스,식품제조가공업,경기도,경기도 하남시
20140345450,2,2,2,바다푸드,식품제조가공업,경기도,경기도 하남시
20140345451,2,2,2,주식회사 장보고,식품제조가공업,경기도,경기도 하남시
20140345457,1,1,1,제이에이푸드 주식회사,식품제조가공업,경기도,경기도 하남시
20140347010,2,2,2,다올푸드,식품제조가공업,경기도,경기도 용인시
20140347017,1,1,1,(주)모두모아,식품제조가공업,경기도,경기도 용인시
20140347029,2,2,2,초록바다수산,식품제조가공업,경기도,경기도 용인시
20140347030,2,2,2,아라나라,식품제조가공업,경기도,경기도 용인시
20140347045,2,2,1,주식회사 농업회사법인 귀농,식품제조가공업,경기도,경기도 용인시
20140347046,2,2,2,바스락(주),식품제조가공업,경기도,경기도 용인시
20140347050,1,1,1,(주)훈푸드,식품제조가공업,경기도,경기도 용인시
20140347052,1,1,1,(주)에스피팩토리,식품제조가공업,경기도,경기도 용인시
20140347060,2,2,2,(주)어진푸드,식품제조가공업,경기도,경기도 용인시
20140347061,2,2,2,(주)에프엠컴퍼니,식품제조가공업,경기도,경기도 용인시
20140347062,2,2,2,주식회사 바다랑,식품제조가공업,경기도,경기도 용인시
20140347070,1,1,1,백옥미마을,식품제조가공업,경기도,경기도 용인시
20140347077,2,2,2,도담푸드,식품제조가공업,경기도,경기도 용인시
20140347078,2,2,2,주식회사 투더씨,식품제조가공업,경기도,경기도 용인시
20140347079,2,2,2,(주)써니푸드,식품제조가공업,경기도,경기도 용인시
20140347082,2,2,2,마마푸드,식품제조가공업,경기도,경기도 용인시
20140347083,2,2,2,신성푸드,식품제조가공업,경기도,경기도 용인시
20140347093,2,2,2,영원수산,식품제조가공업,경기도,경기도 용인시
20140347119,2,2,2,(주)리오에프앤비,식품제조가공업,경기도,경기도 용인시
20140347128,2,2,2,(주)청정애,식품제조가공업,경기도,경기도 용인시
20140347129,2,2,2,주식회사 해움찬,식품제조가공업,경기도,경기도 용인시
20140347132,2,2,2,해마루푸드,식품제조가공업,경기도,경기도 용인시
20140347133,2,2,2,(주)하린,식품제조가공업,경기도,경기도 용인시
20140347134,2,2,2,새벽푸드,식품제조가공업,경기도,경기도 용인시
20140347135,2,2,2,디케이푸드,식품제조가공업,경기도,경기도 용인시
20140347137,4,4,2,별빛푸드,식품제조가공업,경기도,경기도 용인시
20140347138,2,2,2,천연푸드,식품제조가공업,경기도,경기도 용인시
20140347183,2,2,2,화니유통,식품제조가공업,경기도,경기도 용인시
20140347194,2,1,1,나래푸드,식품제조가공업,경기도,경기도 평택시
20140347195,3,3,2,(주)세미원푸드,식품제조가공업,경기도,경기도 용인시
20140347198,2,2,2,그린푸드,식품제조가공업,경기도,경기도 용인시
20140347213,2,1,1,마고,식품제조가공업,경기도,경기도 광주시
20140347228,2,2,2,장원푸드,식품제조가공업,경기도,경기도 용인시
20140347229,2,2,2,일심푸드,식품제조가공업,경기도,경기도 용인시
20140347230,2,2,2,주식회사 청마푸드,식품제조가공업,경기도,경기도 용인시
20140347242,1,1,1,솜밸리주식회사농업회사법인,식품제조가공업,경기도,경기도 용인시
20140347250,4,2,2,찬누리,식품제조가공업,경기도,경기도 용인시
20140347292,4,4,2,해원푸드,식품제조가공업,경기도,경기도 용인시
20140347293,4,4,2,주식회사 해미랑,식품제조가공업,경기도,경기도 용인시
20140347299,2,2,2,(주)해미,식품제조가공업,경기도,경기도 용인시
20140347300,2,2,2,주식회사 사랑푸드,식품제조가공업,경기도,경기도 용인시
20140347301,4,4,2,대운유통,식품제조가공업,경기도,경기도 용인시
20140355219,4,1,1,주식회사 뮤제오(파주점),식품제조가공업,경기도,경기도 파주시
20140355271,2,2,2,에스아이몰,식품제조가공업,경기도,경기도 파주시
20140355535,2,2,2,진진푸드,식품제조가공업,경기도,경기도 파주시
20140355700,1,1,1,Day7(데이 세븐),식품제조가공업,경기도,경기도 파주시
20140355703,1,1,1,(주)성호제과,식품제조가공업,경기도,경기도 파주시
20140355879,2,2,2,(주)대산후드 문산1공장,식품제조가공업,경기도,경기도 파주시
20140355893,3,3,3,(주)오성푸드,식품제조가공업,경기도,경기도 파주시
20140356236,2,2,2,주식회사 수린,식품제조가공업,경기도,경기도 파주시
20140356241,1,1,1,달곰씨앤에프,식품제조가공업,경기도,경기도 파주시
20140358082,8,4,4,대상주식회사 이천신선공장,식품제조가공업,경기도,경기도 이천시
20140358193,3,3,3,청송유통,식품제조가공업,경기도,경기도 이천시
20140358216,1,1,1,(주)해성,식품제조가공업,경기도,경기도 이천시
20140358232,1,1,1,행복투게더도시락,식품제조가공업,경기도,경기도 이천시
20140358274,1,1,1,주식회사 웅비식품,식품제조가공업,경기도,경기도 이천시
20140358287,1,1,1,하영농원,식품제조가공업,경기도,경기도 이천시
20140358289,3,3,3,(주)내츄럴엔도텍,식품제조가공업,경기도,경기도 이천시
20140358432,1,1,1,농업회사법인 농지원주식회사,식품제조가공업,경기도,경기도 이천시
20140358596,12,3,1,보고푸드(주),식품제조가공업,전남광주통합특별시,전남광주통합특별시 장흥군
20140360180,1,1,1,(주)다해푸드,식품제조가공업,경기도,경기도 안성시
20140360201,3,3,3,소담스레,식품제조가공업,경기도,경기도 안성시
20140360214,2,2,2,농업회사법인 쌩떼,식품제조가공업,경기도,경기도 안성시
20140360266,1,1,1,에쓰푸드(주),식품제조가공업,경기도,경기도 안성시
20140360294,6,6,4,(주)미소프레쉬,식품제조가공업,경기도,경기도 안성시
20140360314,2,2,2,성풍양행(주),식품제조가공업,경기도,경기도 안성시
20140362014,1,1,1,용화사장애인보호작업장,식품제조가공업,경기도,경기도 김포시
20140362068,2,2,2,(주)오성씨푸드,식품제조가공업,경기도,경기도 김포시
20140362116,1,1,1,선해정,식품제조가공업,경기도,경기도 김포시
20140362156,6,6,6,푸미푸드,식품제조가공업,경기도,경기도 김포시
20140362243,1,1,1,(주)상촌,식품제조가공업,경기도,경기도 김포시
20140362524,1,1,1,(주)에스씨아일랜드,식품제조가공업,경기도,경기도 김포시
20140362750,1,1,1,(주)효성푸드,식품제조가공업,경기도,경기도 김포시
20140362959,1,1,1,주식회사 인세이버,식품제조가공업,경기도,경기도 김포시
20140363148,4,4,4,(주)내츄럴푸드,식품제조가공업,경기도,경기도 김포시
20140364017,2,2,2,(주)제이에프앤디,식품제조가공업,경기도,경기도 화성시
20140364171,2,2,1,학교급식 콩생산 협동조합,식품제조가공업,경기도,경기도 화성시
20140364316,7,7,4,(주)하늘푸드제2공장,식품제조가공업,경기도,경기도 화성시
20140364326,1,1,1,(주)몽실푸드,식품제조가공업,경기도,경기도 화성시
20140364431,1,1,1,(주)선민팔탄지점,식품소분업,경기도,경기도 화성시
20140364509,4,4,4,진성푸드,식품제조가공업,경기도,경기도 화성시
20140364753,6,6,2,위드팜 마을식품,식품제조가공업,경기도,경기도 화성시
20140364761,2,2,2,(주)한국수산,식품제조가공업,경기도,경기도 화성시
20140364762,2,2,2,(주)대한수산,식품제조가공업,경기도,경기도 화성시
20140364763,2,2,2,(주)파란,식품제조가공업,경기도,경기도 화성시
20140364893,2,2,2,케이에스에프수산물협동조합,식품제조가공업,경기도,경기도 화성시
20140364945,1,1,1,대보유통(주)화성(하)휴게소(양식당),일반음식점,경기도,경기도 화성시
20140365480,4,4,2,(주)대한상사,식품제조가공업,경기도,경기도 화성시
20140365482,2,2,2,북극성,식품제조가공업,경기도,경기도 화성시
20140365510,2,2,2,마린푸드,식품제조가공업,경기도,경기도 화성시
20140365511,2,2,2,모모수산,식품제조가공업,경기도,경기도 화성시
20140365516,2,2,2,(주)해성수산,식품제조가공업,경기도,경기도 화성시
20140365517,2,2,2,스마일푸드,식품제조가공업,경기도,경기도 화성시
20140365518,1,1,1,(주)푸드네이처,식품제조가공업,경기도,경기도 화성시
20140368019,3,3,3,농업회사법인 요비담(주),식품제조가공업,경기도,경기도 광주시
20140368056,6,2,3,주식회사 대경햄,식품제조가공업,경기도,경기도 여주시
20140368074,1,1,1,(주)에프에스클라우드,식품제조가공업,경기도,경기도 광주시
20140368081,2,2,2,(주)동아수산,식품제조가공업,경기도,경기도 광주시
20140368087,2,2,2,주식회사 애드웰스,식품제조가공업,경기도,경기도 광주시
20140368099,6,3,2,농업회사법인(주)정진에프피씨,식품제조가공업,경기도,경기도 이천시
20140368121,6,3,3,밀빛C&F푸드,식품제조가공업,경기도,경기도 광주시
20140368150,1,1,1,가연푸드,식품제조가공업,경기도,경기도 광주시
20140368228,1,1,1,주식회사 내추럴퓨어,식품제조가공업,경기도,경기도 광주시
20140368234,1,1,1,도우팩토리 주식회사,식품제조가공업,경기도,경기도 광주시
20140368250,1,1,1,(주)명인식품,식품제조가공업,경기도,경기도 광주시
20140368299,2,2,2,본정식품,식품제조가공업,경기도,경기도 광주시
20140368308,1,1,1,(주)트래디인터내셔널,식품제조가공업,경기도,경기도 광주시
20140368344,2,1,1,(주)두리식품,식품제조가공업,경기도,경기도 광주시
20140368352,1,1,1,(주)견우마을 제2공장,식품제조가공업,경기도,경기도 광주시
20140368383,1,1,1,(주)애니참,식품제조가공업,경기도,경기도 광주시
20140368391,1,1,1,(주)해심,식품제조가공업,경기도,경기도 광주시
20140368452,4,2,2,농업회사법인 제이팜 주식회사,식품제조가공업,경기도,경기도 광주시
20140368460,2,2,2,아이찬,식품제조가공업,경기도,경기도 광주시
20140368617,1,1,1,주식회사 한바다푸드,식품제조가공업,경기도,경기도 광주시
20140368660,20,10,8,(주)자임에프앤비,식품제조가공업,경기도,경기도 광주시
20140368917,2,2,2,선우씨푸드,식품제조가공업,경기도,경기도 광주시
20140368922,1,1,1,한국오가닉팜 농업회사법인 주식회사,식품제조가공업,경기도,경기도 광주시
20140370062,1,1,1,주식회사 대통기획,식품제조가공업,경기도,경기도 양주시
20140370192,5,5,5,(주)푸드장 양주,식품제조가공업,경기도,경기도 양주시
20140370315,6,3,3,(주)이남장식품,식품제조가공업,경기도,경기도 양주시
20140370389,1,1,1,주식회사 거성푸드,식품제조가공업,경기도,경기도 양주시
20140372021,1,1,1,애플빌,식품제조가공업,경기도,경기도 포천시
20140372028,3,3,2,보은식품,식품제조가공업,경기도,경기도 포천시
20140372072,4,2,2,로아푸드,식품제조가공업,경기도,경기도 포천시
20140372082,4,4,4,개성홍삼농산,식품제조가공업,경기도,경기도 포천시
20140372121,1,1,1,(주)진푸드시스템,식품제조가공업,경기도,경기도 포천시
20140372335,3,3,3,포천메디푸드팜영농조합,식품제조가공업,경기도,경기도 포천시
20140372393,1,1,1,해슬찬,식품제조가공업,경기도,경기도 포천시
20140372406,1,1,1,(주)밝은에프앤디,식품제조가공업,경기도,경기도 포천시
20140375096,7,7,4,대복영농조합법인,식품제조가공업,경기도,경기도 여주시
20140375137,2,2,2,더본푸드,식품제조가공업,경기도,경기도 여주시
20140375284,1,1,1,주식회사 털보농산,식품제조가공업,경기도,경기도 여주시
20140377130,1,1,1,운악산포도즙마일리영농조합법인,식품제조가공업,경기도,경기도 가평군
20140378244,4,4,4,에버그린 에버블루 협동조합,식품제조가공업,경기도,경기도 양평군
20140380650,2,2,1,농업회사법인주식회사홍가네식품푸드,식품제조가공업,강원특별자치도,강원특별자치도 춘천시
20140383160,2,2,2,농업회사법인 주식회사 돈덕,식품제조가공업,강원특별자치도,강원특별자치도 원주시
20140383230,1,1,1,네오라이프(주),식품제조가공업,강원특별자치도,강원특별자치도 원주시
20140383299,1,1,1,미찌푸드 주식회사,식품제조가공업,강원특별자치도,강원특별자치도 원주시
20140383355,1,1,1,"치악(부산방향)휴게소(우동,라면)",휴게음식점,강원특별자치도,강원특별자치도 원주시
20140383376,3,3,3,푸른초장,식품제조가공업,강원특별자치도,강원특별자치도 원주시
20140383409,1,1,1,치악(춘천방향)휴게소향미암,휴게음식점,강원특별자치도,강원특별자치도 원주시
20140383412,1,1,1,원주K-7저온센터,식품냉동.냉장업,강원특별자치도,강원특별자치도 원주시
20140383562,1,1,1,붓들레푸드,식품제조가공업,강원특별자치도,강원특별자치도 원주시
20140383601,1,1,1,대가떡집,식품제조가공업,강원특별자치도,강원특별자치도 원주시
20140386030,1,1,1,(주)씨오푸드,식품제조가공업,강원특별자치도,강원특별자치도 강릉시
20140386047,1,1,1,(주)농업회사법인 퀸비애그리푸드,식품제조가공업,강원특별자치도,강원특별자치도 강릉시
20140386326,1,1,1,진양씨푸드,식품제조가공업,강원특별자치도,강원특별자치도 강릉시
20140386405,2,2,2,자반고래밥,식품제조가공업,강원특별자치도,강원특별자치도 강릉시
20140386434,2,2,2,블루강주식회사,식품제조가공업,강원특별자치도,강원특별자치도 강릉시
20140386508,5,5,3,마음바른농부 영농조합법인,식품제조가공업,강원특별자치도,강원특별자치도 강릉시
20140386671,1,1,1,(주)아이배냇경포푸드,식품제조가공업,강원특별자치도,강원특별자치도 강릉시
20140392126,5,5,4,태양식품,식품제조가공업,강원특별자치도,강원특별자치도 속초시
20140392165,3,3,3,주식회사과자의성,식품제조가공업,강원특별자치도,강원특별자치도 속초시
20140392385,1,1,1,하나수산,식품제조가공업,강원특별자치도,강원특별자치도 속초시
20140394041,2,2,2,한두레영농조합법인,식품제조가공업,강원특별자치도,강원특별자치도 홍천군
20140394102,3,3,2,농업회사법인삼명장주식회사,식품제조가공업,강원특별자치도,강원특별자치도 홍천군
20140394133,3,3,3,홍천군농산물가공지원센터,식품제조가공업,강원특별자치도,강원특별자치도 홍천군
20140394141,2,2,2,주식회사디아이홍천지점,식품제조가공업,강원특별자치도,강원특별자치도 홍천군
20140395009,5,5,5,(주)파낙스코리아,식품제조가공업,강원특별자치도,강원특별자치도 횡성군
20140395031,1,1,1,강원청정클러스터,식품제조가공업,강원특별자치도,강원특별자치도 횡성군
20140395066,2,2,2,주식회사 초록에프앤비(F&B),식품제조가공업,강원특별자치도,강원특별자치도 횡성군
20140395107,1,1,1,엔제리너스,휴게음식점,강원특별자치도,강원특별자치도 횡성군
20140396064,2,2,2,농업회사법인주식회사오투엠,식품제조가공업,강원특별자치도,강원특별자치도 영월군
20140397037,3,3,3,대관령원예농협 산지유통사업소,식품제조가공업,강원특별자치도,강원특별자치도 평창군
20140397073,1,1,1,대관령원예농협 채소사업소,식품제조가공업,강원특별자치도,강원특별자치도 평창군
20140398001,1,1,1,정선군산림조합(임산물산지종합유통센터),식품제조가공업,강원특별자치도,강원특별자치도 정선군
20140398054,3,3,3,(주)화양에프앤씨,식품제조가공업,강원특별자치도,강원특별자치도 정선군
20140398078,5,5,5,정선군농업기술센터,식품제조가공업,강원특별자치도,강원특별자치도 정선군
20140399043,1,1,1,철원신가네여주농장,식품제조가공업,강원특별자치도,강원특별자치도 철원군
20140399053,2,2,2,"농업회사법인(주)씨더블앤비 팜(CW&B Farm. Co. ,Ltd.)",식품제조가공업,강원특별자치도,강원특별자치도 철원군
20140403004,2,2,2,농업회사법인 대농(주),식품제조가공업,강원특별자치도,강원특별자치도 고성군
20140403016,2,2,2,(주)한국바이오플랜트 2공장,식품제조가공업,강원특별자치도,강원특별자치도 고성군
20140404113,1,1,1,송림조산한과,식품제조가공업,강원특별자치도,강원특별자치도 양양군
20140415009,1,1,1,(주)천마하나로 푸드시스템,식품제조가공업,충청북도,충청북도 청주시
20140415046,1,1,1,하늘색(주),식품제조가공업,충청북도,충청북도 청주시
20140415048,1,1,1,영농조합법인 청원유기농,식품제조가공업,충청북도,충청북도 청주시
20140415051,1,1,1,루스터커피,식품제조가공업,충청북도,충청북도 청주시
20140415055,1,1,1,초사랑,식품제조가공업,충청북도,충청북도 청주시
20140415072,5,5,5,(주)팜스코,식품제조가공업,충청북도,충청북도 청주시
20140415097,3,3,3,주식회사 쿡소스,식품제조가공업,충청북도,충청북도 청주시
20140415114,1,1,1,오드레미영농조합법인,식품제조가공업,충청북도,충청북도 청주시
20140415128,1,1,1,(주)곡물면가,식품제조가공업,충청북도,충청북도 청주시
20140415130,1,1,1,(주)다지고 하운농산,식품제조가공업,충청북도,충청북도 청주시
20140415135,6,3,3,(주)에이원바이오,식품제조가공업,충청남도,충청남도 아산시
20140421379,1,1,1,(부)보림로지스틱스 죽암(던킨도너츠 외),휴게음식점,충청북도,충청북도 청주시
20140433227,2,2,2,농업회사법인오르피아(주),식품제조가공업,충청북도,충청북도 충주시
20140433240,2,2,2,농업회사법인주식회사유기샘,식품제조가공업,충청북도,충청북도 충주시
20140433353,1,1,1,(주)씨앤에스푸드,식품제조가공업,충청북도,충청북도 충주시
20140433363,2,2,1,(주)디에이치푸드농업회사법인,식품제조가공업,충청북도,충청북도 충주시
20140433385,3,3,3,주식회사미드림,식품제조가공업,충청북도,충청북도 충주시
20140435077,2,2,2,건강마을,식품제조가공업,충청북도,충청북도 제천시
20140435098,5,4,4,(주)아워홈,식품제조가공업,충청북도,충청북도 제천시
20140435258,1,1,1,햇살식품,식품제조가공업,충청북도,충청북도 제천시
20140440079,2,2,2,(주)담은식품,식품제조가공업,충청북도,충청북도 옥천군
20140440080,3,3,2,농업회사법인(주)은혜농산,식품제조가공업,충청북도,충청북도 옥천군
20140440104,1,1,1,명송글로벌(주),식품제조가공업,충청북도,충청북도 옥천군
20140440113,1,1,1,(주)이담,식품제조가공업,충청북도,충청북도 옥천군
20140440138,4,4,4,향미김치,식품제조가공업,충청북도,충청북도 옥천군
20140441013,26,14,14,(주)아오스,식품제조가공업,충청북도,충청북도 영동군
20140441030,2,1,1,농업회사법인 주식회사 정원식품,식품제조가공업,충청북도,충청북도 영동군
20140442037,1,1,1,증평농수축특산물유통영농조합법인,식품제조가공업,충청북도,충청북도 증평군
20140442073,4,4,3,(주)청가원,식품제조가공업,충청북도,충청북도 증평군
20140443002,6,6,6,리치밀제2공장,식품제조가공업,충청북도,충청북도 진천군
20140443099,10,10,10,(주)휴온스엔,식품제조가공업,충청북도,충청북도 진천군
20140443112,1,1,1,(주)천년애푸드,식품제조가공업,충청북도,충청북도 진천군
20140443124,1,1,1,맹여사푸드,식품제조가공업,충청북도,충청북도 진천군
20140443131,2,2,2,(주)킹스코,식품제조가공업,충청북도,충청북도 진천군
20140443208,3,3,3,(주)리더스바이오텍,식품제조가공업,충청북도,충청북도 진천군
20140443256,7,7,6,(주)가온푸드,식품제조가공업,충청북도,충청북도 진천군
20140444028,1,1,1,농업회사법인 한살림축산식품 유한회사 괴산지점,식품제조가공업,충청북도,충청북도 괴산군
20140444093,5,5,5,농업회사법인주식회사 해피푸르츠,식품제조가공업,충청북도,충청북도 괴산군
20140444104,3,3,2,농업회사법인 내추럴쿡 주식회사,식품제조가공업,충청북도,충청북도 괴산군
20140445002,7,7,6,주식회사 창의씨앤알,식품제조가공업,충청북도,충청북도 음성군
20140445059,1,1,1,(주)홍초농산,식품제조가공업,충청북도,충청북도 음성군
20140445217,1,1,1,으뜸식품,식품제조가공업,충청북도,충청북도 음성군
20140445267,1,1,1,에스제이농산(주),식품제조가공업,충청북도,충청북도 음성군
20140445270,5,5,4,푸드에이스,식품제조가공업,충청북도,충청북도 음성군
20140445285,1,1,1,농업회사법인 (주)제일비젼프라임,식품제조가공업,충청북도,충청북도 음성군
20140449008,2,2,1,농업회사법인(주)병천순대,식품제조가공업,충청남도,충청남도 천안시
20140449016,1,1,1,(주)능수제과옛날호두과자,식품제조가공업,충청남도,충청남도 천안시
20140449018,6,6,5,(주)상신종합식품 제2공장,식품제조가공업,충청남도,충청남도 천안시
20140449021,2,2,2,어업회사법인(주)비젼푸드,식품제조가공업,충청남도,충청남도 천안시
20140449023,2,2,2,주식회사 다솜식품,식품제조가공업,충청남도,충청남도 천안시
20140449027,1,1,1,주식회사 기운찬,식품제조가공업,충청남도,충청남도 천안시
20140449032,3,3,3,(주)유담,식품제조가공업,충청남도,충청남도 천안시
20140449034,2,2,2,농업회사법인주식회사산들강,식품제조가공업,충청남도,충청남도 천안시
20140449036,1,1,1,주식회사대서푸드,식품제조가공업,충청남도,충청남도 천안시
20140449062,2,2,2,주식회사장보고통상천안공장,식품제조가공업,충청남도,충청남도 천안시
20140450164,1,1,1,천안호두휴게소덮밥,휴게음식점,충청남도,충청남도 천안시
20140450165,1,1,1,천안휴게소명동칼국수,휴게음식점,충청남도,충청남도 천안시
20140450166,1,1,1,천안호두휴게소우동,휴게음식점,충청남도,충청남도 천안시
20140450167,1,1,1,천안호두휴게소한식,휴게음식점,충청남도,충청남도 천안시
20140450168,1,1,1,천안호두휴게소중식,휴게음식점,충청남도,충청남도 천안시
20140450169,1,1,1,천안호두휴게소비비큐돈까스,휴게음식점,충청남도,충청남도 천안시
20140450495,1,1,1,천안호두휴게소라면,휴게음식점,충청남도,충청남도 천안시
20140450580,1,1,1,(주)보림로지스틱스천안호두나무,휴게음식점,충청남도,충청남도 천안시
20140458003,1,1,1,주식회사바이언드,식품제조가공업,충청남도,충청남도 공주시
20140458116,1,1,1,주식회사푸름,식품제조가공업,충청남도,충청남도 공주시
20140459039,1,1,1,(주)대천본가김,식품제조가공업,충청남도,충청남도 보령시
20140459040,4,2,2,주)북해도스위트코리아,식품제조가공업,충청남도,충청남도 보령시
20140461073,2,2,2,가가맛나,식품제조가공업,충청남도,충청남도 아산시
20140461111,2,2,2,굴다리영어조합법인,식품제조가공업,충청남도,충청남도 아산시
20140461359,2,2,2,여울식품,식품제조가공업,충청남도,충청남도 아산시
20140461458,1,1,1,주식회사 소풍,식품제조가공업,충청남도,충청남도 아산시
20140461470,1,1,1,농업회사법인(주)제이에스,식품제조가공업,충청남도,충청남도 아산시
20140461678,1,1,1,농업회사법인 두리손팜스(주),식품제조가공업,충청남도,충청남도 아산시
20140463002,2,2,2,송원식품,식품제조가공업,충청남도,충청남도 서산시
20140463036,1,1,1,(주)어업회사법인 간월도어리굴젓,식품제조가공업,충청남도,충청남도 서산시
20140463063,1,1,1,농업회사법인 주식회사 이든밥상,식품제조가공업,충청남도,충청남도 서산시
20140463257,2,2,2,농업회사법인 한길 주식회사,식품제조가공업,충청남도,충청남도 서산시
20140464002,3,3,3,농업회사법인(유)새동네,식품제조가공업,충청남도,충청남도 논산시
20140464010,1,1,1,해그린,식품제조가공업,충청남도,충청남도 논산시
20140464047,10,2,2,농업회사법인 주식회사 산들본가,식품제조가공업,세종특별자치시,세종특별자치시
20140464061,7,7,5,내고향젓갈,식품제조가공업,충청남도,충청남도 논산시
20140464175,2,1,1,(주)알볼로푸드시스템,식품제조가공업,경기도,경기도 이천시
20140464204,1,1,1,농업회사법인상경에프앤비주식회사,식품제조가공업,충청남도,충청남도 논산시
20140464261,2,2,2,황지네이처농업회사법인(주),식품제조가공업,충청남도,충청남도 논산시
20140466024,5,5,5,주식회사 내담에프앤비(NAEDAM F&B),식품제조가공업,충청남도,충청남도 계룡시
20140466052,1,1,1,소이미푸드(주),식품제조가공업,충청남도,충청남도 계룡시
20140466090,1,1,1,논산계룡축협 계룡하나로마트,기타식품판매업,충청남도,충청남도 계룡시
20140467017,1,1,1,(주)다님길,식품제조가공업,충청남도,충청남도 금산군
20140467069,1,1,1,(주)케이알산업 인삼랜드(상)휴게소 인삼반상,휴게음식점,충청남도,충청남도 금산군
20140467092,3,3,3,농업회사법인보성파니피카주식회사금산공장,식품제조가공업,충청남도,충청남도 금산군
20140467114,2,2,2,(주)윤씨본가,식품제조가공업,충청남도,충청남도 금산군
20140467143,2,2,2,유한회사푸드온,식품제조가공업,충청남도,충청남도 금산군
20140467178,1,1,1,금산진생협동조합,식품제조가공업,충청남도,충청남도 금산군
20140467182,4,4,4,농업회사법인 천년홍삼유한회사,식품제조가공업,충청남도,충청남도 금산군
20140471034,3,3,3,(주)티엔농산,식품제조가공업,충청남도,충청남도 서천군
20140471117,1,1,1,은골뜨락애,식품제조가공업,충청남도,충청남도 서천군
20140471138,3,3,3,서천시장협동조합,식품제조가공업,충청남도,충청남도 서천군
20140472029,2,2,2,생활개선회농산물가공사업단영농법인,식품제조가공업,충청남도,충청남도 청양군
20140473001,1,1,1,(주)광천해오래수산식품,식품제조가공업,충청남도,충청남도 홍성군
20140473089,2,2,2,지엔에프산업,식품제조가공업,충청남도,충청남도 홍성군
20140473138,2,2,1,영어조합법인 최강식품,식품제조가공업,충청남도,충청남도 홍성군
20140473159,2,2,1,(주)광천다솔김,식품제조가공업,충청남도,충청남도 홍성군
20140473212,1,1,1,광천우리맛김 주식회사,식품제조가공업,충청남도,충청남도 홍성군
20140474162,2,2,2,예당네츄럴팜 농업회사법인 주식회사,식품제조가공업,충청남도,충청남도 예산군
20140475063,5,5,5,(주)미가온농업회사법인,식품제조가공업,충청남도,충청남도 태안군
20140475186,1,1,1,안면도유기농고추영농조합법인,식품제조가공업,충청남도,충청남도 태안군
20140478017,4,2,2,이고장식품,식품제조가공업,전북특별자치도,전북특별자치도 전주시
20140478337,1,1,1,깃발날리다,식품제조가공업,전북특별자치도,전북특별자치도 전주시
20140478879,1,1,1,(주)풍년제과본사(제1공장),식품제조가공업,전북특별자치도,전북특별자치도 전주시
20140481533,1,1,1,(주)천년미소전통식품,식품제조가공업,전북특별자치도,전북특별자치도 전주시
20140484001,3,3,3,(유)엘케이씨푸드,식품제조가공업,전북특별자치도,전북특별자치도 군산시
20140484018,3,3,3,(주)씨위드푸드,식품제조가공업,전북특별자치도,전북특별자치도 군산시
20140484020,2,2,2,진성유통,식품제조가공업,전북특별자치도,전북특별자치도 군산시
20140484066,2,2,2,군산시농산물가공지원센터 농부의식품공장,식품제조가공업,전북특별자치도,전북특별자치도 군산시
20140484315,1,1,1,주식회사 디엠씨,식품제조가공업,전북특별자치도,전북특별자치도 군산시
20140484336,2,2,2,(주)이성당 서수공장,식품제조가공업,전북특별자치도,전북특별자치도 군산시
20140484432,1,1,1,영어조합법인 코리아수산,식품제조가공업,전북특별자치도,전북특별자치도 군산시
20140484505,1,1,1,풍년보리원농장,식품제조가공업,전북특별자치도,전북특별자치도 군산시
20140484565,4,4,2,만해푸드,식품제조가공업,전북특별자치도,전북특별자치도 군산시
20140487007,1,1,1,농업회사법인유한회사신절랑,식품제조가공업,전북특별자치도,전북특별자치도 익산시
20140487131,2,2,2,(유)다해식품,식품제조가공업,전북특별자치도,전북특별자치도 익산시
20140487270,1,1,1,농업회사법인 주식회사 푸르메에프에스,식품제조가공업,전북특별자치도,전북특별자치도 익산시
20140487285,2,2,2,정우수산,식품제조가공업,전북특별자치도,전북특별자치도 익산시
20140487315,1,1,1,(유)대림푸드,식품소분업,전북특별자치도,전북특별자치도 익산시
20140487365,3,3,3,아로니아정원,식품제조가공업,전북특별자치도,전북특별자치도 익산시
20140487369,4,4,4,농업회사법인 주식회사 다고내,식품제조가공업,전북특별자치도,전북특별자치도 익산시
20140487469,1,1,1,지안농산,식품제조가공업,전북특별자치도,전북특별자치도 익산시
20140487487,2,2,2,(유)대림푸드,식품제조가공업,전북특별자치도,전북특별자치도 익산시
20140487494,2,2,1,(주)한남여산휴게소상행선제7호점,휴게음식점,전북특별자치도,전북특별자치도 익산시
20140487648,1,1,1,천만송이식품,식품제조가공업,전북특별자치도,전북특별자치도 익산시
20140490024,1,1,1,유한회사 두원,식품제조가공업,전북특별자치도,전북특별자치도 정읍시
20140490044,2,2,2,정읍수산그린청해,식품제조가공업,전북특별자치도,전북특별자치도 정읍시
20140490072,1,1,1,대풍년영농조합법인,식품제조가공업,전북특별자치도,전북특별자치도 정읍시
20140490202,1,1,1,으뜸농부협동조합,식품제조가공업,전북특별자치도,전북특별자치도 정읍시
20140490247,1,1,1,흙사랑농장 농업회사법인(유),식품제조가공업,전북특별자치도,전북특별자치도 정읍시
20140490293,1,1,1,농업회사법인유한회사 대원김치,식품제조가공업,전북특별자치도,전북특별자치도 정읍시
20140492002,1,1,1,예미담,식품제조가공업,전북특별자치도,전북특별자치도 남원시
20140492035,2,1,2,남원미꾸리추어탕협동조합,식품제조가공업,전북특별자치도,전북특별자치도 남원시
20140492092,2,2,2,해송수산,식품제조가공업,전북특별자치도,전북특별자치도 남원시
20140492102,1,1,1,이른아침사과농원,식품제조가공업,전북특별자치도,전북특별자치도 남원시
20140493006,1,1,1,금모래마당,식품제조가공업,전북특별자치도,전북특별자치도 김제시
20140493007,3,3,3,황토영농조합법인,식품제조가공업,전북특별자치도,전북특별자치도 김제시
20140493010,2,2,2,부안수산,식품제조가공업,전북특별자치도,전북특별자치도 김제시
20140493107,1,1,1,농업회사법인라비엘주식회사,식품제조가공업,전북특별자치도,전북특별자치도 김제시
20140493115,3,3,3,전북김제지역자활센터(해락),식품제조가공업,전북특별자치도,전북특별자치도 김제시
20140493149,1,1,1,해풍친환경영농조합법인,식품제조가공업,전북특별자치도,전북특별자치도 김제시
20140493171,2,2,2,(주)웰그린김제공장,식품제조가공업,전북특별자치도,전북특별자치도 김제시
20140494036,1,1,1,농업회사법인주식회사어라하,식품제조가공업,전북특별자치도,전북특별자치도 완주군
20140494086,2,2,2,우리밀콩두부과자,식품제조가공업,전북특별자치도,전북특별자치도 완주군
20140494101,2,2,2,협동조합 하루방아,식품제조가공업,전북특별자치도,전북특별자치도 완주군
20140494158,1,1,1,(유)동아유통,식품제조가공업,전북특별자치도,전북특별자치도 완주군
20140494197,5,5,5,봉동식품삼례,식품제조가공업,전북특별자치도,전북특별자치도 완주군
20140494215,3,3,3,미소공주,식품제조가공업,전북특별자치도,전북특별자치도 완주군
20140495002,1,1,1,글로리아 홍삼,식품제조가공업,전북특별자치도,전북특별자치도 진안군
20140495005,7,7,7,진안군농산물종합가공센터,식품제조가공업,전북특별자치도,전북특별자치도 진안군
20140495015,2,2,2,(주)에코파낙스,식품제조가공업,전북특별자치도,전북특별자치도 진안군
20140495025,6,6,6,씨제이웰케어(주) 진안공장,식품제조가공업,전북특별자치도,전북특별자치도 진안군
20140496003,3,3,3,산마을영농조합법인,식품제조가공업,전북특별자치도,전북특별자치도 무주군
20140496008,1,1,1,주식회사 무주웰 농업회사법인,식품제조가공업,전북특별자치도,전북특별자치도 무주군
20140496065,16,16,13,농업회사법인 데이웰(주),식품제조가공업,전북특별자치도,전북특별자치도 무주군
20140498018,1,1,1,유한회사 명인,식품제조가공업,전북특별자치도,전북특별자치도 임실군
20140498039,2,2,2,임실농부(주),식품제조가공업,전북특별자치도,전북특별자치도 임실군
20140498041,6,6,6,임실군농산물가공센터,식품제조가공업,전북특별자치도,전북특별자치도 임실군
20140498072,1,1,1,농업회사법인주식회사더진한,식품제조가공업,전북특별자치도,전북특별자치도 임실군
20140499006,1,1,1,농업회사법인 우리궁 유한회사,식품제조가공업,전북특별자치도,전북특별자치도 순창군
20140499015,6,6,5,순창청정매실영농조합법인,식품제조가공업,전북특별자치도,전북특별자치도 순창군
20140499048,1,1,1,섬진강부각영농조합법인,식품제조가공업,전북특별자치도,전북특별자치도 순창군
20140500052,2,2,2,하랑농장,식품제조가공업,전북특별자치도,전북특별자치도 고창군
20140500064,1,1,1,두레영농조합법인,식품제조가공업,전북특별자치도,전북특별자치도 고창군
20140500065,5,5,5,재단법인 고창식품산업연구원,식품제조가공업,전북특별자치도,전북특별자치도 고창군
20140500074,1,1,1,고창백련영농조합,식품제조가공업,전북특별자치도,전북특별자치도 고창군
20140501029,3,3,2,부안참뽕가공센터,식품제조가공업,전북특별자치도,전북특별자치도 부안군
20140501112,1,1,1,해한들영어조합법인,식품제조가공업,전북특별자치도,전북특별자치도 부안군
20140501113,11,11,4,지산지공영농조합법인,식품제조가공업,전북특별자치도,전북특별자치도 부안군
20140501168,1,1,1,부안오디누에,식품제조가공업,전북특별자치도,전북특별자치도 부안군
20140501201,1,1,1,농업회사법인유한회사거상,식품제조가공업,전북특별자치도,전북특별자치도 부안군
20140503610,1,1,1,제이농산,식품제조가공업,전남광주통합특별시,전남광주통합특별시 목포시
20140503640,1,1,1,명도자립센터,식품제조가공업,전남광주통합특별시,전남광주통합특별시 목포시
20140506395,1,1,1,금오도방풍영농조합법인,식품제조가공업,전남광주통합특별시,전남광주통합특별시 여수시
20140506502,5,5,5,(주)자연의 명가,식품제조가공업,전남광주통합특별시,전남광주통합특별시 여수시
20140506584,2,2,2,(주)톡김치,식품제조가공업,전남광주통합특별시,전남광주통합특별시 여수시
20140506613,1,1,1,(주)쿠키아,식품제조가공업,전남광주통합특별시,전남광주통합특별시 여수시
20140509275,1,1,1,위즈코프(주) 주암(천안방향 휴게소),일반음식점,전남광주통합특별시,전남광주통합특별시 순천시
20140512029,5,3,4,(주)남선팜투베이비,식품제조가공업,전남광주통합특별시,전남광주통합특별시 나주시
20140512050,1,1,1,유한회사 나우리,식품제조가공업,전남광주통합특별시,전남광주통합특별시 나주시
20140512130,2,2,2,자연미담,식품제조가공업,전남광주통합특별시,전남광주통합특별시 나주시
20140512224,11,11,9,주)짱죽,식품제조가공업,전남광주통합특별시,전남광주통합특별시 나주시
20140515019,6,6,4,농업회사법인(주) 자연식품,식품제조가공업,전남광주통합특별시,전남광주통합특별시 담양군
20140517007,1,1,1,들찬밀드림농업회사법인,식품제조가공업,전남광주통합특별시,전남광주통합특별시 구례군
20140517020,2,2,2,농업회사법인(주)두레,식품제조가공업,전남광주통합특별시,전남광주통합특별시 구례군
20140518012,2,2,2,맑고밝고따뜻한협동조합,식품제조가공업,전남광주통합특별시,전남광주통합특별시 고흥군
20140518057,6,6,6,케이팜 주식회사,식품제조가공업,전남광주통합특별시,전남광주통합특별시 고흥군
20140518106,3,3,3,자연락김치,식품제조가공업,전남광주통합특별시,전남광주통합특별시 고흥군
20140520058,6,3,3,초정(초井),식품제조가공업,전남광주통합특별시,전남광주통합특별시 화순군
20140520098,1,1,1,농업회사법인(주)자미담,식품제조가공업,전남광주통합특별시,전남광주통합특별시 화순군
20140521002,1,1,1,자연의 선물 영어조합법인,식품제조가공업,전남광주통합특별시,전남광주통합특별시 장흥군
20140521009,1,1,1,(주)현대푸드,식품제조가공업,전남광주통합특별시,전남광주통합특별시 장흥군
20140522036,3,3,3,(주)남도농산,식품제조가공업,전남광주통합특별시,전남광주통합특별시 강진군
20140523034,1,1,1,농업회사법인 봄 주식회사,식품제조가공업,전남광주통합특별시,전남광주통합특별시 해남군
20140523035,2,2,1,농업회사법인(주) 황금마을,식품제조가공업,전남광주통합특별시,전남광주통합특별시 해남군
20140523063,1,1,1,천사의땅영농조합법인,식품제조가공업,전남광주통합특별시,전남광주통합특별시 해남군
20140523107,3,3,3,농업법인하민주식회사,식품제조가공업,전남광주통합특별시,전남광주통합특별시 해남군
20140523133,3,3,3,해남들영농조합법인,식품제조가공업,전남광주통합특별시,전남광주통합특별시 해남군
20140525033,2,2,2,농업회사법인(주)초록당,식품제조가공업,전남광주통합특별시,전남광주통합특별시 무안군
20140525068,5,5,5,어업회사법인케이솔트(주),식품제조가공업,전남광주통합특별시,전남광주통합특별시 무안군
20140525080,2,2,2,무안백제농산영농조합법인,식품제조가공업,전남광주통합특별시,전남광주통합특별시 무안군
20140525203,1,1,1,매봉농산물산지유통센터,식품제조가공업,전남광주통합특별시,전남광주통합특별시 무안군
20140525215,1,1,1,황토마을 영농조합법인,식품제조가공업,전남광주통합특별시,전남광주통합특별시 무안군
20140527057,1,1,1,영농조합법인 풍경,식품제조가공업,전남광주통합특별시,전남광주통합특별시 영광군
20140527079,2,2,1,홍익굴비,식품제조가공업,전남광주통합특별시,전남광주통합특별시 영광군
20140527105,1,1,1,태평양굴비수산,식품제조가공업,전남광주통합특별시,전남광주통합특별시 영광군
20140527106,1,1,1,자린고비 주식회사,식품제조가공업,전남광주통합특별시,전남광주통합특별시 영광군
20140528024,2,2,2,농업회사법인 다다채 주식회사,식품제조가공업,전남광주통합특별시,전남광주통합특별시 장성군
20140529008,7,7,7,완도전복주식회사,식품제조가공업,전남광주통합특별시,전남광주통합특별시 완도군
20140529085,4,4,4,주식회사 제이에스코리아,식품제조가공업,전남광주통합특별시,전남광주통합특별시 완도군
20140529092,2,2,2,완도바다식품제2공장,식품제조가공업,전남광주통합특별시,전남광주통합특별시 완도군
20140529107,3,3,3,다시마전복수산 영어조합법인,식품제조가공업,전남광주통합특별시,전남광주통합특별시 완도군
20140531007,2,2,2,어업회사법인 (주)참신안수산,식품제조가공업,전남광주통합특별시,전남광주통합특별시 신안군
20140531057,1,1,1,어업회사법인신안우럭주식회사,식품제조가공업,전남광주통합특별시,전남광주통합특별시 신안군
20140531074,2,2,2,신안늘푸른농원,식품제조가공업,전남광주통합특별시,전남광주통합특별시 신안군
20140531075,1,1,1,신안1004자연산굴영어조합법인,식품제조가공업,전남광주통합특별시,전남광주통합특별시 신안군
20140533034,1,1,1,포항나누우리터(포항황금수산),식품제조가공업,경상북도,경상북도 포항시
20140533049,1,1,1,포항블루베리농원,식품제조가공업,경상북도,경상북도 포항시
20140533071,2,2,2,향기제작소,식품제조가공업,경상북도,경상북도 포항시
20140533098,2,2,2,국민농수산영농조합법인,식품제조가공업,경상북도,경상북도 포항시
20140538447,1,1,1,주)경주제과,식품제조가공업,경상북도,경상북도 경주시
20140538483,2,2,2,해뜰종합식품,식품제조가공업,경상북도,경상북도 경주시
20140541143,5,5,5,롯데웰푸드(주),식품제조가공업,경상북도,경상북도 김천시
20140543140,1,1,1,농부의 선물,식품제조가공업,경상북도,경상북도 안동시
20140543156,2,2,1,농업회사법인 주식회사 더끌림,식품제조가공업,경상북도,경상북도 안동시
20140543254,3,3,2,주식회사 부용비엔에프,식품제조가공업,경상북도,경상북도 안동시
20140543282,2,2,2,농업회사법인(주) 안동애FNH,식품제조가공업,경상북도,경상북도 안동시
20140543353,2,2,2,건강밥상,식품제조가공업,경상북도,경상북도 안동시
20140543414,1,1,1,(주)태산에프앤에스,식품제조가공업,경상북도,경상북도 안동시
20140548662,1,1,1,진우수산,식품제조가공업,경상북도,경상북도 구미시
20140554035,6,6,6,친환경풍기인삼영농조합법인,식품제조가공업,경상북도,경상북도 영주시
20140554099,1,1,1,주식회사나드리푸드,식품제조가공업,경상북도,경상북도 영주시
20140554124,3,3,3,선비촌김치,식품제조가공업,경상북도,경상북도 영주시
20140554197,2,2,2,두리랑,식품제조가공업,경상북도,경상북도 영주시
20140555022,1,1,1,청향제,식품제조가공업,경상북도,경상북도 영천시
20140556075,3,3,3,농업회사법인 주식회사 초마루,식품제조가공업,경상북도,경상북도 상주시
20140556090,1,1,1,농업회사법인 주식회사 팜드리,식품제조가공업,경상북도,경상북도 상주시
20140556101,5,5,5,농업회사법인 주식회사 몽연,식품제조가공업,경상북도,경상북도 상주시
20140556108,1,1,1,한미래식품,식품제조가공업,경상북도,경상북도 상주시
20140556172,4,4,4,오손도손F3,식품제조가공업,경상북도,경상북도 상주시
20140558002,1,1,1,상하식품,식품제조가공업,경상북도,경상북도 문경시
20140558015,1,1,1,토끼와 옹달샘,식품제조가공업,경상북도,경상북도 문경시
20140558038,1,1,1,봄이네,식품제조가공업,경상북도,경상북도 문경시
20140558048,1,1,1,애플버드,식품제조가공업,경상북도,경상북도 문경시
20140558088,3,3,1,문경새재뻥마을,식품제조가공업,경상북도,경상북도 문경시
20140558107,1,1,1,산양한과,식품제조가공업,경상북도,경상북도 문경시
20140558137,2,2,2,문경새재사과나무,식품제조가공업,경상북도,경상북도 문경시
20140560092,1,1,1,와촌휴게소 심스커피,휴게음식점,경상북도,경상북도 경산시
20140560123,6,3,3,주식회사평강푸드,식품제조가공업,경상북도,경상북도 청송군
20140560241,1,1,1,라그리마커피,식품제조가공업,경상북도,경상북도 경산시
20140560554,3,3,3,태양제과식품,식품제조가공업,경상북도,경상북도 경산시
20140564002,2,2,2,솔향영농조합법인,식품제조가공업,경상북도,경상북도 청송군
20140564008,1,1,1,청송군사과가공지원센터,식품제조가공업,경상북도,경상북도 청송군
20140565018,3,3,2,참자연마을 영농조합법인,식품제조가공업,경상북도,경상북도 영양군
20140566009,3,3,3,농업회사법인 미스터돌 주식회사,식품제조가공업,경상북도,경상북도 영덕군
20140566073,1,1,1,영덕수산식품,식품제조가공업,경상북도,경상북도 영덕군
20140567081,2,2,2,청도산골농장,식품제조가공업,경상북도,경상북도 청도군
20140568014,2,2,2,쌍림농협농산물가공센터,식품제조가공업,경상북도,경상북도 고령군
20140568042,1,1,1,(주)밥달라스,식품제조가공업,경상북도,경상북도 고령군
20140568044,1,1,1,동산식품,식품제조가공업,경상북도,경상북도 고령군
20140569004,4,4,4,주식회사 천효,식품제조가공업,경상북도,경상북도 성주군
20140570164,1,1,1,(주)참존비엔에프,식품제조가공업,경상북도,경상북도 칠곡군
20140572004,2,2,1,봉화군조합공동사업법인,식품제조가공업,경상북도,경상북도 봉화군
20140595057,3,3,3,(주)수협중매인푸드,식품제조가공업,경상남도,경상남도 창원시
20140595142,1,1,1,금진수산,식품제조가공업,경상남도,경상남도 창원시
20140595156,6,3,3,오키푸드,식품제조가공업,경상남도,경상남도 창원시
20140595226,1,1,1,분부골 순금이네 국화된장,식품제조가공업,경상남도,경상남도 창원시
20140595415,1,1,1,주봉식품,식품제조가공업,경상남도,경상남도 창원시
20140597282,2,2,2,가고파힐링푸드 농업회사법인 주식회사,식품제조가공업,경상남도,경상남도 창원시
20140599032,1,1,1,(주)진원무역,식품제조가공업,경상남도,경상남도 창원시
20140601224,1,1,1,(주)글루칸,식품제조가공업,경상남도,경상남도 진주시
20140601430,2,1,1,주식회사 깐깐한여니씨,식품제조가공업,부산광역시,부산광역시 남구
20140601541,9,9,8,(주)한생바이오,식품제조가공업,경상남도,경상남도 진주시
20140601815,5,5,5,농업회사법인(주) 채움,식품제조가공업,경상남도,경상남도 진주시
20140604088,2,2,2,신흥식품,식품제조가공업,경상남도,경상남도 통영시
20140604231,1,1,1,주식회사 한일식품,식품제조가공업,경상남도,경상남도 통영시
20140606024,1,1,1,(주)동림,식품제조가공업,경상남도,경상남도 사천시
20140606085,2,2,2,우리바다,식품제조가공업,경상남도,경상남도 사천시
20140606092,3,3,3,원정푸드,식품제조가공업,경상남도,경상남도 사천시
20140606177,2,2,2,(주)동성,식품제조가공업,경상남도,경상남도 사천시
20140606191,1,1,1,죽방렴영어조합법인,식품제조가공업,경상남도,경상남도 사천시
20140606325,1,1,1,송아영농조합법인,식품제조가공업,경상남도,경상남도 사천시
20140607077,1,1,1,(주)신화엠에스,식품제조가공업,경상남도,경상남도 김해시
20140607134,1,1,1,신양식품,식품제조가공업,경상남도,경상남도 김해시
20140607164,1,1,1,농업회사법인 주식회사 진양푸드,식품제조가공업,경상남도,경상남도 김해시
20140607385,4,4,4,(주)대신물산 제2공장,식품제조가공업,경상남도,경상남도 김해시
20140607614,2,1,1,한보D&F,식품제조가공업,경상북도,경상북도 경산시
20140607669,1,1,1,회현마을공동체 회현당 사회적협동조합,식품제조가공업,경상남도,경상남도 김해시
20140608009,1,1,1,주식회사 착한떡,식품제조가공업,경상남도,경상남도 김해시
20140608047,1,1,1,우현식품,식품제조가공업,경상남도,경상남도 김해시
20140608086,6,3,3,(주)에코밀,식품제조가공업,경상남도,경상남도 양산시
20140611010,2,1,1,더치스타일,식품제조가공업,경상남도,경상남도 밀양시
20140611163,1,1,1,가야술빵,식품제조가공업,경상남도,경상남도 밀양시
20140611214,3,3,3,대추지예,식품제조가공업,경상남도,경상남도 밀양시
20140611241,3,3,3,농업회사법인 돈박(주),식품제조가공업,경상남도,경상남도 밀양시
20140612266,5,5,5,영농조합법인 물댄동산,식품제조가공업,경상남도,경상남도 거제시
20140612409,2,2,2,(주)몽돌빵,식품제조가공업,경상남도,경상남도 거제시
20140614094,5,5,5,주식회사 한일에프앤비(F&B),식품제조가공업,경상남도,경상남도 양산시
20140614585,3,3,3,(주)비비에프(BBF),식품제조가공업,경상남도,경상남도 양산시
20140614685,1,1,1,유니본,식품제조가공업,경상남도,경상남도 양산시
20140616017,2,2,1,주식회사 할매손 의령지점,식품제조가공업,경상남도,경상남도 의령군
20140616022,5,4,5,(주)피피이씨에프에프,식품제조가공업,경상남도,경상남도 의령군
20140617067,1,1,1,아지매촌국수,휴게음식점,경상남도,경상남도 함안군
20140617170,1,1,1,함안(순천방향)휴게소 10호점,휴게음식점,경상남도,경상남도 함안군
20140618021,1,1,1,새한식품 주식회사,식품제조가공업,경상남도,경상남도 창녕군
20140619014,1,1,1,농업회사법인주식회사맥소반,식품제조가공업,경상남도,경상남도 고성군
20140621023,1,1,1,해나래영농조합법인,식품제조가공업,경상남도,경상남도 하동군
20140623056,1,1,1,선비원 농업회사법인 주식회사,식품제조가공업,경상남도,경상남도 함양군
20140624140,1,1,1,아침햇떡,식품제조가공업,경상남도,경상남도 거창군
20140627114,1,1,1,영어조합법인 제주크린푸드,식품제조가공업,제주특별자치도,제주특별자치도 제주시
20140627240,1,1,1,구좌농업협동조합유통센터,식품제조가공업,제주특별자치도,제주특별자치도 제주시
20140627652,2,2,2,더불어 주식회사,식품제조가공업,제주특별자치도,제주특별자치도 제주시
20140627715,9,9,8,(주)비케이바이오,식품제조가공업,제주특별자치도,제주특별자치도 제주시
20140628090,1,1,1,제주하나로식품,식품제조가공업,제주특별자치도,제주특별자치도 제주시
20140628108,4,4,4,주식회사에버그린제이,식품제조가공업,제주특별자치도,제주특별자치도 제주시
20140628254,1,1,1,주식회사제키스 제2공장,식품제조가공업,제주특별자치도,제주특별자치도 제주시
20140628300,1,1,1,농업회사법인(주)올레산야초,식품제조가공업,제주특별자치도,제주특별자치도 제주시
20140628432,5,5,4,주식회사제주자연초농업회사법인,식품제조가공업,제주특별자치도,제주특별자치도 제주시
20140631132,1,1,1,(주)휴럼,식품제조가공업,제주특별자치도,제주특별자치도 서귀포시
20140631295,2,2,2,청정제주녹차 영농조합법인,식품제조가공업,제주특별자치도,제주특별자치도 서귀포시
20150008008,1,1,1,울진군산림조합 명품주류제조사업부,식품제조가공업(주류),경상북도,경상북도 울진군
20150012054,3,3,3,롯데칠성음료(주)청주공장,식품제조가공업(주류),충청북도,충청북도 청주시
20150033592,4,2,2,1964 베이커리,식품제조가공업,서울특별시,서울특별시 마포구
20150033767,1,1,1,주식회사 오키스비스테까,식품제조가공업,서울특별시,서울특별시 용산구
20150036122,10,5,5,농업회사법인푸른산주식회사,식품제조가공업,서울특별시,서울특별시 동대문구
20150036151,1,1,1,주식회사 인테그리티그룹,식품제조가공업,서울특별시,서울특별시 성동구
20150036460,3,1,1,방앗간팩토리,식품제조가공업,경기도,경기도 하남시
20150042431,3,1,1,대화농산,식품제조가공업,서울특별시,서울특별시 동대문구
20150042546,6,2,2,천잠식품,식품제조가공업,서울특별시,서울특별시 성동구
20150046096,2,1,1,삼성유기급식사업단 영농조합법인,식품소분업,경기도,경기도 남양주시
20150063219,2,1,1,한옥마을,식품제조가공업,경기도,경기도 김포시
20150063562,4,2,2,(주)마나에프앤비,식품제조가공업,경기도,경기도 고양시
20150069805,1,1,1,은진팩토리,식품제조가공업,서울특별시,서울특별시 마포구
20150070051,4,2,2,키푸드,식품제조가공업,서울특별시,서울특별시 강서구
20150084332,1,1,1,(주)에쎄레,식품제조가공업,서울특별시,서울특별시 금천구
20150084357,2,2,2,빅푸드시스템,식품제조가공업,서울특별시,서울특별시 금천구
20150086327,3,1,1,회풍식품(주),식품제조가공업,경기도,경기도 남양주시
20150086331,10,5,5,(주)넥스트키친,식품제조가공업,서울특별시,서울특별시 영등포구
20150091585,3,1,1,휴오스케이,식품제조가공업,경기도,경기도 수원시
20150099642,2,1,1,마이디주스 강남점,즉석판매제조가공업,서울특별시,서울특별시 서초구
20150105365,4,2,2,(주)프렙,식품제조가공업,서울특별시,서울특별시 강남구
20150105414,2,2,2,(주)상진제과,식품제조가공업,서울특별시,서울특별시 강남구
20150106272,1,1,1,한우리음식,식품제조가공업,서울특별시,서울특별시 강남구
20150106273,6,2,2,리츠빈,식품제조가공업,서울특별시,서울특별시 강남구
20150107547,1,1,1,메종드조에,식품제조가공업,서울특별시,서울특별시 강남구
20150120006,2,1,1,주식회사 웰하임,식품제조가공업,서울특별시,서울특별시 강동구
20150120913,2,1,1,(주)가비트리,식품제조가공업,전북특별자치도,전북특별자치도 순창군
20150128059,3,3,3,해미르수산,식품제조가공업,부산광역시,부산광역시 서구
20150128061,3,3,3,송가수산 주식회사,식품제조가공업,부산광역시,부산광역시 서구
20150128064,4,4,4,지나푸드(주),식품제조가공업,부산광역시,부산광역시 서구
20150128080,2,2,2,해농수산(주) 부산지점,식품제조가공업,부산광역시,부산광역시 서구
20150128089,12,6,6,(주)동해로씨푸드,식품제조가공업,부산광역시,부산광역시 사하구
20150128107,5,5,4,(주)비산,식품제조가공업,부산광역시,부산광역시 서구
20150128134,4,4,4,주식회사 백화,식품제조가공업,부산광역시,부산광역시 서구
20150128152,2,2,2,(주)명진에스에프,식품제조가공업,부산광역시,부산광역시 서구
20150128208,2,2,2,이지씨푸드,식품제조가공업,부산광역시,부산광역시 서구
20150128260,3,3,3,옥이푸드,식품제조가공업,부산광역시,부산광역시 서구
20150128288,2,2,2,(주)서강,식품제조가공업,부산광역시,부산광역시 서구
20150128303,3,3,3,에스엠생명공학(주),식품제조가공업,부산광역시,부산광역시 서구
20150131912,2,2,2,만덕네김치,식품제조가공업,부산광역시,부산광역시 부산진구
20150144032,2,2,2,(주)산들천,식품제조가공업,부산광역시,부산광역시 사하구
20150144396,1,1,1,우영수산주식회사,식품소분업,부산광역시,부산광역시 사하구
20150144488,1,1,1,어울림,식품제조가공업,부산광역시,부산광역시 사하구
20150144550,2,2,2,해수산,식품제조가공업,부산광역시,부산광역시 사하구
20150149033,2,2,2,건강한사람들 협동조합,식품제조가공업,부산광역시,부산광역시 강서구
20150149037,3,3,3,주식회사 승인식품,식품제조가공업,부산광역시,부산광역시 강서구
20150149041,2,1,1,신흥F&D(에프앤디),식품제조가공업,부산광역시,부산광역시 강서구
20150149169,6,6,6,(주)은하수산,식품제조가공업,부산광역시,부산광역시 강서구
20150149277,1,1,1,주식회사 바로에프에스,식품제조가공업,부산광역시,부산광역시 강서구
20150149323,2,1,1,(주)세이코커피코리아,식품제조가공업,경상남도,경상남도 창원시
20150152129,6,2,2,성산식품,식품제조가공업,부산광역시,부산광역시 수영구
20150154016,1,1,1,(주)파티트리,식품제조가공업,부산광역시,부산광역시 사상구
20150154371,1,1,1,남영상사,식품제조가공업,부산광역시,부산광역시 사상구
20150156064,3,3,3,(주)참푸드,식품제조가공업,부산광역시,부산광역시 기장군
20150156466,1,1,1,주식회사 명가,식품제조가공업,부산광역시,부산광역시 기장군
20150160453,1,1,1,(주)한진푸드,식품제조가공업,대구광역시,대구광역시 동구
20150160682,1,1,1,(주)푸드맘,식품제조가공업,대구광역시,대구광역시 동구
20150160945,2,2,1,평광왕건사과마을영농조합법인,식품제조가공업,대구광역시,대구광역시 동구
20150163071,3,3,3,(주)참존비엔에프,식품제조가공업,대구광역시,대구광역시 서구
20150163197,2,2,1,참마음식품,식품제조가공업,대구광역시,대구광역시 서구
20150168179,2,2,2,(주)매천수산,식품제조가공업,대구광역시,대구광역시 북구
20150168769,1,1,1,삼정식품,식품제조가공업,대구광역시,대구광역시 북구
20150174569,2,2,2,주식회사별난사람들,식품제조가공업,대구광역시,대구광역시 수성구
20150174980,1,1,1,불가마식품,식품제조가공업,대구광역시,대구광역시 수성구
20150181436,1,1,1,삼선식품,식품제조가공업,대구광역시,대구광역시 달서구
20150182104,6,6,6,다원바이오,식품제조가공업,대구광역시,대구광역시 달서구
20150188028,2,1,1,수미푸드몰,식품소분업,대구광역시,대구광역시 달성군
20150188404,8,8,8,주식회사 마음푸드,식품제조가공업,대구광역시,대구광역시 달성군
20150190617,1,1,1,뚜왕수제만두,식품제조가공업,인천광역시,인천광역시 제물포구
20150197552,1,1,1,파네스토리(panestory),식품제조가공업,인천광역시,인천광역시 연수구
20150197795,1,1,1,농업회사법인(주) 봄날가,식품제조가공업,인천광역시,인천광역시 연수구
20150199744,1,1,1,(주)해주부용식품,식품제조가공업,인천광역시,인천광역시 남동구
20150199948,16,8,8,에쓰푸드(주),식품제조가공업,충청북도,충청북도 음성군
20150200349,2,2,2,(주)안스,식품제조가공업,인천광역시,인천광역시 남동구
20150200350,1,1,1,세이레농업회사법인(주),식품제조가공업,인천광역시,인천광역시 남동구
20150202752,1,1,1,자연트레이딩,식품제조가공업,인천광역시,인천광역시 부평구
20150205103,2,2,2,효성푸드,식품제조가공업,인천광역시,인천광역시 계양구
20150205231,1,1,1,미트그라운드,식품제조가공업,인천광역시,인천광역시 계양구
20150205268,1,1,1,(주)비앤지푸드,식품제조가공업,인천광역시,인천광역시 계양구
20150205302,1,1,1,경인푸드,식품제조가공업,인천광역시,인천광역시 계양구
20150205327,3,3,3,주식회사 케이비푸드,식품제조가공업,인천광역시,인천광역시 계양구
20150205502,1,1,1,제이에스푸드,식품제조가공업,인천광역시,인천광역시 계양구
20150208220,1,1,1,진원에프엠 주식회사,식품제조가공업,인천광역시,인천광역시 서해구
20150208344,3,3,3,크레팜(주),식품제조가공업,인천광역시,인천광역시 검단구
20150208796,1,1,1,달음협동조합,식품제조가공업,인천광역시,인천광역시 서해구
20150208947,1,1,1,도담FOOD,식품제조가공업,인천광역시,인천광역시 서해구
20150209202,2,2,2,(주)가진수산,식품제조가공업,인천광역시,인천광역시 서해구
20150209227,2,1,1,떡이오,식품제조가공업,인천광역시,인천광역시 남동구
20150209245,2,2,2,(주)김앤김,식품제조가공업,인천광역시,인천광역시 서해구
20150211059,1,1,1,농업회사법인 강화농가주식회사,식품제조가공업,인천광역시,인천광역시 강화군
20150211136,1,1,1,농업회사법인 (주)수진식품,식품제조가공업,인천광역시,인천광역시 강화군
20150211137,1,1,1,자연에찬S1,식품제조가공업,인천광역시,인천광역시 강화군
20150211199,1,1,1,농업회사법인(주) 명성네이처,식품제조가공업,인천광역시,인천광역시 강화군
20150211225,3,3,3,편가명가영농조합법인,식품제조가공업,인천광역시,인천광역시 강화군
20150211228,2,2,2,해창수산 주식회사,식품제조가공업,인천광역시,인천광역시 강화군
20150211230,6,6,3,담소식품,식품제조가공업,인천광역시,인천광역시 강화군
20150211236,2,2,2,영농조합법인 강화사자발약쑥,식품제조가공업,인천광역시,인천광역시 강화군
20150214358,3,3,3,농업회사법인 (주) 금치,식품제조가공업,전남광주통합특별시,전남광주통합특별시 동구
20150216551,3,3,3,(주)선푸드시스템,식품제조가공업,전남광주통합특별시,전남광주통합특별시 서구
20150216662,5,5,4,(주)청화식품,식품제조가공업,전남광주통합특별시,전남광주통합특별시 서구
20150219081,6,3,3,(주)진선,식품제조가공업,전남광주통합특별시,전남광주통합특별시 남구
20150219271,4,4,4,제석근로사업장,식품제조가공업,전남광주통합특별시,전남광주통합특별시 남구
20150219327,2,2,2,광주명인김치협동조합,식품제조가공업,전남광주통합특별시,전남광주통합특별시 남구
20150221366,1,1,1,문푸드,식품제조가공업,전남광주통합특별시,전남광주통합특별시 북구
20150221668,1,1,1,농업회사법인 주식회사 부각마을,식품제조가공업,전남광주통합특별시,전남광주통합특별시 북구
20150221747,10,5,5,청아우리떡,식품제조가공업,전남광주통합특별시,전남광주통합특별시 광산구
20150222066,2,2,2,주)시원푸드,식품제조가공업,전남광주통합특별시,전남광주통합특별시 북구
20150227221,2,1,1,(주)셀러스푸드,식품제조가공업,경기도,경기도 남양주시
20150227947,3,3,3,유창식품,식품제조가공업,전남광주통합특별시,전남광주통합특별시 광산구
20150231178,2,2,2,(주)다린에프앤비,식품제조가공업,대전광역시,대전광역시 동구
20150231505,2,2,2,영광글로리,식품제조가공업,대전광역시,대전광역시 동구
20150242330,4,4,4,비제이씨푸드,식품제조가공업,대전광역시,대전광역시 대덕구
20150245340,3,1,1,주식회사 한라다겸,식품제조가공업,울산광역시,울산광역시 울주군
20150245625,2,1,1,에브라임씨케이,식품제조가공업,경기도,경기도 고양시
20150254072,1,1,1,해조영어조합법인,식품제조가공업,울산광역시,울산광역시 북구
20150254343,1,1,1,(주)엘앤씨에프앤씨(푸짐도시락),식품제조가공업,울산광역시,울산광역시 북구
20150255226,2,2,2,(주)주신식품,식품제조가공업,울산광역시,울산광역시 울주군
20150257035,3,3,3,농업회사법인세종천연식초(주),식품제조가공업,세종특별자치시,세종특별자치시
20150257267,3,3,3,(주)오끼식품,식품제조가공업,세종특별자치시,세종특별자치시
20150263001,2,1,1,JH푸드,식품제조가공업,경기도,경기도 화성시
20150263357,2,2,2,(주)에바토,식품제조가공업,경기도,경기도 수원시
20150263511,1,1,1,연미향,식품제조가공업,경기도,경기도 수원시
20150263559,14,7,7,(주)에스앤제이바이오,식품제조가공업,경기도,경기도 화성시
20150275065,1,1,1,농업회사법인 아라미(주),식품제조가공업,경기도,경기도 성남시
20150275148,2,2,2,(주)씨케이하우스 중부지사,식품제조가공업,경기도,경기도 성남시
20150275155,2,1,1,주식회사 나무에프앤비,식품제조가공업,경기도,경기도 파주시
20150275220,1,1,1,(주)청채마루,식품제조가공업,경기도,경기도 성남시
20150275225,2,1,1,(주)자연유통,식품소분업,경기도,경기도 성남시
20150275262,1,1,1,제이콥스,식품제조가공업,경기도,경기도 성남시
20150275263,4,4,4,(주)청담라이프,식품제조가공업,경기도,경기도 성남시
20150275279,6,3,3,(주)빈스힐,식품제조가공업,경기도,경기도 성남시
20150275312,6,6,6,(주)정심식품,식품제조가공업,경기도,경기도 성남시
20150275316,2,2,1,(주)블랑제리 김영모,식품제조가공업,경기도,경기도 성남시
20150275340,1,1,1,(주)주시브로스,식품제조가공업,경기도,경기도 성남시
20150275349,2,1,1,주식회사 카베피앤에스,식품제조가공업,경기도,경기도 광주시
20150275418,1,1,1,(주)더치스토리,식품제조가공업,경기도,경기도 성남시
20150275425,2,2,2,(주)커피빈푸드 제2공장,식품제조가공업,경기도,경기도 성남시
20150275452,1,1,1,주식회사 다한교역,식품제조가공업,경기도,경기도 성남시
20150275469,2,2,2,(주)일영피엔씨,식품제조가공업,경기도,경기도 성남시
20150275484,1,1,1,(주)가렛코리아,식품제조가공업,경기도,경기도 성남시
20150275503,2,1,1,(주)이퀄리브리엄,식품제조가공업,경기도,경기도 성남시
20150275533,1,1,1,(주)핀브레드,식품제조가공업,경기도,경기도 성남시
20150275535,1,1,1,주식회사 올리버리,식품제조가공업,경기도,경기도 성남시
20150285156,1,1,1,연푸드,식품제조가공업,경기도,경기도 의정부시
20150285307,2,1,1,다호 베버리지,식품제조가공업,경기도,경기도 의정부시
20150288013,1,1,1,주식회사 케이엘통상,식품제조가공업,경기도,경기도 안양시
20150288036,3,1,1,보리마을,식품제조가공업,서울특별시,서울특별시 구로구
20150288060,2,1,1,(주)삼정약선,식품제조가공업,경기도,경기도 안양시
20150288186,2,2,2,주식회사 가담사,식품제조가공업,경기도,경기도 안양시
20150294048,4,2,2,백석식품,식품제조가공업,경기도,경기도 부천시
20150294110,1,1,1,나노텍,식품제조가공업,경기도,경기도 부천시
20150294434,2,2,2,(주)푸드홀,식품제조가공업,경기도,경기도 부천시
20150294499,1,1,1,(주)아이케이푸드,식품제조가공업,경기도,경기도 부천시
20150294530,1,1,1,주)피오푸드,식품제조가공업,경기도,경기도 부천시
20150304383,2,1,1,소고방,식품제조가공업,경기도,경기도 화성시
20150308018,2,2,2,(주)에치와이 평택공장,식품제조가공업,경기도,경기도 평택시
20150309085,1,1,1,(주)우공농업회사법인(본점),식품제조가공업,경기도,경기도 평택시
20150309107,2,1,1,(주)아셀티움,식품제조가공업,경기도,경기도 화성시
20150309157,4,4,4,농업회사법인주식회사태성김치,식품제조가공업,경기도,경기도 평택시
20150309169,1,1,1,미듬영농조합법인 제2공장,식품제조가공업,경기도,경기도 평택시
20150311092,1,1,1,(주)오성푸드,식품제조가공업,경기도,경기도 안산시
20150311134,3,3,3,(주)좋은아침,식품제조가공업,경기도,경기도 안산시
20150311138,1,1,1,경인식품,식품제조가공업,경기도,경기도 안산시
20150311143,2,2,2,청마씨푸드,식품제조가공업,경기도,경기도 안산시
20150311144,2,2,2,(주)바다랑,식품제조가공업,경기도,경기도 안산시
20150311323,1,1,1,추자시푸드,식품제조가공업,경기도,경기도 안산시
20150311349,1,1,1,한마음푸드(주),식품제조가공업,경기도,경기도 안산시
20150320185,3,3,3,농업회사법인섬진강농부(주),식품제조가공업,경기도,경기도 고양시
20150320212,1,1,1,참식품공방,식품제조가공업,경기도,경기도 고양시
20150320274,2,2,2,HK푸드,식품제조가공업,경기도,경기도 고양시
20150320275,2,2,2,모정푸드,식품제조가공업,경기도,경기도 고양시
20150320390,6,6,6,(주)쵸코스페이스 F1,식품제조가공업,경기도,경기도 고양시
20150320417,18,9,9,(주)더베러푸드,식품제조가공업,경기도,경기도 고양시
20150320473,1,1,1,삼형제푸드,식품제조가공업,경기도,경기도 고양시
20150320536,2,2,2,신선한바다,식품제조가공업,경기도,경기도 고양시
20150320537,2,2,2,아인맘푸드,식품제조가공업,경기도,경기도 고양시
20150320538,2,2,2,유원푸드,식품제조가공업,경기도,경기도 고양시
20150320595,1,1,1,(주)모모,식품제조가공업,경기도,경기도 고양시
20150320712,3,3,3,농업회사법인주식회사행주치마,식품제조가공업,경기도,경기도 고양시
20150320785,2,1,1,연두커피인터내셔날(주),식품제조가공업,경기도,경기도 김포시
20150320800,1,1,1,(주)본궁,식품제조가공업,경기도,경기도 고양시
20150320824,3,1,1,하나푸드,식품제조가공업,경기도,경기도 구리시
20150320851,2,2,2,(주)여민,식품제조가공업,경기도,경기도 고양시
20150320877,2,1,1,(주)산에서들에서,식품제조가공업,경기도,경기도 고양시
20150320881,2,2,2,농업회사법인문가네(유),식품제조가공업,경기도,경기도 고양시
20150320949,2,2,2,(주)월드푸드,식품제조가공업,경기도,경기도 고양시
20150323267,1,1,1,하나로엔에스(주) 고양지점,집단급식소 식품판매업,경기도,경기도 고양시
20150330044,2,1,1,(주)아람푸드시스템,식품제조가공업,경기도,경기도 남양주시
20150330116,2,2,2,(주)하나로농산,식품제조가공업,경기도,경기도 구리시
20150330246,4,2,2,더원,식품제조가공업,경기도,경기도 구리시
20150330247,4,2,2,맛생,식품제조가공업,경기도,경기도 구리시
20150332017,1,1,1,석희는떡장이,식품제조가공업,경기도,경기도 남양주시
20150332167,3,3,3,주식회사 비에프케이,식품제조가공업,경기도,경기도 남양주시
20150332183,1,1,1,주식회사 처음,식품제조가공업,경기도,경기도 남양주시
20150332231,1,1,1,주식회사 농부푸드,식품제조가공업,경기도,경기도 남양주시
20150332288,1,1,1,주식회사 미웰,식품소분업,경기도,경기도 남양주시
20150332351,1,1,1,농업회사법인(주)대한,식품소분업,경기도,경기도 남양주시
20150332656,3,3,3,주식회사 진프른식품,식품제조가공업,경기도,경기도 남양주시
20150332676,2,1,1,은성식품,식품제조가공업,경기도,경기도 양주시
20150332677,1,1,1,농업회사법인 한솜씨푸드 주식회사,식품제조가공업,경기도,경기도 남양주시
20150332913,2,2,1,(주)대조에프앤비,식품제조가공업,경기도,경기도 남양주시
20150332929,1,1,1,농업회사법인(주)주원에프앤비,식품제조가공업,경기도,경기도 남양주시
20150333204,6,3,3,(주)더원푸드,식품제조가공업,경기도,경기도 포천시
20150333241,2,2,2,소스앤소울(Sauce&Soul),식품제조가공업,경기도,경기도 남양주시
20150333416,4,4,4,(주)선식품,식품제조가공업,경기도,경기도 남양주시
20150333425,1,1,1,다올에프앤비(주),식품소분업,경기도,경기도 남양주시
20150338256,1,1,1,해밀식품,식품제조가공업,경기도,경기도 시흥시
20150338378,2,2,2,(주)해오름씨푸드,식품제조가공업,경기도,경기도 시흥시
20150338379,2,2,2,(주)영광씨푸드,식품제조가공업,경기도,경기도 시흥시
20150338695,1,1,1,예원,식품제조가공업,경기도,경기도 시흥시
20150338739,1,1,1,운해이엔씨(주),식품제조가공업,경기도,경기도 시흥시
20150338856,1,1,1,새미래협동조합,식품제조가공업,경기도,경기도 시흥시
20150342252,1,1,1,케익CTC,식품제조가공업,경기도,경기도 군포시
20150342277,2,1,1,(주)디에스씨,식품제조가공업,경기도,경기도 화성시
20150342331,1,1,1,케익아트,식품제조가공업,경기도,경기도 군포시
20150342360,2,1,1,(주)엠엔에스코리아,식품제조가공업,경기도,경기도 군포시
20150342401,2,2,2,주식회사 그레닉스,식품제조가공업,경기도,경기도 군포시
20150344016,1,1,1,타히티노니(주),식품제조가공업,경기도,경기도 의왕시
20150345054,1,1,1,주식회사 장흥한식,식품제조가공업,경기도,경기도 하남시
20150345058,2,1,1,농업회사법인 팔당한솔식품 주식회사,식품제조가공업,경기도,경기도 광주시
20150345108,1,1,1,(주)이델리에프씨,식품제조가공업,경기도,경기도 하남시
20150345116,1,1,1,(주)씨즐푸드컴퍼니,식품제조가공업,경기도,경기도 하남시
20150345122,1,1,1,이조은유기농식품(주),식품제조가공업,경기도,경기도 하남시
20150345167,1,1,1,농업회사법인 주식회사 아랑,식품소분업,경기도,경기도 하남시
20150345182,1,1,1,(주)보은농산물,식품소분업,경기도,경기도 하남시
20150345198,1,1,1,오션브릿지 주식회사,식품소분업,경기도,경기도 하남시
20150345219,2,2,2,상모유통,식품제조가공업,경기도,경기도 하남시
20150345220,1,1,1,주식회사 해오름식품(지점),식품제조가공업,경기도,경기도 하남시
20150345224,2,2,2,바다나무,식품제조가공업,경기도,경기도 하남시
20150345276,8,4,2,다온푸드,식품제조가공업,서울특별시,서울특별시 강동구
20150345277,2,2,2,푸드엔씨,식품제조가공업,경기도,경기도 하남시
20150345392,3,3,3,(주)선굼터,식품제조가공업,경기도,경기도 하남시
20150347011,1,1,1,브라우니70 팩토리,식품제조가공업,경기도,경기도 용인시
20150347013,6,3,3,(주)아워패밀리,식품제조가공업,경기도,경기도 광주시
20150347016,2,2,2,광일푸드,식품제조가공업,경기도,경기도 용인시
20150347027,1,1,1,농업회사법인 주식회사 비엘디,식품제조가공업,경기도,경기도 용인시
20150347046,2,2,2,주식회사 제이앤제이,식품제조가공업,경기도,경기도 용인시
20150347105,2,2,2,강우푸드,식품제조가공업,경기도,경기도 용인시
20150347106,2,2,2,훈연푸드,식품제조가공업,경기도,경기도 용인시
20150347107,2,2,2,미래푸드,식품제조가공업,경기도,경기도 용인시
20150347181,3,3,2,(주)미르마로푸드시스템,식품제조가공업,경기도,경기도 용인시
20150347208,4,2,2,(주)에프알디(FRD),식품제조가공업,경기도,경기도 수원시
20150347240,2,1,1,(주)지앤씨에프에스,식품첨가물제조업,충청북도,충청북도 제천시
20150347282,2,2,2,현우유통,식품제조가공업,경기도,경기도 용인시
20150347289,1,1,1,(주)소울,식품제조가공업,경기도,경기도 용인시
20150347299,7,7,5,(주)유로베이크,식품제조가공업,경기도,경기도 용인시
20150347303,1,1,1,농업회사법인 다담푸드(주),식품제조가공업,경기도,경기도 용인시
20150347322,1,1,1,샐러드림,식품제조가공업,경기도,경기도 용인시
20150355061,2,2,2,현푸드,식품제조가공업,경기도,경기도 파주시
20150355062,2,2,2,골드식품,식품제조가공업,경기도,경기도 파주시
20150355066,2,2,2,씨케이푸드원,식품제조가공업,경기도,경기도 파주시
20150355101,2,2,2,농업회사법인 주식회사 올가니카데이,식품제조가공업,경기도,경기도 파주시
20150355222,8,8,8,(주)엠디에스코리아 3공장,식품제조가공업,경기도,경기도 파주시
20150355444,3,3,3,(주)해나람,식품제조가공업,경기도,경기도 파주시
20150355569,2,2,2,건호푸드,식품제조가공업,경기도,경기도 파주시
20150355570,2,2,2,우신FNT,식품제조가공업,경기도,경기도 파주시
20150355689,1,1,1,(주)서래푸드,식품제조가공업,경기도,경기도 파주시
20150355712,5,1,1,(주)손맛커피,식품제조가공업,경기도,경기도 고양시
20150355760,1,1,1,강희정면가,식품제조가공업,경기도,경기도 파주시
20150355831,2,2,2,씨지에스푸드(CGS FOOD),식품제조가공업,경기도,경기도 파주시
20150355917,1,1,1,(주)명문식품,식품제조가공업,경기도,경기도 파주시
20150355993,4,2,1,마미랑푸드,식품제조가공업,경기도,경기도 고양시
20150356069,1,1,1,궁중한과,식품제조가공업,경기도,경기도 파주시
20150356090,1,1,1,(주)가산푸드,식품제조가공업,경기도,경기도 파주시
20150356217,1,1,1,농업회사법인 주식회사 엘팜,식품제조가공업,경기도,경기도 파주시
20150356226,2,2,2,국영,식품제조가공업,경기도,경기도 파주시
20150356228,2,2,2,해다온푸드,식품제조가공업,경기도,경기도 파주시
20150358015,1,1,1,(주)7번가사람들,식품제조가공업,경기도,경기도 이천시
20150358112,2,2,2,농업회사법인주식회사 본시,식품제조가공업,경기도,경기도 이천시
20150358214,1,1,1,(주)대청산업개발 이천쌀(하남)휴게소(그때그집),일반음식점,경기도,경기도 이천시
20150358215,1,1,1,(주)대청산업개발 이천쌀(하남)휴게소(유가네 한우곰탕),일반음식점,경기도,경기도 이천시
20150358221,2,2,2,농업회사법인 대한에프엔지(주),식품제조가공업,경기도,경기도 이천시
20150358248,1,1,1,(주)선진fs,식품제조가공업,경기도,경기도 이천시
20150358330,1,1,1,농업회사법인 주식회사 그린,식품제조가공업,경기도,경기도 이천시
20150358444,1,1,1,농업회사법인 팜앤피아 주식회사,식품제조가공업,경기도,경기도 이천시
20150358542,1,1,1,푸드원서비스(주),식품소분업,경기도,경기도 이천시
20150358589,1,1,1,유니시티 글로벌 매뉴팩쳐링(유),식품제조가공업,경기도,경기도 이천시
20150360064,2,2,2,농업회사법인(주) 유별난마을 밀,식품제조가공업,경기도,경기도 안성시
20150360073,5,5,5,(주)아람에프엔비,식품제조가공업,경기도,경기도 안성시
20150360189,2,2,2,새벽시장푸드영농조합법인,식품제조가공업,경기도,경기도 안성시
20150360212,4,4,4,농업회사법인주식회사새싹,식품제조가공업,경기도,경기도 안성시
20150360314,4,4,4,농업회사법인주식회사 저스트그린,식품제조가공업,경기도,경기도 안성시
20150360418,6,6,6,케이에프한국자연농산(주),식품제조가공업,경기도,경기도 안성시
20150360431,1,1,1,농업회사법인한살림안성마춤식품유한회사,식품제조가공업,경기도,경기도 안성시
20150362153,1,1,1,서암벌꿀영농조합법인,식품소분업,경기도,경기도 김포시
20150362403,3,3,3,(주)대운푸드시스템,식품제조가공업,경기도,경기도 김포시
20150362537,5,5,5,농업회사법인 장수이야기(주),식품제조가공업,경기도,경기도 김포시
20150362591,4,4,4,주식회사 차오름푸드,식품제조가공업,경기도,경기도 김포시
20150362798,3,3,3,주식회사 의원상,식품제조가공업,경기도,경기도 김포시
20150362807,1,1,1,(주)내츄럴푸드,식품소분업,경기도,경기도 김포시
20150362954,2,2,1,동산제과,식품제조가공업,경기도,경기도 김포시
20150363023,1,1,1,농업회사법인(주)시호푸드,식품제조가공업,경기도,경기도 김포시
20150364107,1,1,1,스타인더컵,식품제조가공업,경기도,경기도 화성시
20150364147,2,2,2,세련헬스,식품제조가공업,경기도,경기도 화성시
20150364334,4,4,4,제이원푸드,식품제조가공업,경기도,경기도 화성시
20150364568,4,4,2,주식회사대원푸드,식품제조가공업,경기도,경기도 화성시
20150364569,2,2,2,오성수산,식품제조가공업,경기도,경기도 화성시
20150364601,3,3,3,주식회사 케이푸드,식품제조가공업,경기도,경기도 화성시
20150364725,1,1,1,정인푸드,식품제조가공업,경기도,경기도 화성시
20150364833,4,4,4,화성식품,식품제조가공업,경기도,경기도 화성시
20150365240,6,3,3,꿈틀식품,식품제조가공업,경기도,경기도 화성시
20150365267,2,2,2,(주)이지푸드 화성공장,식품제조가공업,경기도,경기도 화성시
20150365910,2,1,1,주식회사 나온스,식품제조가공업,경기도,경기도 화성시
20150368003,1,1,1,(주)하운푸드시스템,식품제조가공업,경기도,경기도 광주시
20150368081,3,3,2,(주)아린에프앤비,식품제조가공업,경기도,경기도 용인시
20150368085,1,1,1,(주)청화푸드,식품제조가공업,경기도,경기도 광주시
20150368120,1,1,1,주식회사 멕시카나,식품제조가공업,경기도,경기도 광주시
20150368233,2,2,2,동우농산(주)제2공장,식품제조가공업,경기도,경기도 광주시
20150368266,2,2,2,쌀이랑식품,식품제조가공업,경기도,경기도 광주시
20150368280,1,1,1,(주)이어수산,식품제조가공업,경기도,경기도 광주시
20150368356,1,1,1,하나영농조합법인,식품소분업,경기도,경기도 광주시
20150368370,2,2,2,(주)아인츠푸드,식품제조가공업,경기도,경기도 광주시
20150368562,1,1,1,농업회사법인 먹을거리 주식회사,식품제조가공업,경기도,경기도 광주시
20150368585,4,2,1,(주)벨리푸드,식품제조가공업,경기도,경기도 이천시
20150368597,1,1,1,주식회사 위드푸드,식품제조가공업,경기도,경기도 광주시
20150368617,6,3,3,(주)밀레네식품,식품제조가공업,경기도,경기도 이천시
20150368651,1,1,1,주식회사 세원프레쉬,식품제조가공업,경기도,경기도 광주시
20150368786,3,3,3,(주)이앤씨푸드,식품제조가공업,경기도,경기도 광주시
20150368825,2,2,2,선진푸드 주식회사,식품제조가공업,경기도,경기도 광주시
20150368858,2,2,2,청오건강농업회사법인주식회사 3공장,식품제조가공업,경기도,경기도 광주시
20150368859,2,2,2,청오건강농업회사법인주식회사 5공장,식품제조가공업,경기도,경기도 광주시
20150368869,1,1,1,무궁화푸드,식품제조가공업,경기도,경기도 광주시
20150368901,1,1,1,(주)이온푸드,식품제조가공업,경기도,경기도 광주시
20150370030,2,2,2,주)대경푸드,식품제조가공업,경기도,경기도 양주시
20150370036,1,1,1,청해식품,식품제조가공업,경기도,경기도 양주시
20150370101,2,2,2,주식회사 사군자식품,식품제조가공업,경기도,경기도 양주시
20150370170,2,2,1,신양주영농조합법인,식품제조가공업,경기도,경기도 양주시
20150370358,3,1,1,주식회사 밥닥,식품제조가공업,경기도,경기도 양주시
20150370382,2,2,2,(주)에스케이푸드,식품제조가공업,경기도,경기도 양주시
20150372057,3,3,3,농업회사법인주식회사해파란,식품제조가공업,경기도,경기도 포천시
20150372215,1,1,1,클린푸드(Clean Food),식품제조가공업,경기도,경기도 포천시
20150372230,1,1,1,프로엠,식품제조가공업,경기도,경기도 포천시
20150372239,1,1,1,(주)명진푸드시스템,식품제조가공업,경기도,경기도 포천시
20150372249,3,3,3,주식회사 무진푸드,식품제조가공업,경기도,경기도 포천시
20150375110,2,2,1,명인푸드,식품제조가공업,경기도,경기도 여주시
20150375129,9,9,9,(주)헬스앤라이프,식품제조가공업,경기도,경기도 여주시
20150377187,4,4,4,농업회사법인 지에이치내츄럴 주식회사,식품제조가공업,경기도,경기도 가평군
20150378102,5,5,5,농업회사법인풀로윈(주),식품제조가공업,경기도,경기도 양평군
20150378118,2,2,2,숲속정원,식품제조가공업,경기도,경기도 양평군
20150378254,2,2,2,양평그린식품,식품제조가공업,경기도,경기도 양평군
20150378327,4,4,4,양평군농산물가공지원센터,식품제조가공업,경기도,경기도 양평군
20150378331,1,1,1,예담식품,식품제조가공업,경기도,경기도 양평군
20150380238,1,1,1,내생애봄날,식품제조가공업,강원특별자치도,강원특별자치도 춘천시
20150380412,1,1,1,농업회사법인그린아이팜(주),식품제조가공업,강원특별자치도,강원특별자치도 춘천시
20150380420,2,2,2,신명푸드,식품제조가공업,강원특별자치도,강원특별자치도 춘천시
20150380716,1,1,1,휘슬링락컨트리클럽,식품제조가공업,강원특별자치도,강원특별자치도 춘천시
20150380724,4,4,4,주)씨엔에스테크,식품제조가공업,강원특별자치도,강원특별자치도 춘천시
20150383066,4,4,4,주식회사 해밀,식품제조가공업,강원특별자치도,강원특별자치도 원주시
20150383133,1,1,1,아이누리,식품제조가공업,강원특별자치도,강원특별자치도 원주시
20150383178,2,2,2,(주)푸드플래닛,식품제조가공업,강원특별자치도,강원특별자치도 원주시
20150383475,1,1,1,농업회사법인더블유엠유바이오주식회사,식품제조가공업,강원특별자치도,강원특별자치도 원주시
20150383513,1,1,1,크리스피크림원주무실점,식품제조가공업,강원특별자치도,강원특별자치도 원주시
20150383539,2,2,2,농업회사법인 주식회사 농연,식품제조가공업,강원특별자치도,강원특별자치도 원주시
20150383599,4,4,4,원주시 농산물가공기술활용센터,식품제조가공업,강원특별자치도,강원특별자치도 원주시
20150383600,12,5,6,(주)한국인삼공사,식품제조가공업,강원특별자치도,강원특별자치도 원주시
20150383811,1,1,1,농업회사법인꿈터종합식품(주),집단급식소 식품판매업,강원특별자치도,강원특별자치도 원주시
20150384003,2,2,2,농업회사법인 더착한농장 주식회사,식품제조가공업,강원특별자치도,강원특별자치도 원주시
20150386070,1,1,1,산야뜰솔향고향떡집,식품제조가공업,강원특별자치도,강원특별자치도 강릉시
20150386241,1,1,1,가배만쥬,식품제조가공업,강원특별자치도,강원특별자치도 강릉시
20150386364,1,1,1,강릉시장애인보호작업장 해오름식품,식품제조가공업,강원특별자치도,강원특별자치도 강릉시
20150386474,1,1,1,디에스홈푸드,식품제조가공업,강원특별자치도,강원특별자치도 강릉시
20150392051,2,2,2,청호마린,식품제조가공업,강원특별자치도,강원특별자치도 속초시
20150392084,6,6,6,속초어부가,식품제조가공업,강원특별자치도,강원특별자치도 속초시
20150393177,7,7,7,삼척시농산물가공센터,식품제조가공업,강원특별자치도,강원특별자치도 삼척시
20150394041,6,6,6,서석농업협동조합(홍천푸드유통센터),식품제조가공업,강원특별자치도,강원특별자치도 홍천군
20150395048,1,1,1,면나라,식품제조가공업,강원특별자치도,강원특별자치도 횡성군
20150395062,2,2,2,참나무식품,식품제조가공업,강원특별자치도,강원특별자치도 횡성군
20150395125,3,3,3,(주)씨엔케이푸드,식품제조가공업,강원특별자치도,강원특별자치도 횡성군
20150396018,1,1,1,강원허니원영농조합법인,식품소분업,강원특별자치도,강원특별자치도 영월군
20150396062,1,1,1,대주그린푸드,식품제조가공업,강원특별자치도,강원특별자치도 영월군
20150396078,1,1,1,씨와열매농장주식회사농업회사법인,식품제조가공업,강원특별자치도,강원특별자치도 영월군
20150400072,3,3,3,참들 작목반,식품제조가공업,강원특별자치도,강원특별자치도 화천군
20150400077,1,1,1,화천장수떡방,식품제조가공업,강원특별자치도,강원특별자치도 화천군
20150403012,12,12,11,드림바이오 주식회사,식품제조가공업,강원특별자치도,강원특별자치도 고성군
20150403018,1,1,1,다나수산,식품제조가공업,강원특별자치도,강원특별자치도 고성군
20150403022,2,2,2,신왕에프엔비(F&B),식품제조가공업,강원특별자치도,강원특별자치도 고성군
20150415013,5,5,5,(주)바른음료,식품제조가공업,충청북도,충청북도 청주시
20150415015,1,1,1,주식회사 칼디,식품제조가공업,충청북도,충청북도 청주시
20150415029,12,6,6,(주)그린위치,식품제조가공업,충청북도,충청북도 청주시
20150415038,3,3,3,(주)이비가에프앤비,식품제조가공업,충청북도,충청북도 청주시
20150415047,2,2,2,담쟁이장애인보호작업장,식품제조가공업,충청북도,충청북도 청주시
20150415080,3,3,3,(주)동해식품,식품제조가공업,충청북도,충청북도 청주시
20150415098,14,7,7,(주)일성푸드텍,식품제조가공업,충청북도,충청북도 청주시
20150415122,2,2,2,경동수산(주),식품제조가공업,충청북도,충청북도 청주시
20150415125,8,8,8,(주)충청바이오텍,식품제조가공업,충청북도,충청북도 청주시
20150415126,1,1,1,영농조합법인 박부자네식품,식품제조가공업,충청북도,충청북도 청주시
20150415159,1,1,1,우림푸드,식품제조가공업,충청북도,충청북도 청주시
20150415164,3,3,3,(주)농가식품,식품제조가공업,충청북도,충청북도 청주시
20150429391,1,1,1,대보디앤에스(주)금강설렁탕 양식 한식,휴게음식점,충청북도,충청북도 청주시
20150429392,1,1,1,(주)삼오오창(상)휴게소(한),휴게음식점,충청북도,충청북도 청주시
20150433019,1,1,1,달성농산,식품제조가공업,충청북도,충청북도 충주시
20150433272,1,1,1,농업회사법인(주)대명산업,식품제조가공업,충청북도,충청북도 충주시
20150433285,1,1,1,(주)파리크라상(평택방향)휴게소,휴게음식점,충청북도,충청북도 충주시
20150433287,1,1,1,(주)파리크라상천등산(제천방향)휴게소,휴게음식점,충청북도,충청북도 충주시
20150433385,1,1,1,웰코(WELCO),식품제조가공업,충청북도,충청북도 충주시
20150433456,3,3,3,주식회사자연애플러스,식품제조가공업,충청북도,충청북도 충주시
20150433471,6,6,3,청아한세상,식품제조가공업,충청북도,충청북도 충주시
20150433527,3,3,3,케이식품,식품제조가공업,충청북도,충청북도 충주시
20150433572,8,8,8,주식회사와이케이푸드,식품제조가공업,충청북도,충청북도 충주시
20150435016,1,1,1,농업회사법인대월식품주식회사,식품제조가공업,충청북도,충청북도 제천시
20150435219,1,1,1,이연순향토음식개발연구원,식품제조가공업,충청북도,충청북도 제천시
20150435302,1,1,1,이디안재단(주),식품제조가공업,충청북도,충청북도 제천시
20150439032,3,3,3,이든또르띠아,식품제조가공업,충청북도,충청북도 보은군
20150439053,1,1,1,(주)다올푸드,식품제조가공업,충청북도,충청북도 보은군
20150440001,2,2,2,알렉산드리아협동조합,식품제조가공업,충청북도,충청북도 옥천군
20150442025,34,17,16,주식회사 하람,식품제조가공업,충청북도,충청북도 청주시
20150443030,15,15,14,(주)제이엔제이푸드,식품제조가공업,충청북도,충청북도 진천군
20150443038,6,6,5,(주)이든에프앤씨(진천공장),식품제조가공업,충청북도,충청북도 진천군
20150443039,1,1,1,(주)피엔에프아이,식품제조가공업,충청북도,충청북도 진천군
20150443054,2,2,2,(주)맘모스식품,식품제조가공업,충청북도,충청북도 진천군
20150443125,2,2,1,농업회사법인 햇뜸(주),식품제조가공업,충청북도,충청북도 진천군
20150443201,5,5,5,농부인푸드,식품제조가공업,충청북도,충청북도 진천군
20150443219,8,8,8,(주)다인소재,식품제조가공업,충청북도,충청북도 진천군
20150443222,4,4,4,(주)다인소재,식품첨가물제조업,충청북도,충청북도 진천군
20150443298,2,2,2,(주)우리델리카,식품제조가공업,충청북도,충청북도 진천군
20150444008,2,2,2,농업회사법인 한백식품(주),식품제조가공업,충청북도,충청북도 괴산군
20150444083,1,1,1,흙사랑살림터지점,식품제조가공업,충청북도,충청북도 괴산군
20150444149,10,10,10,주식회사 애간장,식품제조가공업,충청북도,충청북도 괴산군
20150445073,1,1,1,(주)바이오시스 금왕(평택)휴게소 우동/라면,일반음식점,충청북도,충청북도 음성군
20150445074,1,1,1,(주)바이오시스 금왕(제천)휴게소 한식/양식,일반음식점,충청북도,충청북도 음성군
20150445079,8,8,5,강남식품(주),식품제조가공업,충청북도,충청북도 음성군
20150445111,1,1,1,(주)동학식품,식품제조가공업,충청북도,충청북도 음성군
20150445222,19,19,18,(주)신세계푸드 음성공장,식품제조가공업,충청북도,충청북도 음성군
20150445242,5,5,5,(주)엘가,식품제조가공업,충청북도,충청북도 음성군
20150445263,1,1,1,주식회사 농업회사법인 콩아저씨 두부가게,식품제조가공업,충청북도,충청북도 음성군
20150445344,1,1,1,(주)다원떡담아,식품제조가공업,충청북도,충청북도 음성군
20150445352,1,1,1,주식회사 우보 티에스에프,식품제조가공업,충청북도,충청북도 음성군
20150445389,1,1,1,주식회사 미래티에스,식품첨가물제조업,충청북도,충청북도 음성군
20150445390,4,4,4,(주)지에스바이오,식품제조가공업,충청북도,충청북도 음성군
20150445391,7,7,7,주식회사 미래티에스,식품제조가공업,충청북도,충청북도 음성군
20150449001,2,2,2,아이앤제이푸드주식회사,식품제조가공업,충청남도,충청남도 천안시
20150449002,2,2,2,(주)파인씨푸드,식품제조가공업,충청남도,충청남도 천안시
20150449003,2,2,2,(주)영수산,식품제조가공업,충청남도,충청남도 천안시
20150449004,2,2,2,(주)하늘채,식품제조가공업,충청남도,충청남도 천안시
20150449037,11,11,10,주식회사새롬푸드테크농업회사법인,식품제조가공업,충청남도,충청남도 천안시
20150449039,2,2,2,새롬에프에스(주),식품제조가공업,충청남도,충청남도 천안시
20150449042,3,3,3,농업회사법인 푸르미농산주식회사,식품제조가공업,충청남도,충청남도 천안시
20150449046,2,2,2,컨추리푸드,식품제조가공업,충청남도,충청남도 천안시
20150449068,2,2,2,주식회사마마스버켓,식품제조가공업,충청남도,충청남도 천안시
20150449072,3,3,3,농업회사법인(주) 진영농산,식품제조가공업,충청남도,충청남도 천안시
20150449074,2,2,2,에스에스바이오팜주식회사,식품제조가공업,충청남도,충청남도 천안시
20150449075,2,2,2,산들바다,식품제조가공업,충청남도,충청남도 천안시
20150449077,2,2,2,주식회사늘푸른우리식품,식품제조가공업,충청남도,충청남도 천안시
20150449091,2,2,1,농업회사법인주식회사해인,식품제조가공업,충청남도,충청남도 천안시
20150449095,3,1,1,구백마카롱,식품제조가공업,충청남도,충청남도 천안시
20150450154,1,1,1,천안시농협조합공동사업법인,집단급식소 식품판매업,충청남도,충청남도 천안시
20150452023,1,1,1,주식회사케이알산업입장거봉포도서울휴게소입장반상,일반음식점,충청남도,충청남도 천안시
20150458026,6,6,6,주식회사참조은에스에프,식품제조가공업,충청남도,충청남도 공주시
20150458102,1,1,1,농업회사법인(주)밤마을,식품제조가공업,충청남도,충청남도 공주시
20150458188,2,2,2,주식회사국일에프앤비공주지점,식품제조가공업,충청남도,충청남도 공주시
20150458354,1,1,1,정안밤생산자영농조합법인,식품제조가공업,충청남도,충청남도 공주시
20150459144,2,2,2,(유)오션식품,식품제조가공업,충청남도,충청남도 보령시
20150461225,12,12,11,해찬솔푸드,식품제조가공업,충청남도,충청남도 아산시
20150461462,1,1,1,탑코리아 주식회사,식품제조가공업,충청남도,충청남도 아산시
20150461821,3,2,3,화심영농조합법인,식품제조가공업,충청남도,충청남도 아산시
20150461899,2,2,2,참농영농조합법인,식품제조가공업,충청남도,충청남도 아산시
20150463066,1,1,1,부석전통생강한과,식품제조가공업,충청남도,충청남도 서산시
20150463090,2,2,2,농업회사법인옛향기마을방앗간,식품제조가공업,충청남도,충청남도 서산시
20150463136,1,1,1,서산한과반대기,식품제조가공업,충청남도,충청남도 서산시
20150463212,1,1,1,(주)조은푸드,식품제조가공업,충청남도,충청남도 서산시
20150463226,2,2,2,서림농장(주),식품제조가공업,충청남도,충청남도 서산시
20150463347,1,1,1,주식회사 뜸부기모시떡,식품제조가공업,충청남도,충청남도 서산시
20150464017,4,4,4,논산시농산물가공지원실,식품제조가공업,충청남도,충청남도 논산시
20150464053,2,2,2,건양퍼멘테이션(주),식품제조가공업,충청남도,충청남도 논산시
20150464067,2,2,2,농업회사법인(주)우주,식품제조가공업,충청남도,충청남도 논산시
20150464079,5,5,3,농업회사법인 하이푸드(주),식품제조가공업,충청남도,충청남도 논산시
20150464100,3,3,3,어울림 협동조합,식품제조가공업,충청남도,충청남도 논산시
20150464153,1,1,1,농업회사법인(주)명천바이오,식품제조가공업,충청남도,충청남도 논산시
20150464166,11,11,10,(주)한미식품,식품제조가공업,충청남도,충청남도 논산시
20150466029,1,1,1,별미식품,식품제조가공업,충청남도,충청남도 계룡시
20150466069,3,3,3,농업회사법인 (주)훼미리푸드,식품제조가공업,충청남도,충청남도 계룡시
20150467043,1,1,1,우리가홍삼,식품제조가공업,충청남도,충청남도 금산군
20150467092,3,3,3,한솔바이오한방(주),식품제조가공업,충청남도,충청남도 금산군
20150467129,4,4,4,조양식품,식품제조가공업,충청남도,충청남도 금산군
20150467144,3,3,3,농업회사법인금산흑삼주식회사,식품제조가공업,충청남도,충청남도 금산군
20150467176,3,3,3,(주)국제농산,식품제조가공업,충청남도,충청남도 금산군
20150470016,1,1,1,백마버섯영농조합법인,식품제조가공업,충청남도,충청남도 부여군
20150470108,1,1,1,천보생물기술환경연구소(CIBE),식품제조가공업,충청남도,충청남도 부여군
20150471004,2,2,2,명품모시식품영농조합,식품제조가공업,충청남도,충청남도 서천군
20150471038,3,3,3,따봉식품,식품제조가공업,충청남도,충청남도 서천군
20150471056,2,2,2,농업회사법인 한생 주식회사 종천공장,식품제조가공업,충청남도,충청남도 서천군
20150472004,1,1,1,청양골 예진네,식품제조가공업,충청남도,충청남도 청양군
20150472026,2,2,1,알찬재래김,식품제조가공업,충청남도,충청남도 청양군
20150472063,36,19,20,(주)우양(청양공장),식품제조가공업,충청남도,충청남도 청양군
20150473001,2,2,2,진죽한과영농조합법인,식품제조가공업,충청남도,충청남도 홍성군
20150473023,1,1,1,진죽전통명가한과,식품제조가공업,충청남도,충청남도 홍성군
20150473064,3,3,3,그린아이 주식회사,식품제조가공업,충청남도,충청남도 홍성군
20150473231,1,1,1,광천농협 김 가공공장,식품제조가공업,충청남도,충청남도 홍성군
20150473274,2,2,2,주식회사  광천김 제5공장,식품제조가공업,충청남도,충청남도 홍성군
20150474027,4,4,4,농업회사법인오곡백과주식회사,식품제조가공업,충청남도,충청남도 예산군
20150474146,2,2,2,농업회사법인주식회사한도라지,식품제조가공업,충청남도,충청남도 예산군
20150474192,1,1,1,예산샘골농원,식품제조가공업,충청남도,충청남도 예산군
20150475008,1,1,1,태안월드푸드주식회사,식품제조가공업,충청남도,충청남도 태안군
20150475060,2,2,2,주식회사 아마존허브,식품제조가공업,충청남도,충청남도 태안군
20150475155,1,1,1,파수도 수산,식품제조가공업,충청남도,충청남도 태안군
20150478003,4,4,4,하봉식품,식품제조가공업,전북특별자치도,전북특별자치도 전주시
20150478028,2,2,2,(주)풍년제과본사제2공장,식품제조가공업,전북특별자치도,전북특별자치도 전주시
20150478093,3,3,3,농업회사법인(유)귀농해,식품제조가공업,전북특별자치도,전북특별자치도 전주시
20150478431,6,3,3,농업회사법인(주)소부당,식품제조가공업,전북특별자치도,전북특별자치도 전주시
20150478631,1,1,1,베테랑푸드,식품제조가공업,전북특별자치도,전북특별자치도 전주시
20150478683,1,1,1,한옥마을기정떡,식품제조가공업,전북특별자치도,전북특별자치도 전주시
20150478684,2,1,1,더옳은협동조합,식품제조가공업,전북특별자치도,전북특별자치도 고창군
20150478978,1,1,1,유한회사지호,식품제조가공업,전북특별자치도,전북특별자치도 전주시
20150481020,2,2,2,농업회사법인주식회사케이푸드,식품제조가공업,전북특별자치도,전북특별자치도 전주시
20150481069,1,1,1,농업회사법인주식회사이삭,식품제조가공업,전북특별자치도,전북특별자치도 전주시
20150481214,8,8,8,(주)케비젠,식품제조가공업,전북특별자치도,전북특별자치도 전주시
20150481419,2,2,2,혁신씨푸드,식품제조가공업,전북특별자치도,전북특별자치도 전주시
20150484014,1,1,1,(주)카페리즈,식품제조가공업,전북특별자치도,전북특별자치도 군산시
20150484406,2,2,2,(유)일출시푸드,식품제조가공업,전북특별자치도,전북특별자치도 군산시
20150484455,2,2,2,착한씨푸드,식품제조가공업,전북특별자치도,전북특별자치도 군산시
20150487049,2,2,2,(유)호서푸드시스템,식품제조가공업,전북특별자치도,전북특별자치도 익산시
20150487367,1,1,1,(주)한남여산휴게소하행선제7호점(드롭탑),휴게음식점,전북특별자치도,전북특별자치도 익산시
20150487416,2,2,2,참평안협동조합,식품제조가공업,전북특별자치도,전북특별자치도 익산시
20150487502,1,1,1,(주)푸르름,식품제조가공업,전북특별자치도,전북특별자치도 익산시
20150487576,1,1,1,정가담,식품제조가공업,전북특별자치도,전북특별자치도 익산시
20150490056,1,1,1,농업회사법인(주)한스올가닉,식품제조가공업,전북특별자치도,전북특별자치도 정읍시
20150490158,2,2,2,만복보호작업장,식품제조가공업,전북특별자치도,전북특별자치도 정읍시
20150490185,1,1,1,단풍고을영농조합,식품제조가공업,전북특별자치도,전북특별자치도 정읍시
20150490288,2,2,2,해아람영농조합법인,식품제조가공업,전북특별자치도,전북특별자치도 정읍시
20150490310,1,1,1,영농조합법인 정읍내장산도라지,식품제조가공업,전북특별자치도,전북특별자치도 정읍시
20150490316,2,2,2,단비농원,식품제조가공업,전북특별자치도,전북특별자치도 정읍시
20150492118,1,1,1,연두식품,식품제조가공업,전북특별자치도,전북특별자치도 남원시
20150492147,1,1,1,소담,식품제조가공업,전북특별자치도,전북특별자치도 남원시
20150492155,3,3,3,오가네 참부각,식품제조가공업,전북특별자치도,전북특별자치도 남원시
20150493099,2,2,2,신곡유통,식품제조가공업,전북특별자치도,전북특별자치도 김제시
20150493143,1,1,1,하늘선남포영농조합법인,식품제조가공업,전북특별자치도,전북특별자치도 김제시
20150493169,1,1,1,자연에마음,식품제조가공업,전북특별자치도,전북특별자치도 김제시
20150493208,6,6,4,주식회사 엄지식품,식품제조가공업,전북특별자치도,전북특별자치도 김제시
20150494053,1,1,1,조움농산,식품제조가공업,전북특별자치도,전북특별자치도 완주군
20150494137,1,1,1,영농조합법인 농부의꿈,식품제조가공업,전북특별자치도,전북특별자치도 완주군
20150494212,3,3,3,농업회사법인 주식회사 다원,식품제조가공업,전북특별자치도,전북특별자치도 완주군
20150494245,2,2,2,농업회사법인 유한회사 완주베리,식품제조가공업,전북특별자치도,전북특별자치도 완주군
20150494252,14,7,4,농업회사법인 한국오가닉(주),식품제조가공업,전북특별자치도,전북특별자치도 완주군
20150495062,2,2,2,(주)제이에스바이오,식품제조가공업,전북특별자치도,전북특별자치도 진안군
20150495064,2,2,2,농업회사법인 능길(유),식품제조가공업,전북특별자치도,전북특별자치도 진안군
20150496002,1,1,1,농업법인(주)카소돔,식품제조가공업,전북특별자치도,전북특별자치도 무주군
20150496010,4,4,2,슬로공동체부남 영농조합법인,식품제조가공업,전북특별자치도,전북특별자치도 무주군
20150496046,1,1,1,생기찬(주),식품제조가공업,전북특별자치도,전북특별자치도 무주군
20150496060,2,2,2,농업회사법인 천삼다초(주),식품제조가공업,전북특별자치도,전북특별자치도 무주군
20150497026,2,2,2,청정장수오미자영농조합법인,식품제조가공업,전북특별자치도,전북특별자치도 장수군
20150498004,1,1,1,섬진수산식품영어조합법인,식품제조가공업,전북특별자치도,전북특별자치도 임실군
20150499015,1,1,1,두성유통(주) 강천산(대구)휴게소 푸드코트,일반음식점,전북특별자치도,전북특별자치도 순창군
20150499046,1,1,1,두성유통(주) 강천산(광주)휴게소 푸드코트,일반음식점,전북특별자치도,전북특별자치도 순창군
20150500027,1,1,1,농업회사법인(주)아로니아하우스,식품제조가공업,전북특별자치도,전북특별자치도 고창군
20150500035,2,2,2,생선가게,식품제조가공업,전북특별자치도,전북특별자치도 고창군
20150500102,1,1,1,(주)고창황토배기유통(절임배추),식품제조가공업,전북특별자치도,전북특별자치도 고창군
20150501012,2,2,2,산들바다유기농업영농조합법인,식품제조가공업,전북특별자치도,전북특별자치도 부안군
20150501025,1,1,1,참신해,식품제조가공업,전북특별자치도,전북특별자치도 부안군
20150501170,2,2,2,전북부안지역자활센터 부안콩마을,식품제조가공업,전북특별자치도,전북특별자치도 부안군
20150506204,4,4,4,한일푸드 주식회사,식품제조가공업,전남광주통합특별시,전남광주통합특별시 여수시
20150506218,2,2,2,(주)소셜바이오,식품제조가공업,전남광주통합특별시,전남광주통합특별시 여수시
20150506324,3,3,3,돌산버섯영농조합법인,식품제조가공업,전남광주통합특별시,전남광주통합특별시 여수시
20150506351,1,1,1,어업회사법인 여수새고막(주)2공장,식품제조가공업,전남광주통합특별시,전남광주통합특별시 여수시
20150506378,4,4,4,어업회사 법인 주식회사 우리씨푸드,식품제조가공업,전남광주통합특별시,전남광주통합특별시 여수시
20150506477,2,2,2,여수고기,식품제조가공업,전남광주통합특별시,전남광주통합특별시 여수시
20150506490,2,2,2,베이커리521(Bakery521),식품제조가공업,전남광주통합특별시,전남광주통합특별시 여수시
20150506566,1,1,1,농업회사법인유한회사 묘도농원,식품제조가공업,전남광주통합특별시,전남광주통합특별시 여수시
20150506605,3,3,3,(주)해명원,식품제조가공업,전남광주통합특별시,전남광주통합특별시 여수시
20150506634,2,2,1,농업회사법인 유한회사 현천원,식품제조가공업,전남광주통합특별시,전남광주통합특별시 여수시
20150509148,4,4,3,토박이 식품,식품제조가공업,전남광주통합특별시,전남광주통합특별시 순천시
20150509385,4,4,4,(주)고산,식품제조가공업,전남광주통합특별시,전남광주통합특별시 순천시
20150509540,3,3,3,농업회사법인효향주식회사,식품제조가공업,전남광주통합특별시,전남광주통합특별시 순천시
20150509634,1,1,1,주식회사 자연애나누미,식품제조가공업,전남광주통합특별시,전남광주통합특별시 순천시
20150512325,2,2,2,주식회사 한영식품,식품제조가공업,전남광주통합특별시,전남광주통합특별시 나주시
20150512337,2,2,2,나주강나루 영농조합법인,식품제조가공업,전남광주통합특별시,전남광주통합특별시 나주시
20150515075,1,1,1,김복녀 전통식품,식품제조가공업,전남광주통합특별시,전남광주통합특별시 담양군
20150515117,1,1,1,세아식품,식품제조가공업,전남광주통합특별시,전남광주통합특별시 담양군
20150515167,1,1,1,농업회사법인 주식회사 죽향한과,식품제조가공업,전남광주통합특별시,전남광주통합특별시 담양군
20150515178,1,1,1,담양농협 블루베리가공공장,식품제조가공업,전남광주통합특별시,전남광주통합특별시 담양군
20150516064,1,1,1,곡성(순천방향)휴게소 한식코너,일반음식점,전남광주통합특별시,전남광주통합특별시 곡성군
20150516065,1,1,1,곡성(순천방향)휴게소 우동/라면,일반음식점,전남광주통합특별시,전남광주통합특별시 곡성군
20150516066,1,1,1,곡성(순천방향)휴게소한식코너콩심이,일반음식점,전남광주통합특별시,전남광주통합특별시 곡성군
20150518002,1,1,1,농업회사법인(주)가원,식품제조가공업,전남광주통합특별시,전남광주통합특별시 고흥군
20150518006,3,3,2,어업회사법인케이푸드(주),식품제조가공업,전남광주통합특별시,전남광주통합특별시 고흥군
20150518023,4,4,2,(주) 예인티앤지,식품제조가공업,전남광주통합특별시,전남광주통합특별시 고흥군
20150518079,3,3,3,(주) 현도바이오푸드,식품제조가공업,전남광주통합특별시,전남광주통합특별시 고흥군
20150518086,1,1,1,케이팜,식품제조가공업,전남광주통합특별시,전남광주통합특별시 고흥군
20150518089,2,2,2,농업회사법인 자유를 즐기자(주),식품제조가공업,전남광주통합특별시,전남광주통합특별시 고흥군
20150518104,1,1,1,태원영농조합법인,식품제조가공업,전남광주통합특별시,전남광주통합특별시 고흥군
20150519002,2,2,2,어업회사법인벌교꼬막(주),식품제조가공업,전남광주통합특별시,전남광주통합특별시 보성군
20150519071,1,1,1,득량만 키조개,식품제조가공업,전남광주통합특별시,전남광주통합특별시 보성군
20150519085,3,3,3,농업회사법인녹차골주식회사,식품제조가공업,전남광주통합특별시,전남광주통합특별시 보성군
20150520157,2,2,2,또또아랑 뻥이 터졌다!,식품제조가공업,전남광주통합특별시,전남광주통합특별시 화순군
20150521030,1,1,1,와송명가바위솔명가 협동조합,식품제조가공업,전남광주통합특별시,전남광주통합특별시 장흥군
20150524077,2,2,2,햇살처럼 영농조합법인,식품제조가공업,전남광주통합특별시,전남광주통합특별시 영암군
20150524108,1,1,1,삼호농협하나로마트,식품제조가공업,전남광주통합특별시,전남광주통합특별시 영암군
20150525179,2,2,2,(주)유진푸드,식품제조가공업,전남광주통합특별시,전남광주통합특별시 무안군
20150526050,2,2,1,농업회사법인 주식회사 아임푸드,식품제조가공업,전남광주통합특별시,전남광주통합특별시 함평군
20150526082,3,3,3,농업회사법인(유)코리아푸드,식품제조가공업,전남광주통합특별시,전남광주통합특별시 함평군
20150527044,1,1,1,범일수산주식회사어업회사법인,식품제조가공업,전남광주통합특별시,전남광주통합특별시 영광군
20150527045,1,1,1,뉴타운굴비,식품제조가공업,전남광주통합특별시,전남광주통합특별시 영광군
20150527072,3,3,3,백순기굴비(주),식품제조가공업,전남광주통합특별시,전남광주통합특별시 영광군
20150527127,1,1,1,더불어삶사회적협동조합,식품제조가공업,전남광주통합특별시,전남광주통합특별시 영광군
20150529007,3,3,3,(주)보리수지점,식품제조가공업,전남광주통합특별시,전남광주통합특별시 완도군
20150530003,3,3,3,조아라영농조합법인,식품제조가공업,전남광주통합특별시,전남광주통합특별시 진도군
20150533056,2,2,1,(주)더조은 에프앤비,식품소분업,경상북도,경상북도 포항시
20150533179,4,4,2,남양푸드,식품제조가공업,경상북도,경상북도 포항시
20150533188,1,1,1,(주)이노프레시,식품소분업,경상북도,경상북도 포항시
20150533269,3,3,3,어업회사법인 바다온 주식회사,식품제조가공업,경상북도,경상북도 포항시
20150541030,1,1,1,농업회사법인햇빛촌(주),식품제조가공업,경상북도,경상북도 김천시
20150541089,1,1,1,농업회사법인주식회사푸드팩토리,식품제조가공업,경상북도,경상북도 김천시
20150541123,1,1,1,한국전력기술(주),집단급식소,경상북도,경상북도 김천시
20150543019,8,8,5,YMF(와이엠에프),식품제조가공업,경상북도,경상북도 안동시
20150543078,1,1,1,서안동농협풍산김치공장,식품제조가공업,경상북도,경상북도 안동시
20150543441,32,16,8,(주)웰츄럴바이오,식품제조가공업,경상북도,경상북도 구미시
20150548339,1,1,1,주식회사해미래,식품소분업,경상북도,경상북도 구미시
20150548539,2,2,2,구미수산지산점,식품제조가공업,경상북도,경상북도 구미시
20150548602,1,1,1,(주)청우F2,식품제조가공업,경상북도,경상북도 구미시
20150554007,2,2,2,주식회사한부각농업회사법인,식품제조가공업,경상북도,경상북도 영주시
20150554120,4,4,4,농업회사법인하회주식회사,식품제조가공업,경상북도,경상북도 영주시
20150554132,4,4,4,농업회사법인영주마실푸드엔헬스(주),식품제조가공업,경상북도,경상북도 영주시
20150555014,2,2,2,(주)청아냉동식품 제2공장,식품제조가공업,경상북도,경상북도 영천시
20150555160,1,1,1,(주)한방세상,식품제조가공업,경상북도,경상북도 영천시
20150555195,4,4,4,농업회사법인 과원주식회사,식품제조가공업,경상북도,경상북도 영천시
20150555238,1,1,1,진보농산,식품제조가공업,경상북도,경상북도 영천시
20150556058,5,5,5,(주)씨티푸드(제1공장),식품제조가공업,경상북도,경상북도 상주시
20150556072,7,7,7,한농유기농건강체험촌(영),식품제조가공업,경상북도,경상북도 상주시
20150556175,2,2,2,(주)동천수,식품제조가공업,경상북도,경상북도 상주시
20150558001,2,2,1,(주)서원문경(하)휴게소 던킨도너츠,휴게음식점,경상북도,경상북도 문경시
20150558148,6,6,5,청담영농조합법인,식품제조가공업,경상북도,경상북도 문경시
20150558198,2,2,2,알뜨랑농원,식품제조가공업,경상북도,경상북도 문경시
20150560058,2,2,2,푸른영농조합법인,식품제조가공업,경상북도,경상북도 경산시
20150560059,2,1,1,웰빙고(주),식품제조가공업,경상북도,경상북도 경산시
20150560202,3,3,2,동우당제약(주) 식품사업부,식품제조가공업,경상북도,경상북도 경산시
20150563056,1,1,1,두레의성생산자회영농조합법인,식품제조가공업,대구광역시,대구광역시 의성군
20150564075,1,1,1,능금이랑쥬스랑,식품제조가공업,경상북도,경상북도 청송군
20150566009,2,2,2,주식회사 더동쪽바다가는길,식품제조가공업,경상북도,경상북도 영덕군
20150566059,2,2,2,주식회사 해선수산,식품제조가공업,경상북도,경상북도 영덕군
20150566105,1,1,1,팔각산친환경절임배추영농조합법인,식품제조가공업,경상북도,경상북도 영덕군
20150567037,2,2,2,하늘담은 영농조합법인,식품제조가공업,경상북도,경상북도 청도군
20150567077,2,2,2,농업회사법인 (주)한길웰바이오,식품제조가공업,경상북도,경상북도 청도군
20150569083,1,1,1,농업회사법인 주식회사 지엔에프앤비 2공장,식품제조가공업,경상북도,경상북도 성주군
20150570168,1,1,1,오사리식품,식품제조가공업,경상북도,경상북도 칠곡군
20150570260,1,1,1,(주)산야촌,식품제조가공업,경상북도,경상북도 칠곡군
20150572001,3,3,3,하눌보호작업장,식품제조가공업,경상북도,경상북도 봉화군
20150572051,1,1,1,무진영농조합법인,식품제조가공업,경상북도,경상북도 봉화군
20150589161,1,1,1,더그린팩토리,식품제조가공업,경상남도,경상남도 창원시
20150595111,2,2,2,빵긋,식품제조가공업,경상남도,경상남도 창원시
20150595442,1,1,1,창원서부수협,식품제조가공업,경상남도,경상남도 창원시
20150601174,4,4,4,(주)나루아토,식품제조가공업,경상남도,경상남도 진주시
20150601788,2,2,2,두메원식품,식품제조가공업,경상남도,경상남도 진주시
20150604008,1,1,1,바다사랑통영청정어묵,식품제조가공업,경상남도,경상남도 통영시
20150604141,1,1,1,일랑(YLANG),식품제조가공업,경상남도,경상남도 통영시
20150606045,2,2,2,농업회사법인보석푸드(주),식품제조가공업,경상남도,경상남도 사천시
20150606102,4,2,2,사랑의식품,식품제조가공업,경상남도,경상남도 고성군
20150606126,3,3,3,(주)경남무역,식품제조가공업,경상남도,경상남도 사천시
20150607172,1,1,1,미가식품,식품제조가공업,경상남도,경상남도 김해시
20150607185,1,1,1,주원베이커리,식품제조가공업,경상남도,경상남도 김해시
20150607609,8,8,5,(주)진현,식품제조가공업,경상남도,경상남도 김해시
20150607766,2,1,1,주식회사 미담누들,식품제조가공업,울산광역시,울산광역시 울주군
20150607882,1,1,1,(주)지성원,식품제조가공업,경상남도,경상남도 김해시
20150607983,1,1,1,주식회사 수푸드,식품제조가공업,경상남도,경상남도 김해시
20150608223,4,2,1,(주)미소담식품,식품제조가공업,경상남도,경상남도 창원시
20150611030,1,1,1,아침사과,식품제조가공업,경상남도,경상남도 밀양시
20150611153,1,1,1,미풍제면공업사,식품제조가공업,경상남도,경상남도 밀양시
20150611164,2,2,1,농업회사법인 대곡친환경 합자회사,식품제조가공업,경상남도,경상남도 밀양시
20150611193,3,3,3,(주)미들찬 농업회사법인,식품제조가공업,경상남도,경상남도 밀양시
20150614637,2,2,2,사계절식품,식품제조가공업,경상남도,경상남도 양산시
20150614645,2,2,2,대륙식품(주)덕계공장,식품제조가공업,경상남도,경상남도 양산시
20150614930,1,1,1,(주)설빙식품,식품제조가공업,경상남도,경상남도 양산시
20150616004,1,1,1,청미푸드,식품제조가공업,경상남도,경상남도 의령군
20150617016,3,3,3,유한회사 에스제이에프,식품제조가공업,경상남도,경상남도 함안군
20150617058,4,2,2,농업회사법인 누룩공방 배나무실(주),식품제조가공업,경기도,경기도 고양시
20150617092,6,6,6,(주)에스엘푸드,식품제조가공업,경상남도,경상남도 함안군
20150617191,7,4,4,(주)씨엔에프(키원글로벌),식품제조가공업,경상남도,경상남도 함안군
20150618073,1,1,1,(주)선농,식품제조가공업,경상남도,경상남도 창녕군
20150618104,3,3,3,우포바이오푸드,식품제조가공업,경상남도,경상남도 창녕군
20150619040,3,3,3,거류영농조합법인,식품제조가공업,경상남도,경상남도 고성군
20150620084,1,1,1,보물섬남해클러스터조합공동사업법인,식품제조가공업,경상남도,경상남도 남해군
20150622010,1,1,1,농업회사법인(주)하늘다리,식품제조가공업,경상남도,경상남도 산청군
20150622033,5,5,5,효성식품 영농조합법인,식품제조가공업,경상남도,경상남도 산청군
20150622080,1,1,1,그곳에 선돌이 있네(서있는돌),식품제조가공업,경상남도,경상남도 산청군
20150623061,1,1,1,그농부(THE FARMER),식품제조가공업,경상남도,경상남도 함양군
20150623098,1,1,1,함양보호작업장,식품제조가공업,경상남도,경상남도 함양군
20150623114,1,1,1,만석지기농장,식품제조가공업,경상남도,경상남도 함양군
20150624042,2,2,1,농업회사법인(주)올빛,식품제조가공업,경상남도,경상남도 거창군
20150624064,1,1,1,위델스프로폴리스영농조합법인,식품제조가공업,경상남도,경상남도 거창군
20150624082,5,5,5,백초영농조합법인,식품제조가공업,경상남도,경상남도 거창군
20150624086,2,2,2,농업회사법인진산명가주식회사,식품제조가공업,경상남도,경상남도 거창군
20150624093,1,1,1,거창상휴게소-커피코너,휴게음식점,경상남도,경상남도 거창군
20150624095,1,1,1,거창하휴게소-커피코너,휴게음식점,경상남도,경상남도 거창군
20150625085,1,1,1,가야친환경쌀영농조합법인,식품제조가공업,경상남도,경상남도 합천군
20150625102,2,2,2,(주)에이스푸드,식품제조가공업,경상남도,경상남도 합천군
20150627234,1,1,1,은가비식품,식품제조가공업,제주특별자치도,제주특별자치도 제주시
20150627350,1,1,1,순참쑥영농조합법인,식품제조가공업,제주특별자치도,제주특별자치도 제주시
20150627424,2,2,2,(주)에코제이푸드,식품제조가공업,제주특별자치도,제주특별자치도 제주시
20150627483,3,3,3,한림수산업협동조합,식품제조가공업,제주특별자치도,제주특별자치도 제주시
20150627569,2,2,2,수협제주가공공장,식품제조가공업,제주특별자치도,제주특별자치도 제주시
20150627782,1,1,1,오메기명가,식품제조가공업,제주특별자치도,제주특별자치도 제주시
20150628145,2,2,2,냠냠제주,식품제조가공업,제주특별자치도,제주특별자치도 제주시
20150628180,1,1,1,시루원,식품제조가공업,제주특별자치도,제주특별자치도 제주시
20150628374,1,1,1,알뜰전통오메기떡,식품제조가공업,제주특별자치도,제주특별자치도 제주시
20150628510,1,1,1,주식회사귤하르방,식품제조가공업,제주특별자치도,제주특별자치도 제주시
20150628707,1,1,1,제주수눌음지역자활센터,식품소분업,제주특별자치도,제주특별자치도 제주시
20150631148,1,1,1,농업회사법인 위앤미(주),식품제조가공업,제주특별자치도,제주특별자치도 서귀포시
20150631471,1,1,1,농업회사법인가뫼물 주식회사,식품제조가공업,제주특별자치도,제주특별자치도 서귀포시
20150631583,2,2,2,농업회사법인 (주)제주향,식품제조가공업,제주특별자치도,제주특별자치도 서귀포시
20160002429,1,1,1,(주)카브루상천브루어리,식품제조가공업(주류),경기도,경기도 가평군
20160003316,1,1,1,협동조합 모월,식품제조가공업(주류),강원특별자치도,강원특별자치도 원주시
20160010019,2,2,2,와룡전통주,식품제조가공업(주류),전남광주통합특별시,전남광주통합특별시 담양군
20160033338,6,2,2,(주)타르틴코리아,식품제조가공업,서울특별시,서울특별시 금천구
20160033469,1,1,1,교토마블,식품제조가공업,서울특별시,서울특별시 용산구
20160033961,2,1,1,순심이네 단팥빵,식품제조가공업,서울특별시,서울특별시 용산구
20160036205,1,1,1,(주)제이케이푸드시스템,식품제조가공업,서울특별시,서울특별시 성동구
20160036685,9,9,9,(주)신세계푸드 메인주방,식품제조가공업,서울특별시,서울특별시 성동구
20160036716,1,1,1,픽어베이글,식품제조가공업,서울특별시,서울특별시 성동구
20160036777,2,2,2,밀도 씨케이,식품제조가공업,서울특별시,서울특별시 성동구
20160037088,5,5,5,(주)일미락식품,식품제조가공업,서울특별시,서울특별시 성동구
20160042916,6,2,1,일원,식품제조가공업,경기도,경기도 성남시
20160046070,2,1,1,(주)솔루션푸드,식품제조가공업,서울특별시,서울특별시 중랑구
20160046903,4,2,2,한예원 에프앤비,식품제조가공업,경기도,경기도 의정부시
20160050023,1,1,1,진해물산,식품제조가공업,서울특별시,서울특별시 성북구
20160050379,2,1,1,서촌옛날통밀빵,식품제조가공업,서울특별시,서울특별시 강북구
20160056046,2,1,1,낙원떡 거상,식품제조가공업,서울특별시,서울특별시 도봉구
20160069323,1,1,1,도원떡,식품제조가공업,서울특별시,서울특별시 마포구
20160076901,1,1,1,주식회사 소샘,식품제조가공업,서울특별시,서울특별시 강서구
20160080137,2,1,1,한양,식품제조가공업,경기도,경기도 부천시
20160080256,2,2,2,영등포씨케이(영등포CK),식품제조가공업,서울특별시,서울특별시 구로구
20160080320,1,1,1,시장면가공,식품제조가공업,서울특별시,서울특별시 구로구
20160080733,9,9,9,(주)카카오브라운,식품제조가공업,서울특별시,서울특별시 구로구
20160084025,2,1,1,주식회사 큰우물,식품제조가공업,서울특별시,서울특별시 금천구
20160084574,2,1,1,(주)행복찹쌀떡,식품제조가공업,서울특별시,서울특별시 금천구
20160086058,1,1,1,(주)엘로이그룹,식품제조가공업,서울특별시,서울특별시 영등포구
20160086431,8,4,4,장강식품,식품제조가공업,경기도,경기도 부천시
20160086521,6,3,3,와이에이치엔푸드,식품제조가공업,인천광역시,인천광역시 남동구
20160086809,3,3,3,(주)바이오믹스테크,식품제조가공업,서울특별시,서울특별시 영등포구
20160091024,1,1,1,(주)안일수산,식품제조가공업,서울특별시,서울특별시 동작구
20160091775,2,2,2,(주)늘품씨푸드,식품제조가공업,서울특별시,서울특별시 동작구
20160098307,7,7,7,주식회사 메종엠오,식품제조가공업,서울특별시,서울특별시 서초구
20160099715,1,1,1,"주식회사 알앤비푸드테크(R&D Food Tech co.,Ltd.)",식품제조가공업,서울특별시,서울특별시 서초구
20160105863,1,1,1,(주)왓츠피데,식품제조가공업,서울특별시,서울특별시 강남구
20160105984,1,1,1,고주스,식품제조가공업,서울특별시,서울특별시 강남구
20160106808,4,2,2,트리즈랩,식품제조가공업,서울특별시,서울특별시 강남구
20160108160,6,2,2,플랜트베이커리,식품제조가공업,서울특별시,서울특별시 중구
20160114175,2,2,2,준유통,식품제조가공업,서울특별시,서울특별시 송파구
20160114264,4,2,2,나폴레옹 베이커리 유통(주),식품제조가공업,서울특별시,서울특별시 송파구
20160115410,1,1,1,(주)현대그린푸드 서울아산병원 서관,위탁급식영업,서울특별시,서울특별시 송파구
20160115443,6,3,3,(주)아이팝씨클,식품제조가공업,경기도,경기도 성남시
20160116016,7,7,6,메디쏠라 연구소 키친,식품제조가공업,서울특별시,서울특별시 송파구
20160116123,1,1,1,롯데쇼핑(주)롯데프리미엄 푸드마켓 문정점,기타식품판매업,서울특별시,서울특별시 송파구
20160120289,2,1,1,주식회사 친환경식품 콩담터 길동지점,식품제조가공업,서울특별시,서울특별시 강동구
20160128147,1,1,1,(주)영광푸드,식품제조가공업,부산광역시,부산광역시 서구
20160128209,2,2,2,파알유통,식품제조가공업,부산광역시,부산광역시 서구
20160130063,1,1,1,태성식품(주),식품제조가공업,부산광역시,부산광역시 영도구
20160130135,4,4,4,주식회사 로열푸드 코리아,식품제조가공업,부산광역시,부산광역시 영도구
20160131874,4,2,2,웰연구소,식품제조가공업,부산광역시,부산광역시 부산진구
20160137071,1,1,1,세영식품(주)부경대학교세종2관점,위탁급식영업,부산광역시,부산광역시 남구
20160137298,1,1,1,미누재푸드,식품제조가공업,부산광역시,부산광역시 남구
20160137332,3,3,3,(주)겐츠베이커리 제2공장,식품제조가공업,부산광역시,부산광역시 남구
20160142294,1,1,1,빠리지엥과자점,식품제조가공업,부산광역시,부산광역시 해운대구
20160144074,2,2,2,만금수산유통,식품제조가공업,부산광역시,부산광역시 사하구
20160144132,1,1,1,송강식품,식품제조가공업,부산광역시,부산광역시 사하구
20160144176,1,1,1,씨로드주식회사,식품제조가공업,부산광역시,부산광역시 사하구
20160144229,2,2,2,(주)청산에식품,식품제조가공업,부산광역시,부산광역시 사하구
20160144315,1,1,1,(주)정도참치,식품제조가공업,부산광역시,부산광역시 사하구
20160144403,1,1,1,주식회사 정우푸드,식품제조가공업,부산광역시,부산광역시 사하구
20160144438,3,1,1,보정식품,식품제조가공업,부산광역시,부산광역시 강서구
20160144490,4,4,4,오복F&C,식품제조가공업,부산광역시,부산광역시 사하구
20160144588,4,4,3,(주)재호식품 제2공장,식품제조가공업,부산광역시,부산광역시 사하구
20160144589,4,4,4,(주)재호물산 제2공장,식품제조가공업,부산광역시,부산광역시 사하구
20160147117,1,1,1,(주)웨이닝코리아부산지사,식품제조가공업,부산광역시,부산광역시 금정구
20160147436,2,1,1,오곡대장제면소,식품제조가공업,부산광역시,부산광역시 금정구
20160149584,1,1,1,빵내음 주식회사,식품제조가공업,부산광역시,부산광역시 강서구
20160154217,1,1,1,덕포시장 진유당,식품제조가공업,부산광역시,부산광역시 사상구
20160156288,2,2,2,스마일에프앤디(주),식품제조가공업,부산광역시,부산광역시 기장군
20160156384,2,2,2,주식회사 제이엔오,식품제조가공업,부산광역시,부산광역시 기장군
20160156553,1,1,1,(주)하베스트,식품제조가공업,부산광역시,부산광역시 기장군
20160158229,1,1,1,신의 한순대,식품제조가공업,대구광역시,대구광역시 중구
20160158491,2,2,2,(주)홍두당,식품제조가공업,대구광역시,대구광역시 중구
20160160098,3,3,3,농업회사법인 팔공산김치 주식회사,식품제조가공업,대구광역시,대구광역시 동구
20160160406,2,1,1,(주)라이스바이오텍남천지점,식품제조가공업,경상북도,경상북도 경산시
20160160416,2,1,1,비해이븐,식품제조가공업,경상북도,경상북도 경산시
20160160610,1,1,1,유수식품,식품제조가공업,대구광역시,대구광역시 동구
20160163024,2,1,1,(주)엠디유글로벌,식품제조가공업,대구광역시,대구광역시 서구
20160163394,2,2,2,(주)라온씨앤비,식품제조가공업,대구광역시,대구광역시 서구
20160168072,1,1,1,일광식품,식품제조가공업,대구광역시,대구광역시 북구
20160168560,2,2,2,주식회사 제이수산,식품제조가공업,대구광역시,대구광역시 북구
20160168595,1,1,1,(주)태양푸드시스템,식품제조가공업,대구광역시,대구광역시 북구
20160168936,2,2,1,갈릭하우스,식품제조가공업,대구광역시,대구광역시 북구
20160168944,2,1,1,다담식품,식품제조가공업,대구광역시,대구광역시 북구
20160181029,2,2,2,농업회사법인 (주)영풍,식품제조가공업,대구광역시,대구광역시 달서구
20160181137,6,3,3,위버멘쉬코리아 주식회사,식품제조가공업,대구광역시,대구광역시 달서구
20160181717,2,2,2,(주)엔피베버리지,식품제조가공업,대구광역시,대구광역시 달서구
20160181736,8,2,2,기영에프앤비(F&B),식품제조가공업,대구광역시,대구광역시 달서구
20160182566,3,3,3,삼화식품공사,식품제조가공업,대구광역시,대구광역시 달서구
20160188178,2,2,2,주식회사 나드리,식품제조가공업,대구광역시,대구광역시 달성군
20160188220,7,7,7,비케이뉴트리션,식품제조가공업,대구광역시,대구광역시 달성군
20160190054,2,2,2,샤프도앤코코리아 유한회사,식품제조가공업,인천광역시,인천광역시 영종구
20160193132,4,2,1,정림식품,식품제조가공업,경기도,경기도 김포시
20160193289,6,3,3,미지향식품,식품제조가공업,인천광역시,인천광역시 서해구
20160199054,2,2,2,(주)머지스,식품제조가공업,인천광역시,인천광역시 남동구
20160199077,1,1,1,주식회사 보네베이커리,식품제조가공업,인천광역시,인천광역시 남동구
20160199137,4,4,3,천하식품,식품제조가공업,인천광역시,인천광역시 남동구
20160199174,3,3,3,(주)제이엘푸드,식품제조가공업,인천광역시,인천광역시 남동구
20160199882,2,2,2,(주)청우푸드,식품제조가공업,인천광역시,인천광역시 남동구
20160199900,6,6,4,(주)청아라,식품제조가공업,인천광역시,인천광역시 남동구
20160199901,2,2,2,(주)미래로푸드,식품제조가공업,인천광역시,인천광역시 남동구
20160199915,3,3,2,까레몽 협동조합,식품제조가공업,인천광역시,인천광역시 남동구
20160200126,7,7,7,(주)팰리스푸드,식품제조가공업,인천광역시,인천광역시 남동구
20160200226,3,3,3,초이원푸드,식품제조가공업,인천광역시,인천광역시 남동구
20160200280,2,2,2,(주)맛요일,식품제조가공업,인천광역시,인천광역시 남동구
20160202050,2,1,1,주식회사 정다함,식품제조가공업,인천광역시,인천광역시 계양구
20160202069,5,5,5,아워키친클럽,식품제조가공업,인천광역시,인천광역시 부평구
20160205648,4,2,2,청솔식품,식품제조가공업,인천광역시,인천광역시 계양구
20160208057,4,4,4,셈페르,식품제조가공업,인천광역시,인천광역시 검단구
20160208100,2,2,2,주식회사 농우,식품제조가공업,인천광역시,인천광역시 서해구
20160208629,2,2,2,(주)바른푸드,식품제조가공업,인천광역시,인천광역시 검단구
20160208637,2,2,2,(주)바이칸 씨푸드,식품제조가공업,인천광역시,인천광역시 서해구
20160208822,1,1,1,케이와이식품(주),식품제조가공업,인천광역시,인천광역시 검단구
20160208941,2,2,2,(주)예기,식품제조가공업,인천광역시,인천광역시 서해구
20160209168,10,5,5,(주)태민푸드,식품제조가공업,인천광역시,인천광역시 서해구
20160209169,2,1,1,(주)태민푸드,식품소분업,인천광역시,인천광역시 미추홀구
20160209186,1,1,1,(주)뫼루니식품 원창지점,식품제조가공업,인천광역시,인천광역시 서해구
20160209328,1,1,1,김치궁,식품제조가공업,인천광역시,인천광역시 서해구
20160211126,2,2,2,강화 농가의 부엌 영농조합법인,식품제조가공업,인천광역시,인천광역시 강화군
20160211138,2,2,2,(주)바다로푸드,식품제조가공업,인천광역시,인천광역시 강화군
20160211170,2,2,2,농업회사법인(주)강화드림,식품제조가공업,인천광역시,인천광역시 강화군
20160216118,3,3,3,남도맛김치,식품제조가공업,전남광주통합특별시,전남광주통합특별시 서구
20160216367,1,1,1,(주)한솔푸드,식품제조가공업,전남광주통합특별시,전남광주통합특별시 서구
20160219251,12,6,6,이든식품,식품제조가공업,전남광주통합특별시,전남광주통합특별시 광산구
20160227477,3,3,3,광신농산,식품제조가공업,전남광주통합특별시,전남광주통합특별시 광산구
20160227734,1,1,1,별꼭지영농조합법인,식품제조가공업,전남광주통합특별시,전남광주통합특별시 광산구
20160228113,1,1,1,빛고을고추가루,식품제조가공업,전남광주통합특별시,전남광주통합특별시 광산구
20160228114,2,2,2,보리사랑,식품제조가공업,전남광주통합특별시,전남광주통합특별시 광산구
20160228115,4,4,3,빛고을참기름,식품제조가공업,전남광주통합특별시,전남광주통합특별시 광산구
20160231359,2,2,2,에코푸드(주) 1공장,식품제조가공업,대전광역시,대전광역시 동구
20160231584,1,1,1,에코푸드(주)2공장,식품제조가공업,대전광역시,대전광역시 동구
20160233516,3,3,3,신흥푸드,식품제조가공업,대전광역시,대전광역시 중구
20160236037,2,2,2,신선한과일공장,식품제조가공업,대전광역시,대전광역시 서구
20160236578,1,1,1,주식회사 씨엘월드,식품제조가공업,대전광역시,대전광역시 서구
20160237183,4,4,4,노아외식산업 주식회사,식품제조가공업,대전광역시,대전광역시 서구
20160240111,3,1,1,클로버 주식회사,식품제조가공업,대전광역시,대전광역시 유성구
20160240589,2,1,1,늘푸른식품,식품제조가공업,대전광역시,대전광역시 서구
20160241227,2,1,1,대감식품,식품제조가공업,세종특별자치시,세종특별자치시
20160242045,6,3,3,(주)다우에프에스,식품제조가공업,충청남도,충청남도 금산군
20160245058,2,2,2,장원에프에스,식품제조가공업,울산광역시,울산광역시 중구
20160245067,2,1,1,주식회사 쏘이빠나데로,식품제조가공업,울산광역시,울산광역시 북구
20160248224,2,1,1,소월당,식품제조가공업,울산광역시,울산광역시 남구
20160255217,2,2,2,대호상사,식품제조가공업,울산광역시,울산광역시 울주군
20160255452,1,1,1,명성식품,식품제조가공업,울산광역시,울산광역시 울주군
20160257027,1,1,1,농업회사법인(주) 서가네떡방,식품제조가공업,세종특별자치시,세종특별자치시
20160257285,2,2,2,농업회사법인 진영농산(주),식품제조가공업,세종특별자치시,세종특별자치시
20160257415,3,3,3,와이팜영농조합법인,식품제조가공업,세종특별자치시,세종특별자치시
20160257504,1,1,1,콜마비앤에이치(주),식품제조가공업,세종특별자치시,세종특별자치시
20160257547,1,1,1,와이팜영농조합법인 선채,집단급식소 식품판매업,세종특별자치시,세종특별자치시
20160257576,6,6,6,콜마비앤에이치(주)원성공장,식품제조가공업,세종특별자치시,세종특별자치시
20160257807,4,4,4,지노C&T,식품제조가공업,세종특별자치시,세종특별자치시
20160263104,2,1,1,(주)니즈푸드,식품제조가공업,경기도,경기도 화성시
20160263122,1,1,1,웬아이베이크,식품제조가공업,경기도,경기도 수원시
20160263199,2,2,2,세영FNG,식품제조가공업,경기도,경기도 수원시
20160263518,1,1,1,각시밥상,식품제조가공업,경기도,경기도 수원시
20160275024,1,1,1,홍식이 디저트,식품제조가공업,경기도,경기도 성남시
20160275034,1,1,1,(주) 지금,식품제조가공업,경기도,경기도 성남시
20160275045,14,7,7,(주)네오크레마 익산공장,식품제조가공업,전북특별자치도,전북특별자치도 익산시
20160275046,4,2,2,(주)네오크레마 익산공장,식품첨가물제조업,전북특별자치도,전북특별자치도 익산시
20160275059,2,2,2,더다경,식품제조가공업,경기도,경기도 성남시
20160275069,2,2,2,(주)타마루에스엠에스2공장,식품제조가공업,경기도,경기도 성남시
20160275103,1,1,1,진진글로벌,식품제조가공업,경기도,경기도 성남시
20160275111,3,3,3,(주)거북이달린다,식품제조가공업,경기도,경기도 성남시
20160275169,2,2,2,구스F&B(주)2공장,식품제조가공업,경기도,경기도 성남시
20160275170,2,1,1,주식회사 모건푸드,식품제조가공업,경기도,경기도 용인시
20160275222,3,3,3,팡프레,식품제조가공업,경기도,경기도 성남시
20160275278,1,1,1,원바이트 에프엔비,식품제조가공업,경기도,경기도 성남시
20160275302,8,4,3,(주)정금에프앤씨,식품제조가공업,경기도,경기도 성남시
20160275368,2,2,2,플레이버랩(주),식품제조가공업,경기도,경기도 성남시
20160275373,3,3,3,오가팜(주)성남2공장,식품제조가공업,경기도,경기도 성남시
20160275378,2,1,1,(주)청경수산,식품제조가공업,경기도,경기도 광주시
20160275388,3,3,3,(주)현대그린푸드 베이커리공장,식품제조가공업,경기도,경기도 성남시
20160288022,2,1,1,(주)씨쓰리에이앤지(B),식품제조가공업,경기도,경기도 안양시
20160294028,3,3,3,(주)바이오셀,식품제조가공업,경기도,경기도 부천시
20160294038,3,3,2,주식회사 더브레드밀,식품제조가공업,경기도,경기도 부천시
20160294071,2,1,1,(주)온더푸드,식품제조가공업,경기도,경기도 김포시
20160294077,2,1,1,(주)바이오믹스푸드시스템,식품소분업,인천광역시,인천광역시 서해구
20160294227,1,1,1,(주)엘케이디앤,식품제조가공업,경기도,경기도 부천시
20160294378,4,2,1,삼아푸드,식품제조가공업,경기도,경기도 파주시
20160294381,2,2,2,(주)디와이수산,식품제조가공업,경기도,경기도 부천시
20160304158,4,2,2,주식회사 웨스트마이크로,식품제조가공업,경기도,경기도 화성시
20160304604,4,2,1,(주)태후푸드,식품제조가공업,경기도,경기도 광명시
20160306079,1,1,1,올팜푸드,식품제조가공업,경기도,경기도 평택시
20160308017,1,1,1,농업회사법인 비전프라임 주식회사,식품제조가공업,경기도,경기도 평택시
20160308267,1,1,1,달레나식품,식품제조가공업,경기도,경기도 평택시
20160308386,14,4,4,(주)케이씨에프앤비,식품제조가공업,경기도,경기도 평택시
20160309198,2,1,1,(주)진성앤푸드원,식품제조가공업,경기도,경기도 화성시
20160311006,2,2,2,빵집아저씨들협동조합,식품제조가공업,경기도,경기도 안산시
20160311057,4,4,4,(주)씨에스앰,식품제조가공업,경기도,경기도 안산시
20160311195,1,1,1,(주)통영푸드,식품제조가공업,경기도,경기도 안산시
20160311197,2,2,2,(주)더빌드컴퍼니,식품제조가공업,경기도,경기도 안산시
20160311198,6,6,6,큐어드 주식회사,식품제조가공업,경기도,경기도 안산시
20160311286,1,1,1,이가식품,식품제조가공업,경기도,경기도 안산시
20160311332,1,1,1,한아름농장,식품제조가공업,경기도,경기도 안산시
20160311333,1,1,1,(주)하나로식품,식품제조가공업,경기도,경기도 안산시
20160311401,2,2,2,(주)한사랑푸드,식품제조가공업,경기도,경기도 안산시
20160311526,4,2,2,(주)퓨어프레스,식품제조가공업,경기도,경기도 안산시
20160320084,2,2,2,소담푸드,식품제조가공업,경기도,경기도 고양시
20160320085,2,2,2,화도식품,식품제조가공업,경기도,경기도 고양시
20160320086,2,2,2,해주식품,식품제조가공업,경기도,경기도 고양시
20160320356,6,3,2,올바른,식품제조가공업,경기도,경기도 고양시
20160320726,2,2,2,더브레드뱅크,식품제조가공업,경기도,경기도 고양시
20160320886,12,6,2,(주)위즈덤에프앤비,식품제조가공업,경기도,경기도 고양시
20160320936,1,1,1,(주)진성웰푸드,식품제조가공업,경기도,경기도 고양시
20160321192,6,3,3,수라예찬,식품제조가공업,경기도,경기도 고양시
20160321333,1,1,1,(주)리얼푸드,식품제조가공업,경기도,경기도 고양시
20160321353,1,1,1,비가오면,식품제조가공업,경기도,경기도 고양시
20160321510,4,2,2,에치에이푸드,식품제조가공업,경기도,경기도 고양시
20160321614,6,2,1,주식회사프리츠,식품제조가공업,인천광역시,인천광역시 검단구
20160330266,1,1,1,도우너 푸드,식품제조가공업,경기도,경기도 구리시
20160330357,1,1,1,구리휴게소 달콤커피,휴게음식점,경기도,경기도 구리시
20160330441,4,2,2,깐깐제과,식품제조가공업,경기도,경기도 남양주시
20160332420,5,5,5,부산완당,식품제조가공업,경기도,경기도 남양주시
20160332485,2,2,2,주식회사 코코쇼콜라,식품제조가공업,경기도,경기도 남양주시
20160332582,2,2,1,(주)맑은농산 3공장,식품제조가공업,경기도,경기도 남양주시
20160332658,2,2,2,(주)웰지스,식품제조가공업,경기도,경기도 남양주시
20160332955,4,2,2,베니코리아,식품제조가공업,충청남도,충청남도 천안시
20160333060,2,2,2,(주)정성식품,식품제조가공업,경기도,경기도 남양주시
20160333213,3,3,3,농업회사법인 주식회사 다듬,식품제조가공업,경기도,경기도 남양주시
20160333353,1,1,1,(주)햇살에프에스,식품소분업,경기도,경기도 남양주시
20160333356,7,7,7,파티센타 남양주 CK,식품제조가공업,경기도,경기도 남양주시
20160333357,2,2,2,트리투바,식품제조가공업,경기도,경기도 남양주시
20160333453,3,3,3,이수식품(주),식품제조가공업,경기도,경기도 남양주시
20160333501,1,1,1,(주)신비향,식품제조가공업,경기도,경기도 남양주시
20160333570,2,2,2,(주)도스타코스,식품제조가공업,경기도,경기도 남양주시
20160338669,3,3,3,농업회사법인(주) 담푸른,식품제조가공업,경기도,경기도 시흥시
20160338811,2,2,2,주식회사소울푸드,식품제조가공업,경기도,경기도 시흥시
20160342234,1,1,1,(주)제이웰푸드,식품제조가공업,경기도,경기도 군포시
20160342346,8,4,4,어업회사법인 금강씨푸드주식회사,식품제조가공업,경기도,경기도 군포시
20160342436,1,1,1,주식회사 그레닉스 제3공장,식품제조가공업,경기도,경기도 군포시
20160344056,1,1,1,아침에 달인,식품제조가공업,경기도,경기도 의왕시
20160344132,2,1,1,주식회사 아이니스푸드,식품제조가공업,경기도,경기도 군포시
20160344244,1,1,1,우린바이오텍,식품제조가공업,경기도,경기도 의왕시
20160345064,2,2,2,(주)씨밀레에프에스,식품제조가공업,경기도,경기도 하남시
20160345074,1,1,1,(주)성덕푸드 하남공장,식품제조가공업,경기도,경기도 하남시
20160345328,1,1,1,와와부자,식품제조가공업,경기도,경기도 하남시
20160345344,4,2,2,웃는물고기,식품제조가공업,서울특별시,서울특별시 강동구
20160345353,1,1,1,주식회사 생활의달인,식품제조가공업,경기도,경기도 하남시
20160345382,2,2,2,산수유통,식품제조가공업,경기도,경기도 하남시
20160345422,2,2,2,(주)한제원,식품제조가공업,경기도,경기도 하남시
20160345835,1,1,1,(주)제이엠트레이딩,식품제조가공업,경기도,경기도 하남시
20160347008,1,1,1,백암푸드,식품제조가공업,경기도,경기도 용인시
20160347032,8,4,4,주식회사 푸르농,식품제조가공업,충청북도,충청북도 진천군
20160347061,2,2,2,조은푸드,식품제조가공업,경기도,경기도 용인시
20160347062,2,2,2,고래푸드,식품제조가공업,경기도,경기도 용인시
20160347063,2,2,2,보물식품,식품제조가공업,경기도,경기도 용인시
20160347066,1,1,1,(주)지씨트레이딩,식품제조가공업,경기도,경기도 용인시
20160347128,1,1,1,(주)이스트밸리,식품제조가공업,경기도,경기도 용인시
20160347140,2,2,2,(주)샐러드팜,식품제조가공업,경기도,경기도 용인시
20160347177,1,1,1,(주)농업회사법인 귀농,식품소분업,경기도,경기도 용인시
20160347193,6,2,3,송연,식품제조가공업,경기도,경기도 용인시
20160355042,1,1,1,농업회사법인모던밀(주),식품제조가공업,경기도,경기도 파주시
20160355050,1,1,1,하늘식품,식품제조가공업,경기도,경기도 파주시
20160355133,1,1,1,런치박스,식품제조가공업,경기도,경기도 파주시
20160355186,3,3,2,(주)탑프레시,식품제조가공업,경기도,경기도 파주시
20160355243,1,1,1,주식회사 드로이드,식품제조가공업,경기도,경기도 파주시
20160355323,1,1,1,(주)성신푸드,식품제조가공업,경기도,경기도 파주시
20160355396,1,1,1,소미한과,식품제조가공업,경기도,경기도 파주시
20160355455,1,1,1,류재은의 허브향기,식품제조가공업,경기도,경기도 파주시
20160355538,3,3,3,(주)코리아푸드,식품제조가공업,경기도,경기도 파주시
20160355674,2,2,2,(주)시몽,식품제조가공업,경기도,경기도 파주시
20160355741,2,2,2,(주)알찬식품,식품제조가공업,경기도,경기도 파주시
20160355813,3,2,1,펠리시타로스터리(주),식품제조가공업,경기도,경기도 파주시
20160356390,4,4,4,(주)바이오닷,식품제조가공업,경기도,경기도 파주시
20160356563,2,2,2,농부네 식품공방,식품제조가공업,경기도,경기도 파주시
20160358166,4,4,4,(주)섬김과나눔,식품제조가공업,경기도,경기도 이천시
20160358189,3,3,3,농업회사법인 태선F&B(주),식품제조가공업,경기도,경기도 이천시
20160358214,3,3,3,(주)석우,식품제조가공업,경기도,경기도 이천시
20160358357,1,1,1,씨케이글로벌(주),식품제조가공업,경기도,경기도 이천시
20160358514,7,7,7,(주)초코텍,식품제조가공업,경기도,경기도 이천시
20160358710,1,1,1,마실주식회사농업회사법인,식품제조가공업,경기도,경기도 이천시
20160360030,5,5,5,(주)두리인터내셔날 2공장,식품제조가공업,경기도,경기도 안성시
20160360400,2,2,2,구수참미촌,식품제조가공업,경기도,경기도 안성시
20160362064,1,1,1,농업회사법인(주)제일영농,식품제조가공업,경기도,경기도 김포시
20160362629,2,2,2,스마일에프앤비,식품제조가공업,경기도,경기도 김포시
20160362700,4,4,4,이도통상(주),식품제조가공업,경기도,경기도 김포시
20160362765,5,5,5,(주)엔에스티바이오(본점),식품제조가공업,경기도,경기도 김포시
20160362799,7,7,5,(주)가원,식품제조가공업,경기도,경기도 김포시
20160363308,2,2,2,주식회사 이지푸드,식품제조가공업,경기도,경기도 김포시
20160364018,2,2,2,(주)진기,식품제조가공업,경기도,경기도 화성시
20160364052,1,1,1,농업회사법인 그래도푸드(주) 제2공장,식품제조가공업,경기도,경기도 화성시
20160364066,3,3,3,(주)에이스푸드,식품제조가공업,경기도,경기도 화성시
20160364164,1,1,1,자연 그대로,식품제조가공업,경기도,경기도 화성시
20160364170,1,1,1,(주)제이앤비식품 본사공장,식품제조가공업,경기도,경기도 화성시
20160364210,1,1,1,(주)에스제이빈스,식품제조가공업,경기도,경기도 화성시
20160364601,2,2,1,(주)명품푸드,식품제조가공업,경기도,경기도 화성시
20160364666,1,1,1,진푸드,식품제조가공업,경기도,경기도 화성시
20160364712,3,3,3,주식회사 푸른가족,식품제조가공업,경기도,경기도 화성시
20160365030,2,2,2,농업회사법인주식회사이지,식품제조가공업,경기도,경기도 화성시
20160365064,1,1,1,(주)보리원화성공장,식품제조가공업,경기도,경기도 화성시
20160365152,2,2,2,정다함,식품제조가공업,경기도,경기도 화성시
20160365170,1,1,1,아이앤디푸드(주),식품제조가공업,경기도,경기도 화성시
20160365175,2,2,2,더드림,식품제조가공업,경기도,경기도 화성시
20160365253,1,1,1,푸르미 식품,식품제조가공업,경기도,경기도 화성시
20160365632,1,1,1,주식회사 소담푸드,식품제조가공업,경기도,경기도 화성시
20160365939,2,1,1,(주)티에이블,식품제조가공업,경기도,경기도 성남시
20160366089,1,1,1,백미리자율관리공동체영어조합법인,식품제조가공업,경기도,경기도 화성시
20160366130,2,2,2,맘스토리,식품제조가공업,경기도,경기도 화성시
20160366131,3,3,3,주식회사 대아에프엔에스,식품제조가공업,경기도,경기도 화성시
20160366190,1,1,1,제부식품,식품제조가공업,경기도,경기도 화성시
20160366366,6,6,3,아람들,식품제조가공업,경기도,경기도 화성시
20160366368,2,2,2,(주)아람들식품,식품제조가공업,경기도,경기도 화성시
20160366422,3,3,2,(주)비타푸즈,식품제조가공업,경기도,경기도 화성시
20160366540,1,1,1,본푸드,식품제조가공업,경기도,경기도 화성시
20160366639,1,1,1,화성열매협동조합,식품제조가공업,경기도,경기도 화성시
20160368033,8,4,3,(주)부일,식품제조가공업,경기도,경기도 광주시
20160368168,2,2,2,(주)미식담,식품제조가공업,경기도,경기도 광주시
20160368233,2,2,1,주식회사 지푸드,식품제조가공업,경기도,경기도 광주시
20160368324,7,7,7,토음바이오 주식회사,식품제조가공업,경기도,경기도 광주시
20160368363,4,2,2,주식회사 우리바다살림,식품제조가공업,경기도,경기도 광주시
20160368364,2,2,2,프로엠 2공장,식품제조가공업,경기도,경기도 광주시
20160368451,1,1,1,청오건강 농업회사법인주식회사 4공장,식품제조가공업,경기도,경기도 광주시
20160368513,8,8,8,청오건강 농업회사법인주식회사 6공장,식품제조가공업,경기도,경기도 광주시
20160368523,2,2,2,주식회사 오트리푸드빌리지,식품제조가공업,경기도,경기도 광주시
20160368561,3,3,3,파프리카푸드,식품제조가공업,경기도,경기도 광주시
20160368612,4,4,4,주식회사 팀씨푸드,식품제조가공업,경기도,경기도 광주시
20160368634,2,2,2,(주)방유당,식품제조가공업,경기도,경기도 광주시
20160368662,1,1,1,(주)씨에이치좋은푸드,식품제조가공업,경기도,경기도 광주시
20160368665,2,1,2,(주)아워홈 동서울영업소,식품냉동.냉장업,경기도,경기도 광주시
20160368750,4,4,3,주식회사 자연원,식품제조가공업,경기도,경기도 광주시
20160368822,1,1,1,(주)티프리 제1공장,식품제조가공업,경기도,경기도 광주시
20160368901,1,1,1,아기랑,식품제조가공업,경기도,경기도 광주시
20160368929,1,1,1,주식회사 굿메이트식품,식품제조가공업,경기도,경기도 광주시
20160368951,3,3,3,디저트앤,식품제조가공업,경기도,경기도 광주시
20160369001,3,3,3,신선어람,식품제조가공업,경기도,경기도 광주시
20160370036,2,2,2,농업회사법인 정스팜(주),식품제조가공업,경기도,경기도 양주시
20160370245,2,2,2,주식회사 이오면연구소,식품제조가공업,경기도,경기도 양주시
20160370330,3,3,3,동경(주)홍죽지점,식품제조가공업,경기도,경기도 양주시
20160370347,1,1,1,제일제과,식품제조가공업,경기도,경기도 양주시
20160370562,1,1,1,투엔티투제이,식품제조가공업,경기도,경기도 양주시
20160372001,1,1,1,(주)미다원,식품제조가공업,경기도,경기도 포천시
20160372047,1,1,1,(주)영동식품,식품제조가공업,경기도,경기도 포천시
20160372064,3,3,3,가래울영농조합법인,식품제조가공업,경기도,경기도 포천시
20160372116,1,1,1,동일에프앤디,식품제조가공업,경기도,경기도 포천시
20160372121,1,1,1,에스엠바이오텍,식품제조가공업,경기도,경기도 포천시
20160372146,1,1,1,(주)새벽바다,식품제조가공업,경기도,경기도 포천시
20160372219,1,1,1,(주)돌치아리아 뜨레돌치,식품제조가공업,경기도,경기도 포천시
20160372292,1,1,1,(주)에프씨푸드,식품제조가공업,경기도,경기도 포천시
20160372326,3,3,3,(주)엔바이오,식품제조가공업,경기도,경기도 포천시
20160372586,2,1,1,주식회사 더드립,식품제조가공업,충청북도,충청북도 충주시
20160375275,3,3,3,(주)농업회사법인 은성,식품제조가공업,경기도,경기도 여주시
20160376011,1,1,1,(주)백학음료,식품제조가공업,경기도,경기도 연천군
20160376130,1,1,1,연천DMZ블랙초크베리(아이참사랑),식품제조가공업,경기도,경기도 연천군
20160377061,2,2,2,주식회사 코리안파인,식품제조가공업,경기도,경기도 가평군
20160377262,2,2,2,영농조합법인덕은,식품제조가공업,경기도,경기도 가평군
20160378042,1,1,1,농업회사법인(주)하늘촌,식품제조가공업,경기도,경기도 양평군
20160380987,2,2,2,농업회사법인주식회사원앤원푸드,식품제조가공업,강원특별자치도,강원특별자치도 춘천시
20160383188,3,3,3,농업회사법인 주식회사 신양,식품제조가공업,강원특별자치도,강원특별자치도 원주시
20160383511,1,1,1,파지아노컴퍼니,식품제조가공업,강원특별자치도,강원특별자치도 원주시
20160383520,1,1,1,(주)브루빈,식품제조가공업,강원특별자치도,강원특별자치도 원주시
20160383580,4,4,3,(주)데어리젠,식품제조가공업,강원특별자치도,강원특별자치도 원주시
20160383624,1,1,1,토토미누룽지,식품제조가공업,강원특별자치도,강원특별자치도 원주시
20160383754,2,2,2,혜성식품,식품제조가공업,강원특별자치도,강원특별자치도 원주시
20160383779,3,3,3,삼토식품,식품제조가공업,강원특별자치도,강원특별자치도 원주시
20160383856,2,2,1,베름주식회사,식품제조가공업,강원특별자치도,강원특별자치도 원주시
20160384155,1,1,1,한아름유통,식품제조가공업,강원특별자치도,강원특별자치도 원주시
20160384251,4,4,4,제철신선반찬공장 생기를담아,식품제조가공업,강원특별자치도,강원특별자치도 원주시
20160386047,4,4,4,강릉친환경학교급식협동조합,식품제조가공업,강원특별자치도,강원특별자치도 강릉시
20160386278,2,2,2,강릉농업협동조합,식품제조가공업,강원특별자치도,강원특별자치도 강릉시
20160386393,2,2,1,(주)고은식품,식품제조가공업,강원특별자치도,강원특별자치도 강릉시
20160386601,3,3,3,주전부리,식품제조가공업,강원특별자치도,강원특별자치도 강릉시
20160394086,1,1,1,디와이푸드B,식품제조가공업,강원특별자치도,강원특별자치도 홍천군
20160394217,1,1,1,별땅한과하루견과,식품제조가공업,강원특별자치도,강원특별자치도 홍천군
20160395008,1,1,1,허니문(honeymoon),식품소분업,강원특별자치도,강원특별자치도 횡성군
20160395009,1,1,1,허니푸드(honeyfood),식품제조가공업,강원특별자치도,강원특별자치도 횡성군
20160395015,2,2,2,(주)브라운스토리,식품제조가공업,강원특별자치도,강원특별자치도 횡성군
20160395088,2,1,1,세인푸드,식품제조가공업,강원특별자치도,강원특별자치도 횡성군
20160395103,1,1,1,BSF(비에스팜),식품제조가공업,강원특별자치도,강원특별자치도 횡성군
20160395116,2,2,2,주식회사 우리밀 새말공장,식품제조가공업,강원특별자치도,강원특별자치도 횡성군
20160395132,3,3,3,거성산업,식품제조가공업,강원특별자치도,강원특별자치도 횡성군
20160395145,2,1,1,피자공화국,식품제조가공업,강원특별자치도,강원특별자치도 횡성군
20160396036,4,4,3,케이팜,식품제조가공업,강원특별자치도,강원특별자치도 영월군
20160396071,4,4,4,영월군농산물가공협동조합,식품제조가공업,강원특별자치도,강원특별자치도 영월군
20160396129,2,2,2,산들산들영농조합법인,식품제조가공업,강원특별자치도,강원특별자치도 영월군
20160397153,1,1,1,평창봉평메밀식품,식품제조가공업,강원특별자치도,강원특별자치도 평창군
20160398022,2,2,2,야베스 영농조합법인,식품제조가공업,강원특별자치도,강원특별자치도 정선군
20160398069,1,1,1,정선아리식품,식품제조가공업,강원특별자치도,강원특별자치도 정선군
20160398088,2,2,2,1000고지영농조합법인,식품제조가공업,강원특별자치도,강원특별자치도 정선군
20160398094,4,4,4,주식회사 케이엔비푸드,식품제조가공업,강원특별자치도,강원특별자치도 정선군
20160398152,1,1,1,주식회사 엠씨피씨,식품제조가공업,강원특별자치도,강원특별자치도 정선군
20160402024,1,1,1,월학명당산세상협동조합,식품제조가공업,강원특별자치도,강원특별자치도 인제군
20160402079,1,1,1,설악산 돌배나라,식품제조가공업,강원특별자치도,강원특별자치도 인제군
20160404004,4,4,4,농업회사법인 주식회사 설악산그린푸드,식품제조가공업,강원특별자치도,강원특별자치도 양양군
20160415001,1,1,1,그옛날만두찐빵장터,식품제조가공업,충청북도,충청북도 청주시
20160415051,3,3,3,(주)호반식품,식품제조가공업,충청북도,충청북도 청주시
20160415090,1,1,1,영푸드시스템(주),식품제조가공업,충청북도,충청북도 청주시
20160415125,1,1,1,주식회사 금빛사랑,식품제조가공업,충청북도,충청북도 청주시
20160415141,1,1,1,이진숙두산해수두부,식품제조가공업,충청북도,충청북도 청주시
20160415167,2,2,2,대경냉동식품 주식회사,식품제조가공업,충청북도,충청북도 청주시
20160415209,1,1,1,효림 F&B,식품제조가공업,충청북도,충청북도 청주시
20160415214,2,2,2,주식회사 도현테크,식품제조가공업,충청북도,충청북도 청주시
20160415215,3,3,3,농업회사법인 주식회사 이삭푸드,식품제조가공업,충청북도,충청북도 청주시
20160415222,2,2,2,(주)농업회사법인미루,식품제조가공업,충청북도,충청북도 청주시
20160415225,1,1,1,농업회사법인금성푸드(주),식품제조가공업,충청북도,충청북도 청주시
20160415230,1,1,1,주식회사 오로시푸드,식품제조가공업,충청북도,충청북도 청주시
20160415231,5,5,2,대양식품,식품제조가공업,충청북도,충청북도 청주시
20160415243,1,1,1,(주)아워홈엘지화학오송점,위탁급식영업,충청북도,충청북도 청주시
20160433290,2,2,1,신선드림주식회사,식품제조가공업,충청북도,충청북도 충주시
20160433622,2,2,2,(주)태한무역,식품제조가공업,충청북도,충청북도 충주시
20160433649,2,2,1,풀잎새(주),식품제조가공업,충청북도,충청북도 충주시
20160435226,1,1,1,대원농산,식품제조가공업,충청북도,충청북도 제천시
20160435386,3,3,3,농업회사법인정인주식회사,식품제조가공업,충청북도,충청북도 제천시
20160439074,4,4,2,우송영농조합법인,식품제조가공업,충청북도,충청북도 보은군
20160440066,4,4,4,(주)두리식품,식품제조가공업,충청북도,충청북도 옥천군
20160440112,1,1,1,(주)엘엔에프농업회사법인,식품소분업,충청북도,충청북도 옥천군
20160440117,3,3,3,농업회사법인 아이사랑정푸드 유한회사 1공장,식품제조가공업,충청북도,충청북도 옥천군
20160441074,1,1,1,농업회사법인(주)사과망태기,식품제조가공업,충청북도,충청북도 영동군
20160441094,2,1,1,유니크바이오텍(주),식품제조가공업,충청북도,충청북도 영동군
20160441107,1,1,1,(주)농업회사법인 푸실팜,식품제조가공업,충청북도,충청북도 영동군
20160442073,1,1,1,(주)그린위치,식품첨가물제조업,충청북도,충청북도 증평군
20160443045,2,2,2,주식회사 맘스터치앤컴퍼니,식품제조가공업,충청북도,충청북도 진천군
20160443156,1,1,1,농업회사법인(주)참좋은콩,식품제조가공업,충청북도,충청북도 진천군
20160443184,4,2,2,(주)피아이씨푸드시스템,식품제조가공업,충청북도,충청북도 진천군
20160443295,3,3,3,(주)전원푸드락,식품제조가공업,충청북도,충청북도 진천군
20160443350,1,1,1,(주)티프렌,식품소분업,충청북도,충청북도 진천군
20160444001,1,1,1,건강한한우 미토리 1공방,식품제조가공업,충청북도,충청북도 괴산군
20160444003,3,3,3,(주)자연드림바이오식품,식품제조가공업,충청북도,충청북도 괴산군
20160444058,6,6,4,괴산시골절임배추영농조합법인,식품제조가공업,충청북도,충청북도 괴산군
20160444094,3,3,3,괴산친환경아로니아농원,식품제조가공업,충청북도,충청북도 괴산군
20160445001,4,4,4,주식회사 내일식품,식품제조가공업,충청북도,충청북도 음성군
20160445053,7,7,7,(주)성보 대소공장,식품제조가공업,충청북도,충청북도 음성군
20160445146,1,1,1,한국델몬트후레쉬프로듀스(주) 음성지점,식품제조가공업,충청북도,충청북도 음성군
20160445199,2,2,1,(주)해와달식품,식품제조가공업,충청북도,충청북도 음성군
20160445252,7,7,7,(주)엔에스티바이오,식품제조가공업,충청북도,충청북도 음성군
20160445260,1,1,1,주식회사 미송웰푸드,식품제조가공업,충청북도,충청북도 음성군
20160445266,2,2,1,(주)그린팜아그로,식품제조가공업,충청북도,충청북도 음성군
20160445357,4,4,4,(주)삼아에프앤비,식품제조가공업,충청북도,충청북도 음성군
20160445482,6,3,3,(주)미광푸드,식품제조가공업,충청북도,충청북도 청주시
20160447076,1,1,1,벌천오미자영농조합법인,식품제조가공업,충청북도,충청북도 단양군
20160449003,3,3,3,주식회사주안에프씨,식품제조가공업,충청남도,충청남도 천안시
20160449015,2,2,2,신우씨푸드,식품제조가공업,충청남도,충청남도 천안시
20160449018,1,1,1,주식회사에치와이천안공장,식품제조가공업,충청남도,충청남도 천안시
20160449021,9,9,9,건승티앤비,식품제조가공업,충청남도,충청남도 천안시
20160449023,1,1,1,주식회사정진,식품제조가공업,충청남도,충청남도 천안시
20160449045,2,2,2,농업회사법인주식회사 예담팜,식품제조가공업,충청남도,충청남도 천안시
20160449046,2,2,2,오트밀식품,식품제조가공업,충청남도,충청남도 천안시
20160449052,5,5,5,농업회사법인주식회사이안푸드,식품제조가공업,충청남도,충청남도 천안시
20160449054,1,1,1,(주)종암푸드,식품제조가공업,충청남도,충청남도 천안시
20160456118,1,1,1,(주)형원피앤씨,식품제조가공업,충청남도,충청남도 당진시
20160458115,16,4,4,주식회사만풍농업회사법인,식품제조가공업,대전광역시,대전광역시 동구
20160458120,2,2,2,베리베리코리아(주),식품제조가공업,충청남도,충청남도 공주시
20160458160,1,1,1,주식회사엑스트림팜농업회사법인,식품제조가공업,충청남도,충청남도 공주시
20160458359,2,2,2,(주)더불어,식품제조가공업,충청남도,충청남도 공주시
20160459101,4,4,4,(주)신성마린,식품제조가공업,충청남도,충청남도 보령시
20160459161,3,3,3,흥일씨푸드(주),식품제조가공업,충청남도,충청남도 보령시
20160459173,1,1,1,오서산그린영농조합법인,식품제조가공업,충청남도,충청남도 보령시
20160459196,2,2,2,(주)코리아진텍,식품제조가공업,충청남도,충청남도 보령시
20160459231,1,1,1,징코바이오,식품제조가공업,충청남도,충청남도 보령시
20160459261,5,5,4,농업회사법인 행복주식회사,식품제조가공업,충청남도,충청남도 보령시
20160459267,1,1,1,해삼영어조합법인,식품제조가공업,충청남도,충청남도 보령시
20160459282,3,3,2,농업회사법인보령은행마을(주,식품제조가공업,충청남도,충청남도 보령시
20160461017,1,1,1,(주)영타운에프에스,식품제조가공업,충청남도,충청남도 아산시
20160461037,5,5,5,쏘울코리아팜 주식회사농업회사법인,식품제조가공업,충청남도,충청남도 아산시
20160461201,1,1,1,아산풍성한영농조합 맑은 에프엔비,식품제조가공업,충청남도,충청남도 아산시
20160461346,2,2,2,푸드렐라(주),식품제조가공업,충청남도,충청남도 아산시
20160461423,2,1,1,(주)친쿡푸드,식품제조가공업,충청남도,충청남도 천안시
20160461573,1,1,1,민속식품,식품제조가공업,충청남도,충청남도 아산시
20160461620,1,1,1,(주)엠지바이오,식품제조가공업,충청남도,충청남도 아산시
20160463380,4,4,2,동심결,식품제조가공업,충청남도,충청남도 서산시
20160463494,1,1,1,김소열서산생강한과,식품제조가공업,충청남도,충청남도 서산시
20160464033,3,3,3,(주)가야에프엔비,식품제조가공업,충청남도,충청남도 논산시
20160466154,1,1,1,고향식품,식품제조가공업,충청남도,충청남도 계룡시
20160467038,3,3,3,금산인삼협동조합,식품제조가공업,충청남도,충청남도 금산군
20160467083,4,4,4,(주)한국인삼내츄럴,식품제조가공업,충청남도,충청남도 금산군
20160467102,1,1,1,농업회사법인주식회사온누리농산,식품제조가공업,충청남도,충청남도 금산군
20160467161,1,1,1,일취월장 삼바이오 주식회사,식품제조가공업,충청남도,충청남도 금산군
20160467181,3,3,3,한국고려홍삼공사(삼차원),식품제조가공업,충청남도,충청남도 금산군
20160467190,1,1,1,잇츠라이스,식품제조가공업,충청남도,충청남도 금산군
20160467218,1,1,1,대호물산(주)제3공장,식품제조가공업,충청남도,충청남도 금산군
20160470029,10,10,7,(주) 금농,식품제조가공업,충청남도,충청남도 부여군
20160471010,1,1,1,장수록영농조합법인,식품제조가공업,충청남도,충청남도 서천군
20160471016,2,2,2,온새미로영농조합법인,식품제조가공업,충청남도,충청남도 서천군
20160471111,1,1,1,(주)해담솔,식품제조가공업,충청남도,충청남도 서천군
20160471116,1,1,1,해미S&F영어조합법인,식품제조가공업,충청남도,충청남도 서천군
20160471176,1,1,1,왕가 어업회사법인(주),식품제조가공업,충청남도,충청남도 서천군
20160471177,1,1,1,서천해초김(주),식품제조가공업,충청남도,충청남도 서천군
20160472042,1,1,1,(주)영수식품,식품소분업,충청남도,충청남도 청양군
20160472043,7,7,7,(주)영수식품,식품제조가공업,충청남도,충청남도 청양군
20160472070,1,1,1,새울길 영농조합법인,식품제조가공업,충청남도,충청남도 청양군
20160473077,1,1,1,광천무역상사,식품제조가공업,충청남도,충청남도 홍성군
20160473357,3,3,3,(주)광천수산제2공장,식품제조가공업,충청남도,충청남도 홍성군
20160473368,1,1,1,홍주천년한과,식품제조가공업,충청남도,충청남도 홍성군
20160474149,1,1,1,농업회사법인아이파머스(주),식품제조가공업,충청남도,충청남도 예산군
20160474220,2,1,1,주식회사소문난삼부자,식품제조가공업,충청남도,충청남도 예산군
20160478150,1,1,1,(주)오셰푸드,식품소분업,전북특별자치도,전북특별자치도 전주시
20160481359,2,2,2,어진유통,식품제조가공업,전북특별자치도,전북특별자치도 전주시
20160481433,2,2,2,농업회사법인(주)에파솔,식품제조가공업,전북특별자치도,전북특별자치도 전주시
20160481475,1,1,1,주식회사 착한음식,식품제조가공업,전북특별자치도,전북특별자치도 전주시
20160481552,2,1,1,물드림,식품제조가공업,전북특별자치도,전북특별자치도 완주군
20160481623,1,1,1,태성푸드,식품제조가공업,전북특별자치도,전북특별자치도 전주시
20160484466,1,1,1,금강식품,식품제조가공업,전북특별자치도,전북특별자치도 군산시
20160484588,4,4,2,한정식품,식품제조가공업,전북특별자치도,전북특별자치도 군산시
20160484897,1,1,1,농업회사법인 주식회사 다온푸드,식품제조가공업,전북특별자치도,전북특별자치도 군산시
20160487334,2,2,2,해랑수산,식품제조가공업,전북특별자치도,전북특별자치도 익산시
20160487407,1,1,1,농업회사법인 선푸드주식회사,식품제조가공업,전북특별자치도,전북특별자치도 익산시
20160487477,1,1,1,농업회사법인(유)케어팜,식품제조가공업,전북특별자치도,전북특별자치도 익산시
20160487484,4,4,3,농업회사법인(주)라라스팜,식품제조가공업,전북특별자치도,전북특별자치도 익산시
20160487536,2,2,2,유한회사 동이식품,식품제조가공업,전북특별자치도,전북특별자치도 익산시
20160487631,2,2,2,케이케이엠씨,식품제조가공업,전북특별자치도,전북특별자치도 익산시
20160490004,2,1,1,한우가 수제만두,식품제조가공업,전북특별자치도,전북특별자치도 정읍시
20160490106,1,1,1,(주)한림식품,식품제조가공업,전북특별자치도,전북특별자치도 정읍시
20160490162,1,1,1,대한농산협동조합,식품제조가공업,전북특별자치도,전북특별자치도 정읍시
20160490177,2,2,2,남해수산,식품제조가공업,전북특별자치도,전북특별자치도 정읍시
20160490185,2,2,2,산내6차산업영농조합법인,식품제조가공업,전북특별자치도,전북특별자치도 정읍시
20160492011,1,1,1,남농영농조합법인(덕과지점),식품제조가공업,전북특별자치도,전북특별자치도 남원시
20160492038,2,2,2,주식회사 고려인삼제조,식품제조가공업,전북특별자치도,전북특별자치도 남원시
20160492172,3,3,3,주식회사 네츄럴그린,식품제조가공업,전북특별자치도,전북특별자치도 남원시
20160492193,1,1,1,농업회사법인 지리산골사람들 주식회사,식품제조가공업,전북특별자치도,전북특별자치도 남원시
20160492206,1,1,1,농업회사법인산노을농원주식회사,식품제조가공업,전북특별자치도,전북특별자치도 남원시
20160492260,1,1,1,농업회사법인 유한회사 정가네,식품제조가공업,전북특별자치도,전북특별자치도 남원시
20160493064,4,4,4,공덕농협농산물가공사업소,식품제조가공업,전북특별자치도,전북특별자치도 김제시
20160493118,2,2,2,백산인삼영농조합법인,식품제조가공업,전북특별자치도,전북특별자치도 김제시
20160494032,2,2,2,유한회사 쿠키빵빵,식품제조가공업,전북특별자치도,전북특별자치도 완주군
20160494081,3,3,3,완주로컬가공먹거리생산자협동조합,식품제조가공업,전북특별자치도,전북특별자치도 완주군
20160494147,2,2,2,완주로컬푸드협동조합,식품제조가공업,전북특별자치도,전북특별자치도 완주군
20160494202,2,2,2,농업회사법인꼬숨식품(주),식품제조가공업,전북특별자치도,전북특별자치도 완주군
20160494252,2,2,2,해피트리 브레드,식품제조가공업,전북특별자치도,전북특별자치도 완주군
20160494264,2,2,2,진블루베리 농산물 가공전문,식품제조가공업,전북특별자치도,전북특별자치도 완주군
20160494302,1,1,1,농업회사법인 봉동생강마을주식회사,식품제조가공업,전북특별자치도,전북특별자치도 완주군
20160495007,4,4,4,굿데이,식품제조가공업,전북특별자치도,전북특별자치도 진안군
20160495058,1,1,1,야베스홍삼,식품제조가공업,전북특별자치도,전북특별자치도 진안군
20160496004,1,1,1,산아래농장,식품제조가공업,전북특별자치도,전북특별자치도 무주군
20160497042,3,3,3,바른식품 영농조합법인,식품제조가공업,전북특별자치도,전북특별자치도 장수군
20160497060,2,2,2,풀꽃영농조합법인,식품제조가공업,전북특별자치도,전북특별자치도 장수군
20160497065,3,3,3,농업회사법인 움채 주식회사,식품제조가공업,전북특별자치도,전북특별자치도 장수군
20160497067,1,1,1,하늘곳간농장 영농조합법인,식품제조가공업,전북특별자치도,전북특별자치도 장수군
20160498023,2,2,2,농어업회사법인 섬진강다슬기마을 주식회사,식품제조가공업,전북특별자치도,전북특별자치도 임실군
20160498024,1,1,1,영진식품,식품제조가공업,전북특별자치도,전북특별자치도 임실군
20160499077,2,2,2,순창지역자활센터 순창 참 좋은두부,식품제조가공업,전북특별자치도,전북특별자치도 순창군
20160500011,1,1,1,주식회사홍영선볶은곡식,식품제조가공업,전북특별자치도,전북특별자치도 고창군
20160500015,1,1,1,고창지역자활센터 고인돌청정두부,식품제조가공업,전북특별자치도,전북특별자치도 고창군
20160500018,2,2,2,다홈영농조합법인,식품제조가공업,전북특별자치도,전북특별자치도 고창군
20160500020,1,1,1,힐링푸드,식품제조가공업,전북특별자치도,전북특별자치도 고창군
20160500041,2,2,2,상하농원(유) 카스텔라 공방,식품제조가공업,전북특별자치도,전북특별자치도 고창군
20160500054,7,7,7,참바다영어조합법인 멀티센터,식품제조가공업,전북특별자치도,전북특별자치도 고창군
20160500091,2,2,2,농업회사법인 주식회사 이앤지푸드,식품제조가공업,전북특별자치도,전북특별자치도 고창군
20160501015,1,1,1,농업회사법인 유한회사 피오레,식품제조가공업,전북특별자치도,전북특별자치도 부안군
20160501031,1,1,1,양지영어조합법인,식품제조가공업,전북특별자치도,전북특별자치도 부안군
20160501083,7,7,6,천년의젓갈영어조합법인,식품제조가공업,전북특별자치도,전북특별자치도 부안군
20160501090,3,3,3,농업회사법인유한회사새만금푸드,식품제조가공업,전북특별자치도,전북특별자치도 부안군
20160501099,3,3,1,농업회사법인 유한회사 떡두꺼비,식품제조가공업,전북특별자치도,전북특별자치도 부안군
20160501105,3,3,3,주식회사 대신에프에스,식품제조가공업,전북특별자치도,전북특별자치도 부안군
20160501116,2,2,2,해담은 베리,식품제조가공업,전북특별자치도,전북특별자치도 부안군
20160503252,1,1,1,대성식품,식품제조가공업,전남광주통합특별시,전남광주통합특별시 목포시
20160506031,2,2,1,(주)농업회사법인 뜨락농원,식품제조가공업,전남광주통합특별시,전남광주통합특별시 여수시
20160506924,2,2,2,(주)어부수산,식품제조가공업,전남광주통합특별시,전남광주통합특별시 여수시
20160509371,6,3,3,순천고들빼기영농조합법인,식품제조가공업,전남광주통합특별시,전남광주통합특별시 순천시
20160512161,2,2,2,나주시천연색소산업화지원센터,식품제조가공업,전남광주통합특별시,전남광주통합특별시 나주시
20160512242,2,2,2,빛가람곤충영농조합법인,식품제조가공업,전남광주통합특별시,전남광주통합특별시 나주시
20160512351,1,1,1,동화산업주식회사제2공장,식품제조가공업,전남광주통합특별시,전남광주통합특별시 나주시
20160512368,1,1,1,해피팜,식품제조가공업,전남광주통합특별시,전남광주통합특별시 나주시
20160513098,2,2,2,주식회사씨엠푸드트레이딩,식품제조가공업,전남광주통합특별시,전남광주통합특별시 광양시
20160515004,1,1,1,네자매푸드(농원),식품제조가공업,전남광주통합특별시,전남광주통합특별시 담양군
20160515107,1,1,1,농업법인(주)흙을사랑하는농부,식품제조가공업,전남광주통합특별시,전남광주통합특별시 담양군
20160516052,3,3,3,365바이오그린,식품제조가공업,전남광주통합특별시,전남광주통합특별시 곡성군
20160516088,1,1,1,곡성연영농조합법인,식품제조가공업,전남광주통합특별시,전남광주통합특별시 곡성군
20160517046,3,3,3,(주)농업회사법인 구례삼촌,식품제조가공업,전남광주통합특별시,전남광주통합특별시 구례군
20160518076,2,2,2,해맑음농업회사법인유한회사,식품제조가공업,전남광주통합특별시,전남광주통합특별시 고흥군
20160518109,2,2,2,주식회사 아리푸드,식품제조가공업,전남광주통합특별시,전남광주통합특별시 고흥군
20160518117,5,5,5,녹차원(주),식품제조가공업,전남광주통합특별시,전남광주통합특별시 고흥군
20160519018,1,1,1,태백산맥2.5 키위주스,식품제조가공업,전남광주통합특별시,전남광주통합특별시 보성군
20160519123,3,3,3,복내마을 영농조합법인,식품제조가공업,전남광주통합특별시,전남광주통합특별시 보성군
20160520029,2,2,2,다미진,식품제조가공업,전남광주통합특별시,전남광주통합특별시 화순군
20160520142,4,4,3,연정영농조합법인,식품제조가공업,전남광주통합특별시,전남광주통합특별시 화순군
20160521051,6,6,6,데이앤바이오(주),식품제조가공업,전남광주통합특별시,전남광주통합특별시 장흥군
20160521053,5,5,4,와이에프티 주식회사,식품제조가공업,전남광주통합특별시,전남광주통합특별시 장흥군
20160521063,1,1,1,(재)전남 생물산업진흥원 천연자원연구센터,식품제조가공업,전남광주통합특별시,전남광주통합특별시 장흥군
20160521119,1,1,1,주식회사 세화제이엔제이식품 제1공장,식품제조가공업,전남광주통합특별시,전남광주통합특별시 장흥군
20160521127,6,6,6,주식회사 제이바이오,식품제조가공업,전남광주통합특별시,전남광주통합특별시 장흥군
20160521138,1,1,1,주식회사 씨원,식품제조가공업,전남광주통합특별시,전남광주통합특별시 장흥군
20160522034,1,1,1,삼덕영어조합법인,식품제조가공업,전남광주통합특별시,전남광주통합특별시 강진군
20160523012,5,3,3,농업회사법인 무화담(주),식품제조가공업,전남광주통합특별시,전남광주통합특별시 해남군
20160523013,2,2,2,농업회사법인주식회사 해남해성,식품제조가공업,전남광주통합특별시,전남광주통합특별시 해남군
20160523019,1,1,1,땅끝햇살식품영농조합법인,식품제조가공업,전남광주통합특별시,전남광주통합특별시 해남군
20160523040,3,3,2,황금김치,식품제조가공업,전남광주통합특별시,전남광주통합특별시 해남군
20160523116,2,2,2,으뜸해남농업회사법인,식품제조가공업,전남광주통합특별시,전남광주통합특별시 해남군
20160524105,1,1,1,금성영농조합법인(금순이네전통김치),식품제조가공업,전남광주통합특별시,전남광주통합특별시 영암군
20160525015,4,2,4,농업회사법인 주식회사 지성식품,식품제조가공업,전남광주통합특별시,전남광주통합특별시 무안군
20160525037,2,2,2,주식회사 조이씨푸드,식품제조가공업,전남광주통합특별시,전남광주통합특별시 무안군
20160525181,2,2,2,(주)위드앤푸드 농업회사법인2공장,식품제조가공업,전남광주통합특별시,전남광주통합특별시 무안군
20160525244,6,3,3,농업회사법인 유한회사 자연식품,식품제조가공업,전남광주통합특별시,전남광주통합특별시 무안군
20160525279,2,2,1,이성찬 연산순대국밥,식품제조가공업,전남광주통합특별시,전남광주통합특별시 무안군
20160526018,3,3,1,상원영어조합법인,식품제조가공업,전남광주통합특별시,전남광주통합특별시 함평군
20160526077,1,1,1,(주)해본,식품제조가공업,전남광주통합특별시,전남광주통합특별시 함평군
20160526085,2,2,2,(주)다드림에프엔씨,식품제조가공업,전남광주통합특별시,전남광주통합특별시 함평군
20160527013,12,12,8,(주)푸르내 영광지점,식품제조가공업,전남광주통합특별시,전남광주통합특별시 영광군
20160527015,2,2,2,해담,식품제조가공업,전남광주통합특별시,전남광주통합특별시 영광군
20160527041,1,1,1,청람노인복지센터,식품제조가공업,전남광주통합특별시,전남광주통합특별시 영광군
20160527097,2,2,2,정주굴비,식품제조가공업,전남광주통합특별시,전남광주통합특별시 영광군
20160527103,1,1,1,어기영차 영광수산,식품제조가공업,전남광주통합특별시,전남광주통합특별시 영광군
20160527110,1,1,1,번영푸드영농조합법인,식품제조가공업,전남광주통합특별시,전남광주통합특별시 영광군
20160527145,1,1,1,굴비나무,식품제조가공업,전남광주통합특별시,전남광주통합특별시 영광군
20160528076,6,6,6,장성예찬영농조합법인,식품제조가공업,전남광주통합특별시,전남광주통합특별시 장성군
20160529002,1,1,1,완도매생이협동조합,식품제조가공업,전남광주통합특별시,전남광주통합특별시 완도군
20160529101,2,2,1,월미식품,식품제조가공업,전남광주통합특별시,전남광주통합특별시 완도군
20160529165,1,1,1,완도금일수산업협동조합,식품제조가공업,전남광주통합특별시,전남광주통합특별시 완도군
20160530066,1,1,1,하루에세끼 영농조합법인,식품제조가공업,전남광주통합특별시,전남광주통합특별시 진도군
20160530075,1,1,1,바다물산 영어조합법인,식품제조가공업,전남광주통합특별시,전남광주통합특별시 진도군
20160531046,4,4,4,솔트앤그린푸드,식품제조가공업,전남광주통합특별시,전남광주통합특별시 신안군
20160533208,1,1,1,농업회사법인주식회사 봉산권역,식품제조가공업,경상북도,경상북도 포항시
20160533229,3,3,3,포항수협월포가공공장,식품제조가공업,경상북도,경상북도 포항시
20160533336,3,3,3,농업회사법인 주식회사 윤선애선인장,식품제조가공업,경상북도,경상북도 포항시
20160533340,2,2,2,LEO FOOD(레오푸드),식품제조가공업,경상북도,경상북도 포항시
20160538136,2,2,2,탑 경주빵 공장,식품제조가공업,경상북도,경상북도 경주시
20160538502,2,2,1,(주)경인석유고속도로외동(상)휴게소 커피,휴게음식점,경상북도,경상북도 경주시
20160538503,1,1,1,(주)경인석유고속도로외동(상)휴게소 한식당,일반음식점,경상북도,경상북도 경주시
20160538504,1,1,1,(주)경인석유고속도로외동(상)휴게소 분식,휴게음식점,경상북도,경상북도 경주시
20160538702,3,3,3,태양수산 식품,식품제조가공업,경상북도,경상북도 경주시
20160538760,1,1,1,별봉 아이스,식품제조가공업,경상북도,경상북도 경주시
20160541339,3,3,3,농업회사법인 주식회사 쌍금,식품제조가공업,경상북도,경상북도 김천시
20160543095,2,1,2,월영교달빵 주식회사 농업회사법인,식품제조가공업,경상북도,경상북도 안동시
20160543217,1,1,1,주식회사 안동고을탁촌장 농업회사법인,식품제조가공업,경상북도,경상북도 안동시
20160543239,1,1,1,재단법인 한국천연색소산업화센터,식품제조가공업,경상북도,경상북도 안동시
20160543371,1,1,1,(주)컴앤컴(Com&Com) 임하지점,식품제조가공업,경상북도,경상북도 안동시
20160543554,2,2,2,쩐데이 안동찜닭,식품제조가공업,경상북도,경상북도 안동시
20160548243,4,2,2,주식회사교동에프엔비,식품제조가공업,경상북도,경상북도 구미시
20160548743,1,1,1,농업회사법인369삼주식회사,식품제조가공업,경상북도,경상북도 구미시
20160554149,1,1,1,소백산꽃차이야기주식회사,식품제조가공업,경상북도,경상북도 영주시
20160554178,2,2,2,연화인삼홍삼제조원,식품제조가공업,경상북도,경상북도 영주시
20160554217,3,3,3,만포농산2공장,식품제조가공업,경상북도,경상북도 영주시
20160555002,11,11,11,파이토지노믹스 주식회사,식품제조가공업,경상북도,경상북도 영천시
20160555070,2,2,2,참전국생산자협동조합,식품제조가공업,경상북도,경상북도 영천시
20160555087,1,1,1,쓰리엠맘,식품제조가공업,경상북도,경상북도 영천시
20160555102,4,4,4,농업회사법인(주)원광,식품제조가공업,경상북도,경상북도 영천시
20160555193,1,1,1,농업회사법인 주식회사 일농,식품제조가공업,경상북도,경상북도 영천시
20160555227,1,1,1,주식회사 바른식품,식품제조가공업,경상북도,경상북도 영천시
20160555250,1,1,1,주식회사 고두참푸드,식품제조가공업,경상북도,경상북도 영천시
20160555252,1,1,1,해뜨락영농조합법인,식품제조가공업,경상북도,경상북도 영천시
20160556015,2,2,2,농업회사법인 두레농산(주),식품제조가공업,경상북도,경상북도 상주시
20160556030,1,1,1,애주원,식품제조가공업,경상북도,경상북도 상주시
20160556192,2,2,2,한가로이,식품제조가공업,경상북도,경상북도 상주시
20160556214,1,1,1,강산애 영농조합법인,식품제조가공업,경상북도,경상북도 상주시
20160558088,2,2,2,농업회사법인 에프엔디큐웰(주) 제2공장,식품제조가공업,경상북도,경상북도 문경시
20160558140,1,1,1,신기농원,식품제조가공업,경상북도,경상북도 문경시
20160558216,1,1,1,문경팔영능금촌,식품제조가공업,경상북도,경상북도 문경시
20160560034,1,1,1,농업회사법인 대흥(주),식품제조가공업,경상북도,경상북도 경산시
20160562032,2,2,2,참맛농부,식품제조가공업,대구광역시,대구광역시 군위군
20160562053,1,1,1,농업회사법인정수주식회사,식품제조가공업,대구광역시,대구광역시 군위군
20160562054,1,1,1,남산돈가스 (주)부자 군위(상),휴게음식점,대구광역시,대구광역시 군위군
20160562055,1,1,1,남산돈가스(주)부자군위(하),휴게음식점,대구광역시,대구광역시 군위군
20160562060,1,1,1,소보마실,식품제조가공업,대구광역시,대구광역시 군위군
20160563008,6,6,6,웰빙바이오,식품제조가공업,경상북도,경상북도 의성군
20160563012,2,2,2,담아본 영농조합법인,식품제조가공업,경상북도,경상북도 의성군
20160563043,1,1,1,주식회사 커스텀비,식품제조가공업,경상북도,경상북도 의성군
20160563074,2,1,2,발그레,식품제조가공업,경상북도,경상북도 의성군
20160563092,2,2,2,의성발효흑마늘 농업회사법인 주식회사,식품제조가공업,경상북도,경상북도 의성군
20160564002,1,1,1,불티사과즙가공소,식품제조가공업,경상북도,경상북도 청송군
20160564052,1,1,1,농업회사법인주식회사오마케팅,식품제조가공업,경상북도,경상북도 청송군
20160564054,2,2,2,청송유기농,식품제조가공업,경상북도,경상북도 청송군
20160564055,1,1,1,별이송송사과즙,식품제조가공업,경상북도,경상북도 청송군
20160565012,3,3,3,영양복지재단 영양식품,식품제조가공업,경상북도,경상북도 영양군
20160566001,1,1,1,송찬정 엄마누룽지,식품제조가공업,경상북도,경상북도 영덕군
20160566021,3,3,2,어업회사법인 오바다푸드 팩토리(주),식품제조가공업,경상북도,경상북도 영덕군
20160567051,1,1,1,주식회사 경진이엔에프(청도지점),식품제조가공업,경상북도,경상북도 청도군
20160568063,1,1,1,서현식품,식품제조가공업,경상북도,경상북도 고령군
20160569003,3,3,3,백말순등겨장,식품제조가공업,경상북도,경상북도 성주군
20160569017,1,1,1,성주군농업기술센터,식품제조가공업,경상북도,경상북도 성주군
20160569028,1,1,1,한진식품,식품제조가공업,경상북도,경상북도 성주군
20160569097,1,1,1,농업법인 에버그린(주),식품제조가공업,경상북도,경상북도 성주군
20160570090,3,3,3,농부플러스 농업회사법인(주),식품제조가공업,경상북도,경상북도 칠곡군
20160570162,1,1,1,MJ 푸드,식품제조가공업,경상북도,경상북도 칠곡군
20160570231,4,4,4,주식회사 다니엘컴퍼니,식품제조가공업,경상북도,경상북도 칠곡군
20160570331,2,2,2,참나래푸드2공장,식품제조가공업,경상북도,경상북도 칠곡군
20160570384,1,1,1,알앤알코리아,식품제조가공업,경상북도,경상북도 칠곡군
20160570417,3,3,2,농업회사법인(주)청보마을,식품제조가공업,경상북도,경상북도 칠곡군
20160570426,3,3,2,해담수산협동조합,식품제조가공업,경상북도,경상북도 칠곡군
20160571057,2,2,2,장유원영농조합법인,식품제조가공업,경상북도,경상북도 예천군
20160571068,3,3,3,농업회사법인 주식회사 새움푸드,식품제조가공업,경상북도,경상북도 예천군
20160572004,2,2,2,농업회사법인(주)초두루미,식품제조가공업,경상북도,경상북도 봉화군
20160572046,1,1,1,청량산 남원농산,식품제조가공업,경상북도,경상북도 봉화군
20160572068,1,1,1,농업회사법인(주) 파인베리,식품제조가공업,경상북도,경상북도 봉화군
20160589028,3,3,2,주식회사조은인푸드,식품제조가공업,경상남도,경상남도 창원시
20160589566,3,3,3,산오락,식품제조가공업,경상남도,경상남도 창원시
20160589575,6,6,3,농업회사법인(주)제이엠푸드2,식품제조가공업,경상남도,경상남도 창원시
20160595314,1,1,1,(주)영학식품,식품제조가공업,경상남도,경상남도 창원시
20160595658,2,2,2,마산수협 유통가공사업단(가공공장),식품제조가공업,경상남도,경상남도 창원시
20160597454,1,1,1,조은팥식품,식품제조가공업,경상남도,경상남도 창원시
20160599016,20,10,5,(주)이씨푸드,식품제조가공업,부산광역시,부산광역시 사하구
20160599451,2,2,2,(주)코스모스,식품제조가공업,경상남도,경상남도 창원시
20160601196,1,1,1,(주)신우코퍼레이션,식품제조가공업,경상남도,경상남도 진주시
20160601569,2,2,2,농업회사법인제이비에프(주),식품제조가공업,경상남도,경상남도 진주시
20160604408,1,1,1,주식회사해담온,식품제조가공업,경상남도,경상남도 통영시
20160604420,1,1,1,거북선빵,식품제조가공업,경상남도,경상남도 통영시
20160606280,1,1,1,국제디에스에프,식품제조가공업,경상남도,경상남도 사천시
20160606490,1,1,1,용현농협콩행복나눔,식품제조가공업,경상남도,경상남도 사천시
20160607218,1,1,1,오즈커피랩,식품제조가공업,경상남도,경상남도 김해시
20160607239,2,2,2,아세아식품,식품제조가공업,경상남도,경상남도 김해시
20160607311,3,3,3,주식회사 동성푸드,식품제조가공업,경상남도,경상남도 김해시
20160607559,1,1,1,양산도,식품제조가공업,경상남도,경상남도 김해시
20160611089,3,3,3,농업회사법인 주식회사 햇빛,식품제조가공업,경상남도,경상남도 밀양시
20160611357,3,3,2,농업회사법인 레드애플팜(주),식품제조가공업,경상남도,경상남도 밀양시
20160612609,1,1,1,주식회사 노랑버덩에프엔비,식품제조가공업,경상남도,경상남도 거제시
20160612939,4,4,4,대일씨에프,식품제조가공업,경상남도,경상남도 거제시
20160614288,2,1,1,호신농산,식품제조가공업,경상남도,경상남도 양산시
20160614388,2,1,1,(주)자연담은,식품제조가공업,경상남도,경상남도 양산시
20160614529,2,2,2,(주)이레우리밀,식품제조가공업,경상남도,경상남도 양산시
20160614682,1,1,1,호전식품,식품제조가공업,경상남도,경상남도 양산시
20160614914,1,1,1,해운관광농원,식품제조가공업,경상남도,경상남도 양산시
20160616073,1,1,1,의령망개떡,식품제조가공업,경상남도,경상남도 의령군
20160618100,1,1,1,풀무원식품 주식회사 영산휴게소 양식코너,휴게음식점,경상남도,경상남도 창녕군
20160619018,1,1,1,부일전통충무김밥,식품제조가공업,경상남도,경상남도 고성군
20160619035,1,1,1,제이에스식품,식품제조가공업,경상남도,경상남도 고성군
20160621187,4,4,4,주식회사 리스윗 농업회사법인,식품제조가공업,경상남도,경상남도 하동군
20160622042,1,1,1,(주)세한푸드,식품제조가공업,경상남도,경상남도 산청군
20160622100,2,2,2,자연다옴,식품제조가공업,경상남도,경상남도 산청군
20160623044,2,2,2,안의농협가공사업장,식품제조가공업,경상남도,경상남도 함양군
20160624036,2,2,2,(주)푸른농산 F2,식품제조가공업,경상남도,경상남도 거창군
20160624135,3,3,3,농업회사법인 주식회사 얼음골식품 거창지점,식품제조가공업,경상남도,경상남도 거창군
20160627403,1,1,1,올레식품,식품제조가공업,제주특별자치도,제주특별자치도 제주시
20160627806,1,1,1,초하루,식품제조가공업,제주특별자치도,제주특별자치도 제주시
20160627980,1,1,1,(주)신한에코,식품제조가공업,제주특별자치도,제주특별자치도 제주시
20160628080,1,1,1,만제영어조합법인,식품제조가공업,제주특별자치도,제주특별자치도 제주시
20160628081,1,1,1,춘심이네오메기떡,식품제조가공업,제주특별자치도,제주특별자치도 제주시
20160628489,2,2,2,주식회사제우스,식품제조가공업,제주특별자치도,제주특별자치도 제주시
20160628608,1,1,1,오에스케이터링(주),식품제조가공업,제주특별자치도,제주특별자치도 제주시
20160628940,2,2,1,농업회사법인한울제주주식회사,식품제조가공업,제주특별자치도,제주특별자치도 제주시
20160631333,2,2,2,소담제주영농조합법인,식품제조가공업,제주특별자치도,제주특별자치도 서귀포시
20160634038,2,2,2,(주)피에스케이리테일,식품제조가공업,경기도,경기도 부천시
20160634095,4,4,4,(주)에스디푸드,식품제조가공업,경기도,경기도 부천시
20170025875,2,1,1,크놀라,식품제조가공업,서울특별시,서울특별시 종로구
20170033196,2,1,1,(주)크레이브푸드,식품제조가공업,서울특별시,서울특별시 성동구
20170036279,2,1,1,푸드가온 주식회사,식품제조가공업,경기도,경기도 부천시
20170036508,8,4,4,몽샹디저트,식품제조가공업,경기도,경기도 하남시
20170037323,1,1,1,주식회사 트리플제이홀딩스,식품제조가공업,서울특별시,서울특별시 성동구
20170039094,3,3,3,주식회사 위크위크컴퍼니,식품제조가공업,서울특별시,서울특별시 광진구
20170039630,1,1,1,주식회사 폴리체,식품제조가공업,서울특별시,서울특별시 광진구
20170042053,4,2,2,주식회사 딜세푸드,식품제조가공업,서울특별시,서울특별시 동대문구
20170042547,2,1,1,정원푸드,식품제조가공업,서울특별시,서울특별시 동대문구
20170046082,2,2,2,주식회사 엠와이푸드,식품제조가공업,서울특별시,서울특별시 중랑구
20170063007,2,1,1,다올푸드,식품제조가공업,경기도,경기도 고양시
20170069586,3,1,1,(주)에이블비즈 시흥공장,식품제조가공업,경기도,경기도 시흥시
20170076017,2,1,1,강순자김치,식품제조가공업,서울특별시,서울특별시 강서구
20170076615,3,3,3,(주)다리와사람들,식품제조가공업,서울특별시,서울특별시 강서구
20170080929,3,3,3,더브레드블루,식품제조가공업,서울특별시,서울특별시 구로구
20170081056,2,1,1,(주)메디프레소,식품제조가공업,서울특별시,서울특별시 구로구
20170081377,2,1,1,혜혜푸드,식품제조가공업,경기도,경기도 부천시
20170084078,6,3,3,TEMBIO,식품제조가공업,서울특별시,서울특별시 금천구
20170084668,2,2,2,(주)농업회사법인 엘푸드 서울CK2,식품제조가공업,서울특별시,서울특별시 금천구
20170084675,1,1,1,(주)스윗밸런스랩,식품제조가공업,서울특별시,서울특별시 금천구
20170086980,2,2,2,(주)아몬드푸드팩토리,식품제조가공업,서울특별시,서울특별시 영등포구
20170094817,2,1,1,환푸드F&B,식품제조가공업,서울특별시,서울특별시 금천구
20170094900,2,2,2,팔팔유통,식품제조가공업,서울특별시,서울특별시 관악구
20170098695,1,1,1,엘타워1(ELTOWER 1),일반음식점,서울특별시,서울특별시 서초구
20170105951,3,1,1,(주)커피플랜트,식품제조가공업,서울특별시,서울특별시 강남구
20170107149,2,2,2,(주)유일유,식품제조가공업,서울특별시,서울특별시 강남구
20170107325,4,2,2,주식회사 거누,식품제조가공업,경기도,경기도 성남시
20170107748,1,1,1,강남세브란스병원점 환자식당,위탁급식영업,서울특별시,서울특별시 강남구
20170108112,2,2,2,(주)메종기욤,식품제조가공업,서울특별시,서울특별시 강남구
20170108154,1,1,1,(주)유즈코퍼레이션,식품제조가공업,서울특별시,서울특별시 강남구
20170114831,2,1,1,희푸드 광주지사,식품제조가공업,경기도,경기도 광주시
20170116186,2,1,1,(주)빙달,식품제조가공업,경기도,경기도 김포시
20170120209,2,1,1,(주)케이코닉,식품제조가공업,경기도,경기도 하남시
20170120214,3,3,2,리부트1공장,식품제조가공업,서울특별시,서울특별시 강동구
20170128005,3,3,3,(주)해청수산,식품제조가공업,부산광역시,부산광역시 서구
20170128011,2,1,1,(주)건일품,식품제조가공업,부산광역시,부산광역시 사하구
20170128051,2,1,1,(주)비에스씨푸드,식품소분업,부산광역시,부산광역시 사하구
20170128055,1,1,1,주식회사 엠에스,식품제조가공업,부산광역시,부산광역시 서구
20170128095,4,4,4,(주)락피쉬,식품제조가공업,부산광역시,부산광역시 서구
20170128193,1,1,1,해성넷 주식회사,식품제조가공업,부산광역시,부산광역시 서구
20170131028,2,2,2,스몰굿커피 랩,식품제조가공업,부산광역시,부산광역시 부산진구
20170137288,2,2,2,주식회사 더블스윗,식품제조가공업,부산광역시,부산광역시 남구
20170142056,24,8,5,(주)동심컴퍼니,식품제조가공업,부산광역시,부산광역시 사하구
20170142084,2,1,1,(주)엠에이에스,식품제조가공업,부산광역시,부산광역시 해운대구
20170144037,4,4,4,세양수산(주),식품제조가공업,부산광역시,부산광역시 사하구
20170144217,2,2,2,현이푸드빌,식품제조가공업,부산광역시,부산광역시 사하구
20170144241,1,1,1,(주)진양수산,식품제조가공업,부산광역시,부산광역시 사하구
20170144261,3,3,3,(주)세림수산,식품제조가공업,부산광역시,부산광역시 사하구
20170144262,2,2,2,에스알(S.R)씨푸드,식품제조가공업,부산광역시,부산광역시 사하구
20170144288,1,1,1,(주)효성어묵,식품제조가공업,부산광역시,부산광역시 사하구
20170144485,2,2,1,대관령식품,식품제조가공업,부산광역시,부산광역시 사하구
20170144569,1,1,1,(주)오션스팜,식품제조가공업,부산광역시,부산광역시 사하구
20170144781,1,1,1,(주)보람식품,식품제조가공업,부산광역시,부산광역시 사하구
20170147155,18,9,5,(주)엠제이바이오,식품제조가공업,경상북도,경상북도 경산시
20170147215,1,1,1,금정구친환경 농산물급식지원센터,집단급식소 식품판매업,부산광역시,부산광역시 금정구
20170149295,1,1,1,주식회사 케이엔비즈,식품제조가공업,부산광역시,부산광역시 강서구
20170149355,3,3,3,(주)비에스엠푸드,식품제조가공업,부산광역시,부산광역시 강서구
20170149607,2,2,2,에이치지 에프앤비(HG F&B),식품제조가공업,부산광역시,부산광역시 강서구
20170154250,1,1,1,주식회사 비엔씨푸드,식품제조가공업,부산광역시,부산광역시 사상구
20170154392,1,1,1,가향푸드,식품제조가공업,부산광역시,부산광역시 사상구
20170154552,3,3,3,주식회사 더올라,식품제조가공업,부산광역시,부산광역시 사상구
20170156132,9,3,2,(주)케이와이바이오,식품제조가공업,부산광역시,부산광역시 남구
20170156463,2,2,2,효림푸드,식품제조가공업,부산광역시,부산광역시 기장군
20170160158,4,4,2,농업회사법인참미김치주식회사,식품제조가공업,대구광역시,대구광역시 동구
20170160629,4,2,2,나무를 심은 사람,식품제조가공업,대구광역시,대구광역시 동구
20170160729,2,2,1,명진푸드,식품제조가공업,대구광역시,대구광역시 동구
20170160958,2,2,2,주식회사 진가네,식품제조가공업,대구광역시,대구광역시 동구
20170166168,1,1,1,호로록맛집,식품제조가공업,대구광역시,대구광역시 남구
20170166445,2,1,1,(주)엠케이에프,식품제조가공업,경상북도,경상북도 칠곡군
20170168500,1,1,1,소정식품,식품제조가공업,대구광역시,대구광역시 북구
20170168731,1,1,1,(주)세인트레이딩,식품제조가공업,대구광역시,대구광역시 북구
20170169070,6,3,3,한칼식품,식품제조가공업,대구광역시,대구광역시 북구
20170175216,6,2,2,황금쌀현미누룽지,식품제조가공업,대구광역시,대구광역시 수성구
20170181132,2,2,2,상아제약 주식회사,식품제조가공업,대구광역시,대구광역시 달서구
20170181457,4,4,3,신갈산 맛국수,식품제조가공업,대구광역시,대구광역시 달서구
20170182158,10,5,5,(주)엠케이크,식품제조가공업,대구광역시,대구광역시 달성군
20170188475,2,2,2,(주)고두참푸드,식품제조가공업,대구광역시,대구광역시 달성군
20170188698,2,1,1,주식회사 혜성제과,식품제조가공업,대구광역시,대구광역시 달성군
20170190333,2,2,2,신선푸드,식품제조가공업,인천광역시,인천광역시 제물포구
20170193061,3,1,1,(주)아르토스,식품제조가공업,인천광역시,인천광역시 미추홀구
20170193366,3,3,3,농업회사 법인 (주)황금푸드,식품제조가공업,인천광역시,인천광역시 미추홀구
20170197599,4,2,2,(주)야마끼코리아,식품제조가공업,인천광역시,인천광역시 검단구
20170198091,2,1,1,세남자의 빵굼터,식품제조가공업,인천광역시,인천광역시 남동구
20170199597,3,3,2,(주)착하게푸드,식품제조가공업,인천광역시,인천광역시 남동구
20170199684,2,2,2,(주)거룩한일오삼,식품제조가공업,인천광역시,인천광역시 남동구
20170199764,1,1,1,제이씨컴퍼니,식품제조가공업,인천광역시,인천광역시 남동구
20170199791,4,4,2,(주)세영씨푸드,식품제조가공업,인천광역시,인천광역시 남동구
20170200490,6,3,3,(주)탑푸드,식품제조가공업,인천광역시,인천광역시 제물포구
20170200685,1,1,1,(주)예당,식품제조가공업,인천광역시,인천광역시 남동구
20170202419,2,2,1,풍년식품(주),식품제조가공업,인천광역시,인천광역시 부평구
20170202984,6,3,3,(주)예맛떡,식품제조가공업,인천광역시,인천광역시 서해구
20170205244,1,1,1,(주)이앤드지푸드[E&G],식품제조가공업,인천광역시,인천광역시 계양구
20170208080,4,4,4,빵터지는집,식품제조가공업,인천광역시,인천광역시 서해구
20170208107,1,1,1,(주)정원식품,식품제조가공업,인천광역시,인천광역시 검단구
20170208205,4,2,2,(주)일오삼푸드,식품제조가공업,인천광역시,인천광역시 서해구
20170208308,1,1,1,주식회사 백암전통식품,식품제조가공업,인천광역시,인천광역시 서해구
20170208477,1,1,1,미꼬,식품제조가공업,인천광역시,인천광역시 검단구
20170208707,2,2,2,리코코리아,식품제조가공업,인천광역시,인천광역시 검단구
20170209181,2,2,2,(주)제이씨푸드,식품제조가공업,인천광역시,인천광역시 서해구
20170209425,19,19,19,(주)화미,식품제조가공업,인천광역시,인천광역시 서해구
20170209455,2,2,2,에이비씨푸드,식품제조가공업,인천광역시,인천광역시 서해구
20170209462,2,2,2,다해에프앤비,식품제조가공업,인천광역시,인천광역시 서해구
20170209473,2,2,2,(주)엠엔디 컴퍼니,식품제조가공업,인천광역시,인천광역시 서해구
20170209568,2,2,1,(주)더난,식품제조가공업,인천광역시,인천광역시 서해구
20170209603,1,1,1,(주)바이탈코리아,식품제조가공업,인천광역시,인천광역시 검단구
20170212027,3,3,3,농업회사법인 맘스김치(주),식품제조가공업,인천광역시,인천광역시 옹진군
20170214356,5,5,3,(주)푸드앤푸드,식품제조가공업,전남광주통합특별시,전남광주통합특별시 동구
20170216058,2,2,2,유창수산식품,식품제조가공업,전남광주통합특별시,전남광주통합특별시 서구
20170216166,2,2,2,주식회사 베비에르엠더블,식품제조가공업,전남광주통합특별시,전남광주통합특별시 서구
20170216656,1,1,1,자평식품,식품소분업,전남광주통합특별시,전남광주통합특별시 서구
20170216757,3,3,3,모닝팜,식품제조가공업,전남광주통합특별시,전남광주통합특별시 서구
20170221313,1,1,1,시루원,식품제조가공업,전남광주통합특별시,전남광주통합특별시 북구
20170221882,2,2,2,진양씨푸드,식품제조가공업,전남광주통합특별시,전남광주통합특별시 북구
20170221952,1,1,1,유림제과유한회사,식품제조가공업,전남광주통합특별시,전남광주통합특별시 북구
20170222052,1,1,1,행복가게협동조합,식품제조가공업,전남광주통합특별시,전남광주통합특별시 북구
20170227056,1,1,1,대통령우렁이,식품제조가공업,전남광주통합특별시,전남광주통합특별시 광산구
20170227067,4,4,4,셀리나(주),식품제조가공업,전남광주통합특별시,전남광주통합특별시 광산구
20170227395,1,1,1,농업회사법인 우아푸드주식회사,식품제조가공업,전남광주통합특별시,전남광주통합특별시 광산구
20170227642,1,1,1,퀸즈마카롱,식품제조가공업,전남광주통합특별시,전남광주통합특별시 광산구
20170231074,1,1,1,유정식품,식품제조가공업,대전광역시,대전광역시 동구
20170231514,1,1,1,농업회사법인케이에스팜(주)대전지점,식품제조가공업,대전광역시,대전광역시 동구
20170231630,1,1,1,농업회사법인 (주)퓨어팜,식품제조가공업,대전광역시,대전광역시 동구
20170233832,2,1,1,미쓰리(MISSLEE),식품제조가공업,대전광역시,대전광역시 대덕구
20170240210,4,2,2,우리들 베이커리,식품제조가공업,충청남도,충청남도 논산시
20170240370,4,2,2,(주)아이씨푸드 효모로,식품제조가공업,세종특별자치시,세종특별자치시
20170242206,2,2,2,원우식품,식품제조가공업,대전광역시,대전광역시 대덕구
20170242318,1,1,1,대호씨푸드,식품제조가공업,대전광역시,대전광역시 대덕구
20170242444,2,2,2,청해식품,식품제조가공업,대전광역시,대전광역시 대덕구
20170252134,1,1,1,(주)해국식품,식품제조가공업,울산광역시,울산광역시 동구
20170255035,3,3,3,오케이에프엔디,식품제조가공업,울산광역시,울산광역시 울주군
20170255571,5,5,5,세계식품주식회사,식품제조가공업,울산광역시,울산광역시 울주군
20170255722,2,2,2,주식회사 해와달에프앤비,식품제조가공업,울산광역시,울산광역시 울주군
20170255800,1,1,1,(주)우리도시락,식품제조가공업,울산광역시,울산광역시 울주군
20170257231,3,3,3,세종시싱싱로컬푸드가공영농조합법인,식품제조가공업,세종특별자치시,세종특별자치시
20170257419,2,2,2,시집가는농산 주식회사,식품제조가공업,세종특별자치시,세종특별자치시
20170257941,1,1,1,찬들떡집,식품제조가공업,세종특별자치시,세종특별자치시
20170257966,1,1,1,우복동사람들 협동조합,식품제조가공업,세종특별자치시,세종특별자치시
20170263947,1,1,1,두씨밀레,식품제조가공업,경기도,경기도 수원시
20170264329,2,2,2,(주)나인스파크 광교,식품제조가공업,경기도,경기도 수원시
20170275001,3,3,3,아침(주),식품제조가공업,경기도,경기도 성남시
20170275045,2,2,2,(주)탭스인터내셔널1공장,식품제조가공업,경기도,경기도 성남시
20170275053,2,2,2,(주)아인츠푸드 성남공장,식품제조가공업,경기도,경기도 성남시
20170275064,4,4,2,(주)수니케이크,식품제조가공업,경기도,경기도 성남시
20170275102,3,3,3,두드림식품,식품제조가공업,경기도,경기도 성남시
20170275127,16,8,8,주식회사 엔아이에프,식품제조가공업,경기도,경기도 성남시
20170275167,2,2,1,(주)고메베이글제2공장,식품제조가공업,경기도,경기도 성남시
20170275184,2,2,2,(주)여미에프앤비,식품제조가공업,경기도,경기도 성남시
20170275236,3,3,3,주식회사 프레시지 성남공장,식품제조가공업,경기도,경기도 성남시
20170275249,1,1,1,팔팔홀딩스(주),식품제조가공업,경기도,경기도 성남시
20170275274,6,3,3,(주)와일드콤,식품제조가공업,경기도,경기도 성남시
20170285532,1,1,1,형우식품 제2공장,식품제조가공업,경기도,경기도 의정부시
20170288447,6,2,2,참만나,식품제조가공업,경기도,경기도 광주시
20170288598,1,1,1,주식회사 쥬니쿠키,식품제조가공업,경기도,경기도 안양시
20170288614,2,1,1,(주)보리그루,식품제조가공업,경기도,경기도 안양시
20170304239,1,1,1,행원사회적협동조합,즉석판매제조가공업,경기도,경기도 광명시
20170304549,1,1,1,주식회사오병이어푸드,식품제조가공업,경기도,경기도 광명시
20170304598,2,2,2,(주)엔데오에프앤비,식품제조가공업,경기도,경기도 광명시
20170304739,2,2,2,주식회사이학순베이커리,식품제조가공업,경기도,경기도 광명시
20170306729,2,2,1,합정제과,식품제조가공업,경기도,경기도 평택시
20170306995,2,2,1,농업회사법인주식회사 참미소,식품제조가공업,경기도,경기도 평택시
20170308109,2,2,2,유경식품,식품제조가공업,경기도,경기도 평택시
20170308350,5,5,4,주)장흥에프앤지,식품제조가공업,경기도,경기도 평택시
20170308389,3,3,3,엠즈베이커스주식회사,식품제조가공업,경기도,경기도 평택시
20170308437,1,1,1,쌀로만푸드,식품제조가공업,경기도,경기도 평택시
20170309412,3,3,3,큐엔씨식품(요리한상),식품제조가공업,경기도,경기도 평택시
20170311330,1,1,1,원스푸드,식품제조가공업,경기도,경기도 안산시
20170311457,2,2,2,주식회사 풍원바이오,식품제조가공업,경기도,경기도 안산시
20170311463,4,2,2,엔에스 상사,식품제조가공업,경기도,경기도 화성시
20170311676,4,4,4,고려은단 주식회사,식품제조가공업,경기도,경기도 안산시
20170311746,1,1,1,(주)우영에프앤디,식품제조가공업,경기도,경기도 안산시
20170320142,2,2,2,국민식품,식품제조가공업,경기도,경기도 고양시
20170320372,1,1,1,(주)지니푸드앤시스템,식품제조가공업,경기도,경기도 고양시
20170320424,6,3,3,중부식품,식품제조가공업,경기도,경기도 김포시
20170320522,2,2,2,(주)제이앤푸드,식품제조가공업,경기도,경기도 고양시
20170320640,1,1,1,(주)지앤에이치바이오,식품제조가공업,경기도,경기도 고양시
20170320785,5,5,5,(주)디어푸드,식품제조가공업,경기도,경기도 고양시
20170321003,2,2,2,주식회사 어니스트쿡,식품제조가공업,경기도,경기도 고양시
20170321188,2,2,2,빈푸드,식품제조가공업,경기도,경기도 고양시
20170321189,2,2,2,일진푸드,식품제조가공업,경기도,경기도 고양시
20170321343,1,1,1,한떡식품,식품제조가공업,경기도,경기도 고양시
20170321512,1,1,1,백희,식품제조가공업,경기도,경기도 고양시
20170321608,4,2,2,꽃담청,식품제조가공업,경기도,경기도 고양시
20170321758,1,1,1,제이앤제이푸드(J&J FOOD),식품제조가공업,경기도,경기도 고양시
20170321777,2,2,2,(주)태양에프앤씨,식품제조가공업,경기도,경기도 고양시
20170321855,2,2,2,농업회사법인진식품유한회사,식품제조가공업,경기도,경기도 고양시
20170330050,1,1,1,(주)스위트필,식품제조가공업,경기도,경기도 구리시
20170330443,3,3,3,세진물산,식품제조가공업,경기도,경기도 구리시
20170332046,1,1,1,자연애그린,식품제조가공업,경기도,경기도 남양주시
20170332114,1,1,1,사계절식품,식품제조가공업,경기도,경기도 남양주시
20170332354,3,3,3,원미가,식품제조가공업,경기도,경기도 남양주시
20170332459,1,1,1,국제종합상사,식품제조가공업,경기도,경기도 남양주시
20170332820,1,1,1,코코스 주식회사,식품제조가공업,경기도,경기도 남양주시
20170333031,1,1,1,주식회사 언노운로스터스,식품제조가공업,경기도,경기도 남양주시
20170333130,1,1,1,선푸드,식품제조가공업,경기도,경기도 남양주시
20170333253,24,12,9,주식회사 베지스타,식품제조가공업,인천광역시,인천광역시 남동구
20170333300,2,2,2,(주)하나트레이딩,식품제조가공업,경기도,경기도 남양주시
20170333328,13,13,10,자연농장,식품제조가공업,경기도,경기도 남양주시
20170333464,4,2,1,동해씨푸드,식품제조가공업,경기도,경기도 포천시
20170333484,1,1,1,팜아트홀릭주식회사,식품제조가공업,경기도,경기도 남양주시
20170333532,1,1,1,수제나라,식품제조가공업,경기도,경기도 남양주시
20170333533,1,1,1,누리푸드,식품소분업,경기도,경기도 남양주시
20170333544,2,1,1,주식회사 퓨처엑스,식품제조가공업,경기도,경기도 하남시
20170333760,2,1,1,사나이커피팩토리,식품제조가공업,경기도,경기도 남양주시
20170333875,2,2,2,달콤한상상 주식회사,식품제조가공업,경기도,경기도 남양주시
20170333900,1,1,1,(주)인화TFS,식품제조가공업,경기도,경기도 남양주시
20170338007,6,3,3,옐로우그린(주),식품제조가공업,경기도,경기도 김포시
20170338075,4,2,2,푸코(FOOCO),식품제조가공업,경기도,경기도 시흥시
20170338272,4,4,4,주식회사잇투게더,식품제조가공업,경기도,경기도 시흥시
20170338567,2,2,1,주식회사찬이랑밥이랑,식품제조가공업,경기도,경기도 시흥시
20170338893,2,2,2,(주)라이스존,식품제조가공업,경기도,경기도 시흥시
20170338899,1,1,1,옥토푸드화신닭발,식품제조가공업,경기도,경기도 시흥시
20170338959,1,1,1,주식회사강남푸드,식품제조가공업,경기도,경기도 시흥시
20170339012,1,1,1,원일에프앤비,식품제조가공업,경기도,경기도 시흥시
20170339347,1,1,1,주식회사해성물산,식품제조가공업,경기도,경기도 시흥시
20170339489,1,1,1,주식회사씨제이피,식품제조가공업,경기도,경기도 시흥시
20170342131,2,1,1,온새미로,식품제조가공업,경기도,경기도 군포시
20170342407,1,1,1,(주)클린푸드팩토리,식품제조가공업,경기도,경기도 군포시
20170342437,3,3,3,미라클푸드,식품제조가공업,경기도,경기도 군포시
20170344244,2,2,2,스위트진,식품제조가공업,경기도,경기도 의왕시
20170344372,1,1,1,(주)에스엠푸드빌,식품제조가공업,경기도,경기도 의왕시
20170345187,1,1,1,주식회사 투에이치패밀리,식품제조가공업,경기도,경기도 하남시
20170345214,1,1,1,프레스코,식품제조가공업,경기도,경기도 하남시
20170345328,1,1,1,주)오제이 153씨푸드,식품제조가공업,경기도,경기도 하남시
20170345351,8,8,8,그린F.S,식품제조가공업,경기도,경기도 하남시
20170345374,2,2,2,주식회사 푸드젝트,식품제조가공업,경기도,경기도 하남시
20170345429,1,1,1,주식회사 희푸드,식품제조가공업,경기도,경기도 하남시
20170345460,2,2,2,주하푸드,식품제조가공업,경기도,경기도 하남시
20170345461,2,2,2,해담,식품제조가공업,경기도,경기도 하남시
20170345520,4,2,1,농업회사법인 은성에이디 주식회사,식품제조가공업,경기도,경기도 하남시
20170345575,1,1,1,농업회사법인 농부사랑(주),식품제조가공업,경기도,경기도 하남시
20170345798,1,1,1,(주)유한 에프에스,식품소분업,경기도,경기도 하남시
20170345896,1,1,1,농업회사법인 (주)파비안프레쉬,집단급식소 식품판매업,경기도,경기도 하남시
20170347016,8,8,8,(주)베오베,식품제조가공업,경기도,경기도 용인시
20170347034,2,2,2,오성,식품제조가공업,경기도,경기도 용인시
20170347035,2,2,2,푸름,식품제조가공업,경기도,경기도 용인시
20170347051,2,2,2,(주)청마푸드,식품제조가공업,경기도,경기도 용인시
20170347060,20,11,11,(주)비앤비코리아,식품제조가공업,경기도,경기도 용인시
20170347067,3,3,3,(주)현대그린푸드 연화식 제조센터,식품제조가공업,경기도,경기도 용인시
20170347078,2,1,1,(주)이이드,식품제조가공업,경기도,경기도 광주시
20170347134,10,10,7,(주)씨앤지,식품제조가공업,경기도,경기도 용인시
20170347138,4,4,4,용인시 농산물 종합가공지원센터,식품제조가공업,경기도,경기도 용인시
20170347176,1,1,1,(주)우리푸디스,식품제조가공업,경기도,경기도 용인시
20170347195,1,1,1,바른음식 연구소,식품제조가공업,경기도,경기도 용인시
20170355026,2,2,2,두리푸드,식품제조가공업,경기도,경기도 파주시
20170355111,1,1,1,(주)엠엘오코리아,식품첨가물제조업,경기도,경기도 파주시
20170355343,11,11,11,코뉴,식품제조가공업,경기도,경기도 파주시
20170355361,2,2,2,농업회사법인(주)킴스타푸드,식품제조가공업,경기도,경기도 파주시
20170355416,2,2,2,제이탑에프에스,식품제조가공업,경기도,경기도 파주시
20170355522,1,1,1,(주)한상가득식품,식품제조가공업,경기도,경기도 파주시
20170355541,4,4,4,한양제너럴푸드,식품제조가공업,경기도,경기도 파주시
20170355824,1,1,1,코뉴,식품첨가물제조업,경기도,경기도 파주시
20170355852,1,1,1,유림푸드,식품제조가공업,경기도,경기도 파주시
20170356419,1,1,1,(주)제나,식품제조가공업,경기도,경기도 파주시
20170356426,2,2,2,농업회사법인 디엠제트농산(주),식품제조가공업,경기도,경기도 파주시
20170358023,2,2,2,꿈꾸는 유니팜,식품제조가공업,경기도,경기도 이천시
20170358074,4,2,2,주식회사 슈퍼푸드,식품제조가공업,경기도,경기도 안성시
20170358254,1,1,1,농업회사법인 향미 주식회사,식품제조가공업,경기도,경기도 이천시
20170358298,3,3,3,(주)한국데리카후레쉬 제1공장,식품제조가공업,경기도,경기도 이천시
20170358433,1,1,1,농업회사법인 팜에이트(주) 이천지점,식품제조가공업,경기도,경기도 이천시
20170360112,1,1,1,주식회사 마중물,식품제조가공업,경기도,경기도 안성시
20170360216,1,1,1,농업회사법인 나물천지,식품제조가공업,경기도,경기도 안성시
20170360272,9,9,7,존쿡 쉐프의 키친(Johncook chef's kitchen),식품제조가공업,경기도,경기도 안성시
20170362092,3,3,3,(주)맛과벗,식품제조가공업,경기도,경기도 김포시
20170362101,3,3,3,(주)참아람,식품제조가공업,경기도,경기도 김포시
20170362182,2,1,1,주식회사 베이커스딜라이트,식품제조가공업,인천광역시,인천광역시 서해구
20170362277,3,3,3,주식회사 한국프루트,식품제조가공업,경기도,경기도 김포시
20170362316,1,1,1,농업회사법인 에스엠월드(주),식품제조가공업,경기도,경기도 김포시
20170362355,2,2,2,동해씨푸드,식품제조가공업,경기도,경기도 김포시
20170362356,6,2,1,(주)가림씨푸드,식품제조가공업,경기도,경기도 김포시
20170362435,1,1,1,뉴앤디커피,식품제조가공업,경기도,경기도 김포시
20170362480,2,2,2,제이비,식품제조가공업,경기도,경기도 김포시
20170362542,1,1,1,주식회사 더한,식품소분업,경기도,경기도 김포시
20170362721,4,4,4,명성식품,식품제조가공업,경기도,경기도 김포시
20170362839,1,1,1,(주)아이두비,식품제조가공업,경기도,경기도 김포시
20170362879,2,2,2,퍼센트푸드,식품제조가공업,경기도,경기도 김포시
20170362944,1,1,1,농업회사법인(주) 늘푸른농산,식품제조가공업,경기도,경기도 김포시
20170363069,2,2,2,(주)팀코리아,식품제조가공업,경기도,경기도 김포시
20170363293,1,1,1,(주)엔에스티바이오(본점),식품소분업,경기도,경기도 김포시
20170363357,2,2,2,농업회사법인 (주)시우,식품제조가공업,경기도,경기도 김포시
20170364035,2,2,2,해오름,식품제조가공업,경기도,경기도 화성시
20170364342,2,2,2,(주)늘푸른,식품제조가공업,경기도,경기도 화성시
20170364445,1,1,1,천하푸드,식품제조가공업,경기도,경기도 화성시
20170364573,2,2,2,DCANY(디캐니),식품제조가공업,경기도,경기도 화성시
20170364803,1,1,1,두잎식품,식품제조가공업,경기도,경기도 화성시
20170364931,1,1,1,(주)선민팔탄지점,식품제조가공업,경기도,경기도 화성시
20170365027,4,4,4,레하임생활건강,식품제조가공업,경기도,경기도 화성시
20170365141,1,1,1,(주)커피클랜,식품제조가공업,경기도,경기도 화성시
20170365175,8,8,4,농업회사법인약속식품주식회사,식품제조가공업,경기도,경기도 화성시
20170365459,4,4,4,몽고장유,식품제조가공업,경기도,경기도 화성시
20170365699,1,1,1,한결푸드,식품제조가공업,경기도,경기도 화성시
20170366285,1,1,1,정남푸드,식품제조가공업,경기도,경기도 화성시
20170366402,1,1,1,(주)엘에스바이오,식품제조가공업,경기도,경기도 화성시
20170366512,1,1,1,물수,식품제조가공업,경기도,경기도 화성시
20170366546,2,2,2,에스앤푸드(주),식품제조가공업,경기도,경기도 화성시
20170366575,1,1,1,생태예술한옥마을영농조합법인,식품제조가공업,경기도,경기도 화성시
20170366704,1,1,1,(주)평창에프앤비,식품제조가공업,경기도,경기도 화성시
20170368024,3,3,2,주식회사 영화 광주공장,식품제조가공업,경기도,경기도 광주시
20170368038,1,1,1,(주)견우푸드 제3공장,식품제조가공업,경기도,경기도 광주시
20170368058,1,1,1,푸드연,식품제조가공업,경기도,경기도 광주시
20170368065,16,8,8,주식회사 연,식품제조가공업,경기도,경기도 광주시
20170368085,8,4,4,(주)앤스윗,식품제조가공업,경기도,경기도 하남시
20170368251,3,3,2,(주)수라원에프앤비,식품제조가공업,경기도,경기도 광주시
20170368435,7,7,3,원보푸드,식품제조가공업,경기도,경기도 광주시
20170368437,1,1,1,(주)엠아이커피,식품제조가공업,경기도,경기도 광주시
20170368466,5,5,5,한국비엘 주식회사,식품제조가공업,경기도,경기도 광주시
20170368469,1,1,1,주식회사 더꿈씨케이센터,식품제조가공업,경기도,경기도 광주시
20170368521,8,8,6,부경수산주식회사,식품제조가공업,경기도,경기도 광주시
20170368563,4,2,2,주식회사 동강실업,식품제조가공업,경기도,경기도 광주시
20170368574,2,2,2,해오름,식품제조가공업,경기도,경기도 광주시
20170368659,3,3,2,(주)유니온씨푸드,식품제조가공업,경기도,경기도 광주시
20170368783,1,1,1,농업회사법인(주)한국토종은행연구,식품제조가공업,경기도,경기도 광주시
20170368804,1,1,1,주식회사 에스제이푸드,식품제조가공업,경기도,경기도 광주시
20170368872,1,1,1,아이케이푸드,식품제조가공업,경기도,경기도 광주시
20170368929,1,1,1,에셀바이오,식품제조가공업,경기도,경기도 광주시
20170368966,8,4,4,(유)예인수산,식품제조가공업,경기도,경기도 이천시
20170369008,4,4,4,(주)성진식품 2공장,식품제조가공업,경기도,경기도 광주시
20170369032,1,1,1,주식회사 미쓰리,식품제조가공업,경기도,경기도 광주시
20170370018,2,2,2,주식회사 맛사랑,식품제조가공업,경기도,경기도 양주시
20170370040,1,1,1,농업회사법인(주)햇살누리,식품제조가공업,경기도,경기도 양주시
20170370432,2,1,1,랩씨앤씨,식품제조가공업,경기도,경기도 가평군
20170370433,2,2,2,(주)진수산,식품제조가공업,경기도,경기도 양주시
20170370434,2,2,2,(주)해향,식품제조가공업,경기도,경기도 양주시
20170370598,2,2,2,감동식품,식품제조가공업,경기도,경기도 양주시
20170370612,3,3,3,(주)동아식품,식품제조가공업,경기도,경기도 양주시
20170370741,2,2,2,(주)개성상인,식품제조가공업,경기도,경기도 양주시
20170372040,5,5,5,(주)더원네이처,식품제조가공업,경기도,경기도 포천시
20170372137,1,1,1,정원식품,식품제조가공업,경기도,경기도 포천시
20170372147,2,2,2,(주)한국네스트,식품제조가공업,경기도,경기도 포천시
20170372148,1,1,1,자연애건강식품,식품제조가공업,경기도,경기도 포천시
20170372156,4,4,4,참들고을,식품제조가공업,경기도,경기도 포천시
20170372186,1,1,1,설운아이스,식품제조가공업,경기도,경기도 포천시
20170372194,3,3,2,슈가레인(Sugarrain),식품제조가공업,경기도,경기도 포천시
20170372231,1,1,1,주식회사 한솔식품,식품제조가공업,경기도,경기도 포천시
20170372311,2,2,2,농업회사법인 늘만나식품(주),식품제조가공업,경기도,경기도 포천시
20170372374,6,6,6,(주)한식품,식품제조가공업,경기도,경기도 포천시
20170372452,1,1,1,코젠(KOZEN),식품제조가공업,경기도,경기도 포천시
20170372481,1,1,1,(주)난원,식품제조가공업,경기도,경기도 포천시
20170372586,1,1,1,농가식품,식품제조가공업,경기도,경기도 포천시
20170372590,5,5,5,상아생명과학주식회사,식품제조가공업,경기도,경기도 포천시
20170372599,8,8,8,비타민마을 제1공장,식품제조가공업,경기도,경기도 포천시
20170375074,1,1,1,(주)농업회사법인 거산,식품제조가공업,경기도,경기도 여주시
20170375252,1,1,1,주식회사 대성,식품제조가공업,경기도,경기도 여주시
20170375372,2,2,2,농업회사법인(주)푸르원,식품제조가공업,경기도,경기도 여주시
20170375449,1,1,1,가람식품,식품제조가공업,경기도,경기도 여주시
20170377296,1,1,1,미가푸드,식품제조가공업,경기도,경기도 가평군
20170378069,4,2,2,(주)이화온,식품제조가공업,경기도,경기도 양평군
20170378174,1,1,1,증안리약초마을협동조합,식품제조가공업,경기도,경기도 양평군
20170380729,1,1,1,산천애아삭소리사과애플즙,식품제조가공업,강원특별자치도,강원특별자치도 춘천시
20170381075,2,2,2,농업회사법인유한회사비와이,식품제조가공업,강원특별자치도,강원특별자치도 춘천시
20170381142,1,1,1,압실영농조합법인,식품제조가공업,강원특별자치도,강원특별자치도 춘천시
20170383088,5,5,5,로로에프엔비주식회사,식품제조가공업,강원특별자치도,강원특별자치도 원주시
20170383231,2,2,2,(주)단미푸드,식품제조가공업,강원특별자치도,강원특별자치도 원주시
20170383537,2,2,2,길경푸드,식품제조가공업,강원특별자치도,강원특별자치도 원주시
20170383792,6,6,6,(주)단정바이오,식품제조가공업,강원특별자치도,강원특별자치도 원주시
20170384356,1,1,1,매일식품,식품제조가공업,강원특별자치도,강원특별자치도 원주시
20170384402,3,3,3,(주)온세까세로1공장,식품제조가공업,강원특별자치도,강원특별자치도 원주시
20170386438,1,1,1,삼교농원,식품제조가공업,강원특별자치도,강원특별자치도 강릉시
20170386903,1,1,1,(주)강릉명인푸드농업회사법인,식품제조가공업,강원특별자치도,강원특별자치도 강릉시
20170386914,1,1,1,(주)학산 테라로사 커피,식품제조가공업,강원특별자치도,강원특별자치도 강릉시
20170389335,2,2,2,주식회사 화남인터내셔날,식품제조가공업,강원특별자치도,강원특별자치도 동해시
20170392024,1,1,1,주식회사 동원푸드,식품제조가공업,강원특별자치도,강원특별자치도 속초시
20170392210,2,1,1,선해식품,식품제조가공업,강원특별자치도,강원특별자치도 속초시
20170392332,2,2,2,희야네,식품제조가공업,강원특별자치도,강원특별자치도 속초시
20170393075,1,1,1,오미미술원,식품제조가공업,강원특별자치도,강원특별자치도 삼척시
20170394144,1,1,1,효자원식품,식품제조가공업,강원특별자치도,강원특별자치도 홍천군
20170395038,1,1,1,농업회사법인케이엔푸드(주),식품제조가공업,강원특별자치도,강원특별자치도 횡성군
20170395062,10,10,10,넥스트바이오 주식회사,식품제조가공업,강원특별자치도,강원특별자치도 횡성군
20170395071,1,1,1,(주)에스앤에프,식품제조가공업,강원특별자치도,강원특별자치도 횡성군
20170395080,6,4,3,농업회사법인 주식회사 웰빙가든,식품제조가공업,강원특별자치도,강원특별자치도 횡성군
20170395092,3,3,2,농업회사법인(주)프레올,식품제조가공업,강원특별자치도,강원특별자치도 횡성군
20170395146,1,1,1,(주)웰파인,식품첨가물제조업,강원특별자치도,강원특별자치도 횡성군
20170397053,6,6,6,농업회사법인 대학두유(주),식품제조가공업,강원특별자치도,강원특별자치도 평창군
20170397109,2,2,2,평창진이네오미자농장,식품제조가공업,강원특별자치도,강원특별자치도 평창군
20170399130,2,2,2,나눔장애인복지회,식품제조가공업,강원특별자치도,강원특별자치도 철원군
20170399133,3,3,3,미래촌농원,식품제조가공업,강원특별자치도,강원특별자치도 철원군
20170400066,1,1,1,농업회사법인 (주)제일리코펜,식품제조가공업,강원특별자치도,강원특별자치도 화천군
20170401009,1,1,1,양구군산림조합(임산물가공센터),식품제조가공업,강원특별자치도,강원특별자치도 양구군
20170401011,1,1,1,양구두타연(주)농업회사법인,식품제조가공업,강원특별자치도,강원특별자치도 양구군
20170401039,1,1,1,주식회사 농업회사법인 청정양구(愛),식품제조가공업,강원특별자치도,강원특별자치도 양구군
20170401059,1,1,1,씨에이치푸드 영농조합법인,식품제조가공업,강원특별자치도,강원특별자치도 양구군
20170415005,1,1,1,예심하우스(지점),식품제조가공업,충청북도,충청북도 청주시
20170415011,2,2,2,농업회사법인 미래농산(주),식품제조가공업,충청북도,충청북도 청주시
20170415026,1,1,1,자연맛드림영농회사,식품제조가공업,충청북도,충청북도 청주시
20170415080,14,13,14,주식회사 삼립 청주공장,식품제조가공업,충청북도,충청북도 청주시
20170415083,1,1,1,맘스케이크 주식회사,식품제조가공업,충청북도,충청북도 청주시
20170415087,1,1,1,티에스유업 주식회사 2공장,식품제조가공업,충청북도,충청북도 청주시
20170415100,1,1,1,(주)다농엘마트1,식품제조가공업,충청북도,충청북도 청주시
20170415102,2,2,2,(주)엘에프코리아,식품제조가공업,충청북도,충청북도 청주시
20170415118,2,2,2,얌푸드서비스,식품제조가공업,충청북도,충청북도 청주시
20170415128,3,2,3,청주시농업기술센터,식품제조가공업,충청북도,충청북도 청주시
20170415132,2,2,2,농업회사법인다비치농산(주),식품제조가공업,충청북도,충청북도 청주시
20170415134,1,1,1,(주)서흥 오송2공장,식품제조가공업,충청북도,충청북도 청주시
20170415142,3,3,3,몸엔용바이오 농업회사법인 주식회사,식품제조가공업,충청북도,충청북도 청주시
20170415158,1,1,1,(주)오리온 제5청주공장,식품제조가공업,충청북도,충청북도 청주시
20170433005,9,9,9,주식회사 산지,식품제조가공업,충청북도,충청북도 충주시
20170433221,1,1,1,맥진민속제과,식품제조가공업,충청북도,충청북도 충주시
20170433536,9,9,9,(주)디엔 농업회사법인,식품제조가공업,충청북도,충청북도 충주시
20170433712,6,6,6,(주)트루나스,식품제조가공업,충청북도,충청북도 충주시
20170433732,8,4,4,에프와이지주식회사 괴산공장지점,식품제조가공업,충청북도,충청북도 괴산군
20170435046,2,2,2,청년농부들,식품제조가공업,충청북도,충청북도 제천시
20170435052,1,1,1,월악산힐링푸드영농조합법인,식품제조가공업,충청북도,충청북도 제천시
20170435232,1,1,1,자안,식품제조가공업,충청북도,충청북도 제천시
20170435326,1,1,1,선인협동조합,식품제조가공업,충청북도,충청북도 제천시
20170435483,7,7,7,농업회사법인 넉넉한사람들(주),식품제조가공업,충청북도,충청북도 제천시
20170435485,1,1,1,지디앤와이(주),식품제조가공업,충청북도,충청북도 제천시
20170439047,1,1,1,(주)지웰,식품소분업,충청북도,충청북도 보은군
20170439048,15,15,12,(주)지웰,식품제조가공업,충청북도,충청북도 보은군
20170439070,1,1,1,보은지역자활센터,식품제조가공업,충청북도,충청북도 보은군
20170440001,1,1,1,채움푸드,식품제조가공업,충청북도,충청북도 옥천군
20170440009,5,5,5,농업회사법인 케이웰바이오 주식회사,식품제조가공업,충청북도,충청북도 옥천군
20170441083,1,1,1,주식회사 레인보우에프에스,식품제조가공업,충청북도,충청북도 영동군
20170442089,13,13,13,맥널티 바이오(주),식품제조가공업,충청북도,충청북도 증평군
20170442143,1,1,1,롯데신선품질혁신센터,식품제조가공업,충청북도,충청북도 증평군
20170442145,6,6,3,(주)한백티에프,식품제조가공업,충청북도,충청북도 증평군
20170443021,4,4,4,(주)에코네이처,식품제조가공업,충청북도,충청북도 진천군
20170443039,1,1,1,(주)하하푸드,식품제조가공업,충청북도,충청북도 진천군
20170443338,4,4,4,(주)이에스그린푸드,식품제조가공업,충청북도,충청북도 진천군
20170443379,6,6,6,주식회사 신안천사김,식품제조가공업,충청북도,충청북도 진천군
20170443388,5,5,5,(주)비에이치앤바이오,식품제조가공업,충청북도,충청북도 진천군
20170444008,2,2,2,주식회사 케이바이오,식품제조가공업,충청북도,충청북도 괴산군
20170444022,3,3,3,주식회사 면장,식품제조가공업,충청북도,충청북도 괴산군
20170444025,1,1,1,(주)자연드림바이오식품 김공방,식품제조가공업,충청북도,충청북도 괴산군
20170444062,4,4,4,농업회사법인(주)괴산청정김치,식품제조가공업,충청북도,충청북도 괴산군
20170445057,1,1,1,T&J푸드,식품제조가공업,충청북도,충청북도 음성군
20170445081,5,5,5,농업회사법인 주식회사 한성그린팩토리,식품제조가공업,충청북도,충청북도 음성군
20170445183,2,2,2,주식회사 대한엠피에스,식품제조가공업,충청북도,충청북도 음성군
20170445280,1,1,1,(주)미소에프에스,식품제조가공업,충청북도,충청북도 음성군
20170445351,1,1,1,농업회사법인(주)비전프라임,식품제조가공업,충청북도,충청북도 음성군
20170445435,4,4,2,농업회사법인 (주)청정심,식품제조가공업,충청북도,충청북도 음성군
20170447086,3,3,3,대상(주) 단양2공장,식품제조가공업,충청북도,충청북도 단양군
20170449007,1,1,1,향긋한떡,식품제조가공업,충청남도,충청남도 천안시
20170449009,4,4,4,주식회사 대명에프에스,식품제조가공업,충청남도,충청남도 천안시
20170449014,10,5,5,(주)미전코리아,식품제조가공업,경기도,경기도 화성시
20170449016,2,2,2,주식회사빅쭌식품,식품제조가공업,충청남도,충청남도 천안시
20170449017,2,2,2,농업회사법인 하늘아삭 주식회사,식품제조가공업,충청남도,충청남도 천안시
20170449030,20,20,20,주식회사 코스팜,식품제조가공업,충청남도,충청남도 천안시
20170449035,1,1,1,할머니학화호도과자본점,식품제조가공업,충청남도,충청남도 천안시
20170449038,1,1,1,지앤에프,식품제조가공업,충청남도,충청남도 천안시
20170456027,5,5,5,신평농협 전통식품 제조가공센터,식품제조가공업,충청남도,충청남도 당진시
20170456373,1,1,1,농업회사법인상록수더한주식회사,식품제조가공업,충청남도,충청남도 당진시
20170456422,1,1,1,농업회사법인대광농산주식회사,식품제조가공업,충청남도,충청남도 당진시
20170456426,1,1,1,주)행성푸드시스템,식품제조가공업,충청남도,충청남도 당진시
20170456604,1,1,1,떡하지,식품제조가공업,충청남도,충청남도 당진시
20170458162,3,3,3,(주)즐미가농업회사법인,식품제조가공업,충청남도,충청남도 공주시
20170459045,1,1,1,(유)다정수산,식품제조가공업,충청남도,충청남도 보령시
20170459061,1,1,1,바다영어조합법인,식품제조가공업,충청남도,충청남도 보령시
20170459240,1,1,1,스테비아 코리아,식품제조가공업,충청남도,충청남도 보령시
20170461011,1,1,1,(주)승진에프앤씨,식품제조가공업,충청남도,충청남도 아산시
20170461315,3,3,3,농업회사법인(주)색동김치,식품제조가공업,충청남도,충청남도 아산시
20170461689,2,2,2,태림푸드,식품제조가공업,충청남도,충청남도 아산시
20170462062,2,2,2,(주)맘마유농업회사법인,식품제조가공업,충청남도,충청남도 아산시
20170463012,1,1,1,고북황토농업회사법인(합),식품제조가공업,충청남도,충청남도 서산시
20170463120,1,1,1,농업회사법인(주)가을식품,식품제조가공업,충청남도,충청남도 서산시
20170463241,1,1,1,꿈에서본들,식품제조가공업,충청남도,충청남도 서산시
20170463251,4,4,4,주식회사 타라,식품제조가공업,충청남도,충청남도 서산시
20170463402,5,5,5,서산시농산물공동가공센터,식품제조가공업,충청남도,충청남도 서산시
20170464221,2,2,2,상월고구마두레영농조합법인,식품제조가공업,충청남도,충청남도 논산시
20170464302,4,4,4,동심주)농업회사법인,식품제조가공업,충청남도,충청남도 논산시
20170464326,2,2,1,농업회사법인(주)가온길,식품제조가공업,충청남도,충청남도 논산시
20170466057,2,2,2,유성푸드,식품제조가공업,충청남도,충청남도 계룡시
20170466118,1,1,1,레드락 주식회사,식품제조가공업,충청남도,충청남도 계룡시
20170467019,1,1,1,농업회사법인주식회사축복의열매,식품제조가공업,충청남도,충청남도 금산군
20170467025,3,3,3,(주)태솔에프앤비,식품제조가공업,충청남도,충청남도 금산군
20170467026,3,3,3,대한홍삼 주식회사,식품제조가공업,충청남도,충청남도 금산군
20170467028,5,5,4,농업회사법인 주식회사 예람네이처,식품제조가공업,충청남도,충청남도 금산군
20170467163,1,1,1,유한고려인삼,식품제조가공업,충청남도,충청남도 금산군
20170467195,2,2,2,농업회사법인(주)주안푸드,식품제조가공업,충청남도,충청남도 금산군
20170470008,4,4,4,밤뜨래영농조합법인 2공장,식품제조가공업,충청남도,충청남도 부여군
20170470139,1,1,1,연뜰애,식품제조가공업,충청남도,충청남도 부여군
20170470142,1,1,1,산너울장터,식품제조가공업,충청남도,충청남도 부여군
20170470199,4,4,4,부여군 농산물 공동가공센터,식품제조가공업,충청남도,충청남도 부여군
20170471117,1,1,1,농업회사법인 한산모시식품(주),식품제조가공업,충청남도,충청남도 서천군
20170471228,2,2,2,주식회사 해성푸드텍 제2공장,식품제조가공업,충청남도,충청남도 서천군
20170472027,2,2,2,선한이웃 영농조합법인(선한제빵소),식품제조가공업,충청남도,충청남도 청양군
20170472043,1,1,1,농업회사법인 (주)동방,식품제조가공업,충청남도,충청남도 청양군
20170473240,1,1,1,홍주골 전통식품,식품제조가공업,충청남도,충청남도 홍성군
20170473251,1,1,1,조운정미영농조합법인,식품제조가공업,충청남도,충청남도 홍성군
20170473330,1,1,1,광천삼송식품,식품제조가공업,충청남도,충청남도 홍성군
20170474063,12,12,12,대원헬스케어주식회사2공장,식품제조가공업,충청남도,충청남도 예산군
20170474137,2,2,2,옛농팜 영농조합법인,식품제조가공업,충청남도,충청남도 예산군
20170474140,2,2,2,뜰방네,식품제조가공업,충청남도,충청남도 예산군
20170475055,5,5,5,방포수산영어조합법인,식품제조가공업,충청남도,충청남도 태안군
20170475107,2,2,1,태안농산영농조합법인,식품제조가공업,충청남도,충청남도 태안군
20170478198,4,2,2,주식회사비엔지삶,식품제조가공업,전북특별자치도,전북특별자치도 전주시
20170481008,1,1,1,푸드청,식품소분업,전북특별자치도,전북특별자치도 전주시
20170481121,4,4,4,(재)전주푸드통합지원센터,식품제조가공업,전북특별자치도,전북특별자치도 전주시
20170481165,1,1,1,농업회사법인자연애유한회사,식품제조가공업,전북특별자치도,전북특별자치도 전주시
20170481245,1,1,1,전주푸드가공식품협동조합,식품제조가공업,전북특별자치도,전북특별자치도 전주시
20170481385,2,2,2,(주)전주수산,식품제조가공업,전북특별자치도,전북특별자치도 전주시
20170481435,6,6,6,유한회사 씨엠에프엔비,식품제조가공업,전북특별자치도,전북특별자치도 전주시
20170481443,2,2,2,남해수산유통,식품제조가공업,전북특별자치도,전북특별자치도 전주시
20170481704,1,1,1,승일떡집우아점,식품제조가공업,전북특별자치도,전북특별자치도 전주시
20170481731,1,1,1,주식회사강동오케익2공장,식품제조가공업,전북특별자치도,전북특별자치도 전주시
20170481830,3,3,3,전주초코파이주식회사,식품제조가공업,전북특별자치도,전북특별자치도 전주시
20170484003,2,2,2,벧엘주식회사,식품제조가공업,전북특별자치도,전북특별자치도 군산시
20170484004,2,2,2,수경F.F,식품제조가공업,전북특별자치도,전북특별자치도 군산시
20170484099,6,6,5,(유)엘케이씨푸드,식품제조가공업,전북특별자치도,전북특별자치도 군산시
20170484100,3,3,2,선유팔경식품,식품제조가공업,전북특별자치도,전북특별자치도 군산시
20170484542,4,4,4,(주)진성식품,식품제조가공업,전북특별자치도,전북특별자치도 군산시
20170484579,1,1,1,어업회사법인 해맑은수산식품주식회사,식품제조가공업,전북특별자치도,전북특별자치도 군산시
20170484722,3,3,3,(주)화우당,식품제조가공업,전북특별자치도,전북특별자치도 군산시
20170484836,1,1,1,우리영농조합법인가공센터,식품제조가공업,전북특별자치도,전북특별자치도 군산시
20170487024,6,6,6,(주)팜조아농업회사법인,식품제조가공업,전북특별자치도,전북특별자치도 익산시
20170487094,1,1,1,한국식품산업클러스터진흥원 파일럿플랜트,식품제조가공업,전북특별자치도,전북특별자치도 익산시
20170487377,1,1,1,정성담음(익산지역자활센터),식품제조가공업,전북특별자치도,전북특별자치도 익산시
20170487470,3,3,3,주식회사 비티씨 익산공장,식품제조가공업,전북특별자치도,전북특별자치도 익산시
20170487504,2,1,1,(주)힘찬걸음,식품제조가공업,경기도,경기도 파주시
20170487625,2,1,1,(주)핀컴퍼니,식품제조가공업,전북특별자치도,전북특별자치도 익산시
20170487627,1,1,1,비거트유산균(주),식품제조가공업,전북특별자치도,전북특별자치도 익산시
20170487678,5,5,4,(유)제이케이푸드,식품제조가공업,전북특별자치도,전북특별자치도 익산시
20170487768,2,2,1,농업회사법인 주식회사 그린로드,식품제조가공업,전북특별자치도,전북특별자치도 익산시
20170487795,8,8,4,농업회사법인 유한회사 굿푸드,식품제조가공업,전북특별자치도,전북특별자치도 익산시
20170490171,11,11,11,(주)두손푸드 칠보지점,식품제조가공업,전북특별자치도,전북특별자치도 정읍시
20170490180,1,1,1,유창푸드,식품제조가공업,전북특별자치도,전북특별자치도 정읍시
20170490254,1,1,1,우원푸드 농업회사법인(주),식품제조가공업,전북특별자치도,전북특별자치도 정읍시
20170490362,2,2,1,마이코 인터내셔널(방아다리),식품제조가공업,전북특별자치도,전북특별자치도 정읍시
20170492005,1,1,1,지리산새영농조합법인,식품제조가공업,전북특별자치도,전북특별자치도 남원시
20170492149,1,1,1,남원김부각 협동조합,식품제조가공업,전북특별자치도,전북특별자치도 남원시
20170493034,4,4,4,농업회사법인힘찬농원유한회사,식품제조가공업,전북특별자치도,전북특별자치도 김제시
20170493186,2,2,2,베이커리이음,식품제조가공업,전북특별자치도,전북특별자치도 김제시
20170494010,6,6,5,완주로컬푸드과실생산자협동조합,식품제조가공업,전북특별자치도,전북특별자치도 완주군
20170494145,2,2,2,엠케이푸드,식품제조가공업,전북특별자치도,전북특별자치도 완주군
20170495006,1,1,1,농업회사법인 주식회사 고원식품,식품제조가공업,전북특별자치도,전북특별자치도 진안군
20170495031,2,2,2,진안당 영농조합법인,식품제조가공업,전북특별자치도,전북특별자치도 진안군
20170495039,1,1,1,농업회사법인 훈푸드 유한회사,식품제조가공업,전북특별자치도,전북특별자치도 진안군
20170495050,1,1,1,영농조합법인 무릉,식품제조가공업,전북특별자치도,전북특별자치도 진안군
20170495095,1,1,1,마이산홍벵이,식품제조가공업,전북특별자치도,전북특별자치도 진안군
20170497002,2,2,2,농업회사법인 하오마을 유한회사,식품제조가공업,전북특별자치도,전북특별자치도 장수군
20170497009,1,1,1,농업회사법인(유)자연주의숨,식품제조가공업,전북특별자치도,전북특별자치도 장수군
20170497011,1,1,1,참조은,식품제조가공업,전북특별자치도,전북특별자치도 장수군
20170497031,12,12,11,동방제유 주식회사,식품제조가공업,전북특별자치도,전북특별자치도 장수군
20170497063,1,1,1,퍼스트 애플,식품제조가공업,전북특별자치도,전북특별자치도 장수군
20170497073,2,2,2,어업회사법인 웰빙수산(주),식품제조가공업,전북특별자치도,전북특별자치도 장수군
20170499002,2,2,2,농업회사법인유한회사 유기지기,식품제조가공업,전북특별자치도,전북특별자치도 순창군
20170500012,3,3,3,고창청정고구마가공식품주식회사,식품제조가공업,전북특별자치도,전북특별자치도 고창군
20170500083,1,1,1,영농조합법인아침이슬,식품제조가공업,전북특별자치도,전북특별자치도 고창군
20170500101,3,3,3,오베이골농원,식품제조가공업,전북특별자치도,전북특별자치도 고창군
20170501119,4,4,4,바람직한 농부,식품제조가공업,전북특별자치도,전북특별자치도 부안군
20170503781,2,2,1,유한회사 청해에스앤에프,식품제조가공업,전남광주통합특별시,전남광주통합특별시 목포시
20170506051,2,2,2,주식회사 유명,식품제조가공업,전남광주통합특별시,전남광주통합특별시 여수시
20170506338,2,2,2,MG돌산푸드,식품제조가공업,전남광주통합특별시,전남광주통합특별시 여수시
20170506617,1,1,1,젓갈나라 하정푸드,식품제조가공업,전남광주통합특별시,전남광주통합특별시 여수시
20170506856,2,2,2,농업회사법인 식객갓김치(주),식품제조가공업,전남광주통합특별시,전남광주통합특별시 여수시
20170509279,2,2,2,에스씨앤디바이오주식회사,식품제조가공업,전남광주통합특별시,전남광주통합특별시 순천시
20170509560,2,2,2,순천만더드림 영농조합법인,식품제조가공업,전남광주통합특별시,전남광주통합특별시 순천시
20170509588,1,1,1,반디,식품제조가공업,전남광주통합특별시,전남광주통합특별시 순천시
20170509692,1,1,1,농업회사법인 순천엔매실(주),식품제조가공업,전남광주통합특별시,전남광주통합특별시 순천시
20170509887,8,8,8,순천시농산물가공센터 영농조합법인,식품제조가공업,전남광주통합특별시,전남광주통합특별시 순천시
20170510000,1,1,1,한스컴퍼니,식품제조가공업,전남광주통합특별시,전남광주통합특별시 순천시
20170512121,1,1,1,농업회사법인(주)골든힐,식품소분업,전남광주통합특별시,전남광주통합특별시 나주시
20170512250,2,1,1,주식회사 다고,식품제조가공업,전남광주통합특별시,전남광주통합특별시 나주시
20170512266,1,1,1,농업회사법인(주)토종스토리,식품제조가공업,전남광주통합특별시,전남광주통합특별시 나주시
20170512269,3,3,3,레인보우팜(주)농업회사법인,식품제조가공업,전남광주통합특별시,전남광주통합특별시 나주시
20170512504,1,1,1,농업회사법인(주)파란나무새,식품제조가공업,전남광주통합특별시,전남광주통합특별시 나주시
20170512515,1,1,1,주식회사 세강식품,식품제조가공업,전남광주통합특별시,전남광주통합특별시 나주시
20170513043,1,1,1,농업회사법인(주)광양매화빵,식품제조가공업,전남광주통합특별시,전남광주통합특별시 광양시
20170513275,1,1,1,주식회사 네이처프럼,식품제조가공업,전남광주통합특별시,전남광주통합특별시 광양시
20170513325,1,1,1,광양빵,식품제조가공업,전남광주통합특별시,전남광주통합특별시 광양시
20170513447,2,2,2,달보름2호점,식품제조가공업,전남광주통합특별시,전남광주통합특별시 광양시
20170513495,2,2,2,(주)씨앤씨푸드빌,식품제조가공업,전남광주통합특별시,전남광주통합특별시 광양시
20170515124,1,1,1,담길농업회사법인 주식회사,식품제조가공업,전남광주통합특별시,전남광주통합특별시 담양군
20170515136,4,2,1,농업회사법인(주)푸드파파F&B,식품제조가공업,전남광주통합특별시,전남광주통합특별시 담양군
20170515180,1,1,1,수정한과,식품제조가공업,전남광주통합특별시,전남광주통합특별시 담양군
20170517069,7,7,4,구례식품,식품제조가공업,전남광주통합특별시,전남광주통합특별시 구례군
20170518038,1,1,1,참샘 유한회사,식품제조가공업,전남광주통합특별시,전남광주통합특별시 고흥군
20170518067,2,2,2,유한회사 모든에스에프에스,식품제조가공업,전남광주통합특별시,전남광주통합특별시 고흥군
20170518136,1,1,1,어업회사법인 주식회사열림푸드,식품제조가공업,전남광주통합특별시,전남광주통합특별시 고흥군
20170519005,1,1,1,농업회사법인(주)서호식품,식품제조가공업,전남광주통합특별시,전남광주통합특별시 보성군
20170519011,1,1,1,농업회사법인유한회사 성우,식품제조가공업,전남광주통합특별시,전남광주통합특별시 보성군
20170520001,4,4,4,힐링푸드농업회사법인 주식회사,식품제조가공업,전남광주통합특별시,전남광주통합특별시 화순군
20170520009,1,1,1,(주)덕담골얼쑤농업회사법인,식품제조가공업,전남광주통합특별시,전남광주통합특별시 화순군
20170520023,10,10,10,주식회사 상상바이오,식품제조가공업,전남광주통합특별시,전남광주통합특별시 화순군
20170520069,1,1,1,주식회사 한창,식품제조가공업,전남광주통합특별시,전남광주통합특별시 화순군
20170521099,2,2,2,정남진장흥매생이(주),식품제조가공업,전남광주통합특별시,전남광주통합특별시 장흥군
20170523009,6,6,4,땅끝파랑새유통,식품제조가공업,전남광주통합특별시,전남광주통합특별시 해남군
20170523091,1,1,1,해남밤호박(주),식품제조가공업,전남광주통합특별시,전남광주통합특별시 해남군
20170523097,1,1,1,해밀영농조합법인(해남해밀팜),식품제조가공업,전남광주통합특별시,전남광주통합특별시 해남군
20170523111,1,1,1,농업회사법인 진스바이오 주식회사,식품제조가공업,전남광주통합특별시,전남광주통합특별시 해남군
20170523114,2,2,1,성장영농조합법인,식품제조가공업,전남광주통합특별시,전남광주통합특별시 해남군
20170523132,1,1,1,영농조합법인 해남녹색유통,식품제조가공업,전남광주통합특별시,전남광주통합특별시 해남군
20170523146,1,1,1,해남군장애인직업재활시설,식품제조가공업,전남광주통합특별시,전남광주통합특별시 해남군
20170524127,1,1,1,민물장어양식수산업협동조합전국영암직매장,즉석판매제조가공업,전남광주통합특별시,전남광주통합특별시 영암군
20170525026,1,1,1,진88식품,식품제조가공업,전남광주통합특별시,전남광주통합특별시 무안군
20170525038,1,1,1,농업회사법인 무안황토고구마 주식회사,식품제조가공업,전남광주통합특별시,전남광주통합특별시 무안군
20170525117,2,2,2,더나음 협동조합,식품제조가공업,전남광주통합특별시,전남광주통합특별시 무안군
20170525189,3,3,3,등대유기영농조합법인,식품제조가공업,전남광주통합특별시,전남광주통합특별시 무안군
20170525197,2,2,2,(주)비씨에이치푸드,식품제조가공업,전남광주통합특별시,전남광주통합특별시 무안군
20170525234,1,1,1,자람푸드 농업회사법인주식회사,식품제조가공업,전남광주통합특별시,전남광주통합특별시 무안군
20170525300,6,6,6,(주)에프엔디,식품제조가공업,전남광주통합특별시,전남광주통합특별시 무안군
20170525304,2,2,2,농업회사법인(주)행복한밥상,식품제조가공업,전남광주통합특별시,전남광주통합특별시 무안군
20170526001,1,1,1,농업회사법인 녹색벌꿀(주),식품제조가공업,전남광주통합특별시,전남광주통합특별시 함평군
20170526009,1,1,1,맛나푸드 주식회사,식품제조가공업,전남광주통합특별시,전남광주통합특별시 함평군
20170526053,4,4,4,농업회사법인 이와이엔 주식회사,식품제조가공업,전남광주통합특별시,전남광주통합특별시 함평군
20170527042,1,1,1,(주)해송수산,식품제조가공업,전남광주통합특별시,전남광주통합특별시 영광군
20170527063,1,1,1,주식회사 다미원씨푸드,식품제조가공업,전남광주통합특별시,전남광주통합특별시 영광군
20170527065,6,6,6,굴비다움,식품제조가공업,전남광주통합특별시,전남광주통합특별시 영광군
20170527066,2,2,2,영광굴비협동조합,식품제조가공업,전남광주통합특별시,전남광주통합특별시 영광군
20170528015,2,2,2,주식회사 연어이야기,식품제조가공업,전남광주통합특별시,전남광주통합특별시 장성군
20170528066,6,3,3,농업회사법인 유한회사 방애실,식품제조가공업,전남광주통합특별시,전남광주통합특별시 북구
20170528116,1,1,1,농업회사법인 미건주식회사,식품제조가공업,전남광주통합특별시,전남광주통합특별시 장성군
20170528127,3,3,3,(주)참든건강과학 농업회사법인,식품제조가공업,전남광주통합특별시,전남광주통합특별시 장성군
20170528132,6,3,3,구이푸드,식품제조가공업,전남광주통합특별시,전남광주통합특별시 광산구
20170528136,2,2,2,안평자연식품,식품제조가공업,전남광주통합특별시,전남광주통합특별시 장성군
20170529011,1,1,1,바다채움,식품제조가공업,전남광주통합특별시,전남광주통합특별시 완도군
20170531004,1,1,1,신안 자은 청푸름식품,식품제조가공업,전남광주통합특별시,전남광주통합특별시 신안군
20170531069,1,1,1,신안건정영어조합,식품제조가공업,전남광주통합특별시,전남광주통합특별시 신안군
20170533002,1,1,1,농업회사법인 포항노다지마을(주),식품제조가공업,경상북도,경상북도 포항시
20170533020,1,1,1,댓끼리푸드,식품제조가공업,경상북도,경상북도 포항시
20170533027,3,3,3,(주)이노프레시,식품제조가공업,경상북도,경상북도 포항시
20170533036,2,2,1,기북산또래과수영농조합법인,식품제조가공업,경상북도,경상북도 포항시
20170533043,2,2,2,주식회사 한얼물산,식품제조가공업,경상북도,경상북도 포항시
20170533065,1,1,1,어업회사법인 원당푸드(주),식품제조가공업,경상북도,경상북도 포항시
20170533088,1,1,1,농업회사법인 해피데이푸드 주식회사,식품제조가공업,경상북도,경상북도 포항시
20170533102,2,2,2,보성수산(천수과메기),식품제조가공업,경상북도,경상북도 포항시
20170533113,2,2,2,용화수산,식품제조가공업,경상북도,경상북도 포항시
20170533121,2,2,2,양포어장,식품제조가공업,경상북도,경상북도 포항시
20170533143,1,1,1,(주)자연스레 포항꼬아메기빵,식품제조가공업,경상북도,경상북도 포항시
20170538443,2,2,2,농업회사법인 자이안트팜농장유한회사,식품제조가공업,경상북도,경상북도 경주시
20170538493,4,4,4,효은식품 주식회사,식품제조가공업,경상북도,경상북도 경주시
20170538583,2,2,1,서가 도라지정과,식품제조가공업,경상북도,경상북도 경주시
20170541457,4,4,4,(주)본델코리아,식품제조가공업,경상북도,경상북도 김천시
20170543017,2,2,2,동안동농협프레시푸드센터,식품제조가공업,경상북도,경상북도 안동시
20170543088,1,1,1,(주)태산물산,식품제조가공업,경상북도,경상북도 안동시
20170543471,1,1,1,농정식품,식품제조가공업,경상북도,경상북도 안동시
20170543561,1,1,1,안동종가문화원(주)농업회사법인,식품제조가공업,경상북도,경상북도 안동시
20170543583,4,4,4,더옥,식품제조가공업,경상북도,경상북도 안동시
20170548037,4,4,4,주식회사세동푸드,식품제조가공업,경상북도,경상북도 구미시
20170548464,2,2,2,대상(주)구미공장,식품제조가공업,경상북도,경상북도 구미시
20170548614,1,1,1,주식회사해미래,식품제조가공업,경상북도,경상북도 구미시
20170549035,1,1,1,주식회사키큰아이,식품제조가공업,경상북도,경상북도 구미시
20170554066,2,2,2,(주)리치바이오,식품제조가공업,경상북도,경상북도 영주시
20170554197,2,2,2,보승인삼사,식품제조가공업,경상북도,경상북도 영주시
20170554208,2,2,2,365푸드앤팜,식품제조가공업,경상북도,경상북도 영주시
20170554220,2,2,2,바른식품,식품제조가공업,경상북도,경상북도 영주시
20170555056,1,1,1,농업회사법인(주)세찬,식품제조가공업,경상북도,경상북도 영천시
20170555081,3,3,3,주식회사 담따프레시,식품제조가공업,경상북도,경상북도 영천시
20170555119,3,3,3,농업회사법인 (주)어니스트파머,식품제조가공업,경상북도,경상북도 영천시
20170555192,2,2,2,크라운식품,식품제조가공업,경상북도,경상북도 영천시
20170555195,6,6,6,농업회사법인(주)동서웰빙(도동공장),식품제조가공업,경상북도,경상북도 영천시
20170555352,7,7,7,농업회사법인(주)동의보굼,식품제조가공업,경상북도,경상북도 영천시
20170558016,1,1,1,문경옥녀봉농원,식품제조가공업,경상북도,경상북도 문경시
20170558222,1,1,1,뻥그레,식품제조가공업,경상북도,경상북도 문경시
20170558256,3,3,3,큰들농업회사법인주식회사,식품제조가공업,경상북도,경상북도 문경시
20170558280,2,2,1,점촌농협 식품가공사업소,식품제조가공업,경상북도,경상북도 문경시
20170560236,1,1,1,대교농산,식품제조가공업,경상북도,경상북도 경산시
20170560645,2,2,2,다현에프앤비(F&B),식품제조가공업,경상북도,경상북도 경산시
20170560798,2,1,1,(주)예몽,식품제조가공업,대구광역시,대구광역시 군위군
20170563060,3,3,3,삼오종합식품(주) 의성공장,식품제조가공업,경상북도,경상북도 의성군
20170564050,1,1,1,내고향사과쥬스,식품제조가공업,경상북도,경상북도 청송군
20170566025,2,2,2,(주)어부친구,식품제조가공업,경상북도,경상북도 영덕군
20170566070,1,1,1,(주) 오사랑어업회사법인,식품제조가공업,경상북도,경상북도 영덕군
20170567017,1,1,1,농업회사법인 주식회사 네이처팜(본사),식품제조가공업,경상북도,경상북도 청도군
20170567144,2,1,2,청그린(Green)식품,식품제조가공업,경상북도,경상북도 청도군
20170568011,4,4,4,천일에스에프,식품제조가공업,경상북도,경상북도 고령군
20170568014,2,1,1,주식회사 헬리빈,식품제조가공업,대구광역시,대구광역시 달성군
20170570085,1,1,1,(주)더채움,식품제조가공업,경상북도,경상북도 칠곡군
20170570199,1,1,1,(주)애태타,식품제조가공업,경상북도,경상북도 칠곡군
20170570217,1,1,1,취무수산,식품제조가공업,경상북도,경상북도 칠곡군
20170570436,3,3,3,주식회사 행복식품,식품제조가공업,경상북도,경상북도 칠곡군
20170571020,1,1,1,농업회사법인 주식회사 해트리푸드,식품제조가공업,경상북도,경상북도 예천군
20170571023,5,5,5,농부창고,식품제조가공업,경상북도,경상북도 예천군
20170571059,1,1,1,시골이야기푸드,식품제조가공업,경상북도,경상북도 예천군
20170573051,3,3,3,디유푸드(주),식품제조가공업,경상북도,경상북도 울진군
20170589327,3,3,3,농업회사법인 클로브 주식회사,식품제조가공업,경상남도,경상남도 창원시
20170595032,2,2,2,길따라,식품제조가공업,경상남도,경상남도 창원시
20170595526,3,3,3,에프앤에프식품(주),식품제조가공업,경상남도,경상남도 창원시
20170599169,1,1,1,해진식품,식품제조가공업,경상남도,경상남도 창원시
20170601642,3,3,3,주식회사 에코비오스,식품제조가공업,경상남도,경상남도 진주시
20170602227,2,2,2,(주)참진정,식품제조가공업,경상남도,경상남도 진주시
20170604052,2,2,2,통영오션푸드주식회사,식품제조가공업,경상남도,경상남도 통영시
20170604241,1,1,1,삼환수산식품,식품제조가공업,경상남도,경상남도 통영시
20170606446,1,1,1,(주)우리원식품,식품제조가공업,경상남도,경상남도 사천시
20170606476,3,3,3,사천어패류협동조합,식품제조가공업,경상남도,경상남도 사천시
20170607069,4,4,2,(주)원푸드림 주촌지점,식품제조가공업,경상남도,경상남도 김해시
20170607213,2,2,2,주)카라식품,식품제조가공업,경상남도,경상남도 김해시
20170607926,1,1,1,초림단지묵,식품소분업,경상남도,경상남도 김해시
20170608004,1,1,1,로얄바케리(ROYAL BAKERY),식품제조가공업,경상남도,경상남도 김해시
20170611162,1,1,1,얼음골사과,식품제조가공업,경상남도,경상남도 밀양시
20170611184,1,1,1,대흥농원,식품제조가공업,경상남도,경상남도 밀양시
20170614111,16,16,15,(주)엔트리,식품제조가공업,경상남도,경상남도 양산시
20170614705,1,1,1,금강식품,식품제조가공업,경상남도,경상남도 양산시
20170614765,6,6,5,(주)더굿,식품제조가공업,경상남도,경상남도 양산시
20170615264,1,1,1,그린밀베이커리,식품제조가공업,경상남도,경상남도 양산시
20170616011,1,1,1,주식회사 다인경주빵,식품제조가공업,경상남도,경상남도 의령군
20170616077,1,1,1,대의오서방의령망개떡,식품제조가공업,경상남도,경상남도 의령군
20170617190,7,7,6,(주)한국에이요 군북공장,식품제조가공업,경상남도,경상남도 함안군
20170618009,2,2,2,윤진에프엔에스,식품제조가공업,경상남도,경상남도 창녕군
20170618133,1,1,1,정성듬뿍시골고추,식품제조가공업,경상남도,경상남도 창녕군
20170618174,2,2,2,천안제과,식품제조가공업,경상남도,경상남도 창녕군
20170618182,1,1,1,영산할머니강정,식품제조가공업,경상남도,경상남도 창녕군
20170619020,1,1,1,농업회사법인 꾸지팜(주),식품제조가공업,경상남도,경상남도 고성군
20170619090,2,2,1,한울영농조합법인,식품제조가공업,경상남도,경상남도 고성군
20170619184,1,1,1,새고성농협 쌀종합가공센터,식품제조가공업,경상남도,경상남도 고성군
20170621022,1,1,1,대남농원,식품제조가공업,경상남도,경상남도 하동군
20170622005,2,2,2,농업회사법인 산청한방자연식품,식품제조가공업,경상남도,경상남도 산청군
20170622056,1,1,1,다혜농원,식품제조가공업,경상남도,경상남도 산청군
20170622069,1,1,1,지리산청정골우렁이(우렁총각),식품제조가공업,경상남도,경상남도 산청군
20170622132,1,1,1,(주)대교산청(하)휴게소 브라더 꽈배기,즉석판매제조가공업,경상남도,경상남도 산청군
20170622133,1,1,1,(주)대교산청(상)휴게소 브라더 꽈배기,즉석판매제조가공업,경상남도,경상남도 산청군
20170623088,1,1,1,주식회사 수경,식품제조가공업,경상남도,경상남도 함양군
20170623104,1,1,1,함양농협3,식품제조가공업,경상남도,경상남도 함양군
20170624086,3,3,3,거창농민가공협동조합,식품제조가공업,경상남도,경상남도 거창군
20170624144,2,2,2,주식회사지에프에스,식품제조가공업,경상남도,경상남도 거창군
20170625101,5,5,5,합천군 농산물가공센터(용주),식품제조가공업,경상남도,경상남도 합천군
20170627012,2,2,2,제주마미,식품제조가공업,제주특별자치도,제주특별자치도 제주시
20170627116,1,1,1,농업회사법인(주)제주원푸드,식품제조가공업,제주특별자치도,제주특별자치도 제주시
20170627176,1,1,1,올레하르방,식품제조가공업,제주특별자치도,제주특별자치도 제주시
20170627733,2,2,2,어업회사법인(주)추자도오름수산,식품제조가공업,제주특별자치도,제주특별자치도 제주시
20170627841,1,1,1,주식회사탐모앙2,식품제조가공업,제주특별자치도,제주특별자치도 제주시
20170627866,1,1,1,이맘주식회사,식품제조가공업,제주특별자치도,제주특별자치도 제주시
20170628095,1,1,1,그루터기,식품제조가공업,제주특별자치도,제주특별자치도 제주시
20170628372,3,3,3,(주)큰섬농업회사법인,식품제조가공업,제주특별자치도,제주특별자치도 제주시
20170628630,3,3,3,(주)진산비버리지,식품제조가공업,제주특별자치도,제주특별자치도 제주시
20170628659,5,5,5,오라향농업회사법인주식회사,식품제조가공업,제주특별자치도,제주특별자치도 제주시
20170628683,1,1,1,제주만석상점농업회사법인주식회사,식품제조가공업,제주특별자치도,제주특별자치도 제주시
20170628999,2,2,1,농업회사법인 주식회사 캔디원,식품제조가공업,제주특별자치도,제주특별자치도 제주시
20170629201,1,1,1,주식회사 제라헌,식품제조가공업,제주특별자치도,제주특별자치도 제주시
20170629247,1,1,1,마들렌제주,식품제조가공업,제주특별자치도,제주특별자치도 제주시
20170631010,3,3,3,제주삼보식품,식품제조가공업,제주특별자치도,제주특별자치도 서귀포시
20170631095,1,1,1,농업회사법인 청현 주식회사,식품제조가공업,제주특별자치도,제주특별자치도 서귀포시
20170631896,6,6,5,어업회사법인 주식회사 씨그린 제주,식품제조가공업,제주특별자치도,제주특별자치도 서귀포시
20170632059,2,2,2,농업회사법인생명나무주식회사,식품제조가공업,제주특별자치도,제주특별자치도 서귀포시
20170633550,1,1,1,(주)해주식품,식품제조가공업,경기도,경기도 부천시
20170634016,1,1,1,(주)드림온푸드,식품제조가공업,경기도,경기도 부천시
20170635182,2,2,2,(주)서해식품,식품제조가공업,경기도,경기도 부천시
20170635210,1,1,1,크리스피크림부천커미서리,식품제조가공업,경기도,경기도 부천시
20170635259,2,2,2,(주)마포식품,식품제조가공업,경기도,경기도 부천시
20172780752,1,1,1,아리랑브루어리주식회사,식품제조가공업(주류),강원특별자치도,강원특별자치도 정선군
20172860145,3,3,3,주식회사 한울앤제주,식품제조가공업(주류),제주특별자치도,제주특별자치도 제주시
20172880169,6,6,6,롯데칠성음료 주식회사 충주2공장,식품제조가공업(주류),충청북도,충청북도 충주시
20180003317,1,1,1,주식회사 지평주조,식품제조가공업(주류),강원특별자치도,강원특별자치도 춘천시
20180003454,1,1,1,(주)카브루,식품제조가공업(주류),,
20180006576,2,2,2,연대리영농조합법인,식품제조가공업(주류),경기도,경기도 여주시
20180008017,1,1,1,주식회사 대구불로탁주,식품제조가공업(주류),경상북도,경상북도 청도군
20180012342,1,1,1,비랭이마을 영농조합법인,식품제조가공업(주류),충청남도,충청남도 부여군
20180033378,1,1,1,주식회사 타르틴코리아,식품제조가공업,서울특별시,서울특별시 용산구
20180033601,2,1,1,플로어칠주식회사제면소,식품제조가공업,경기도,경기도 고양시
20180036222,1,1,1,젤라또팩토리,식품제조가공업,서울특별시,서울특별시 성동구
20180036284,1,1,1,주식회사 만두보국,식품제조가공업,서울특별시,서울특별시 성동구
20180036546,1,1,1,황제식품,식품제조가공업,서울특별시,서울특별시 성동구
20180036831,2,1,1,주식회사 제이씨푸드빌,식품제조가공업,서울특별시,서울특별시 성동구
20180036903,3,3,3,주식회사 얌테이블 서울,식품제조가공업,서울특별시,서울특별시 성동구
20180036983,8,4,4,에스에프씨랩,식품제조가공업,경기도,경기도 시흥시
20180037041,12,6,5,(주)팜투팜2공장,식품제조가공업,충청남도,충청남도 천안시
20180040215,4,2,2,마고,식품제조가공업,서울특별시,서울특별시 광진구
20180042370,6,6,6,유한네이처,식품제조가공업,서울특별시,서울특별시 동대문구
20180042556,6,3,3,주식회사 올진바이오,식품제조가공업,경기도,경기도 양주시
20180046176,1,1,1,부흥유통,집단급식소 식품판매업,서울특별시,서울특별시 중랑구
20180050221,2,2,2,행복도시락 사회적협동조합(하랑푸드),식품제조가공업,서울특별시,서울특별시 성북구
20180063252,2,1,1,콩고물 떡집,식품제조가공업,서울특별시,서울특별시 서대문구
20180067024,4,2,1,주식회사 더베이스코리아,식품제조가공업,서울특별시,서울특별시 서대문구
20180067067,2,2,2,(주)무진,식품제조가공업,서울특별시,서울특별시 서대문구
20180069387,1,1,1,그릭 스튜디오,식품제조가공업,서울특별시,서울특별시 마포구
20180076335,1,1,1,헷지허그딜레마,식품제조가공업,서울특별시,서울특별시 강서구
20180080391,1,1,1,한양식품 제2공장,식품제조가공업,서울특별시,서울특별시 구로구
20180084514,3,3,3,마망갸또 2공장,식품제조가공업,서울특별시,서울특별시 금천구
20180084556,1,1,1,호아푸드,식품제조가공업,서울특별시,서울특별시 금천구
20180087388,1,1,1,스파이더캔디(주),식품제조가공업,서울특별시,서울특별시 영등포구
20180091468,1,1,1,바이킹수산,식품제조가공업,서울특별시,서울특별시 동작구
20180094273,4,2,2,설공,식품제조가공업,서울특별시,서울특별시 구로구
20180100208,4,2,2,나폴레옹 과자점,식품제조가공업,서울특별시,서울특별시 서초구
20180105161,2,2,2,메이플델리,식품제조가공업,서울특별시,서울특별시 강남구
20180107034,1,1,1,반푸드,식품제조가공업,서울특별시,서울특별시 강남구
20180107281,6,3,2,(주)퍼플랩스,식품제조가공업,서울특별시,서울특별시 강남구
20180108492,4,2,2,아우어로스팅,식품제조가공업,서울특별시,서울특별시 성동구
20180108768,6,3,3,몬쉘코리아 경기센터,식품제조가공업,경기도,경기도 광주시
20180108790,2,2,2,(주)에잇비돌체,식품제조가공업,서울특별시,서울특별시 강남구
20180108876,1,1,1,나폴레옹베이커리,식품제조가공업,서울특별시,서울특별시 강남구
20180116812,2,2,2,주식회사 얼리키친,식품제조가공업,서울특별시,서울특별시 송파구
20180128004,2,2,2,삼양씨푸드(주)-2,식품제조가공업,부산광역시,부산광역시 서구
20180128172,6,3,3,주식회사 정빈씨푸드,식품제조가공업,부산광역시,부산광역시 서구
20180128294,1,1,1,엔케이수산(주),식품제조가공업,부산광역시,부산광역시 서구
20180131010,2,2,2,신아푸드,식품제조가공업,부산광역시,부산광역시 부산진구
20180131264,2,2,2,정호유통,식품제조가공업,부산광역시,부산광역시 부산진구
20180131612,2,2,2,문가제방,식품제조가공업,부산광역시,부산광역시 부산진구
20180134125,2,1,1,썬번(sunburn),식품제조가공업,부산광역시,부산광역시 금정구
20180134226,2,2,2,신성씨푸드,식품제조가공업,부산광역시,부산광역시 동래구
20180134749,1,1,1,(주)헬씨코,식품제조가공업,부산광역시,부산광역시 동래구
20180137231,4,2,2,(주) 큐하스,식품제조가공업,경상남도,경상남도 양산시
20180137238,8,4,3,(주)휴엔비,식품제조가공업,부산광역시,부산광역시 기장군
20180141281,4,2,2,(주)동주물산,식품제조가공업,부산광역시,부산광역시 해운대구
20180141444,4,2,2,(주)키친보리에,식품제조가공업,부산광역시,부산광역시 해운대구
20180141551,2,2,2,믹스베이커리,식품제조가공업,부산광역시,부산광역시 해운대구
20180144038,4,4,4,(주)세정씨푸드,식품제조가공업,부산광역시,부산광역시 사하구
20180144074,1,1,1,우영수산(주)2공장,식품소분업,부산광역시,부산광역시 사하구
20180144076,2,2,2,우영수산(주)2공장,식품제조가공업,부산광역시,부산광역시 사하구
20180144179,1,1,1,한빛식품,식품제조가공업,부산광역시,부산광역시 사하구
20180144210,2,2,2,와이제이글로벌,식품제조가공업,부산광역시,부산광역시 사하구
20180144292,2,2,2,대오씨푸드,식품제조가공업,부산광역시,부산광역시 사하구
20180144536,3,3,3,(주)팜블리,식품제조가공업,부산광역시,부산광역시 사하구
20180144537,3,3,3,(주)해누리푸드시스템,식품제조가공업,부산광역시,부산광역시 사하구
20180144565,4,4,4,(주)깊은바다,식품제조가공업,부산광역시,부산광역시 사하구
20180144755,1,1,1,해담,식품제조가공업,부산광역시,부산광역시 사하구
20180147022,1,1,1,우영베이커리,식품제조가공업,부산광역시,부산광역시 금정구
20180149025,4,4,4,현이농산 주식회사,식품제조가공업,부산광역시,부산광역시 강서구
20180149038,2,2,2,정원식품,식품제조가공업,부산광역시,부산광역시 강서구
20180149358,5,5,5,(주)젤텍 2공장,식품제조가공업,부산광역시,부산광역시 강서구
20180149383,5,5,5,주식회사 바로푸드,식품제조가공업,부산광역시,부산광역시 강서구
20180149441,1,1,1,농업회사법인 주식회사 구가네식품,식품제조가공업,부산광역시,부산광역시 강서구
20180149462,1,1,1,지디푸드빌,식품제조가공업,부산광역시,부산광역시 강서구
20180149627,1,1,1,주식회사 모두팜,식품제조가공업,부산광역시,부산광역시 강서구
20180154101,4,2,2,함께크는식품협동조합,식품제조가공업,부산광역시,부산광역시 북구
20180154611,1,1,1,카페드하우스,식품제조가공업,부산광역시,부산광역시 사상구
20180156125,1,1,1,푸드부뜨막,식품제조가공업,부산광역시,부산광역시 기장군
20180159257,2,1,1,다윗 식품,식품제조가공업,대구광역시,대구광역시 중구
20180159497,4,2,2,아리감성,식품제조가공업,대구광역시,대구광역시 중구
20180161772,4,2,2,(주)백두에프엠,식품제조가공업,대구광역시,대구광역시 동구
20180161878,2,2,2,(주)뉴밀,식품제조가공업,대구광역시,대구광역시 동구
20180162165,1,1,1,사회적협동조합동행,식품제조가공업,대구광역시,대구광역시 동구
20180162202,2,2,2,(주)라온씨앤비,식품제조가공업,대구광역시,대구광역시 동구
20180162217,1,1,1,삼인당 홍삼제조원,식품제조가공업,대구광역시,대구광역시 동구
20180164036,2,1,1,달콤제작소,식품제조가공업,대구광역시,대구광역시 서구
20180169562,2,1,1,주식회사 순진식품 농업회사법인,식품제조가공업,대구광역시,대구광역시 북구
20180169800,2,2,2,주식회사 제이수산 1공장,식품제조가공업,대구광역시,대구광역시 북구
20180175273,1,1,1,부창식품,식품제조가공업,대구광역시,대구광역시 수성구
20180176169,1,1,1,크리스피크림 대구범어점,식품제조가공업,대구광역시,대구광역시 수성구
20180176187,3,3,3,하루쿠키제작소,식품제조가공업,대구광역시,대구광역시 수성구
20180182056,4,4,4,농업회사법인 주식회사 데이웰즈(지점),식품제조가공업,대구광역시,대구광역시 달서구
20180189034,4,2,2,가창옛날찐빵 본점,식품제조가공업,대구광역시,대구광역시 달성군
20180189388,5,5,4,(주)비락대구공장,식품제조가공업,대구광역시,대구광역시 달성군
20180189525,1,1,1,성진식품,식품제조가공업,대구광역시,대구광역시 달성군
20180189755,3,3,3,태성푸드,식품제조가공업,대구광역시,대구광역시 달성군
20180192286,2,2,2,HC FOOD(에이치씨푸드),식품제조가공업,인천광역시,인천광역시 제물포구
20180192409,1,1,1,게이트고메코리아 유한회사,식품제조가공업,인천광역시,인천광역시 영종구
20180194108,2,2,2,유원종합식품,식품제조가공업,인천광역시,인천광역시 제물포구
20180195236,1,1,1,(주)청아 미추홀점,식품제조가공업,인천광역시,인천광역시 미추홀구
20180195750,2,2,2,야다푸드,식품제조가공업,인천광역시,인천광역시 미추홀구
20180196116,4,2,2,주식회사 태진식품,식품제조가공업,인천광역시,인천광역시 서해구
20180202073,2,2,1,블레스웰빙,식품제조가공업,인천광역시,인천광역시 남동구
20180202500,2,2,2,(주)루다컴퍼니,식품제조가공업,인천광역시,인천광역시 남동구
20180202815,1,1,1,새턴주식회사,식품소분업,인천광역시,인천광역시 남동구
20180203000,2,2,2,(주)태진지엔에스,식품제조가공업,인천광역시,인천광역시 남동구
20180203220,6,6,6,(주)신화엠푸드,식품제조가공업,인천광역시,인천광역시 남동구
20180203270,2,2,2,주식회사마띠아,식품제조가공업,인천광역시,인천광역시 남동구
20180208163,2,2,2,산해수산,식품제조가공업,인천광역시,인천광역시 계양구
20180208219,2,1,1,참나원식품,식품제조가공업,인천광역시,인천광역시 부평구
20180208343,1,1,1,인천계양지역자활센터(카페보나로스팅),식품제조가공업,인천광역시,인천광역시 계양구
20180208688,2,2,1,빵부자,식품제조가공업,인천광역시,인천광역시 계양구
20180211718,3,3,3,농업회사법인 고원김치(주),식품제조가공업,인천광역시,인천광역시 서해구
20180211902,4,2,2,(주)두현수산,식품제조가공업,인천광역시,인천광역시 서해구
20180212258,2,2,2,(주)후레쉬퍼스트,식품제조가공업,인천광역시,인천광역시 서해구
20180212311,2,1,1,인터루드프로젝트 주식회사,식품제조가공업,인천광역시,인천광역시 검단구
20180212558,2,2,2,JD컴퍼니(제이디컴퍼니),식품제조가공업,인천광역시,인천광역시 서해구
20180212638,1,1,1,주식회사 케이제이지푸드,식품제조가공업,인천광역시,인천광역시 서해구
20180212789,1,1,1,선정FOOD(선정푸드),식품제조가공업,인천광역시,인천광역시 서해구
20180214014,2,2,2,예닮베이커리,식품제조가공업,인천광역시,인천광역시 강화군
20180214033,1,1,1,윤스맘홍삼,식품제조가공업,인천광역시,인천광역시 강화군
20180214195,2,2,2,(주)약석원농업회사법인,식품제조가공업,인천광역시,인천광역시 강화군
20180217147,1,1,1,히노아스카(주),식품제조가공업,전남광주통합특별시,전남광주통합특별시 동구
20180217277,15,15,3,햇채원,식품제조가공업,전남광주통합특별시,전남광주통합특별시 동구
20180217491,1,1,1,빵굼터,식품제조가공업,전남광주통합특별시,전남광주통합특별시 동구
20180219321,1,1,1,임미자전통김치,식품제조가공업,전남광주통합특별시,전남광주통합특별시 서구
20180219954,1,1,1,무등산금정촌,식품제조가공업,전남광주통합특별시,전남광주통합특별시 서구
20180222276,1,1,1,빛고을고구마순채영농조합법인,식품제조가공업,전남광주통합특별시,전남광주통합특별시 남구
20180224221,11,11,4,주식회사쿡스탑앤푸드,식품제조가공업,전남광주통합특별시,전남광주통합특별시 북구
20180225207,2,1,1,장수제과,식품제조가공업,전남광주통합특별시,전남광주통합특별시 광산구
20180230083,2,2,2,(주)광주특판데일리,식품제조가공업,전남광주통합특별시,전남광주통합특별시 광산구
20180230291,1,1,1,(주)더하이,식품제조가공업,전남광주통합특별시,전남광주통합특별시 광산구
20180230395,1,1,1,(주)송오당김치,식품제조가공업,전남광주통합특별시,전남광주통합특별시 광산구
20180231148,3,3,3,주식회사플랜트,식품제조가공업,전남광주통합특별시,전남광주통합특별시 광산구
20180231166,1,1,1,감발베이커리,식품제조가공업,전남광주통합특별시,전남광주통합특별시 광산구
20180234038,1,1,1,(주)비룡푸드,식품제조가공업,대전광역시,대전광역시 동구
20180234104,1,1,1,해빚푸드,식품제조가공업,대전광역시,대전광역시 동구
20180234431,2,2,2,주식회사금강푸드,식품제조가공업,대전광역시,대전광역시 동구
20180236296,1,1,1,두두담,식품제조가공업,대전광역시,대전광역시 중구
20180236410,2,1,1,한마당식품,식품제조가공업,대전광역시,대전광역시 중구
20180236595,1,1,1,선화동매운실비김치주식회사,즉석판매제조가공업,대전광역시,대전광역시 중구
20180240111,1,1,1,바른기정떡,식품제조가공업,대전광역시,대전광역시 서구
20180243414,2,1,1,주)에스디푸드,식품제조가공업,경상북도,경상북도 칠곡군
20180243656,3,1,1,제이엠제이 에프앤비,식품제조가공업,충청남도,충청남도 천안시
20180243980,1,1,1,한살림유성푸드통합지원센터,식품제조가공업,대전광역시,대전광역시 유성구
20180244167,1,1,1,서울 프로폴리스(주),식품제조가공업,대전광역시,대전광역시 유성구
20180251656,2,2,1,청아푸드,식품제조가공업,울산광역시,울산광역시 남구
20180260081,3,3,3,꾸버가(주),식품제조가공업,울산광역시,울산광역시 울주군
20180262437,1,1,1,주식회사 예담떡집,식품제조가공업,세종특별자치시,세종특별자치시
20180262510,4,2,2,신비푸드,식품제조가공업,세종특별자치시,세종특별자치시
20180262642,3,3,3,협동조합담음,식품제조가공업,세종특별자치시,세종특별자치시
20180262737,5,5,3,농업회사법인 정성식품 주식회사,식품제조가공업,세종특별자치시,세종특별자치시
20180262749,3,3,3,(주)일미,식품제조가공업,세종특별자치시,세종특별자치시
20180262915,1,1,1,그림의 떡,식품제조가공업,세종특별자치시,세종특별자치시
20180268240,2,1,1,(주)제이케이뉴트라,식품제조가공업,경기도,경기도 화성시
20180268868,1,1,1,우진떡집,식품제조가공업,경기도,경기도 수원시
20180269513,2,2,2,(주)만나푸드,식품제조가공업,경기도,경기도 수원시
20180280019,8,8,7,(주)리치푸드,식품제조가공업,경기도,경기도 성남시
20180280047,2,2,2,(주)팡마니,식품제조가공업,경기도,경기도 성남시
20180280088,1,1,1,(주)씨브이,식품제조가공업,경기도,경기도 성남시
20180280109,2,2,2,주식회사 아임홈 팩토리,식품제조가공업,경기도,경기도 성남시
20180280115,3,3,3,(주)파인테이블,식품제조가공업,경기도,경기도 성남시
20180280127,2,1,1,(주)정동에프앤비,식품제조가공업,경기도,경기도 성남시
20180280131,2,2,2,주식회사 씨홀릭,식품제조가공업,경기도,경기도 성남시
20180280152,2,2,2,(주)마이셰프(성남공장),식품제조가공업,경기도,경기도 성남시
20180280177,2,2,2,(주)타마루에스엠에스3공장,식품제조가공업,경기도,경기도 성남시
20180280232,3,3,2,(주)이앤엘푸드,식품제조가공업,경기도,경기도 성남시
20180280250,4,2,2,하이미엘,식품제조가공업,경기도,경기도 성남시
20180280324,6,6,6,(주)스타럭스,식품제조가공업,경기도,경기도 성남시
20180280328,1,1,1,(주)올투딜리셔스 씨케이 성남지점,식품제조가공업,경기도,경기도 성남시
20180280335,4,4,4,(주)페이퍼플랜 성남공장,식품제조가공업,경기도,경기도 성남시
20180280346,2,2,2,주식회사 아그라푸드,식품제조가공업,경기도,경기도 성남시
20180280352,2,2,2,(주)글로벌얼라이언스코리아,식품제조가공업,경기도,경기도 성남시
20180280364,1,1,1,마카레 협동조합,식품제조가공업,경기도,경기도 성남시
20180290184,2,1,1,신비인터내셔널,식품소분업,경기도,경기도 포천시
20180290774,2,1,1,(주)힐링에프앤비,식품제조가공업,경기도,경기도 포천시
20180293752,2,2,2,주식회사 에드푸드,식품제조가공업,경기도,경기도 안양시
20180299036,3,3,3,(주)진진에프엔비,식품제조가공업,경기도,경기도 부천시
20180299800,4,4,4,형제푸드,식품제조가공업,경기도,경기도 부천시
20180300017,8,2,1,온누리푸드텍,식품제조가공업,인천광역시,인천광역시 서해구
20180300420,2,2,2,주식회사 우리식품,식품제조가공업,경기도,경기도 부천시
20180301337,1,1,1,하늘사랑,식품제조가공업,경기도,경기도 부천시
20180301496,2,2,2,빵굼터협동조합,식품제조가공업,경기도,경기도 부천시
20180301622,1,1,1,반한식품,식품제조가공업,경기도,경기도 부천시
20180321043,2,2,2,농업회사법인(주) 본시,식품제조가공업,경기도,경기도 평택시
20180324025,1,1,1,오늘,식품제조가공업,경기도,경기도 평택시
20180324081,2,2,1,주식회사아인스,식품제조가공업,경기도,경기도 평택시
20180324363,4,4,4,(주)미누스토리,식품제조가공업,경기도,경기도 평택시
20180324373,2,2,2,아써르티 스위트스,식품제조가공업,경기도,경기도 평택시
20180325273,1,1,1,별미식품 도너츠윤,식품제조가공업,경기도,경기도 동두천시
20180326184,2,2,2,주식회사 모모푸드,식품제조가공업,경기도,경기도 안산시
20180326603,1,1,1,빵드밀(주),식품제조가공업,경기도,경기도 안산시
20180326704,3,3,3,주식회사 조인앤조인,식품제조가공업,경기도,경기도 안산시
20180335019,1,1,1,농업회사법인 한국상황버섯(주),식품제조가공업,경기도,경기도 고양시
20180335098,2,1,1,벼리제이앤씨,식품제조가공업,경기도,경기도 고양시
20180335219,1,1,1,농업회사법인(주)자연터,식품제조가공업,경기도,경기도 고양시
20180335412,3,3,3,사회복지법인 애덕의집 소울베이커리,식품제조가공업,경기도,경기도 고양시
20180335563,1,1,1,(주)조하,식품제조가공업,경기도,경기도 고양시
20180335887,1,1,1,농업회사법인 (주)행복한버섯,식품제조가공업,경기도,경기도 고양시
20180335970,1,1,1,(주)에이엠씨,식품제조가공업,경기도,경기도 고양시
20180335999,1,1,1,디에스식품,식품제조가공업,경기도,경기도 고양시
20180336238,2,2,2,(주)비즈인터내셔날,식품제조가공업,경기도,경기도 고양시
20180336297,1,1,1,주식회사 테이스트앤컴퍼니,식품제조가공업,경기도,경기도 고양시
20180336571,4,4,4,(주)마이,식품제조가공업,경기도,경기도 고양시
20180336663,1,1,1,프레시아트주식회사,식품제조가공업,경기도,경기도 고양시
20180336699,1,1,1,(주)티엔푸드 3공장,식품제조가공업,경기도,경기도 고양시
20180336705,2,2,2,주식회사하늘재,식품제조가공업,경기도,경기도 고양시
20180336759,1,1,1,키즈앤스쿨푸드,식품제조가공업,경기도,경기도 고양시
20180346044,4,2,2,(주)따순둥푸드,식품제조가공업,경기도,경기도 남양주시
20180346258,1,1,1,(주)디저트필,식품제조가공업,경기도,경기도 구리시
20180346289,2,2,2,주식회사 바로소반,식품제조가공업,경기도,경기도 구리시
20180348070,2,2,2,(주)델리캡,식품제조가공업,경기도,경기도 남양주시
20180348238,3,3,3,솜씨협동조합,식품제조가공업,경기도,경기도 남양주시
20180348281,6,6,6,주식회사 헬스앤푸드,식품제조가공업,경기도,경기도 남양주시
20180348570,10,5,4,주식회사 부루구루,식품제조가공업,경기도,경기도 파주시
20180349065,2,1,1,주식회사 바르미식품,식품제조가공업,경기도,경기도 포천시
20180349109,2,2,1,도담,식품제조가공업,경기도,경기도 남양주시
20180349734,1,1,1,주식회사 영우에프엔에프,식품제조가공업,경기도,경기도 남양주시
20180349982,1,1,1,한마음 전통식품,식품제조가공업,경기도,경기도 남양주시
20180350065,6,3,3,주식회사 티푸드,식품제조가공업,경기도,경기도 포천시
20180350220,2,2,2,그린에프앤비,식품제조가공업,경기도,경기도 남양주시
20180350262,1,1,1,굿푸드,식품제조가공업,경기도,경기도 남양주시
20180352672,4,2,1,농업회사법인올빛(주),식품제조가공업,경기도,경기도 오산시
20180355190,1,1,1,신비오팜,식품제조가공업,경기도,경기도 시흥시
20180355577,6,3,3,(주)정담푸드,식품제조가공업,경기도,경기도 화성시
20180358092,2,2,2,(주)샐러드판다,식품제조가공업,경기도,경기도 군포시
20180358539,1,1,1,디디에스코리아(주),식품제조가공업,경기도,경기도 군포시
20180360234,1,1,1,스위트 플러스,식품제조가공업,경기도,경기도 의왕시
20180360266,3,3,3,주식회사 더정직한친구들,식품제조가공업,경기도,경기도 의왕시
20180360281,3,3,3,(주)골든팜,식품제조가공업,경기도,경기도 의왕시
20180361098,1,1,1,산들유통,식품소분업,경기도,경기도 하남시
20180361516,2,2,2,(주)푸른바다,식품제조가공업,경기도,경기도 하남시
20180363026,4,2,2,농업법인 흙사랑바이오(주),식품제조가공업,경기도,경기도 광주시
20180363028,1,1,1,(주)마린수산,식품제조가공업,경기도,경기도 용인시
20180363079,2,2,2,찬푸드,식품제조가공업,경기도,경기도 용인시
20180363108,2,2,2,주식회사 바이킹마켓 기흥지점,식품제조가공업,경기도,경기도 용인시
20180363114,2,2,2,농업회사법인(주)다온,식품제조가공업,경기도,경기도 용인시
20180363115,2,2,2,오션원,식품제조가공업,경기도,경기도 용인시
20180363133,4,4,4,주식회사 교아당,식품제조가공업,경기도,경기도 용인시
20180371299,2,2,2,농업회사법인 구본일발효 주식회사,식품제조가공업,경기도,경기도 파주시
20180371324,10,5,5,(주)프레시고,식품제조가공업,경기도,경기도 파주시
20180371497,2,2,1,(주)웅남,식품제조가공업,경기도,경기도 파주시
20180371733,2,1,1,주식회사 제이웨이브 지점4,식품제조가공업,경기도,경기도 김포시
20180371789,1,1,1,더 웰빙,식품제조가공업,경기도,경기도 파주시
20180371948,2,1,1,옐로우팩토리,식품제조가공업,대구광역시,대구광역시 동구
20180372020,3,3,3,(주)세종에브리푸드,식품제조가공업,경기도,경기도 파주시
20180372033,2,2,2,푸른들,식품제조가공업,경기도,경기도 파주시
20180372208,1,1,1,튜나팩토리,식품제조가공업,경기도,경기도 파주시
20180372466,1,1,1,뉴지코리아(주),식품제조가공업,경기도,경기도 파주시
20180372566,3,3,3,주식회사 호영식품,식품제조가공업,경기도,경기도 파주시
20180372584,1,1,1,커피클럽 로스팅센터,식품제조가공업,경기도,경기도 파주시
20180372693,2,2,2,(주)올댓쿡,식품제조가공업,경기도,경기도 파주시
20180374019,2,2,2,농업회사법인 주식회사 농부애,식품제조가공업,경기도,경기도 이천시
20180374021,3,3,1,농업회사법인주식회사정진,식품제조가공업,경기도,경기도 이천시
20180374132,1,1,1,양무리무지개보호작업장,식품제조가공업,경기도,경기도 이천시
20180374136,1,1,1,선일식품,식품제조가공업,경기도,경기도 이천시
20180374215,1,1,1,서울동경기인삼농협 인삼가공센터,식품제조가공업,경기도,경기도 이천시
20180374249,2,2,2,주시회사 셰프갈릭,식품제조가공업,경기도,경기도 이천시
20180374744,1,1,1,성해(주)경기공장점,식품소분업,경기도,경기도 이천시
20180374746,2,2,1,성해주식회사 경기공장점,식품제조가공업,경기도,경기도 이천시
20180374783,1,1,1,정화식품(주)이천지점,식품제조가공업,경기도,경기도 이천시
20180374830,2,1,1,(주)소스플러스,식품제조가공업,충청북도,충청북도 진천군
20180376183,1,1,1,주주바팜,식품제조가공업,경기도,경기도 안성시
20180376222,1,1,1,(주)진양식품,식품제조가공업,경기도,경기도 안성시
20180376302,1,1,1,송린한과,식품제조가공업,경기도,경기도 안성시
20180376441,1,1,1,(주)브이에스바이오,식품제조가공업,경기도,경기도 안성시
20180376663,3,3,3,태경F&B,식품제조가공업,경기도,경기도 안성시
20180376719,1,1,1,하나둘셋영농조합법인,식품제조가공업,경기도,경기도 안성시
20180378050,1,1,1,(주)유천FB,식품제조가공업,경기도,경기도 김포시
20180378051,6,6,6,(주)가을식품,식품제조가공업,경기도,경기도 김포시
20180378566,1,1,1,에이치에스푸드,식품제조가공업,경기도,경기도 김포시
20180378724,4,4,4,농업회사법인(주)삼진코리아,식품제조가공업,경기도,경기도 김포시
20180378739,7,7,7,(주)제이에프엔비,식품제조가공업,경기도,경기도 김포시
20180378780,1,1,1,삼해상사(주) 김포공장,식품제조가공업,경기도,경기도 김포시
20180378933,1,1,1,(주)승혜식품,식품제조가공업,경기도,경기도 김포시
20180378973,2,2,2,불로식품,식품제조가공업,경기도,경기도 김포시
20180379031,5,5,5,(주)네이처비에프,식품제조가공업,경기도,경기도 김포시
20180379061,3,1,1,자연앤푸드,식품제조가공업,경기도,경기도 김포시
20180379165,2,2,2,(주)세진푸드,식품제조가공업,경기도,경기도 김포시
20180379618,6,6,6,(주)세종바이오팜,식품제조가공업,경기도,경기도 김포시
20180379628,1,1,1,Charley Chocolate(찰리초콜렛),식품제조가공업,경기도,경기도 김포시
20180379629,3,3,3,(주)진심컴퍼니,식품제조가공업,경기도,경기도 김포시
20180379638,2,2,2,(주)그루온,식품제조가공업,경기도,경기도 김포시
20180379719,1,1,1,비스코티 하우스,식품제조가공업,경기도,경기도 김포시
20180382006,1,1,1,농업회사법인새봄푸드,식품제조가공업,경기도,경기도 화성시
20180382190,3,3,3,화성궁궐,식품제조가공업,경기도,경기도 화성시
20180382407,1,1,1,시루에찐떡 협동조합,식품제조가공업,경기도,경기도 화성시
20180383352,1,1,1,원핫도그,식품제조가공업,경기도,경기도 화성시
20180383639,2,2,2,우주푸드,식품제조가공업,경기도,경기도 화성시
20180383746,4,4,4,(주)파낙스코리아,식품제조가공업,경기도,경기도 화성시
20180383803,2,2,2,아람 유통,식품제조가공업,경기도,경기도 화성시
20180384089,1,1,1,세영푸드,식품제조가공업,경기도,경기도 화성시
20180384243,1,1,1,화성식품제조협동조합연합회,식품제조가공업,경기도,경기도 화성시
20180384369,4,4,4,(주)푸드코닉,식품제조가공업,경기도,경기도 화성시
20180384529,1,1,1,(주)하우스원,식품제조가공업,경기도,경기도 화성시
20180384733,1,1,1,(주)이엔푸드,식품제조가공업,경기도,경기도 화성시
20180384962,1,1,1,에이프릴 마켓,식품제조가공업,경기도,경기도 화성시
20180385281,1,1,1,해피푸드주식회사,식품제조가공업,경기도,경기도 화성시
20180385381,3,3,3,농업회사법인맛정주식회사,식품제조가공업,경기도,경기도 화성시
20180385514,2,2,1,어린왕자식품,식품제조가공업,경기도,경기도 화성시
20180387118,1,1,1,(주)보부아이앤에프,식품제조가공업,경기도,경기도 광주시
20180387135,2,2,1,(주)대박식품,식품제조가공업,경기도,경기도 광주시
20180387160,2,1,1,주식회사 로미에프엔비,식품제조가공업,경기도,경기도 양주시
20180387434,3,3,3,(주)중해인터내셔날,식품제조가공업,경기도,경기도 광주시
20180387480,1,1,1,(주)한가득식품,식품제조가공업,경기도,경기도 광주시
20180387516,6,6,6,(주)라이프업,식품제조가공업,경기도,경기도 광주시
20180387562,2,2,2,농업회사법인 팔당에프앤비 주식회사,식품제조가공업,경기도,경기도 광주시
20180387675,2,2,2,(주)위드식품,식품제조가공업,경기도,경기도 광주시
20180387720,3,3,3,에스제이씨푸드주식회사,식품제조가공업,경기도,경기도 광주시
20180387816,1,1,1,마타리푸드(주),식품제조가공업,경기도,경기도 광주시
20180387896,5,5,5,청오푸드 농업회사법인 주식회사,식품제조가공업,경기도,경기도 광주시
20180387997,3,3,3,느영나영영농조합법인광주지점,식품제조가공업,경기도,경기도 광주시
20180388150,1,1,1,농업회사법인(주)풍년,식품소분업,경기도,경기도 광주시
20180389131,1,1,1,서내비치즈,즉석판매제조가공업,경기도,경기도 양주시
20180389328,1,1,1,(주)피티씨글로벌,식품제조가공업,경기도,경기도 양주시
20180389599,1,1,1,(주)비엔에프글로벌 식품사업부 하노이퍼앤분,식품제조가공업,경기도,경기도 양주시
20180389649,1,1,1,주식회사 코미,식품제조가공업,경기도,경기도 양주시
20180389742,12,6,6,(주)개성상인-제2공장,식품제조가공업,경기도,경기도 양주시
20180391072,1,1,1,농업회사법인 수라상(주),식품제조가공업,경기도,경기도 포천시
20180391241,2,2,1,주식회사 케이알푸드,식품제조가공업,경기도,경기도 포천시
20180391251,2,2,2,농업회사법인 (주)맘마푸드,식품제조가공업,경기도,경기도 포천시
20180391420,2,2,2,다인푸드시스템주식회사,식품제조가공업,경기도,경기도 포천시
20180391439,1,1,1,피클로,식품제조가공업,경기도,경기도 포천시
20180391500,1,1,1,(주)디케이에프앤비,식품제조가공업,경기도,경기도 포천시
20180391516,1,1,1,태양농산,식품제조가공업,경기도,경기도 포천시
20180391520,4,4,2,농업회사법인 삼주농축산주식회사,식품제조가공업,경기도,경기도 포천시
20180391545,3,3,3,농업회사법인 사과깡패(주),식품제조가공업,경기도,경기도 포천시
20180391558,1,1,1,남양식품,식품제조가공업,경기도,경기도 포천시
20180391591,3,3,3,주식회사 이에스푸드,식품제조가공업,경기도,경기도 포천시
20180391650,2,2,2,(주)농업회사법인 일경팜앤푸드,식품제조가공업,경기도,경기도 포천시
20180393023,2,2,2,농업회사법인 주식회사 골드부르어스,식품제조가공업,경기도,경기도 여주시
20180393054,2,2,2,여주한과(주)농업회사법인,식품제조가공업,경기도,경기도 여주시
20180393096,1,1,1,농업회사법인 팜드림 주식회사,식품제조가공업,경기도,경기도 여주시
20180393206,1,1,1,주식회사 에스피텍,식품제조가공업,경기도,경기도 여주시
20180393251,2,2,2,주식회사 소문난푸드,식품제조가공업,경기도,경기도 여주시
20180393348,1,1,1,밀밭도우 식품,식품제조가공업,경기도,경기도 여주시
20180393431,2,2,1,농업회사법인 주식회사 명옥식품,식품제조가공업,경기도,경기도 여주시
20180393475,3,3,2,여주가온누리협동조합,식품제조가공업,경기도,경기도 여주시
20180394131,1,1,1,애플이네,식품제조가공업,경기도,경기도 연천군
20180395028,4,4,2,베이커리수선화,식품제조가공업,경기도,경기도 가평군
20180395082,1,1,1,한울타리,식품제조가공업,경기도,경기도 가평군
20180395146,2,2,2,생제비제빵소,식품제조가공업,경기도,경기도 가평군
20180395226,1,1,1,다호떡집,식품제조가공업,경기도,경기도 가평군
20180396304,1,1,1,농업회사법인 정원(주),식품제조가공업,경기도,경기도 양평군
20180396364,8,4,4,대양수산,식품제조가공업,경기도,경기도 양평군
20180398102,2,2,2,주식회사리투,식품제조가공업,강원특별자치도,강원특별자치도 춘천시
20180401161,1,1,1,삼양제분 주식회사,식품제조가공업,강원특별자치도,강원특별자치도 원주시
20180401888,3,3,3,강원만찬 협동조합,식품제조가공업,강원특별자치도,강원특별자치도 원주시
20180401958,2,2,2,고피자 원주공장,식품제조가공업,강원특별자치도,강원특별자치도 원주시
20180402026,3,3,3,농업회사법인(주)웰빙가,식품제조가공업,강원특별자치도,강원특별자치도 원주시
20180402102,1,1,1,치악산자연식품,식품제조가공업,강원특별자치도,강원특별자치도 원주시
20180404401,1,1,1,주식회사 강릉커피콩빵,식품제조가공업,강원특별자치도,강원특별자치도 강릉시
20180404477,1,1,1,동해기정,식품제조가공업,강원특별자치도,강원특별자치도 강릉시
20180404550,2,2,2,(주)정필푸드,식품제조가공업,강원특별자치도,강원특별자치도 강릉시
20180404657,1,1,1,초당농업회사법인주식회사,식품제조가공업,강원특별자치도,강원특별자치도 강릉시
20180404969,5,5,5,윤스디저트팩토리,식품제조가공업,강원특별자치도,강원특별자치도 강릉시
20180407189,2,2,2,동북아식품협동조합,식품제조가공업,강원특별자치도,강원특별자치도 동해시
20180407292,1,1,1,(주)자연사랑,식품제조가공업,강원특별자치도,강원특별자치도 동해시
20180410171,2,1,1,주식회사 매홍엘앤에프,식품소분업,강원특별자치도,강원특별자치도 양양군
20180410317,1,1,1,무건이네식혜,식품제조가공업,강원특별자치도,강원특별자치도 속초시
20180410332,1,1,1,선호푸드,식품제조가공업,강원특별자치도,강원특별자치도 속초시
20180410358,1,1,1,신화식품,식품소분업,강원특별자치도,강원특별자치도 속초시
20180411085,5,5,5,농업회사법인 신토불이 주식회사,식품제조가공업,강원특별자치도,강원특별자치도 삼척시
20180412010,1,1,1,밤바치농장,식품제조가공업,강원특별자치도,강원특별자치도 홍천군
20180412061,2,2,2,강원도농부영농조합법인,식품제조가공업,강원특별자치도,강원특별자치도 홍천군
20180412260,1,1,1,에스엠제이컴퍼니,식품제조가공업,강원특별자치도,강원특별자치도 홍천군
20180413004,3,3,3,늘푸름식품,식품제조가공업,강원특별자치도,강원특별자치도 횡성군
20180413009,1,1,1,횡성명품배추,식품제조가공업,강원특별자치도,강원특별자치도 횡성군
20180413030,3,3,3,농업회사법인 (주)연꽃마을,식품제조가공업,강원특별자치도,강원특별자치도 횡성군
20180413098,2,2,2,주식회사 천우에프엔비,식품제조가공업,강원특별자치도,강원특별자치도 횡성군
20180413144,3,3,3,횡성하동식품,식품제조가공업,강원특별자치도,강원특별자치도 횡성군
20180414033,3,3,3,비제이푸드유한회사농업회사법인,식품제조가공업,강원특별자치도,강원특별자치도 영월군
20180414064,1,1,1,영어조합법인옥동양어장가공공장,식품제조가공업,강원특별자치도,강원특별자치도 영월군
20180414139,1,1,1,영월농협가공사업소F1,식품제조가공업,강원특별자치도,강원특별자치도 영월군
20180414140,3,3,3,농업회사법인 솜씨가 주식회사,식품제조가공업,강원특별자치도,강원특별자치도 영월군
20180415072,6,6,3,농업회사법인 미래(주) 평창지점,식품제조가공업,강원특별자치도,강원특별자치도 평창군
20180415098,1,1,1,농업회사법인 평창약초 주식회사,식품제조가공업,강원특별자치도,강원특별자치도 평창군
20180415264,2,2,2,평창오미자영농조합법인,식품제조가공업,강원특별자치도,강원특별자치도 평창군
20180416102,1,1,1,푸새엔지 영농조합법인,식품제조가공업,강원특별자치도,강원특별자치도 정선군
20180416110,1,1,1,예미농협 산지유통센터,식품제조가공업,강원특별자치도,강원특별자치도 정선군
20180416120,4,4,4,(주)서한푸드 정선지점,식품제조가공업,강원특별자치도,강원특별자치도 정선군
20180416146,8,8,8,(주)다움,식품제조가공업,강원특별자치도,강원특별자치도 정선군
20180417090,1,1,1,열두광주리영농조합법인,식품제조가공업,강원특별자치도,강원특별자치도 철원군
20180417091,1,1,1,미성식품 주식회사(제2공장),식품제조가공업,강원특별자치도,강원특별자치도 철원군
20180418035,2,2,2,(주)제이티식품,식품제조가공업,강원특별자치도,강원특별자치도 화천군
20180418052,4,4,4,화천군농산물종합가공지원센터,식품제조가공업,강원특별자치도,강원특별자치도 화천군
20180420107,4,4,3,농업회사법인 인제명품오미자 주식회사,식품제조가공업,강원특별자치도,강원특별자치도 인제군
20180421030,1,1,1,(주)하성바이오,식품제조가공업,강원특별자치도,강원특별자치도 고성군
20180422004,2,2,2,양양더팜 주식회사 농업회사법인,식품제조가공업,강원특별자치도,강원특별자치도 양양군
20180422089,2,2,2,송천팜 농업회사법인(주),식품제조가공업,강원특별자치도,강원특별자치도 양양군
20180424004,1,1,1,농업회사법인 조은농산(주),식품제조가공업,충청북도,충청북도 청주시
20180424010,4,4,4,(주)서흥헬스케어 2공장,식품제조가공업,충청북도,충청북도 청주시
20180424019,1,1,1,(농)농가생활협동조합,식품제조가공업,충청북도,충청북도 청주시
20180424046,3,3,3,영농조합법인 녹색원,식품제조가공업,충청북도,충청북도 청주시
20180424066,1,1,1,홍만당,식품제조가공업,충청북도,충청북도 청주시
20180424070,1,1,1,드림위너스(주),식품제조가공업,충청북도,충청북도 청주시
20180424080,2,2,2,옥샘정유통,식품제조가공업,충청북도,충청북도 청주시
20180424087,1,1,1,주식회사 하늘비,식품제조가공업,충청북도,충청북도 청주시
20180424101,3,3,3,(주)농업회사법인 황실,식품제조가공업,충청북도,충청북도 청주시
20180424105,3,3,3,태가람 주식회사,식품제조가공업,충청북도,충청북도 청주시
20180430169,1,1,1,(주)보림로지스틱스 죽암(한양식전문점),일반음식점,충청북도,충청북도 청주시
20180442053,4,4,4,농업회사법인주식회사보성코퍼레이션,식품제조가공업,충청북도,충청북도 충주시
20180442077,8,8,8,에이치엔웨이,식품제조가공업,충청북도,충청북도 충주시
20180442122,4,4,4,이푸드(주)2공장,식품제조가공업,충청북도,충청북도 충주시
20180442157,8,8,8,(주)메디오젠충주공장,식품제조가공업,충청북도,충청북도 충주시
20180442160,3,3,3,미드미푸드(FOOD),식품제조가공업,충청북도,충청북도 충주시
20180442405,1,1,1,예그린,식품제조가공업,충청북도,충청북도 충주시
20180442693,1,1,1,다올농업회사법인주식회사,식품제조가공업,충청북도,충청북도 충주시
20180442747,9,9,9,(주)원네스팜,식품제조가공업,충청북도,충청북도 충주시
20180444270,2,2,2,(주)비지엑스생명과학(BGX),식품제조가공업,충청북도,충청북도 제천시
20180444377,1,1,1,산뜨레마늘가공공장,식품제조가공업,충청북도,충청북도 제천시
20180444398,1,1,1,(재)충북테크노파크,식품제조가공업,충청북도,충청북도 제천시
20180444453,2,2,2,주식회사 지노헬스케어,식품제조가공업,충청북도,충청북도 제천시
20180446030,1,1,1,씨케이(주) 1공장,식품제조가공업,충청북도,충청북도 보은군
20180446082,3,3,3,농업회사법인 주식회사 창주,식품제조가공업,충청북도,충청북도 보은군
20180446083,1,1,1,주식회사 이든에프앤씨,식품제조가공업,충청북도,충청북도 보은군
20180446130,1,1,1,속리산(청주)휴게소 다리야,휴게음식점,충청북도,충청북도 보은군
20180447058,1,1,1,삼주엘비음료,식품제조가공업,충청북도,충청북도 옥천군
20180448020,1,1,1,농업회사법인 바리팜(주),식품제조가공업,충청북도,충청북도 영동군
20180448089,2,2,2,농업회사법인 (주)원뽀농원,식품제조가공업,충청북도,충청북도 영동군
20180450004,1,1,1,(주)하나리,식품제조가공업,충청북도,충청북도 진천군
20180450029,10,10,10,(주)송림에프에스,식품제조가공업,충청북도,충청북도 진천군
20180450030,1,1,1,(주)송림에프에스,식품첨가물제조업,충청북도,충청북도 진천군
20180450035,3,3,3,(주)삼채나라농업회사법인,식품제조가공업,충청북도,충청북도 진천군
20180450135,2,2,2,미잠미과,식품제조가공업,충청북도,충청북도 진천군
20180450203,1,1,1,(주)킹스밀,식품제조가공업,충청북도,충청북도 진천군
20180450262,16,16,15,서울향료(주)진천공장,식품제조가공업,충청북도,충청북도 진천군
20180450285,6,6,6,씨제이제일제당(주)진천BLOSSOM CAMPUS,식품제조가공업,충청북도,충청북도 진천군
20180450291,2,1,1,(주)바름에프엔비,식품제조가공업,충청북도,충청북도 진천군
20180450412,2,2,1,주식회사 수라명가,식품제조가공업,충청북도,충청북도 진천군
20180451011,2,2,2,허브원,식품제조가공업,충청북도,충청북도 괴산군
20180451036,2,2,2,농업회사법인 주식회사 프라이드리 탕 공방,식품제조가공업,충청북도,충청북도 괴산군
20180451042,2,2,2,클래식 영농조합법인,식품제조가공업,충청북도,충청북도 괴산군
20180451047,1,1,1,주식회사 뻐꾸기,식품제조가공업,충청북도,충청북도 괴산군
20180451053,1,1,1,선영네농원,식품제조가공업,충청북도,충청북도 괴산군
20180451119,1,1,1,주식회사 맛담,식품제조가공업,충청북도,충청북도 괴산군
20180451131,2,2,2,농업회사법인(주)자연웰빙바이오,식품제조가공업,충청북도,충청북도 괴산군
20180452015,3,3,3,(주)푸르샨식품 제2공장,식품제조가공업,충청북도,충청북도 음성군
20180452021,1,1,1,(주)제이케이글로벌,식품제조가공업,충청북도,충청북도 음성군
20180452033,4,4,4,주식회사 시아스쿡,식품제조가공업,충청북도,충청북도 음성군
20180452085,1,1,1,(주)팜스코,식품제조가공업,충청북도,충청북도 음성군
20180452099,2,2,2,어썸 페어링 플랜트,식품제조가공업,충청북도,충청북도 음성군
20180452102,2,2,2,농업회사법인 (주)범아식품,식품제조가공업,충청북도,충청북도 음성군
20180452148,1,1,1,농업회사법인 주식회사 해마루,식품제조가공업,충청북도,충청북도 음성군
20180452159,1,1,1,주식회사 아트,식품첨가물제조업,충청북도,충청북도 음성군
20180452160,1,1,1,(주)우리들푸드,식품제조가공업,충청북도,충청북도 음성군
20180452239,1,1,1,농업회사법인(주)동산에프디,식품제조가공업,충청북도,충청북도 음성군
20180452273,2,2,2,영농조합법인 와이즈케어,식품제조가공업,충청북도,충청북도 음성군
20180452355,2,2,1,나우리,식품제조가공업,충청북도,충청북도 음성군
20180452454,10,10,9,(주)아로마에프아이,식품제조가공업,충청북도,충청북도 음성군
20180452470,3,3,3,농업회사법인 요비담 주식회사,식품제조가공업,충청북도,충청북도 음성군
20180452496,2,2,2,(주)유진푸드,식품제조가공업,충청북도,충청북도 음성군
20180454007,4,4,4,단양군농산물종합가공센터(가곡),식품제조가공업,충청북도,충청북도 단양군
20180454106,2,2,2,농업회사법인 영춘고을(주),식품제조가공업,충청북도,충청북도 단양군
20180456001,6,6,6,(주)가온에프앤비,식품제조가공업,충청남도,충청남도 천안시
20180456011,15,8,9,대상웰라이프주식회사천안공장,식품제조가공업,충청남도,충청남도 천안시
20180456016,6,6,6,농업회사법인 주식회사 백세,식품제조가공업,충청남도,충청남도 천안시
20180456025,3,3,3,(주)코람농업회사법인,식품제조가공업,충청남도,충청남도 천안시
20180456175,1,1,1,멘야마쯔리,식품제조가공업,충청남도,충청남도 천안시
20180456222,2,2,2,주식회사아시푸드,식품제조가공업,충청남도,충청남도 천안시
20180462161,3,3,3,농업회사법인아궁이마을(주),식품제조가공업,충청남도,충청남도 당진시
20180462407,1,1,1,주식회사에스이바이오텍,식품제조가공업,충청남도,충청남도 당진시
20180462641,7,7,4,농업회사법인해나루유통사업단(주),식품제조가공업,충청남도,충청남도 당진시
20180464319,1,1,1,수피아산소수,식품제조가공업,충청남도,충청남도 공주시
20180464373,2,2,2,농업회사법인(주)공주팜,식품제조가공업,충청남도,충청남도 공주시
20180464470,8,8,6,프레시플러스(주)공주제3공장,식품제조가공업,충청남도,충청남도 공주시
20180465067,3,3,3,무창포자율관리공동체어업회사법인(주),식품제조가공업,충청남도,충청남도 보령시
20180465086,1,1,1,농업회사법인(주)베리사랑,식품제조가공업,충청남도,충청남도 보령시
20180465291,1,1,1,보령수산,식품제조가공업,충청남도,충청남도 보령시
20180465393,1,1,1,대천김(주) 제2공장,식품제조가공업,충청남도,충청남도 보령시
20180467061,3,3,3,아산시 농산물 종합 가공센터,식품제조가공업,충청남도,충청남도 아산시
20180467123,8,8,8,(주)한미에프쓰리 2공장,식품제조가공업,충청남도,충청남도 아산시
20180467208,2,2,2,농업회사법인주식회사네이처오다,식품제조가공업,충청남도,충청남도 아산시
20180467807,1,1,1,케이푸드,식품제조가공업,충청남도,충청남도 아산시
20180469396,4,4,3,농업회사법인 에이에이시주식회사,식품제조가공업,충청남도,충청남도 서산시
20180469402,4,4,4,미미주,식품제조가공업,충청남도,충청남도 서산시
20180470022,1,1,1,농업회사법인주식회사미미선식품,식품제조가공업,충청남도,충청남도 논산시
20180470131,2,2,1,(주)수경,식품제조가공업,충청남도,충청남도 논산시
20180470307,1,1,1,참우리,식품제조가공업,충청남도,충청남도 논산시
20180470361,2,2,2,상월명품고구마영농조합법인,식품제조가공업,충청남도,충청남도 논산시
20180470409,4,4,4,장구리협동조합,식품제조가공업,충청남도,충청남도 논산시
20180473038,2,2,2,하늘새영농조합,식품제조가공업,충청남도,충청남도 금산군
20180473048,2,2,2,참진농원,식품제조가공업,충청남도,충청남도 금산군
20180473073,1,1,1,순하늘홍삼,식품제조가공업,충청남도,충청남도 금산군
20180473104,3,3,3,주식회사다우엠에스,식품제조가공업,충청남도,충청남도 금산군
20180473122,3,3,2,(주)휴온스엔,식품제조가공업,충청남도,충청남도 금산군
20180473147,3,3,3,반초마을영농조합법인,식품제조가공업,충청남도,충청남도 금산군
20180473200,2,1,1,수식품,식품제조가공업,충청북도,충청북도 옥천군
20180473209,1,1,1,금산허브바이오주식회사,식품제조가공업,충청남도,충청남도 금산군
20180474028,2,2,1,(주)이앤피,식품제조가공업,충청남도,충청남도 부여군
20180474097,1,1,1,농업회사법인 송이아저씨 주식회사,식품제조가공업,충청남도,충청남도 부여군
20180475043,1,1,1,(유)참마을,식품제조가공업,충청남도,충청남도 서천군
20180475099,1,1,1,마마식품 주식회사,식품제조가공업,충청남도,충청남도 서천군
20180475132,2,2,2,오석영농조합법인,식품제조가공업,충청남도,충청남도 서천군
20180475134,2,2,1,원조 영어조합법인,식품제조가공업,충청남도,충청남도 서천군
20180475170,2,2,1,농업회사법인 고살메식품 주식회사,식품제조가공업,충청남도,충청남도 서천군
20180475215,2,2,2,섬김푸드,식품제조가공업,충청남도,충청남도 서천군
20180476054,4,4,4,청양농부,식품제조가공업,충청남도,충청남도 청양군
20180477091,1,1,1,홍성 내츄럴 팜 영농조합법인,식품제조가공업,충청남도,충청남도 홍성군
20180477291,4,4,4,디아이커뮤니케이션,식품제조가공업,충청남도,충청남도 홍성군
20180478036,1,1,1,예산역전국수,식품제조가공업,충청남도,충청남도 예산군
20180478126,7,7,7,이앤에스(주),식품제조가공업,충청남도,충청남도 예산군
20180478156,9,8,9,예산군농업기술센터,식품제조가공업,충청남도,충청남도 예산군
20180479035,2,2,2,주식회사파아프(PaAp),식품제조가공업,충청남도,충청남도 태안군
20180479049,2,2,2,에이치엠오건강드림영농조합법인,식품제조가공업,충청남도,충청남도 태안군
20180479225,1,1,1,태안서당골생강한과,식품제조가공업,충청남도,충청남도 태안군
20180482170,2,2,2,유한회사 빈치,식품제조가공업,전북특별자치도,전북특별자치도 전주시
20180485019,6,3,3,(주)서로바이오,식품제조가공업,전북특별자치도,전북특별자치도 전주시
20180485183,1,1,1,주식회사강동오케익1공장,식품제조가공업,전북특별자치도,전북특별자치도 전주시
20180485693,2,2,2,농업회사법인주식회사유화당,식품제조가공업,전북특별자치도,전북특별자치도 전주시
20180488053,1,1,1,해화푸드,식품제조가공업,전북특별자치도,전북특별자치도 군산시
20180488090,4,4,2,(유)피쉬아트,식품제조가공업,전북특별자치도,전북특별자치도 군산시
20180488260,3,3,3,어업회사법인 두비주식회사,식품제조가공업,전북특별자치도,전북특별자치도 군산시
20180488412,4,4,4,(주)밥강도,식품제조가공업,전북특별자치도,전북특별자치도 군산시
20180488666,1,1,1,늘솜시루,식품제조가공업,전북특별자치도,전북특별자치도 군산시
20180488792,1,1,1,(유)새만금그린푸드,식품제조가공업,전북특별자치도,전북특별자치도 군산시
20180491008,4,4,4,주식회사 아인가 익산반월지점,식품제조가공업,전북특별자치도,전북특별자치도 익산시
20180491011,5,5,5,그대로말린,식품제조가공업,전북특별자치도,전북특별자치도 익산시
20180491044,17,17,17,주식회사 연두,식품제조가공업,전북특별자치도,전북특별자치도 익산시
20180491075,1,1,1,두영푸드,식품제조가공업,전북특별자치도,전북특별자치도 익산시
20180491181,3,3,3,순수본 주식회사,식품제조가공업,전북특별자치도,전북특별자치도 익산시
20180491257,3,3,3,(주)코아바이오,식품제조가공업,전북특별자치도,전북특별자치도 익산시
20180491351,1,1,1,본우리집밥 순수본점,위탁급식영업,전북특별자치도,전북특별자치도 익산시
20180491376,1,1,1,농업회사법인하루그룹주식회사,식품제조가공업,전북특별자치도,전북특별자치도 익산시
20180491456,1,1,1,미네랄바이오텍 주식회사,식품제조가공업,전북특별자치도,전북특별자치도 익산시
20180491465,3,3,3,(유)늘채움푸드,식품제조가공업,전북특별자치도,전북특별자치도 익산시
20180491515,1,1,1,(유)이엠푸드,식품제조가공업,전북특별자치도,전북특별자치도 익산시
20180491605,2,1,1,농업회사법인(주)글로벌클램,식품제조가공업,전북특별자치도,전북특별자치도 익산시
20180491660,1,1,1,에스시디디주식회사,식품제조가공업,전북특별자치도,전북특별자치도 익산시
20180491678,1,1,1,(농)깊은숲속행복한식품(주),식품제조가공업,전북특별자치도,전북특별자치도 익산시
20180491713,1,1,1,주식회사 포듀,식품제조가공업,전북특별자치도,전북특별자치도 익산시
20180491745,3,3,1,익산원예농협 푸드지원센터,식품제조가공업,전북특별자치도,전북특별자치도 익산시
20180491780,2,2,2,농업회사법인 누리(주),식품제조가공업,전북특별자치도,전북특별자치도 익산시
20180491789,1,1,1,농업회사법인유한회사 만수,식품제조가공업,전북특별자치도,전북특별자치도 익산시
20180494008,1,1,1,일성농산식품농업회사법인유한회사,식품제조가공업,전북특별자치도,전북특별자치도 정읍시
20180494078,1,1,1,태양식품,식품제조가공업,전북특별자치도,전북특별자치도 정읍시
20180494137,1,1,1,마미팜엄니농원,식품제조가공업,전북특별자치도,전북특별자치도 정읍시
20180494166,2,2,2,힘찬마루,식품제조가공업,전북특별자치도,전북특별자치도 정읍시
20180494204,2,2,2,샘골식품가공센터,식품제조가공업,전북특별자치도,전북특별자치도 정읍시
20180494449,2,2,2,농업회사 법인 자연가(유)2공장,식품제조가공업,전북특별자치도,전북특별자치도 정읍시
20180496058,4,4,4,남원원예농업협동조합 푸드종합가공센터,식품제조가공업,전북특별자치도,전북특별자치도 남원시
20180496116,2,2,2,(주)남원맛부각,식품제조가공업,전북특별자치도,전북특별자치도 남원시
20180496296,2,2,2,지리산황치마을영농조합법인,식품제조가공업,전북특별자치도,전북특별자치도 남원시
20180497011,2,2,2,연팜,식품제조가공업,전북특별자치도,전북특별자치도 김제시
20180497107,1,1,1,지평선사과 영농조합법인,식품제조가공업,전북특별자치도,전북특별자치도 김제시
20180497244,1,1,1,아름드리영농조합법인,식품제조가공업,전북특별자치도,전북특별자치도 김제시
20180498037,2,2,2,등대수산,식품제조가공업,전북특별자치도,전북특별자치도 완주군
20180498233,2,2,2,완주식초협동조합,식품제조가공업,전북특별자치도,전북특별자치도 완주군
20180499007,1,1,1,태성홍삼 영농조합법인,식품제조가공업,전북특별자치도,전북특별자치도 진안군
20180499031,2,1,1,진홍삼큐브 주식회사,식품제조가공업,전북특별자치도,전북특별자치도 진안군
20180499049,1,1,1,담쟁이 베이커리,식품제조가공업,전북특별자치도,전북특별자치도 진안군
20180499056,3,3,3,풍혈냉천 영농조합법인,식품제조가공업,전북특별자치도,전북특별자치도 진안군
20180499073,2,2,2,진안홍삼,식품제조가공업,전북특별자치도,전북특별자치도 진안군
20180500003,1,1,1,반디품은마을,식품제조가공업,전북특별자치도,전북특별자치도 무주군
20180500052,3,3,3,무주군 농업기술센터,식품제조가공업,전북특별자치도,전북특별자치도 무주군
20180500057,3,3,3,(주)바로초록,식품제조가공업,전북특별자치도,전북특별자치도 무주군
20180501063,2,2,1,농업회사법인 장수뉴젠(유),식품제조가공업,전북특별자치도,전북특별자치도 장수군
20180503004,5,5,5,블루파크영농조합법인,식품제조가공업,전북특별자치도,전북특별자치도 순창군
20180503041,5,4,5,순창군농산물종합가공센터,식품제조가공업,전북특별자치도,전북특별자치도 순창군
20180504025,7,7,7,주식회사내츄럴코어,식품제조가공업,전북특별자치도,전북특별자치도 고창군
20180504055,1,1,1,궁전예가,식품제조가공업,전북특별자치도,전북특별자치도 고창군
20180504061,1,1,1,주식회사 웰런비앤에프 고창공장,식품제조가공업,전북특별자치도,전북특별자치도 고창군
20180504089,2,2,2,농업회사법인 주식회사 원웰빙,식품제조가공업,전북특별자치도,전북특별자치도 고창군
20180505085,2,2,2,농업회사법인 홉앤호프(주),식품제조가공업,전북특별자치도,전북특별자치도 부안군
20180505098,5,5,5,식도락푸드,식품제조가공업,전북특별자치도,전북특별자치도 부안군
20180505132,1,1,1,송림농업회사법인유한회사,식품제조가공업,전북특별자치도,전북특별자치도 부안군
20180507025,1,1,1,범안수산식품,식품제조가공업,전남광주통합특별시,전남광주통합특별시 목포시
20180507317,2,2,2,유한회사해맑은목포,식품제조가공업,전남광주통합특별시,전남광주통합특별시 목포시
20180507576,1,1,1,수가정,식품제조가공업,전남광주통합특별시,전남광주통합특별시 목포시
20180507637,1,1,1,강경신안상회,식품소분업,전남광주통합특별시,전남광주통합특별시 목포시
20180510407,3,3,3,영어조합법인 해담인,식품제조가공업,전남광주통합특별시,전남광주통합특별시 여수시
20180510508,1,1,1,남도꼬막주식회사 어업회사법인,식품제조가공업,전남광주통합특별시,전남광주통합특별시 여수시
20180510747,1,1,1,농업회사법인 고마리 주식회사,식품제조가공업,전남광주통합특별시,전남광주통합특별시 여수시
20180510884,3,3,3,대성수산,식품제조가공업,전남광주통합특별시,전남광주통합특별시 여수시
20180511029,1,1,1,송시마을 주식회사,식품제조가공업,전남광주통합특별시,전남광주통합특별시 여수시
20180513004,4,4,2,미라클센터,식품제조가공업,전남광주통합특별시,전남광주통합특별시 순천시
20180513292,1,1,1,아라온영어조합법인,식품제조가공업,전남광주통합특별시,전남광주통합특별시 순천시
20180513359,1,1,1,승회F&B,식품제조가공업,전남광주통합특별시,전남광주통합특별시 순천시
20180513531,2,2,2,순천만더드림 영농조합법인 2공장,식품제조가공업,전남광주통합특별시,전남광주통합특별시 순천시
20180513576,1,1,1,농업회사법인 신성(유),식품제조가공업,전남광주통합특별시,전남광주통합특별시 순천시
20180513659,2,2,2,주식회사 몽실이,식품제조가공업,전남광주통합특별시,전남광주통합특별시 순천시
20180516081,2,2,2,나주배꽃푸드,식품제조가공업,전남광주통합특별시,전남광주통합특별시 나주시
20180516368,2,2,2,천년가향,식품제조가공업,전남광주통합특별시,전남광주통합특별시 나주시
20180516443,2,2,2,주식회사 미래팜 농업회사법인,식품제조가공업,전남광주통합특별시,전남광주통합특별시 나주시
20180517068,4,4,4,광양농부영농조합법인,식품제조가공업,전남광주통합특별시,전남광주통합특별시 광양시
20180517392,2,2,2,에이치에이엠주식회사,식품제조가공업,전남광주통합특별시,전남광주통합특별시 광양시
20180519029,3,3,3,강담푸드,식품제조가공업,전남광주통합특별시,전남광주통합특별시 담양군
20180519097,1,1,1,(주)에스디씨2공장,식품제조가공업,전남광주통합특별시,전남광주통합특별시 담양군
20180519145,19,19,19,(주)선인,식품제조가공업,전남광주통합특별시,전남광주통합특별시 담양군
20180519170,4,4,4,(주) 늘찬애,식품제조가공업,전남광주통합특별시,전남광주통합특별시 담양군
20180521026,2,2,2,(주)자연드림치유식품 베이커리공방,식품제조가공업,전남광주통합특별시,전남광주통합특별시 구례군
20180522044,5,5,5,농업회사법인 (유)신기원,식품제조가공업,전남광주통합특별시,전남광주통합특별시 고흥군
20180522052,2,2,2,농업회사법인(주)담우,식품제조가공업,전남광주통합특별시,전남광주통합특별시 고흥군
20180522100,3,3,3,다온영농조합법인,식품제조가공업,전남광주통합특별시,전남광주통합특별시 고흥군
20180522136,1,1,1,주식회사 보양녹동지점,식품제조가공업,전남광주통합특별시,전남광주통합특별시 고흥군
20180522138,1,1,1,농업회사법인주식회사 지푸드,식품제조가공업,전남광주통합특별시,전남광주통합특별시 고흥군
20180523078,1,1,1,보성다향양봉영농조합법인,식품소분업,전남광주통합특별시,전남광주통합특별시 보성군
20180524019,1,1,1,조이팜에프앤비(주),식품제조가공업,전남광주통합특별시,전남광주통합특별시 화순군
20180524134,1,1,1,화순불미나리(주)제2공장,식품제조가공업,전남광주통합특별시,전남광주통합특별시 화순군
20180526046,1,1,1,동해푸드,식품제조가공업,전남광주통합특별시,전남광주통합특별시 강진군
20180526093,6,6,3,주식회사 미람종합푸드,식품제조가공업,전남광주통합특별시,전남광주통합특별시 강진군
20180527005,3,3,3,다미식품,식품제조가공업,전남광주통합특별시,전남광주통합특별시 해남군
20180527047,4,4,4,농업회사법인(주)해주물산,식품제조가공업,전남광주통합특별시,전남광주통합특별시 해남군
20180527080,4,2,4,농업회사법인 이웅식품 유한회사,식품제조가공업,전남광주통합특별시,전남광주통합특별시 해남군
20180527089,2,2,1,하늘누리,식품제조가공업,전남광주통합특별시,전남광주통합특별시 해남군
20180527128,1,1,1,해남달콤한자연 제1공장,식품제조가공업,전남광주통합특별시,전남광주통합특별시 해남군
20180527129,1,1,1,늘찬 유한회사 농업회사법인,식품제조가공업,전남광주통합특별시,전남광주통합특별시 해남군
20180527136,3,3,3,땅끝애식품,식품제조가공업,전남광주통합특별시,전남광주통합특별시 해남군
20180529008,2,2,1,무안백련지 토종갓(주)농업회사법인,식품제조가공업,전남광주통합특별시,전남광주통합특별시 무안군
20180529040,12,6,4,유한회사 가온누리,식품제조가공업,전남광주통합특별시,전남광주통합특별시 무안군
20180530115,1,1,1,자연로와,식품제조가공업,전남광주통합특별시,전남광주통합특별시 함평군
20180530117,1,1,1,농업회사법인 인간과자연(주),식품제조가공업,전남광주통합특별시,전남광주통합특별시 함평군
20180531011,1,1,1,웰빙모시,식품제조가공업,전남광주통합특별시,전남광주통합특별시 영광군
20180531038,5,5,5,농업회사법인 주식회사 화진 바이오텍,식품제조가공업,전남광주통합특별시,전남광주통합특별시 영광군
20180532108,2,2,2,(주)다솜팜,식품제조가공업,전남광주통합특별시,전남광주통합특별시 장성군
20180532148,1,1,1,농업회사법인(유)농부애땅,식품제조가공업,전남광주통합특별시,전남광주통합특별시 장성군
20180533120,1,1,1,농업회사법인 주식회사 이룸,식품제조가공업,전남광주통합특별시,전남광주통합특별시 완도군
20180533141,4,4,4,완도맘영어조합법인,식품제조가공업,전남광주통합특별시,전남광주통합특별시 완도군
20180535050,1,1,1,(주)신안씨푸드 제2공장,식품제조가공업,전남광주통합특별시,전남광주통합특별시 신안군
20180535052,1,1,1,햇콕농업회사법인(주),식품제조가공업,전남광주통합특별시,전남광주통합특별시 신안군
20180537037,1,1,1,(주)콩콩,식품제조가공업,경상북도,경상북도 포항시
20180537045,3,3,3,주식회사 하이청 팜 농업회사법인,식품제조가공업,경상북도,경상북도 포항시
20180537078,1,1,1,포항장미빵,식품제조가공업,경상북도,경상북도 포항시
20180537110,4,4,4,(주)어업회사법인바다36포항공장,식품제조가공업,경상북도,경상북도 포항시
20180542020,10,10,6,대구농산(주) 강동지점,식품제조가공업,경상북도,경상북도 경주시
20180542424,1,1,1,두리씨엔에스,식품제조가공업,경상북도,경상북도 경주시
20180542999,1,1,1,농업회사 법인 경주로칼푸드(주),식품제조가공업,경상북도,경상북도 경주시
20180543265,1,1,1,에이치엠피(주),식품소분업,경상북도,경상북도 경주시
20180543382,1,1,1,보리선수들,식품제조가공업,경상북도,경상북도 경주시
20180547051,1,1,1,태평원,식품제조가공업,경상북도,경상북도 안동시
20180547091,2,2,2,영농조합법인 헬소스,식품제조가공업,경상북도,경상북도 안동시
20180547131,1,1,1,농업회사법인주식회사 성실농산,식품제조가공업,경상북도,경상북도 안동시
20180547193,1,1,1,농업회사법인 주식회사 태율,식품제조가공업,경상북도,경상북도 안동시
20180547220,1,1,1,(주)안동맛자반,식품제조가공업,경상북도,경상북도 안동시
20180547326,2,2,2,영농조합법인 안동엿기름(푸른들농산),식품제조가공업,경상북도,경상북도 안동시
20180547340,1,1,1,안동yes푸드,식품제조가공업,경상북도,경상북도 안동시
20180547359,1,1,1,주식회사 청명,식품제조가공업,경상북도,경상북도 안동시
20180547435,1,1,1,농업회사법인 과일드림(주),식품제조가공업,경상북도,경상북도 안동시
20180547461,3,3,3,농업회사법인 한성원주식회사,식품제조가공업,경상북도,경상북도 안동시
20180547550,2,2,2,케이앤비푸드,식품제조가공업,경상북도,경상북도 안동시
20180552664,4,3,3,주식회사낭만연구소,식품제조가공업,경상북도,경상북도 구미시
20180558018,5,5,5,채운영농조합법인제1공장,식품제조가공업,경상북도,경상북도 영주시
20180558327,1,1,1,즈비다,식품제조가공업,경상북도,경상북도 영주시
20180559025,1,1,1,주식회사 아이밀에프앤비,식품제조가공업,경상북도,경상북도 영천시
20180559183,1,1,1,주식회사 싱싱푸드,식품제조가공업,경상북도,경상북도 영천시
20180559282,2,2,2,농업회사법인(주)하비랑,식품제조가공업,경상북도,경상북도 영천시
20180559343,1,1,1,농업회사법인(주)더더,식품제조가공업,경상북도,경상북도 영천시
20180560003,1,1,1,(주)에쓰와이푸드,식품제조가공업,경상북도,경상북도 상주시
20180560066,2,2,2,농업회사법인 원진 주식회사,식품제조가공업,경상북도,경상북도 상주시
20180562053,5,5,3,농업회사법인 싱그람 주식회사,식품제조가공업,경상북도,경상북도 문경시
20180562090,1,1,1,유한회사 농업회사법인 삼미식품,식품제조가공업,경상북도,경상북도 문경시
20180564258,2,2,2,냠몽몽 쿠킹스튜디오,식품제조가공업,경상북도,경상북도 경산시
20180567002,2,2,1,영농조합법인 푸루른,식품제조가공업,경상북도,경상북도 의성군
20180567018,1,1,1,다인댁의 산골이야기 농업회사법인 주식회사,식품제조가공업,경상북도,경상북도 의성군
20180567073,2,1,2,농업회사법인 주식회사 여춘여산,식품제조가공업,경상북도,경상북도 의성군
20180567088,3,3,3,삼오종합식품(주),식품제조가공업,경상북도,경상북도 의성군
20180568013,2,2,2,농업회사법인 주왕산김치 주식회사,식품제조가공업,경상북도,경상북도 청송군
20180570067,1,1,1,농업회사 법인 영플러스 주식회사,식품제조가공업,경상북도,경상북도 영덕군
20180570125,1,1,1,홍일식품,식품제조가공업,경상북도,경상북도 영덕군
20180571069,1,1,1,반트 에이치앤에프,식품제조가공업,경상북도,경상북도 청도군
20180571110,2,2,2,수제원 에프디(FD),식품제조가공업,경상북도,경상북도 청도군
20180571113,1,1,1,농업법인주식회사 골든팜,식품제조가공업,경상북도,경상북도 청도군
20180571143,1,1,1,청도감 영농조합법인,식품제조가공업,경상북도,경상북도 청도군
20180572013,1,1,1,(주)대가야식품,식품제조가공업,경상북도,경상북도 고령군
20180572017,2,2,2,엠스푸드주식회사,식품제조가공업,경상북도,경상북도 고령군
20180572023,1,1,1,대송식품,식품제조가공업,경상북도,경상북도 고령군
20180572057,1,1,1,농업회사법인 가바라이스(주),식품제조가공업,경상북도,경상북도 고령군
20180573086,2,2,2,참샘영농조합법인,식품제조가공업,경상북도,경상북도 성주군
20180573128,6,6,4,자연누리,식품제조가공업,경상북도,경상북도 성주군
20180574029,2,2,2,(주)요리궁,식품제조가공업,경상북도,경상북도 칠곡군
20180574063,1,1,1,농업회사법인 주식회사 씨앤씨 정,식품제조가공업,경상북도,경상북도 칠곡군
20180574195,5,5,5,(주)놀이터팩토리 D1,식품제조가공업,경상북도,경상북도 칠곡군
20180574242,1,1,1,주식회사 진성바이오,식품제조가공업,경상북도,경상북도 칠곡군
20180574286,6,6,5,농업회사법인(주)금수강산,식품제조가공업,경상북도,경상북도 칠곡군
20180575102,2,1,2,소화농장,식품제조가공업,경상북도,경상북도 예천군
20180577022,4,4,4,우리진더하기 협동조합,식품제조가공업,경상북도,경상북도 울진군
20180578017,1,1,1,와식품,식품제조가공업,경상북도,경상북도 울릉군
20180581354,5,5,5,(주)유엔지푸드,식품제조가공업,경상남도,경상남도 창원시
20180581411,1,1,1,(주)유엔지푸드,식품소분업,경상남도,경상남도 창원시
20180581677,6,3,3,창원시농산물가공지원센터,식품제조가공업,경상남도,경상남도 창원시
20180587301,2,2,2,(주)알앤제이푸드,식품제조가공업,경상남도,경상남도 창원시
20180587354,4,4,3,어업회사법인우솔푸드주식회사,식품제조가공업,경상남도,경상남도 창원시
20180587550,2,2,2,씨엘(주),식품제조가공업,경상남도,경상남도 창원시
20180589064,5,3,3,어업회사법인주식회사해광,식품제조가공업,경상남도,경상남도 창원시
20180589264,2,2,2,농업회사법인(주) 가고파힐링푸드 2공장,식품제조가공업,경상남도,경상남도 창원시
20180594238,3,3,3,향유엔에이치 농업회사법인 유한회사,식품제조가공업,경상남도,경상남도 진주시
20180594512,1,1,1,수푸드팜,식품제조가공업,경상남도,경상남도 진주시
20180596355,1,1,1,대원식품(주)별관,식품제조가공업,경상남도,경상남도 통영시
20180596475,1,1,1,함지화양영농조합법인,식품제조가공업,경상남도,경상남도 통영시
20180596480,2,1,1,JD푸드,식품제조가공업,경상남도,경상남도 창원시
20180596498,1,1,1,빅마마씨푸드(주)F1,식품제조가공업,경상남도,경상남도 통영시
20180598112,4,4,4,사천시 농산물종합가공센터,식품제조가공업,경상남도,경상남도 사천시
20180598155,1,1,1,해피제과,식품제조가공업,경상남도,경상남도 사천시
20180598359,1,1,1,사남농협 우리밀 건조저장가공사업소,식품제조가공업,경상남도,경상남도 사천시
20180598516,1,1,1,주식회사 사천양봉원,식품제조가공업,경상남도,경상남도 사천시
20180599167,1,1,1,두성유통(주)김해휴게소 가야풍경채,일반음식점,경상남도,경상남도 김해시
20180599535,1,1,1,농협김해유통센터,식품제조가공업,경상남도,경상남도 김해시
20180603022,3,3,3,농업회사법인 오리온농협 주식회사,식품제조가공업,경상남도,경상남도 밀양시
20180603084,1,1,1,(주)김선애오병이어,식품제조가공업,경상남도,경상남도 밀양시
20180603151,4,4,4,밀양식품유통,식품제조가공업,경상남도,경상남도 밀양시
20180603200,1,1,1,농업회사법인 리치푸드시스템(주),식품제조가공업,경상남도,경상남도 밀양시
20180603232,1,1,1,애플보이,식품제조가공업,경상남도,경상남도 밀양시
20180603236,1,1,1,주아농원,식품제조가공업,경상남도,경상남도 밀양시
20180603327,1,1,1,유쾌한농부,식품제조가공업,경상남도,경상남도 밀양시
20180604608,8,8,8,거제시농산물가공협동조합,식품제조가공업,경상남도,경상남도 거제시
20180606017,4,4,4,(주)용원에프앤에스,식품제조가공업,경상남도,경상남도 양산시
20180606261,2,1,1,농업회사법인 바로담(주),식품제조가공업,부산광역시,부산광역시 기장군
20180606288,2,2,2,필디저트,식품제조가공업,경상남도,경상남도 양산시
20180606677,1,1,1,(주)신라병가 2공장,식품제조가공업,경상남도,경상남도 양산시
20180606758,2,1,1,(주)성우에프앤에프,식품제조가공업,경상남도,경상남도 양산시
20180606939,1,1,1,주식회사 양인터네셔널 제2공장,식품제조가공업,경상남도,경상남도 양산시
20180607124,1,1,1,비케이유통 주식회사,식품제조가공업,경상남도,경상남도 양산시
20180609007,1,1,1,너른떡영농조합법인,식품제조가공업,경상남도,경상남도 의령군
20180609010,1,1,1,농업회사법인 주식회사 의령황금메밀,식품제조가공업,경상남도,경상남도 의령군
20180609045,2,2,2,모모시루,식품제조가공업,경상남도,경상남도 의령군
20180610132,1,1,1,(주)씨앤비에프 2공장,식품제조가공업,경상남도,경상남도 함안군
20180612015,2,2,2,산들블루베리푸드,식품제조가공업,경상남도,경상남도 고성군
20180612023,1,1,1,천가수산식품,식품제조가공업,경상남도,경상남도 고성군
20180614043,1,1,1,하동섬진강재첩수산 2공장,식품제조가공업,경상남도,경상남도 하동군
20180614114,1,1,1,농업회사법인 요리곳간 주식회사,식품제조가공업,경상남도,경상남도 하동군
20180614164,3,3,3,하동농산물가공영농조합법인,식품제조가공업,경상남도,경상남도 하동군
20180614178,1,1,1,지리산 하늘농원,식품제조가공업,경상남도,경상남도 하동군
20180615123,1,1,1,지리산사과 영농조합법인,식품제조가공업,경상남도,경상남도 산청군
20180618055,1,1,1,합천생약가공영농조합법인,식품제조가공업,경상남도,경상남도 합천군
20180618066,2,2,2,새싹발아통밀빵,식품제조가공업,경상남도,경상남도 합천군
20180618067,3,1,2,(주)구포국수,식품제조가공업,경상남도,경상남도 합천군
20180620029,3,3,3,푸른파파영농조합법인,식품제조가공업,제주특별자치도,제주특별자치도 제주시
20180620094,1,1,1,(주)청해푸드,식품제조가공업,제주특별자치도,제주특별자치도 제주시
20180620734,1,1,1,거북이식품,식품제조가공업,제주특별자치도,제주특별자치도 제주시
20180620851,1,1,1,농업회사법인주식회사배려이노베이션,식품제조가공업,제주특별자치도,제주특별자치도 제주시
20180621046,2,2,2,탐미수산,식품제조가공업,제주특별자치도,제주특별자치도 제주시
20180621087,1,1,1,노꼬메식품,식품제조가공업,제주특별자치도,제주특별자치도 제주시
20180621710,1,1,1,탐나라,식품제조가공업,제주특별자치도,제주특별자치도 제주시
20180621801,4,4,3,(주)한솜푸드,식품제조가공업,제주특별자치도,제주특별자치도 제주시
20180622195,3,3,3,블루탐영농조합법인,식품제조가공업,제주특별자치도,제주특별자치도 제주시
20180622215,13,7,9,(재)제주테크노파크용암해수센터,식품제조가공업,제주특별자치도,제주특별자치도 제주시
20180622245,1,1,1,고씨네수산,식품제조가공업,제주특별자치도,제주특별자치도 제주시
20180624406,2,2,2,(주)비지에프푸드제주,식품제조가공업,제주특별자치도,제주특별자치도 서귀포시
20180624407,3,2,3,하효살롱협동조합,식품제조가공업,제주특별자치도,제주특별자치도 서귀포시
20180624624,1,1,1,귤향 영농조합법인,식품제조가공업,제주특별자치도,제주특별자치도 서귀포시
20190014249,4,4,4,주식회사 스퀴즈맥주 순창공장,식품제조가공업(주류),전북특별자치도,전북특별자치도 순창군
20190029274,1,1,1,트라이얼라이언스,식품소분업,서울특별시,서울특별시 중구
20190029466,6,3,3,(주)쿠엔즈버킷,식품제조가공업,서울특별시,서울특별시 중구
20190030717,2,2,2,주식회사 찬스토어,식품제조가공업,서울특별시,서울특별시 중구
20190036363,2,2,2,주식회사 프레시코드,식품제조가공업,서울특별시,서울특별시 성동구
20190036910,2,1,1,주식회사 이립,식품제조가공업,서울특별시,서울특별시 성동구
20190036920,2,2,2,에스디푸드 성동미래일자리(주),식품제조가공업,서울특별시,서울특별시 성동구
20190037046,1,1,1,쁠렌느륀,식품제조가공업,서울특별시,서울특별시 성동구
20190037250,1,1,1,주식회사 왕들의식탁,식품제조가공업,서울특별시,서울특별시 성동구
20190056491,2,2,2,미리내푸드,식품제조가공업,서울특별시,서울특별시 도봉구
20190059427,2,2,2,노원김치협동조합,식품제조가공업,서울특별시,서울특별시 노원구
20190060386,3,1,1,(주)예성에프앤비,식품제조가공업,경기도,경기도 포천시
20190063057,1,1,1,맛있는이야기,식품제조가공업,서울특별시,서울특별시 은평구
20190063250,1,1,1,(주)온어락소다,식품제조가공업,서울특별시,서울특별시 은평구
20190064375,2,1,1,중독팩토리,식품제조가공업,서울특별시,서울특별시 은평구
20190073189,2,1,1,탄도리푸드서비스,식품제조가공업,서울특별시,서울특별시 양천구
20190077542,2,2,2,어업회사법인 주식회사 새롬물산,식품제조가공업,서울특별시,서울특별시 강서구
20190084032,1,1,1,히카리,식품제조가공업,서울특별시,서울특별시 금천구
20190084364,2,1,1,(주)휴버트,식품제조가공업,경기도,경기도 화성시
20190084406,1,1,1,한양식품,식품제조가공업,서울특별시,서울특별시 금천구
20190085116,4,4,4,주식회사 인퓨저,식품제조가공업,서울특별시,서울특별시 금천구
20190086933,1,1,1,커피기업,식품제조가공업,서울특별시,서울특별시 영등포구
20190087767,4,4,4,바오담 문래센터,식품제조가공업,서울특별시,서울특별시 영등포구
20190087835,1,1,1,(주)엘리스파이,식품제조가공업,서울특별시,서울특별시 영등포구
20190094880,1,1,1,찰리와디저트공장,식품제조가공업,서울특별시,서울특별시 관악구
20190098899,8,2,2,(주)톰볼라,식품제조가공업,서울특별시,서울특별시 금천구
20190100468,1,1,1,씨앤피푸드공장,식품제조가공업,서울특별시,서울특별시 서초구
20190114144,1,1,1,제로베이커리,식품제조가공업,서울특별시,서울특별시 송파구
20190114426,4,2,1,바이오나이자,식품제조가공업,서울특별시,서울특별시 송파구
20190115028,1,1,1,(주)로잇츠,식품제조가공업,서울특별시,서울특별시 송파구
20190115136,2,1,1,주)앙팡드봉봉,식품제조가공업,경기도,경기도 하남시
20190120034,2,2,2,조은푸드,식품제조가공업,서울특별시,서울특별시 강동구
20190128012,1,1,1,와이비씨푸드(주),식품제조가공업,부산광역시,부산광역시 서구
20190128057,4,4,4,(주)청아 SP&T,식품제조가공업,부산광역시,부산광역시 서구
20190128281,2,2,2,주식회사 부산정식품,식품제조가공업,부산광역시,부산광역시 서구
20190128284,3,3,3,(주)바다를품다,식품제조가공업,부산광역시,부산광역시 서구
20190137535,2,2,2,(주)올투딜리셔스,식품제조가공업,부산광역시,부산광역시 남구
20190139637,1,1,1,주식회사 행복식품,식품제조가공업,부산광역시,부산광역시 북구
20190141392,2,2,2,연옥김치 전문점,식품제조가공업,부산광역시,부산광역시 해운대구
20190141470,2,2,2,주식회사 이에이치알앤디센터,식품제조가공업,부산광역시,부산광역시 해운대구
20190141526,3,3,3,주식회사 에스나인바이오사이언스,식품제조가공업,부산광역시,부산광역시 해운대구
20190142054,1,1,1,(주)부파리스(vous par is),식품제조가공업,부산광역시,부산광역시 해운대구
20190142143,4,2,2,주식회사 씨에프씨,식품제조가공업,부산광역시,부산광역시 금정구
20190142473,3,1,1,가야농산,식품제조가공업,부산광역시,부산광역시 해운대구
20190144030,2,2,1,다선어묵,식품제조가공업,부산광역시,부산광역시 사하구
20190144126,1,1,1,(주)태명수산,식품제조가공업,부산광역시,부산광역시 사하구
20190144127,2,2,2,(주)에스제이씨푸드,식품제조가공업,부산광역시,부산광역시 사하구
20190144180,1,1,1,(주)진양티엔에프,식품제조가공업,부산광역시,부산광역시 사하구
20190144268,3,3,3,(주)에스아이홀푸드,식품제조가공업,부산광역시,부산광역시 사하구
20190144303,5,5,5,주식회사 두나래씨푸드,식품제조가공업,부산광역시,부산광역시 사하구
20190144494,2,2,1,나라수산(NARA SEAFOOD),식품제조가공업,부산광역시,부산광역시 사하구
20190144702,2,2,2,솔솔팩토리,식품제조가공업,부산광역시,부산광역시 사하구
20190144732,2,2,2,(주)동화수산,식품제조가공업,부산광역시,부산광역시 사하구
20190144840,5,5,5,초산씨푸드(주),식품제조가공업,부산광역시,부산광역시 사하구
20190144860,2,2,2,(주)오션스퀘어,식품제조가공업,부산광역시,부산광역시 사하구
20190149463,1,1,1,금촌식품,식품제조가공업,부산광역시,부산광역시 강서구
20190149756,3,3,3,(주)핸즈온,식품제조가공업,부산광역시,부산광역시 강서구
20190150292,1,1,1,고담,식품제조가공업,부산광역시,부산광역시 연제구
20190150427,6,2,2,호맥,식품제조가공업,부산광역시,부산광역시 연제구
20190150652,4,2,2,파파김치,식품제조가공업,부산광역시,부산광역시 동래구
20190152060,1,1,1,(주)청담식품,식품제조가공업,부산광역시,부산광역시 수영구
20190152133,4,2,2,아뮤즈에프엔비,식품제조가공업,부산광역시,부산광역시 해운대구
20190154192,4,4,4,에이엔디(AND)푸드,식품제조가공업,부산광역시,부산광역시 사상구
20190154438,1,1,1,동해식품,식품제조가공업,부산광역시,부산광역시 사상구
20190156015,2,2,2,삼광수산(주),식품제조가공업,부산광역시,부산광역시 기장군
20190156205,2,2,2,(주)한국푸드본 정관공장,식품제조가공업,부산광역시,부산광역시 기장군
20190156330,1,1,1,주식회사 올마이트,식품제조가공업,부산광역시,부산광역시 기장군
20190156561,3,3,3,(주)엔제이에프앤비,식품제조가공업,부산광역시,부산광역시 기장군
20190156665,2,2,2,(주)원베이커리,식품제조가공업,부산광역시,부산광역시 기장군
20190161065,2,2,2,농업회사법인주식회사 사람과연근플러스자연,식품제조가공업,대구광역시,대구광역시 동구
20190161118,1,1,1,대자연팔공수,식품제조가공업,대구광역시,대구광역시 동구
20190161464,2,2,2,케이터링서비스파트너(주),식품제조가공업,대구광역시,대구광역시 동구
20190161794,2,2,2,(주)울프코퍼레이션,식품제조가공업,대구광역시,대구광역시 동구
20190164285,4,4,4,아이선,식품제조가공업,대구광역시,대구광역시 서구
20190164335,6,6,3,뉴트리디언,식품제조가공업,대구광역시,대구광역시 서구
20190170401,6,2,2,주식회사 와이마임,식품제조가공업,대구광역시,대구광역시 달서구
20190175748,2,1,1,룰리커피,식품제조가공업,대구광역시,대구광역시 수성구
20190182509,2,2,2,(주)성빈식품,식품제조가공업,대구광역시,대구광역시 달서구
20190183426,1,1,1,팡드켜흐,식품제조가공업,대구광역시,대구광역시 달서구
20190189139,9,5,7,달성군농산물가공영농조합법인,식품제조가공업,대구광역시,대구광역시 달성군
20190189370,1,1,1,주식회사 디앤씨바이오,식품제조가공업,대구광역시,대구광역시 달성군
20190189549,2,2,2,사문진푸드시스템,식품제조가공업,대구광역시,대구광역시 달성군
20190189737,2,2,1,우닉(UNIK),식품제조가공업,대구광역시,대구광역시 달성군
20190189844,6,3,3,프로틴컴퍼니,식품제조가공업,경상북도,경상북도 성주군
20190189891,4,4,2,주식회사 감미,식품제조가공업,대구광역시,대구광역시 달성군
20190189942,1,1,1,디저트본,식품제조가공업,대구광역시,대구광역시 달성군
20190189947,3,3,3,농업회사법인(주)아름팜,식품제조가공업,대구광역시,대구광역시 달성군
20190192197,2,2,2,(주)신영수산,식품제조가공업,인천광역시,인천광역시 제물포구
20190192198,4,4,2,(주)와이비씨푸드,식품제조가공업,인천광역시,인천광역시 제물포구
20190192219,4,4,2,(주)에스와이컴퍼니,식품제조가공업,인천광역시,인천광역시 제물포구
20190192413,2,2,2,(주)은해랑,식품제조가공업,인천광역시,인천광역시 제물포구
20190192431,2,2,2,진양수산,식품제조가공업,인천광역시,인천광역시 제물포구
20190192502,1,1,1,주식회사 경화기업,식품제조가공업,인천광역시,인천광역시 제물포구
20190192613,4,4,4,자연앤푸드,식품제조가공업,인천광역시,인천광역시 제물포구
20190192622,2,2,2,주식회사 그리심,식품제조가공업,인천광역시,인천광역시 제물포구
20190192638,1,1,1,윈윈수산식품센터,식품제조가공업,인천광역시,인천광역시 제물포구
20190192825,1,1,1,신해,식품제조가공업,인천광역시,인천광역시 제물포구
20190194152,1,1,1,도도도 주식회사,식품제조가공업,인천광역시,인천광역시 제물포구
20190195140,2,2,2,쿠키지,식품제조가공업,인천광역시,인천광역시 미추홀구
20190199627,1,1,1,황홀스레,식품제조가공업,인천광역시,인천광역시 연수구
20190199631,2,2,2,온쿡컴퍼니 주식회사,식품제조가공업,인천광역시,인천광역시 연수구
20190202364,1,1,1,(주)맛요일,집단급식소 식품판매업,인천광역시,인천광역시 남동구
20190202404,2,2,2,(주)해인푸드,식품제조가공업,인천광역시,인천광역시 남동구
20190202430,2,1,1,(주)샛별푸드,식품제조가공업,인천광역시,인천광역시 검단구
20190203002,2,2,2,새턴주식회사,식품제조가공업,인천광역시,인천광역시 남동구
20190203246,2,2,2,(주)남영씨푸드,식품제조가공업,인천광역시,인천광역시 남동구
20190203296,2,2,2,주식회사 다원식품,식품제조가공업,인천광역시,인천광역시 남동구
20190203517,4,4,4,창영이팩토리,식품제조가공업,인천광역시,인천광역시 남동구
20190206016,1,1,1,주식회사 에스엔비,식품제조가공업,인천광역시,인천광역시 부평구
20190206025,2,1,1,(주)준유통,식품제조가공업,인천광역시,인천광역시 계양구
20190206109,1,1,1,주식회사 바른공장,식품제조가공업,인천광역시,인천광역시 부평구
20190206110,1,1,1,(주)살루스,식품제조가공업,인천광역시,인천광역시 부평구
20190208311,2,2,2,(주)선도씨푸드,식품제조가공업,인천광역시,인천광역시 계양구
20190211018,2,2,2,라승푸드,식품제조가공업,인천광역시,인천광역시 검단구
20190211160,1,1,1,엑스푸드,식품제조가공업,인천광역시,인천광역시 검단구
20190211225,1,1,1,농업회사법인 주식회사 거해,식품제조가공업,인천광역시,인천광역시 검단구
20190211496,1,1,1,농업회사법인우리모두식품,식품제조가공업,인천광역시,인천광역시 서해구
20190211853,1,1,1,(주)제이앤피바이오,식품제조가공업,인천광역시,인천광역시 검단구
20190211988,1,1,1,주식회사 한국푸드씨스템,식품제조가공업,인천광역시,인천광역시 서해구
20190212170,3,3,3,(주)위드식품,식품제조가공업,인천광역시,인천광역시 서해구
20190212246,2,2,2,(주)에스런치,식품제조가공업,인천광역시,인천광역시 서해구
20190212796,2,2,2,농업회사법인주식회사성현친환경,식품제조가공업,인천광역시,인천광역시 서해구
20190214055,6,3,2,주식회사 우아한생활,식품제조가공업,인천광역시,인천광역시 강화군
20190214178,1,1,1,(주)왈순아지매,식품제조가공업,인천광역시,인천광역시 강화군
20190217422,2,1,1,주식회사 다작,식품제조가공업,전남광주통합특별시,전남광주통합특별시 광산구
20190219671,6,3,3,일경 농업회사법인 주식회사,식품제조가공업,전남광주통합특별시,전남광주통합특별시 동구
20190220034,2,1,1,바닮식품,식품제조가공업,전남광주통합특별시,전남광주통합특별시 서구
20190222676,1,1,1,스타베이킹,식품제조가공업,전남광주통합특별시,전남광주통합특별시 남구
20190224393,1,1,1,넥스트플러스주식회사,식품제조가공업,전남광주통합특별시,전남광주통합특별시 북구
20190225010,1,1,1,(주)광주별빵,식품제조가공업,전남광주통합특별시,전남광주통합특별시 북구
20190230099,3,3,2,주식회사워킹맘,식품제조가공업,전남광주통합특별시,전남광주통합특별시 광산구
20190230304,2,1,1,(주)진솔,식품제조가공업,전남광주통합특별시,전남광주통합특별시 담양군
20190230827,2,2,2,좋은직업재활센터,식품제조가공업,전남광주통합특별시,전남광주통합특별시 광산구
20190231012,1,1,1,지비엘,식품제조가공업,전남광주통합특별시,전남광주통합특별시 광산구
20190231076,1,1,1,평동농협두부가공사업소,식품제조가공업,전남광주통합특별시,전남광주통합특별시 광산구
20190234068,1,1,1,움트다,식품제조가공업,대전광역시,대전광역시 동구
20190234770,4,2,1,농업회사법인 유한회사 오곡,식품제조가공업,대전광역시,대전광역시 동구
20190234874,1,1,1,이게웬떡,식품제조가공업,대전광역시,대전광역시 동구
20190239323,1,1,1,상수당,식품제조가공업,대전광역시,대전광역시 서구
20190240129,2,2,2,주식회사캘리포니아베이커리카페,식품제조가공업,대전광역시,대전광역시 서구
20190243038,1,1,1,농업회사법인 동고동락 주식회사,식품제조가공업,대전광역시,대전광역시 유성구
20190243090,4,2,1,(주)감동을 주는 사람들,식품제조가공업,충청남도,충청남도 공주시
20190244391,1,1,1,성심기정떡,식품제조가공업,대전광역시,대전광역시 유성구
20190246379,1,1,1,풍년민속떡집,식품제조가공업,대전광역시,대전광역시 대덕구
20190246469,2,1,1,명랑시대외식청년창업협동조합,식품제조가공업,충청남도,충청남도 계룡시
20190249104,1,1,1,(주)선한푸드앤컬처 한국에너지공단지점,위탁급식영업,울산광역시,울산광역시 중구
20190256091,1,1,1,행복을나누는도시락,즉석판매제조가공업,울산광역시,울산광역시 동구
20190260637,2,2,2,그린푸드,식품제조가공업,울산광역시,울산광역시 울주군
20190260673,1,1,1,한솔푸드,식품제조가공업,울산광역시,울산광역시 울주군
20190262121,6,6,6,농업회사법인주식회사 대광농산,식품제조가공업,세종특별자치시,세종특별자치시
20190262623,3,3,3,농업회사법인(주)세종우리밀,식품제조가공업,세종특별자치시,세종특별자치시
20190262964,1,1,1,농업회사법인 예담푸드주식회사,식품제조가공업,세종특별자치시,세종특별자치시
20190263550,2,2,2,농업회사법인(주)자모,식품제조가공업,세종특별자치시,세종특별자치시
20190263650,11,11,11,(주)멜로시라바이오,식품제조가공업,세종특별자치시,세종특별자치시
20190268349,2,2,2,엘린컴퍼니,식품제조가공업,경기도,경기도 수원시
20190268403,6,3,3,농업회사법인 주식회사 우수한형제들,식품제조가공업,경기도,경기도 수원시
20190269374,2,2,2,남도식품,식품제조가공업,경기도,경기도 수원시
20190269585,1,1,1,쏭푸드시스템주식회사(간식여왕),식품제조가공업,경기도,경기도 수원시
20190269905,3,3,3,주식회사 은매화농산,식품제조가공업,경기도,경기도 수원시
20190280001,1,1,1,파베스플러스,식품제조가공업,경기도,경기도 성남시
20190280002,2,2,2,쥬쥬베이킹,식품제조가공업,경기도,경기도 성남시
20190280021,3,3,3,씨앤엘에프엔비글로벌(C&L FnB Global),식품제조가공업,경기도,경기도 성남시
20190280035,7,7,7,(주)파리크라상 신공장,식품제조가공업,경기도,경기도 성남시
20190280077,6,6,6,(주)유월의보리,식품제조가공업,경기도,경기도 성남시
20190280137,1,1,1,주식회사 핀브레드,식품제조가공업,경기도,경기도 성남시
20190280173,1,1,1,아침주식회사 2공장,식품제조가공업,경기도,경기도 성남시
20190280192,1,1,1,주식회사 플랜에스인터내셔널,식품제조가공업,경기도,경기도 성남시
20190280198,1,1,1,(주)평화식품 상대원지점,식품제조가공업,경기도,경기도 성남시
20190280239,2,1,1,디안추어정,식품제조가공업,경기도,경기도 광주시
20190280255,2,2,2,(주)케이푸드코리아코퍼레이션,식품제조가공업,경기도,경기도 성남시
20190280281,2,1,1,신일등,식품제조가공업,경기도,경기도 성남시
20190280327,29,16,15,(주)현대그린푸드 스마트푸드센터,식품제조가공업,경기도,경기도 성남시
20190280341,4,4,4,주식회사 달그락푸드팩토리,식품제조가공업,경기도,경기도 성남시
20190280361,1,1,1,푸드니처,식품제조가공업,경기도,경기도 성남시
20190280376,5,5,5,바다원 제2공장,식품제조가공업,경기도,경기도 성남시
20190290117,1,1,1,우리떡누리 푸드,식품제조가공업,경기도,경기도 의정부시
20190290327,5,5,5,(주)레츠프레소,식품제조가공업,경기도,경기도 의정부시
20190291581,2,2,2,주식회사 아주에프엔비,식품제조가공업,경기도,경기도 의정부시
20190293008,1,1,1,(주)팔래스코리아,식품제조가공업,경기도,경기도 안양시
20190299116,1,1,1,주식회사 레호보트,식품제조가공업,경기도,경기도 부천시
20190299273,1,1,1,(주)정담에프엔에스,식품제조가공업,경기도,경기도 부천시
20190301889,1,1,1,혜성푸드,식품제조가공업,경기도,경기도 부천시
20190319108,1,1,1,앨리스가든,식품제조가공업,경기도,경기도 광명시
20190319333,1,1,1,(주)이규식품,식품제조가공업,경기도,경기도 광명시
20190319377,2,1,1,제중식품,식품소분업,경기도,경기도 광명시
20190321639,1,1,1,농업회사법인 주식회사 우리밀에프엔비,식품제조가공업,경기도,경기도 평택시
20190323344,9,9,8,팜앤브로 주식회사,식품제조가공업,경기도,경기도 평택시
20190323482,4,2,2,주)디에스푸드,식품제조가공업,경기도,경기도 평택시
20190324079,1,1,1,안중풍년떡집,식품제조가공업,경기도,경기도 평택시
20190324143,4,4,4,(주)초이스키친,식품제조가공업,경기도,경기도 평택시
20190324148,1,1,1,아지노모도농심푸즈(주),식품제조가공업,경기도,경기도 평택시
20190324215,1,1,1,(주)평택에프앤에프,식품제조가공업,경기도,경기도 평택시
20190324218,2,2,2,미듬영농조합법인(제3공장),식품제조가공업,경기도,경기도 평택시
20190324331,2,2,2,주식회사 서연푸드,식품제조가공업,경기도,경기도 평택시
20190324336,3,3,3,지푸드,식품제조가공업,경기도,경기도 평택시
20190324419,4,4,4,(주)인스푸드코리아,식품제조가공업,경기도,경기도 평택시
20190324434,15,15,15,(주)오뚜기,식품제조가공업,경기도,경기도 평택시
20190325255,1,1,1,농업회사법인 아람농가주식회사,식품제조가공업,경기도,경기도 동두천시
20190326034,2,2,2,자담채,식품제조가공업,경기도,경기도 안산시
20190326100,23,23,22,우리바이오 주식회사,식품제조가공업,경기도,경기도 안산시
20190326257,4,4,4,(주)아란치니브라더스,식품제조가공업,경기도,경기도 안산시
20190326290,1,1,1,백암알천순대,식품제조가공업,경기도,경기도 안산시
20190326335,1,1,1,주식회사 동북푸드,식품제조가공업,경기도,경기도 안산시
20190326519,1,1,1,(주)해피반미,식품제조가공업,경기도,경기도 안산시
20190326662,4,2,2,호박식품,식품제조가공업,경기도,경기도 안산시
20190326693,2,2,2,미미사푸드,식품제조가공업,경기도,경기도 안산시
20190335223,1,1,1,밥순삭꽃게야,식품제조가공업,경기도,경기도 고양시
20190335347,2,2,2,썬푸드,식품제조가공업,경기도,경기도 고양시
20190335524,2,2,2,복담,식품제조가공업,경기도,경기도 고양시
20190335557,2,2,2,주식회사팜틱,식품제조가공업,경기도,경기도 고양시
20190335694,2,1,1,너울푸드,식품제조가공업,경기도,경기도 고양시
20190335980,1,1,1,다이찌식품,식품첨가물제조업,경기도,경기도 고양시
20190336164,2,2,2,주식회사에이원에프앤비,식품제조가공업,경기도,경기도 고양시
20190336671,3,3,3,고양시니어클럽 행주농가,식품제조가공업,경기도,경기도 고양시
20190336804,2,2,2,(주)월드푸드,식품제조가공업,경기도,경기도 고양시
20190337219,2,2,2,포스퀘어 커피 컴퍼니,식품제조가공업,경기도,경기도 고양시
20190337276,1,1,1,레미니스,식품제조가공업,경기도,경기도 고양시
20190337280,4,2,2,(주)신채,식품제조가공업,경기도,경기도 양주시
20190346231,1,1,1,주식회사 에스더앤루스푸드,식품제조가공업,경기도,경기도 구리시
20190346544,2,1,1,소년의 행성,식품제조가공업,경기도,경기도 구리시
20190348061,2,2,2,(주)한아름푸드,식품제조가공업,경기도,경기도 남양주시
20190348243,3,1,1,(주)판테온,식품제조가공업,경기도,경기도 광주시
20190348321,4,2,2,엔앤비푸드,식품제조가공업,경기도,경기도 화성시
20190348343,1,1,1,(주)임실치즈에프엔비,식품제조가공업,경기도,경기도 남양주시
20190348579,2,2,2,주식회사 더바른제과,식품제조가공업,경기도,경기도 남양주시
20190349087,2,2,1,투더,식품제조가공업,경기도,경기도 남양주시
20190349138,2,2,2,배정열 베이커리,식품제조가공업,경기도,경기도 남양주시
20190349263,2,2,2,(주)푸드엠코리아,식품제조가공업,경기도,경기도 남양주시
20190349789,1,1,1,주식회사 더찬,식품제조가공업,경기도,경기도 남양주시
20190350264,2,2,2,남양주시니어클럽,식품제조가공업,경기도,경기도 남양주시
20190350367,1,1,1,초례청한과,식품제조가공업,경기도,경기도 남양주시
20190350569,2,2,2,주식회사 푸른나무,식품제조가공업,경기도,경기도 남양주시
20190350579,4,4,4,정우푸드,식품제조가공업,경기도,경기도 남양주시
20190352055,4,2,2,주식회사큐앤비푸드,식품제조가공업,경기도,경기도 오산시
20190352434,2,1,1,경기에프엔비,식품제조가공업,경기도,경기도 포천시
20190352486,1,1,1,(주)솔루밀,식품제조가공업,경기도,경기도 오산시
20190352647,4,2,2,(주)웰드림,식품제조가공업,경기도,경기도 오산시
20190354094,1,1,1,주식회사 싱크푸드,식품제조가공업,경기도,경기도 시흥시
20190354355,1,1,1,(주)박가네푸드,식품제조가공업,경기도,경기도 시흥시
20190355096,2,1,1,일신식품주식회사,식품제조가공업,경기도,경기도 화성시
20190355192,2,2,2,그린푸드,식품제조가공업,경기도,경기도 시흥시
20190355215,3,3,3,(주)더원헬스랩,식품제조가공업,경기도,경기도 시흥시
20190355434,4,4,4,한아름푸드,식품제조가공업,경기도,경기도 시흥시
20190355453,1,1,1,(주)동성식품2,식품제조가공업,경기도,경기도 시흥시
20190355712,2,2,2,짱어둥둥장어곰탕,식품제조가공업,경기도,경기도 시흥시
20190358482,1,1,1,SM푸드(에스엠푸드),식품제조가공업,경기도,경기도 군포시
20190358623,2,2,2,(주)메디프바이오,식품제조가공업,경기도,경기도 군포시
20190358632,1,1,1,비엔푸드 군포공장,식품제조가공업,경기도,경기도 군포시
20190360313,1,1,1,대원케익,식품제조가공업,경기도,경기도 의왕시
20190360483,1,1,1,(주)장흥한식,식품제조가공업,경기도,경기도 의왕시
20190361105,2,2,2,(주)가족,식품제조가공업,경기도,경기도 하남시
20190361154,1,1,1,진주식품,식품제조가공업,경기도,경기도 하남시
20190361404,1,1,1,위로스트(weroast),식품제조가공업,경기도,경기도 하남시
20190361454,1,1,1,주식회사수련푸드,식품제조가공업,경기도,경기도 하남시
20190361598,2,2,2,(주)한설식품,식품제조가공업,경기도,경기도 하남시
20190361689,4,2,2,주식회사 미쁨,식품제조가공업,경기도,경기도 양평군
20190361931,1,1,1,농업회사법인 (주) 초원에프에스,식품소분업,경기도,경기도 하남시
20190361934,2,2,2,오투뉴트리션,식품제조가공업,경기도,경기도 하남시
20190362072,2,1,1,황금이삭 주식회사 농업회사법인,식품제조가공업,충청북도,충청북도 진천군
20190362127,1,1,1,(주)와이지씨푸드,식품제조가공업,경기도,경기도 하남시
20190362188,2,2,2,(주)아이스펄,식품제조가공업,경기도,경기도 하남시
20190362231,1,1,1,(주)채움에프엔비,식품제조가공업,경기도,경기도 하남시
20190362242,1,1,1,안다미로푸드,식품제조가공업,경기도,경기도 하남시
20190362305,1,1,1,대양식품,식품제조가공업,경기도,경기도 하남시
20190362441,1,1,1,(주)자연원 하남지점,식품제조가공업,경기도,경기도 하남시
20190362594,1,1,1,효성푸드(주),식품제조가공업,경기도,경기도 하남시
20190363028,1,1,1,엠.제이푸드,식품제조가공업,경기도,경기도 용인시
20190363040,3,1,2,농업회사법인 마음이가(주),식품제조가공업,경기도,경기도 용인시
20190363044,1,1,1,(주)오렌지 에프에스,식품제조가공업,경기도,경기도 용인시
20190363046,2,2,2,(주)바로군,식품제조가공업,경기도,경기도 용인시
20190363048,1,1,1,푸드펀,식품제조가공업,경기도,경기도 용인시
20190363082,2,2,2,파로스푸드,식품제조가공업,경기도,경기도 용인시
20190363083,2,2,2,이원,식품제조가공업,경기도,경기도 용인시
20190363087,2,2,2,세계푸드,식품제조가공업,경기도,경기도 용인시
20190363098,6,6,6,델리키친 용인,식품제조가공업,경기도,경기도 용인시
20190363111,3,3,3,어썸브레드 기흥팩토리,식품제조가공업,경기도,경기도 용인시
20190363114,3,3,3,(주)태성에프에스,식품제조가공업,경기도,경기도 용인시
20190363152,1,1,1,주식회사 비에스에프앤씨,식품제조가공업,경기도,경기도 용인시
20190363171,2,1,1,주식회사 오타르,식품제조가공업,경기도,경기도 용인시
20190363172,2,2,2,농업회사법인 주식회사 햅푸드,식품제조가공업,경기도,경기도 용인시
20190363184,2,2,2,(주)어니스트에프앤티 농업회사법인,식품제조가공업,경기도,경기도 용인시
20190371002,4,4,4,애플러스,식품제조가공업,경기도,경기도 파주시
20190371021,2,2,2,(주)정다운자연일가,식품제조가공업,경기도,경기도 파주시
20190371173,3,3,2,(주)닥터브레드,식품제조가공업,경기도,경기도 파주시
20190371303,2,2,2,코만스팩토리,식품제조가공업,경기도,경기도 파주시
20190371320,1,1,1,코코비아 비알,식품제조가공업,경기도,경기도 파주시
20190371453,1,1,1,주식회사 베이크팩토리,식품제조가공업,경기도,경기도 파주시
20190371522,2,2,2,바이오 엑스에너지,식품제조가공업,경기도,경기도 파주시
20190371605,1,1,1,소다에프앤비,식품제조가공업,경기도,경기도 파주시
20190371728,4,2,2,(주)가미엔,식품제조가공업,경기도,경기도 파주시
20190371760,3,3,2,율촌푸드,식품제조가공업,경기도,경기도 파주시
20190371874,5,5,5,미네스,식품제조가공업,경기도,경기도 파주시
20190371897,3,3,3,(주) 정대,식품제조가공업,경기도,경기도 파주시
20190371913,2,2,2,제일홈푸드,식품제조가공업,경기도,경기도 파주시
20190372217,1,1,1,힐팜바이오농업회사법인,식품제조가공업,경기도,경기도 파주시
20190372279,2,2,2,지앤유 마스터즈,식품제조가공업,경기도,경기도 파주시
20190372294,2,2,1,주식회사 동심,식품제조가공업,경기도,경기도 파주시
20190372301,1,1,1,(주)폴콘코퍼레이션,식품제조가공업,경기도,경기도 파주시
20190372413,1,1,1,굿파머스푸드,식품제조가공업,경기도,경기도 파주시
20190372431,1,1,1,쏙쏙이식품,식품제조가공업,경기도,경기도 파주시
20190372730,2,2,1,한영식품 제2공장,식품제조가공업,경기도,경기도 파주시
20190372860,1,1,1,대광에프에스,식품제조가공업,경기도,경기도 파주시
20190374169,1,1,1,주식회사 제이와이에프엔비,식품제조가공업,경기도,경기도 이천시
20190374239,2,2,2,주식회사 엔에스유통,식품제조가공업,경기도,경기도 이천시
20190374355,2,1,1,(주)한잎찬,식품제조가공업,경기도,경기도 이천시
20190374540,4,4,4,(주)에이치엔비웰,식품제조가공업,경기도,경기도 이천시
20190374630,3,3,3,주식회사 이노에프앤비,식품제조가공업,경기도,경기도 이천시
20190374817,9,9,9,정인바이오,식품제조가공업,경기도,경기도 이천시
20190376144,9,9,9,주식회사 케이지이,식품제조가공업,경기도,경기도 안성시
20190376476,2,2,2,호랑이건강원에프앤비 주식회사,식품제조가공업,경기도,경기도 안성시
20190376624,1,1,1,농업회사법인 주식회사 두레푸드 2공장,식품제조가공업,경기도,경기도 안성시
20190376810,1,1,1,(주)지피코 4공장,식품제조가공업,경기도,경기도 안성시
20190376908,2,2,1,안성농식품물류센터,식품제조가공업,경기도,경기도 안성시
20190378122,3,3,3,주식회사 나비야,식품제조가공업,경기도,경기도 김포시
20190378138,2,2,2,나준베이커리,식품제조가공업,경기도,경기도 김포시
20190378327,1,1,1,(주)대성푸드,식품제조가공업,경기도,경기도 김포시
20190378353,1,1,1,(주)초록제면,식품제조가공업,경기도,경기도 김포시
20190378359,3,3,2,(주)글로벌푸드,식품제조가공업,경기도,경기도 김포시
20190378667,1,1,1,푸드맥스,식품제조가공업,경기도,경기도 김포시
20190378725,1,1,1,농업회사법인 참살이푸드원(주),식품제조가공업,경기도,경기도 김포시
20190378731,1,1,1,(주)에스제이제주용암쏠트,식품제조가공업,경기도,경기도 김포시
20190378804,1,1,1,주식회사 굳선,식품제조가공업,경기도,경기도 김포시
20190378812,1,1,1,주식회사 골든브릭스,식품제조가공업,경기도,경기도 김포시
20190378841,4,4,4,이츠웰코리아,식품제조가공업,경기도,경기도 김포시
20190379124,1,1,1,농업회사법인(주)류씨네,식품제조가공업,경기도,경기도 김포시
20190379175,3,3,3,새오름,식품제조가공업,경기도,경기도 김포시
20190379180,1,1,1,(주)에스에이치인터내셔널,식품제조가공업,경기도,경기도 김포시
20190379733,1,1,1,(주)지니스,식품제조가공업,경기도,경기도 김포시
20190379776,1,1,1,게으른농부 영농조합법인,식품제조가공업,경기도,경기도 김포시
20190379912,2,2,2,(주)신세계푸드 김포공장,식품제조가공업,경기도,경기도 김포시
20190380096,2,1,1,주식회사 풍연,식품제조가공업,경기도,경기도 고양시
20190382050,2,2,2,농업회사법인(주)씨엔푸드,식품제조가공업,경기도,경기도 화성시
20190382084,1,1,1,선한에프에스,식품소분업,경기도,경기도 화성시
20190382184,1,1,1,주식회사 금송푸드,식품제조가공업,경기도,경기도 화성시
20190382511,1,1,1,주식회사 우영제부도갯벌김,식품제조가공업,경기도,경기도 화성시
20190382918,1,1,1,(주)빈오너스,식품제조가공업,경기도,경기도 화성시
20190383025,3,1,1,주식회사 화성당,식품제조가공업,충청남도,충청남도 천안시
20190383517,1,1,1,(주)자이언트,식품제조가공업,경기도,경기도 화성시
20190383786,2,2,2,(주)앤드솔루션,식품제조가공업,경기도,경기도 화성시
20190383851,2,2,2,농업회사법인 주식회사 웨일즈,식품제조가공업,경기도,경기도 화성시
20190383938,1,1,1,식감FOOD,식품제조가공업,경기도,경기도 화성시
20190383966,2,2,2,엘미트,식품제조가공업,경기도,경기도 화성시
20190384286,1,1,1,주식회사 에이치오션에프앤씨,식품제조가공업,경기도,경기도 화성시
20190384497,1,1,1,떡방수리치,식품제조가공업,경기도,경기도 화성시
20190384730,1,1,1,찬푸드(주),식품제조가공업,경기도,경기도 화성시
20190384805,3,3,3,드리올,식품제조가공업,경기도,경기도 화성시
20190385206,1,1,1,(주)에버웰,식품제조가공업,경기도,경기도 화성시
20190385251,1,1,1,스마일제과,식품제조가공업,경기도,경기도 화성시
20190387112,1,1,1,주식회사 태웅푸드,식품제조가공업,경기도,경기도 광주시
20190387116,4,4,3,가연푸드,식품제조가공업,경기도,경기도 광주시
20190387233,2,2,2,온새미로농산,식품제조가공업,경기도,경기도 광주시
20190387373,2,2,2,(주)애니스코,식품제조가공업,경기도,경기도 광주시
20190387491,2,2,2,(주)에스오엠 에프앤아이,식품제조가공업,경기도,경기도 광주시
20190387576,3,3,3,(주)드림스컴트루,식품제조가공업,경기도,경기도 광주시
20190387591,2,2,2,(주)브레드플랜트,식품제조가공업,경기도,경기도 광주시
20190387606,1,1,1,마카마카마카롱,식품제조가공업,경기도,경기도 광주시
20190387699,2,1,1,주식회사 제이푸드월드,식품제조가공업,인천광역시,인천광역시 검단구
20190387712,2,2,2,더원에프에스,식품제조가공업,경기도,경기도 광주시
20190387759,3,3,3,홈푸드,식품제조가공업,경기도,경기도 광주시
20190387764,2,2,2,하기에프에스,식품제조가공업,경기도,경기도 광주시
20190387777,11,11,11,주식회사 와이즈웨이,식품제조가공업,경기도,경기도 광주시
20190387791,1,1,1,농업회사법인주식회사명일원,식품제조가공업,경기도,경기도 광주시
20190387824,3,3,3,(주)자연해,식품제조가공업,경기도,경기도 광주시
20190387931,3,3,3,(주)지성비엔씨,식품제조가공업,경기도,경기도 광주시
20190388121,2,1,1,주식회사 세영컴퍼니,식품제조가공업,서울특별시,서울특별시 서초구
20190388191,2,2,2,알피쉬,식품제조가공업,경기도,경기도 광주시
20190388222,2,2,2,명가식품,식품제조가공업,경기도,경기도 광주시
20190388337,5,5,5,(주)센테니얼 광주지점,식품제조가공업,경기도,경기도 광주시
20190388410,5,5,5,한국마쯔다니(주) 오포공장,식품제조가공업,경기도,경기도 광주시
20190388411,1,1,1,한국마쯔다니(주) 오포공장,식품첨가물제조업,경기도,경기도 광주시
20190389105,7,7,7,잇츠올레 주식회사,식품제조가공업,경기도,경기도 양주시
20190389139,8,8,4,백석영농조합법인,식품제조가공업,경기도,경기도 양주시
20190389665,3,3,3,주식회사 팜어스에프엔비,식품제조가공업,경기도,경기도 양주시
20190391034,1,1,1,(주)하농식품,식품제조가공업,경기도,경기도 포천시
20190391141,5,3,3,(주)한맥홈푸드,식품제조가공업,경기도,경기도 포천시
20190391156,1,1,1,그린존푸드,식품제조가공업,경기도,경기도 포천시
20190391277,1,1,1,주식회사 비비푸드,식품제조가공업,경기도,경기도 포천시
20190391295,2,2,2,유명식품,식품제조가공업,경기도,경기도 포천시
20190391313,18,9,8,(주)태향,식품제조가공업,경기도,경기도 양주시
20190391466,9,9,9,상아생명과학주식회사,식품제조가공업,경기도,경기도 포천시
20190391503,2,2,2,농업회사법인(주)상벽,식품제조가공업,경기도,경기도 포천시
20190391519,1,1,1,농업회사법인 상상푸드(주),식품제조가공업,경기도,경기도 포천시
20190391529,1,1,1,아름다운농원,식품제조가공업,경기도,경기도 포천시
20190391581,2,2,2,일우식품(주) 제2공장,식품제조가공업,경기도,경기도 포천시
20190391582,13,13,11,(주)네추럴웨이 포천제2공장,식품제조가공업,경기도,경기도 포천시
20190391644,1,1,1,소담원,식품제조가공업,경기도,경기도 포천시
20190391708,1,1,1,한네이처(Hannature),식품제조가공업,경기도,경기도 포천시
20190393064,1,1,1,주식회사 핸디엄,식품제조가공업,경기도,경기도 여주시
20190393118,2,2,2,특별한맛 주식회사,식품제조가공업,경기도,경기도 여주시
20190393189,1,1,1,쿠산코리아 여주공장,식품제조가공업,경기도,경기도 여주시
20190394025,1,1,1,연천 디엠지 사과 영농조합법인,식품제조가공업,경기도,경기도 연천군
20190396022,2,2,2,델리스 주식회사,식품제조가공업,경기도,경기도 양평군
20190396045,1,1,1,코길 주식회사,식품제조가공업,경기도,경기도 양평군
20190396072,1,1,1,차합시다,식품제조가공업,경기도,경기도 양평군
20190396312,1,1,1,농업회사법인정원주식회사,식품제조가공업,경기도,경기도 양평군
20190396395,1,1,1,농업회사법인 주식회사 리본푸드,식품제조가공업,경기도,경기도 양평군
20190398233,1,1,1,다온일터(춘천지역자활센터),식품제조가공업,강원특별자치도,강원특별자치도 춘천시
20190398273,1,1,1,대원FS,식품제조가공업,강원특별자치도,강원특별자치도 춘천시
20190398450,1,1,1,(주)더밸류바이오텍,식품소분업,강원특별자치도,강원특별자치도 춘천시
20190398601,1,1,1,우주푸드빌,식품제조가공업,강원특별자치도,강원특별자치도 춘천시
20190398803,1,1,1,주식회사 고동,식품제조가공업,강원특별자치도,강원특별자치도 춘천시
20190398986,1,1,1,복사꽃수레마을영농조합법인,식품제조가공업,강원특별자치도,강원특별자치도 춘천시
20190401247,2,2,2,궁촌권역 만대 영농조합법인,식품제조가공업,강원특별자치도,강원특별자치도 원주시
20190401400,2,1,1,주식회사 모드니,식품제조가공업,강원특별자치도,강원특별자치도 원주시
20190401894,1,1,1,(주)굿푸드시스템,식품제조가공업,강원특별자치도,강원특별자치도 원주시
20190402027,2,2,2,원호팜,식품제조가공업,강원특별자치도,강원특별자치도 원주시
20190402214,4,4,4,성이바이오제약주식회사,식품제조가공업,강원특별자치도,강원특별자치도 원주시
20190402593,2,2,2,광동감자식품,식품제조가공업,강원특별자치도,강원특별자치도 원주시
20190404329,1,1,1,강릉무진장한과,식품제조가공업,강원특별자치도,강원특별자치도 강릉시
20190404356,6,6,6,에스앤푸드주식회사,식품제조가공업,강원특별자치도,강원특별자치도 강릉시
20190404525,3,3,3,팡파미유본사,식품제조가공업,강원특별자치도,강원특별자치도 강릉시
20190405085,2,2,2,(주)더루트컴퍼니,식품제조가공업,강원특별자치도,강원특별자치도 강릉시
20190405113,1,1,1,어성푸드,식품제조가공업,강원특별자치도,강원특별자치도 강릉시
20190407263,2,2,2,(주)프레스코,식품제조가공업,강원특별자치도,강원특별자치도 동해시
20190409164,1,1,1,농업회사법인한국곤드레(주),식품제조가공업,강원특별자치도,강원특별자치도 태백시
20190409199,4,4,4,(주)브니엘월드,식품제조가공업,강원특별자치도,강원특별자치도 태백시
20190410399,1,1,1,설악만복식혜,식품제조가공업,강원특별자치도,강원특별자치도 속초시
20190412115,1,1,1,홍천참사과영농조합법인,식품제조가공업,강원특별자치도,강원특별자치도 홍천군
20190412204,1,1,1,레스또란떼-양양방향,휴게음식점,강원특별자치도,강원특별자치도 홍천군
20190412206,1,1,1,레스또란떼(양식)-서울방향,휴게음식점,강원특별자치도,강원특별자치도 홍천군
20190412228,1,1,1,늘해랑영농조합법인,식품제조가공업,강원특별자치도,강원특별자치도 홍천군
20190412262,7,7,7,농업회사법인주식회사흥성푸드,식품제조가공업,강원특별자치도,강원특별자치도 홍천군
20190413052,2,2,2,자연마중,식품제조가공업,강원특별자치도,강원특별자치도 횡성군
20190413060,1,1,1,농업회사법인 산애찬 주식회사,식품제조가공업,강원특별자치도,강원특별자치도 횡성군
20190413074,3,3,3,(주)케이프라이드,식품제조가공업,강원특별자치도,강원특별자치도 횡성군
20190413077,2,2,2,다다식품,식품제조가공업,강원특별자치도,강원특별자치도 횡성군
20190413079,12,12,9,동원시스템즈(주) 횡성사업장,식품제조가공업,강원특별자치도,강원특별자치도 횡성군
20190413118,1,1,1,주식회사 치악인터네셔날 횡성공장,식품제조가공업,강원특별자치도,강원특별자치도 횡성군
20190414031,1,1,1,농업회사법인(주)솔치,식품제조가공업,강원특별자치도,강원특별자치도 영월군
20190414095,1,1,1,(주)두메,식품제조가공업,강원특별자치도,강원특별자치도 영월군
20190415028,1,1,1,평창모린,식품제조가공업,강원특별자치도,강원특별자치도 평창군
20190415030,1,1,1,소남농원농산,식품제조가공업,강원특별자치도,강원특별자치도 평창군
20190416113,3,3,3,농업회사법인 정선푸드팜 주식회사,식품제조가공업,강원특별자치도,강원특별자치도 정선군
20190416123,2,2,2,정선토마토 영농조합법인,식품제조가공업,강원특별자치도,강원특별자치도 정선군
20190416186,2,2,2,주식회사 큐홈,식품제조가공업,강원특별자치도,강원특별자치도 정선군
20190417054,1,1,1,맛고을민들레영농조합법인,식품제조가공업,강원특별자치도,강원특별자치도 철원군
20190417055,1,1,1,산속속영농조합법인,식품제조가공업,강원특별자치도,강원특별자치도 철원군
20190417066,4,4,4,뽕이네,식품제조가공업,강원특별자치도,강원특별자치도 철원군
20190419043,3,3,3,양구군 농산물가공지원센터,식품제조가공업,강원특별자치도,강원특별자치도 양구군
20190420066,2,2,2,기린원당농협두부조합공동사업법인,식품제조가공업,강원특별자치도,강원특별자치도 인제군
20190420096,1,1,1,애플카인드,식품제조가공업,강원특별자치도,강원특별자치도 인제군
20190420112,5,5,4,하늘내린용대영농조합법인 금빛바람,식품제조가공업,강원특별자치도,강원특별자치도 인제군
20190422170,1,1,1,양양군농산물종합가공센터,식품제조가공업,강원특별자치도,강원특별자치도 양양군
20190422171,1,1,1,농업회사법인 양양오색한과(주) 포월공장,식품제조가공업,강원특별자치도,강원특별자치도 양양군
20190424016,1,1,1,경동씨앤에프(주),식품제조가공업,충청북도,충청북도 청주시
20190424034,3,3,3,가로수푸드,식품제조가공업,충청북도,충청북도 청주시
20190424035,1,1,1,(주)이연에프엔씨 오송공장,식품제조가공업,충청북도,충청북도 청주시
20190424044,3,3,3,주식회사 한입,식품제조가공업,충청북도,충청북도 청주시
20190424065,2,1,1,(주)초심푸드,식품제조가공업,전북특별자치도,전북특별자치도 익산시
20190424083,1,1,1,대경식품,식품제조가공업,충청북도,충청북도 청주시
20190424100,4,2,1,주식회사 메디머스에프앤비,식품제조가공업,충청북도,충청북도 청주시
20190424102,14,14,14,광동헬스바이오(주) 2공장,식품제조가공업,충청북도,충청북도 청주시
20190424104,6,6,6,엔에이치씨바이오텍(주),식품제조가공업,충청북도,충청북도 청주시
20190424105,2,2,2,(주)뉴트라파낙스,식품제조가공업,충청북도,충청북도 청주시
20190424109,1,1,1,우성식품,식품제조가공업,충청북도,충청북도 청주시
20190424115,2,2,2,(주)미래푸드,식품제조가공업,충청북도,충청북도 청주시
20190424117,1,1,1,(주)풀무원푸드앤컬처 풀무원기술원점,위탁급식영업,충청북도,충청북도 청주시
20190424122,4,4,4,청원생명농협쌀조합공동사업법인 식품소재가공센터,식품제조가공업,충청북도,충청북도 청주시
20190442140,4,4,3,동인푸드 농업회사법인 주식회사,식품제조가공업,충청북도,충청북도 충주시
20190442149,8,8,8,(주)동원홈푸드,식품제조가공업,충청북도,충청북도 충주시
20190442312,3,3,3,(주)케이지에프앤비,식품제조가공업,충청북도,충청북도 충주시
20190444045,7,7,7,(주)와이케이컴퍼니,식품제조가공업,충청북도,충청북도 제천시
20190444132,2,2,2,유어데일리푸드,식품제조가공업,충청북도,충청북도 제천시
20190444488,1,1,1,남천영농조합법인,식품제조가공업,충청북도,충청북도 제천시
20190446005,4,4,4,농업회사법인 (주) 성덕,식품제조가공업,충청북도,충청북도 보은군
20190446129,2,2,2,농업회사법인(주) 조은,식품제조가공업,충청북도,충청북도 보은군
20190447014,1,1,1,주식회사 원웅식품,식품제조가공업,충청북도,충청북도 옥천군
20190447031,4,4,4,(주)교동식품 제4공장,식품제조가공업,충청북도,충청북도 옥천군
20190447036,2,2,2,자연당,식품제조가공업,충청북도,충청북도 옥천군
20190447037,1,1,1,(주)메디퓨처,식품제조가공업,충청북도,충청북도 옥천군
20190447053,5,5,5,옥천푸드거점가공센터,식품제조가공업,충청북도,충청북도 옥천군
20190447103,1,1,1,(주)바쁜사람들,식품제조가공업,충청북도,충청북도 옥천군
20190447108,1,1,1,옥천로컬푸드직매장,기타식품판매업,충청북도,충청북도 옥천군
20190447114,5,4,4,락희푸드,식품제조가공업,충청북도,충청북도 옥천군
20190447121,1,1,1,고시산푸드,식품제조가공업,충청북도,충청북도 옥천군
20190448022,2,2,2,주식회사 다온찬,식품제조가공업,충청북도,충청북도 영동군
20190448046,1,1,1,농업회사법인 주식회사 영동후레쉬,식품제조가공업,충청북도,충청북도 영동군
20190448086,3,3,3,주식회사 재성,식품제조가공업,충청북도,충청북도 영동군
20190449023,4,4,4,성보산업(주),식품제조가공업,충청북도,충청북도 증평군
20190449024,1,1,1,성보산업(주),식품첨가물제조업,충청북도,충청북도 증평군
20190449074,2,2,2,농업회사법인 동방팜스 (주),식품제조가공업,충청북도,충청북도 증평군
20190450032,2,2,1,(주)다함,식품제조가공업,충청북도,충청북도 진천군
20190450100,1,1,1,(주)독일빵가루,식품제조가공업,충청북도,충청북도 진천군
20190450207,5,5,5,씨제이제일제당(주)진천 BLOSSOM CAMPUS 4동,식품제조가공업,충청북도,충청북도 진천군
20190450208,7,3,4,씨제이제일제당(주) 진천 BLOSSOM CAMPUS 3동,식품제조가공업,충청북도,충청북도 진천군
20190450228,1,1,1,(주)비락 진천2공장,식품제조가공업,충청북도,충청북도 진천군
20190450245,1,1,1,(주)꽃샘식품,식품제조가공업,충청북도,충청북도 진천군
20190450319,1,1,1,농업회사법인 진선유통(주),식품제조가공업,충청북도,충청북도 진천군
20190450429,2,2,2,지티에프에스,식품제조가공업,충청북도,충청북도 진천군
20190451004,4,4,4,청솔식품 괴산지사,식품제조가공업,충청북도,충청북도 괴산군
20190451033,1,1,1,농업회사법인 산두레 유한회사,식품제조가공업,충청북도,충청북도 괴산군
20190451063,1,1,1,영농조합법인 알토팜,식품제조가공업,충청북도,충청북도 괴산군
20190451099,2,2,1,(주)리얼팜,식품제조가공업,충청북도,충청북도 괴산군
20190452195,1,1,1,농업회사법인(주)세영,식품제조가공업,충청북도,충청북도 음성군
20190452226,3,3,3,농업회사법인 (주)바른,식품제조가공업,충청북도,충청북도 음성군
20190452250,1,1,1,산마을 영농조합법인,식품제조가공업,충청북도,충청북도 음성군
20190452465,1,1,1,농업회사법인 다온푸드(주),식품제조가공업,충청북도,충청북도 음성군
20190452497,2,2,2,농업회사법인주식회사 진푸드,식품제조가공업,충청북도,충청북도 음성군
20190452518,1,1,1,주식회사 티오에프코리아,식품첨가물제조업,충청북도,충청북도 음성군
20190452520,2,2,2,주식회사 티오에프코리아,식품제조가공업,충청북도,충청북도 음성군
20190454062,3,3,3,농업회사법인 관주식품(주),식품제조가공업,충청북도,충청북도 단양군
20190456003,10,10,10,농업회사법인주식회사에프앤비바이오,식품제조가공업,충청남도,충청남도 천안시
20190456012,2,2,2,그래비티베이커리,식품제조가공업,충청남도,충청남도 천안시
20190456060,3,3,3,농업회사법인주식회사인섹트빌리지,식품제조가공업,충청남도,충청남도 천안시
20190456296,1,1,1,강남농원,식품제조가공업,충청남도,충청남도 천안시
20190456349,1,1,1,스윗포레스트,식품제조가공업,충청남도,충청남도 천안시
20190456543,1,1,1,(주)블루파인,식품소분업,충청남도,충청남도 천안시
20190456640,20,20,18,주식회사새롬웰푸드,식품제조가공업,충청남도,충청남도 천안시
20190456706,1,1,1,씨케이코퍼레이션즈주식회사,식품제조가공업,충청남도,충청남도 천안시
20190456735,3,3,3,직산농협농산물가공공장,식품제조가공업,충청남도,충청남도 천안시
20190457061,2,2,2,르피네,식품제조가공업,충청남도,충청남도 천안시
20190462048,1,1,1,농업회사법인주식회사솔메,식품제조가공업,충청남도,충청남도 당진시
20190462170,2,2,2,해나루식품,식품제조가공업,충청남도,충청남도 당진시
20190462522,8,8,8,주식회사 상상바이오,식품제조가공업,충청남도,충청남도 당진시
20190462523,2,2,2,농업회사법인(주)해담비농원,식품제조가공업,충청남도,충청남도 당진시
20190464040,2,2,2,호연푸드팜,식품제조가공업,충청남도,충청남도 공주시
20190464272,5,5,5,공주농산물가공영농조합법인,식품제조가공업,충청남도,충청남도 공주시
20190464453,2,2,2,농업회사법인마암(주),식품제조가공업,충청남도,충청남도 공주시
20190465007,1,1,1,성주산식품영농조합법인,식품제조가공업,충청남도,충청남도 보령시
20190465216,3,3,3,보령수산업협동조합,식품제조가공업,충청남도,충청남도 보령시
20190465285,1,1,1,삼육식품,식품제조가공업,충청남도,충청남도 보령시
20190467112,1,1,1,스퀘어팜 농업회사,식품제조가공업,충청남도,충청남도 아산시
20190467142,2,2,2,둔포록야,식품제조가공업,충청남도,충청남도 아산시
20190467145,3,3,3,농업회사법인주식회사아주존,식품제조가공업,충청남도,충청남도 아산시
20190467553,1,1,1,(주)에이원푸드,식품제조가공업,충청남도,충청남도 아산시
20190467816,5,5,5,주식회사 대산에프앤비,식품제조가공업,충청남도,충청남도 아산시
20190467948,5,5,5,송악농협식품사업부,식품제조가공업,충청남도,충청남도 아산시
20190467970,1,1,1,농업회사법인 주식회사 아임셰프,식품제조가공업,충청남도,충청남도 아산시
20190468021,1,1,1,해찬솔 에프쓰리,식품첨가물제조업,충청남도,충청남도 아산시
20190468023,5,5,5,해찬솔에프쓰리,식품제조가공업,충청남도,충청남도 아산시
20190469055,1,1,1,충남서산지역자활센터(누룽지세상),식품제조가공업,충청남도,충청남도 서산시
20190469095,4,4,4,해미고을,식품제조가공업,충청남도,충청남도 서산시
20190469383,1,1,1,해품감태영어조합법인,식품제조가공업,충청남도,충청남도 서산시
20190469385,1,1,1,프레커밀,식품제조가공업,충청남도,충청남도 서산시
20190469407,2,2,2,주식회사 제이원푸드,식품제조가공업,충청남도,충청남도 서산시
20190470170,2,2,2,주식회사 와이앤비푸드,식품제조가공업,충청남도,충청남도 논산시
20190470218,1,1,1,행복드림영농조합법인,식품제조가공업,충청남도,충청남도 논산시
20190470238,2,2,2,(주)새창농업회사법인,식품제조가공업,충청남도,충청남도 논산시
20190470251,1,1,1,농업회사법인 주식회사 만나,식품제조가공업,충청남도,충청남도 논산시
20190470321,1,1,1,(주)홍스팜,식품제조가공업,충청남도,충청남도 논산시
20190470337,3,3,3,수림원 농업회사법인 주식회사,식품제조가공업,충청남도,충청남도 논산시
20190470423,2,2,2,강경젓갈사업협동조합,식품제조가공업,충청남도,충청남도 논산시
20190472159,2,2,2,김치가재미,식품제조가공업,충청남도,충청남도 계룡시
20190473007,2,2,2,(주)올즙,식품제조가공업,충청남도,충청남도 금산군
20190473028,2,2,2,영농조합법인 더듬이(벅스푸드),식품제조가공업,충청남도,충청남도 금산군
20190473089,5,5,5,금산군농업기술센터,식품제조가공업,충청남도,충청남도 금산군
20190473130,3,3,3,금산홍삼명가 2공장,식품제조가공업,충청남도,충청남도 금산군
20190473155,10,10,7,동진바이오농업회사법인(주),식품제조가공업,충청남도,충청남도 금산군
20190473161,23,14,13,(주)휴온스엔,식품제조가공업,충청남도,충청남도 금산군
20190473163,6,6,6,농업회사법인(주)글로벌금산진생,식품제조가공업,충청남도,충청남도 금산군
20190473180,5,5,5,천이고려홍삼EG,식품제조가공업,충청남도,충청남도 금산군
20190474062,1,1,1,북고원예영농조합법인,식품제조가공업,충청남도,충청남도 부여군
20190474090,2,2,2,신동영농조합법인,식품제조가공업,충청남도,충청남도 부여군
20190474226,2,2,1,늘봄식품,식품제조가공업,충청남도,충청남도 부여군
20190474250,4,4,4,소부리영농조합법인 가공공장,식품제조가공업,충청남도,충청남도 부여군
20190474261,3,3,2,농업회사법인 우듬지팜 주식회사,식품제조가공업,충청남도,충청남도 부여군
20190474274,1,1,1,착한농부네 세도먹거리공간,식품제조가공업,충청남도,충청남도 부여군
20190475128,8,4,4,반달곰 유한회사,식품제조가공업,충청남도,충청남도 서천군
20190475211,3,3,3,양한물산 영어조합법인,식품제조가공업,충청남도,충청남도 서천군
20190476035,5,5,4,(주)우양 청양2공장(뉴뜨레),식품제조가공업,충청남도,충청남도 청양군
20190477013,1,1,1,농업회사법인 하누리 영이 주식회사,식품제조가공업,충청남도,충청남도 홍성군
20190477051,2,2,2,(주)지랑,식품제조가공업,충청남도,충청남도 홍성군
20190477131,6,6,6,(주)건영비앤에프,식품제조가공업,충청남도,충청남도 홍성군
20190477180,2,2,2,정인푸드,식품제조가공업,충청남도,충청남도 홍성군
20190477335,3,3,3,주식회사 에이치엘그룹,식품제조가공업,충청남도,충청남도 홍성군
20190477339,12,12,12,건강한사람들 주식회사,식품제조가공업,충청남도,충청남도 홍성군
20190477349,1,1,1,(주)광천맛김,식품제조가공업,충청남도,충청남도 홍성군
20190478046,1,1,1,주식회사평양냉면,식품제조가공업,충청남도,충청남도 예산군
20190478082,2,2,2,농업회사법인 정이가(주),식품제조가공업,충청남도,충청남도 예산군
20190478175,4,4,4,(유)에치비,식품제조가공업,충청남도,충청남도 예산군
20190478180,1,1,1,농업회사법인 주식회사 더모어,식품제조가공업,충청남도,충청남도 예산군
20190478227,2,2,2,농업회사법인내포주식회사,식품제조가공업,충청남도,충청남도 예산군
20190479188,1,1,1,미듬애농장,식품제조가공업,충청남도,충청남도 태안군
20190479201,1,1,1,건농영농조합법인,식품제조가공업,충청남도,충청남도 태안군
20190479287,1,1,1,농업회사법인해담주식회사,식품제조가공업,충청남도,충청남도 태안군
20190482022,2,1,1,플레이스그라운드,식품제조가공업,경상남도,경상남도 진주시
20190485056,4,2,2,(주)푸드몬스터,식품제조가공업,전북특별자치도,전북특별자치도 완주군
20190485802,1,1,1,협동조합떡무리시스템,식품제조가공업,전북특별자치도,전북특별자치도 전주시
20190488143,5,5,5,주식회사 돌고래냉동수산,식품제조가공업,전북특별자치도,전북특별자치도 군산시
20190488360,4,4,2,(유)군산수산물센타,식품제조가공업,전북특별자치도,전북특별자치도 군산시
20190488573,1,1,1,하늘땅영농조합법인,식품제조가공업,전북특별자치도,전북특별자치도 군산시
20190488664,3,3,3,진보기업,식품제조가공업,전북특별자치도,전북특별자치도 군산시
20190488744,1,1,1,네모선장,식품제조가공업,전북특별자치도,전북특별자치도 군산시
20190488873,5,5,3,농업회사법인유한회사 영인바이오,식품제조가공업,전북특별자치도,전북특별자치도 군산시
20190488891,6,6,6,유한회사 새림 임피지점,식품제조가공업,전북특별자치도,전북특별자치도 군산시
20190488892,2,2,2,군산박대수산,식품제조가공업,전북특별자치도,전북특별자치도 군산시
20190491009,2,2,2,순수본(주),식품제조가공업,전북특별자치도,전북특별자치도 익산시
20190491061,1,1,1,농업회사법인유한회사 우주,식품제조가공업,전북특별자치도,전북특별자치도 익산시
20190491128,4,4,4,라이스밸류 익산2공장,식품제조가공업,전북특별자치도,전북특별자치도 익산시
20190491133,2,2,2,(주)삼영유니텍,식품제조가공업,전북특별자치도,전북특별자치도 익산시
20190491135,9,9,9,(주)프롬바이오 익산공장,식품제조가공업,전북특별자치도,전북특별자치도 익산시
20190491152,3,3,3,제이원푸드,식품제조가공업,전북특별자치도,전북특별자치도 익산시
20190491220,9,5,5,피피이씨글로벌김치 주식회사,식품제조가공업,전북특별자치도,전북특별자치도 익산시
20190491301,4,4,4,농업회사법인(주)그린농장,식품제조가공업,전북특별자치도,전북특별자치도 익산시
20190491402,3,3,3,농업회사법인(유)더원푸드지점,식품제조가공업,전북특별자치도,전북특별자치도 익산시
20190491423,1,1,1,익산농협 떡방앗간,식품제조가공업,전북특별자치도,전북특별자치도 익산시
20190491479,4,4,3,주식회사 늘푸른푸드,식품제조가공업,전북특별자치도,전북특별자치도 익산시
20190491485,1,1,1,(주)239바이오,식품제조가공업,전북특별자치도,전북특별자치도 익산시
20190491536,1,1,1,주식회사 킴스블레스,식품제조가공업,전북특별자치도,전북특별자치도 익산시
20190491641,4,4,4,주식회사 팜인더,식품제조가공업,전북특별자치도,전북특별자치도 익산시
20190491652,7,7,7,익산시농산물종합가공센터,식품제조가공업,전북특별자치도,전북특별자치도 익산시
20190491669,7,5,6,한국식품산업클러스터진흥원,식품제조가공업,전북특별자치도,전북특별자치도 익산시
20190491692,1,1,1,(주)바이텍 익산지점,식품제조가공업,전북특별자치도,전북특별자치도 익산시
20190494272,5,5,5,정읍시 농산물가공센터,식품제조가공업,전북특별자치도,전북특별자치도 정읍시
20190494394,1,1,1,농업회사법인 주식회사 고부,식품제조가공업,전북특별자치도,전북특별자치도 정읍시
20190494491,3,2,2,농업회사법인 태인명장 주식회사,식품제조가공업,전북특별자치도,전북특별자치도 정읍시
20190494521,1,1,1,농업회사법인(주) 소부당,식품제조가공업,전북특별자치도,전북특별자치도 정읍시
20190496029,2,2,2,농업회사법인운향농원주식회사,식품제조가공업,전북특별자치도,전북특별자치도 남원시
20190496052,1,1,1,농업회사법인 노고단식품 주식회사,식품제조가공업,전북특별자치도,전북특별자치도 남원시
20190496060,3,3,3,농업회사법인 (주) 이너푸드,식품제조가공업,전북특별자치도,전북특별자치도 남원시
20190496099,1,1,1,(유)농업회사법인 가보식품,식품제조가공업,전북특별자치도,전북특별자치도 남원시
20190496158,3,3,3,농업회사법인(주)들꽃다물,식품제조가공업,전북특별자치도,전북특별자치도 남원시
20190496164,1,1,1,한울안 네이처 팜,식품제조가공업,전북특별자치도,전북특별자치도 남원시
20190496172,2,2,2,농업회사법인(유)웅치마을영농회,식품제조가공업,전북특별자치도,전북특별자치도 남원시
20190496200,1,1,1,지리산맛식품,식품제조가공업,전북특별자치도,전북특별자치도 남원시
20190496210,1,1,1,남원 황가네 부각,식품제조가공업,전북특별자치도,전북특별자치도 남원시
20190496226,1,1,1,바래봉식품,식품제조가공업,전북특별자치도,전북특별자치도 남원시
20190496250,2,2,2,더사랑식품,식품제조가공업,전북특별자치도,전북특별자치도 남원시
20190496271,1,1,1,남원혼불부각,식품제조가공업,전북특별자치도,전북특별자치도 남원시
20190498164,1,1,1,한국프라임제약(주),식품제조가공업,전북특별자치도,전북특별자치도 완주군
20190498210,9,9,9,(주)한풍네이처팜,식품제조가공업,전북특별자치도,전북특별자치도 완주군
20190498225,1,1,1,영농조합법인 미르,식품제조가공업,전북특별자치도,전북특별자치도 완주군
20190499017,1,1,1,아뮤즈바이오 주식회사,식품제조가공업,전북특별자치도,전북특별자치도 진안군
20190499026,4,4,4,(주) 더 젓갈,식품제조가공업,전북특별자치도,전북특별자치도 진안군
20190499027,2,2,2,농업회사법인 버섯마루 유한회사,식품제조가공업,전북특별자치도,전북특별자치도 진안군
20190499051,1,1,1,(주)더 젓갈,식품소분업,전북특별자치도,전북특별자치도 진안군
20190499087,1,1,1,진안고원품안애영농조합법인,식품제조가공업,전북특별자치도,전북특별자치도 진안군
20190500012,2,2,2,농업회사법인 반딧불 옥나래(주),식품제조가공업,전북특별자치도,전북특별자치도 무주군
20190500017,3,3,3,농업회사법인 초록 주식회사,식품제조가공업,전북특별자치도,전북특별자치도 무주군
20190500071,13,13,13,래미에프앤비,식품제조가공업,전북특별자치도,전북특별자치도 무주군
20190501033,4,4,4,장수융복합가공지원센터,식품제조가공업,전북특별자치도,전북특별자치도 장수군
20190501043,4,4,3,(주)코놀,식품제조가공업,전북특별자치도,전북특별자치도 장수군
20190501081,1,1,1,농업회사법인 수분리의 아침(주),식품제조가공업,전북특별자치도,전북특별자치도 장수군
20190502012,1,1,1,발효식품연구소 풍경,식품제조가공업,전북특별자치도,전북특별자치도 임실군
20190503003,8,8,8,순창성가정식품(주),식품제조가공업,전북특별자치도,전북특별자치도 순창군
20190504098,2,2,2,고창군농산물종합가공센터,식품제조가공업,전북특별자치도,전북특별자치도 고창군
20190504102,2,2,2,주식회사 라온,식품제조가공업,전북특별자치도,전북특별자치도 고창군
20190504118,1,1,1,농업회사법인유한회사 초담마을,식품제조가공업,전북특별자치도,전북특별자치도 고창군
20190504125,6,6,6,재단법인 고창식품산업연구원 소스공장,식품제조가공업,전북특별자치도,전북특별자치도 고창군
20190505025,4,4,4,곰소김치,식품제조가공업,전북특별자치도,전북특별자치도 부안군
20190505091,1,1,1,부안 내소사 모싯잎 송편,식품제조가공업,전북특별자치도,전북특별자치도 부안군
20190505116,1,1,1,더담원,식품제조가공업,전북특별자치도,전북특별자치도 부안군
20190505130,1,1,1,강산푸드,식품제조가공업,전북특별자치도,전북특별자치도 부안군
20190505138,2,2,2,어업회사법인 대국수산(유),식품제조가공업,전북특별자치도,전북특별자치도 부안군
20190505147,2,2,2,(주)비건두부킹,식품제조가공업,전북특별자치도,전북특별자치도 부안군
20190507076,1,1,1,주식회사아사쿠라식품코리아,식품제조가공업,전남광주통합특별시,전남광주통합특별시 목포시
20190507508,1,1,1,(주)가리미,식품제조가공업,전남광주통합특별시,전남광주통합특별시 목포시
20190507738,1,1,1,목포어묵전략식품사업단수산식품지원센터점,식품제조가공업,전남광주통합특별시,전남광주통합특별시 목포시
20190510005,1,1,1,명신수산,식품제조가공업,전남광주통합특별시,전남광주통합특별시 여수시
20190510073,3,3,3,해담인 2공장,식품제조가공업,전남광주통합특별시,전남광주통합특별시 여수시
20190510084,1,1,1,(주)일정수산,식품제조가공업,전남광주통합특별시,전남광주통합특별시 여수시
20190510600,2,2,2,상진물산,식품제조가공업,전남광주통합특별시,전남광주통합특별시 여수시
20190510700,3,3,3,신여수 한방김치,식품제조가공업,전남광주통합특별시,전남광주통합특별시 여수시
20190510869,3,3,3,주식회사 담다식품,식품제조가공업,전남광주통합특별시,전남광주통합특별시 여수시
20190511103,3,3,3,덕산수산,식품제조가공업,전남광주통합특별시,전남광주통합특별시 여수시
20190513100,1,1,1,유한회사 나누리에프알씨,식품제조가공업,전남광주통합특별시,전남광주통합특별시 순천시
20190513120,1,1,1,농업회사법인 주식회사 푸릇푸릇,식품제조가공업,전남광주통합특별시,전남광주통합특별시 순천시
20190516053,4,4,4,주식회사 제일홍어,식품제조가공업,전남광주통합특별시,전남광주통합특별시 나주시
20190516126,2,2,2,농업회사법인(주)나주시골농장,식품제조가공업,전남광주통합특별시,전남광주통합특별시 나주시
20190516242,3,3,1,어업회사법인 가현(주),식품제조가공업,전남광주통합특별시,전남광주통합특별시 나주시
20190516262,4,4,4,파파루,식품제조가공업,전남광주통합특별시,전남광주통합특별시 나주시
20190516344,3,3,3,농업회사법인(주)착한푸드,식품제조가공업,전남광주통합특별시,전남광주통합특별시 나주시
20190516370,1,1,1,주식회사 해미로,식품제조가공업,전남광주통합특별시,전남광주통합특별시 나주시
20190519043,3,3,2,주식회사 밥리에프엔디,식품제조가공업,전남광주통합특별시,전남광주통합특별시 담양군
20190519143,3,3,3,동산식품 유한회사,식품제조가공업,전남광주통합특별시,전남광주통합특별시 담양군
20190521003,1,1,1,농업회사법인 주식회사 내안에 자연,식품제조가공업,전남광주통합특별시,전남광주통합특별시 구례군
20190521070,1,1,1,복내리는당산나무,식품제조가공업,전남광주통합특별시,전남광주통합특별시 구례군
20190522114,1,1,1,(주)푸드원플러스,식품제조가공업,전남광주통합특별시,전남광주통합특별시 고흥군
20190523079,2,2,2,농업회사법인 제이엠 주식회사,식품제조가공업,전남광주통합특별시,전남광주통합특별시 보성군
20190524010,1,1,1,덕촌식품,식품제조가공업,전남광주통합특별시,전남광주통합특별시 화순군
20190524026,1,1,1,화순전통약과,식품제조가공업,전남광주통합특별시,전남광주통합특별시 화순군
20190524118,3,3,3,농업회사법인화순파프리카쌀국수주식회사,식품제조가공업,전남광주통합특별시,전남광주통합특별시 화순군
20190525040,1,1,1,주식회사 세화제이엔제이식품 제2공장,식품제조가공업,전남광주통합특별시,전남광주통합특별시 장흥군
20190525085,5,5,5,주식회사 케이에스국민푸드,식품제조가공업,전남광주통합특별시,전남광주통합특별시 장흥군
20190525086,1,1,1,그랑께롱,식품제조가공업,전남광주통합특별시,전남광주통합특별시 장흥군
20190526005,6,6,6,농업회사법인 발효담다(주),식품제조가공업,전남광주통합특별시,전남광주통합특별시 강진군
20190526056,5,5,5,바다웰 주식회사,식품제조가공업,전남광주통합특별시,전남광주통합특별시 강진군
20190527005,2,2,1,농업회사법인 골드바이오 주식회사,식품제조가공업,전남광주통합특별시,전남광주통합특별시 해남군
20190527018,2,2,1,영농조합법인기성행복마을,식품제조가공업,전남광주통합특별시,전남광주통합특별시 해남군
20190527033,1,1,1,아침에영농조합법인,식품제조가공업,전남광주통합특별시,전남광주통합특별시 해남군
20190527040,2,2,2,농업회사법인 주식회사 해금유통,식품제조가공업,전남광주통합특별시,전남광주통합특별시 해남군
20190527047,1,1,1,농업회사법인온드림푸드(주),식품제조가공업,전남광주통합특별시,전남광주통합특별시 해남군
20190527075,3,3,3,땅끝이랑,식품제조가공업,전남광주통합특별시,전남광주통합특별시 해남군
20190527086,2,2,2,농업회사법인 하민주식회사,식품제조가공업,전남광주통합특별시,전남광주통합특별시 해남군
20190527099,1,1,1,농부영농조합법인(농부절임),식품제조가공업,전남광주통합특별시,전남광주통합특별시 해남군
20190527100,4,4,2,농업회사법인 더라이스 주식회사,식품제조가공업,전남광주통합특별시,전남광주통합특별시 해남군
20190527133,1,1,1,계곡농협 천생연분 절임배추,식품제조가공업,전남광주통합특별시,전남광주통합특별시 해남군
20190527159,7,7,4,(주)푸른 농업회사법인,식품제조가공업,전남광주통합특별시,전남광주통합특별시 해남군
20190527165,2,2,2,농업회사법인 땅끝두레 주식회사,식품제조가공업,전남광주통합특별시,전남광주통합특별시 해남군
20190528012,1,1,1,꿈꾸는작은숲,식품제조가공업,전남광주통합특별시,전남광주통합특별시 영암군
20190528013,1,1,1,영암웰빙,식품제조가공업,전남광주통합특별시,전남광주통합특별시 영암군
20190528095,3,3,3,(주)해미푸드,식품제조가공업,전남광주통합특별시,전남광주통합특별시 영암군
20190529294,4,4,2,어업회사법인 주식회사 대경아이앤씨,식품제조가공업,전남광주통합특별시,전남광주통합특별시 무안군
20190529295,4,2,2,하원,식품제조가공업,전남광주통합특별시,전남광주통합특별시 무안군
20190529328,2,2,2,(주)보삼바이오산업,식품제조가공업,전남광주통합특별시,전남광주통합특별시 무안군
20190530013,3,3,3,주식회사 신영,식품제조가공업,전남광주통합특별시,전남광주통합특별시 함평군
20190530077,1,1,1,준아트 유한회사,식품제조가공업,전남광주통합특별시,전남광주통합특별시 함평군
20190531019,1,1,1,천년수산,식품제조가공업,전남광주통합특별시,전남광주통합특별시 영광군
20190531024,3,3,2,순황칠푸드,식품제조가공업,전남광주통합특별시,전남광주통합특별시 영광군
20190531044,1,1,1,주식회사 해촌,식품제조가공업,전남광주통합특별시,전남광주통합특별시 영광군
20190531048,2,2,2,농업회사법인 주식회사 금호,식품제조가공업,전남광주통합특별시,전남광주통합특별시 영광군
20190531133,1,1,1,하늘네 굴비,식품제조가공업,전남광주통합특별시,전남광주통합특별시 영광군
20190532014,1,1,1,정우에프에스,식품제조가공업,전남광주통합특별시,전남광주통합특별시 장성군
20190532129,8,2,2,주식회사 오늘도,식품제조가공업,전남광주통합특별시,전남광주통합특별시 담양군
20190532154,5,5,4,농업회사법인 주식회사 옐로우푸드,식품제조가공업,전남광주통합특별시,전남광주통합특별시 장성군
20190533070,1,1,1,금복식품,식품제조가공업,전남광주통합특별시,전남광주통합특별시 완도군
20190533096,2,2,2,(유) 완도바다,식품제조가공업,전남광주통합특별시,전남광주통합특별시 완도군
20190533136,1,1,1,(유)스마일아일랜드,식품제조가공업,전남광주통합특별시,전남광주통합특별시 완도군
20190533143,1,1,1,농업회사법인 청해진 골드황칠(주),식품제조가공업,전남광주통합특별시,전남광주통합특별시 완도군
20190535050,2,2,2,하늘이 준 선물 주식회사어업회사법인,식품제조가공업,전남광주통합특별시,전남광주통합특별시 신안군
20190537083,1,1,1,박여사영양찰떡,식품제조가공업,경상북도,경상북도 포항시
20190537089,1,1,1,동성수산,식품제조가공업,경상북도,경상북도 포항시
20190537105,1,1,1,한솔과메기,식품제조가공업,경상북도,경상북도 포항시
20190537138,10,5,5,(주)봄날인터내셔널,식품제조가공업,경상북도,경상북도 포항시
20190542012,1,1,1,에이치엠피 주식회사,식품제조가공업,경상북도,경상북도 경주시
20190542687,2,2,2,(주)연우에프엔비,식품제조가공업,경상북도,경상북도 경주시
20190542745,2,2,2,아셋(ASET),식품제조가공업,경상북도,경상북도 경주시
20190542969,4,4,4,농업회사법인 다올주식회사,식품제조가공업,경상북도,경상북도 경주시
20190543241,2,2,2,도마에프앤비주식회사,식품제조가공업,경상북도,경상북도 경주시
20190545009,4,4,4,(주)대정,식품제조가공업,경상북도,경상북도 김천시
20190545083,1,1,1,황악협동조합,식품제조가공업,경상북도,경상북도 김천시
20190545237,1,1,1,이런날건강원,식품제조가공업,경상북도,경상북도 김천시
20190545315,1,1,1,알앤알코리아,식품제조가공업,경상북도,경상북도 김천시
20190545335,2,2,2,농업회사법인주식회사투마루,식품제조가공업,경상북도,경상북도 김천시
20190547232,1,1,1,마카다프룻 농업회사법인(주),식품제조가공업,경상북도,경상북도 안동시
20190547303,2,2,1,농업회사법인(주)차오름,식품제조가공업,경상북도,경상북도 안동시
20190547318,2,2,2,조은식품 영농조합법인,식품제조가공업,경상북도,경상북도 안동시
20190547437,1,1,1,(주)안동간고등어푸드엔드베스트,식품제조가공업,경상북도,경상북도 안동시
20190547556,4,4,4,하이드로오아시스 제1공장,식품제조가공업,경상북도,경상북도 안동시
20190547565,1,1,1,남안동식품,식품제조가공업,경상북도,경상북도 안동시
20190552042,2,2,1,삼진,식품제조가공업,경상북도,경상북도 구미시
20190553161,2,2,2,주식회사와이케이,식품제조가공업,경상북도,경상북도 구미시
20190553288,3,3,3,주식회사이순미푸드농업회사법인,식품제조가공업,경상북도,경상북도 구미시
20190558090,6,6,6,농업회사법인주식회사부성,식품제조가공업,경상북도,경상북도 영주시
20190558209,2,2,2,자연이든농업회사법인주식회사,식품제조가공업,경상북도,경상북도 영주시
20190558222,1,1,1,농업회사법인주식회사부성,식품소분업,경상북도,경상북도 영주시
20190558316,2,2,2,풍기인삼공사영농조합법인,식품제조가공업,경상북도,경상북도 영주시
20190558362,2,2,2,농업회사법인주식회사빈나리,식품제조가공업,경상북도,경상북도 영주시
20190559042,6,6,6,농업회사법인 더불어실버팜 주식회사,식품제조가공업,경상북도,경상북도 영천시
20190559114,13,13,13,주식회사 내츄럴엔,식품제조가공업,경상북도,경상북도 영천시
20190559175,2,2,2,대한한약협동조합,식품제조가공업,경상북도,경상북도 영천시
20190559248,1,1,1,농업회사법인(주)태동현,식품제조가공업,경상북도,경상북도 영천시
20190560096,2,2,2,(주)움집감자,식품제조가공업,경상북도,경상북도 상주시
20190560120,1,1,1,해가들농업회사법인(주),식품제조가공업,경상북도,경상북도 상주시
20190560121,1,1,1,아자개영농조합법인,식품제조가공업,경상북도,경상북도 상주시
20190562131,2,2,2,엠케이2바이오(MK2BIO),식품제조가공업,경상북도,경상북도 문경시
20190562157,2,2,2,더가득,식품제조가공업,경상북도,경상북도 문경시
20190562169,2,1,1,부영수산 주식회사,식품제조가공업,경상북도,경상북도 문경시
20190562301,2,2,2,주식회사 에이치지,식품제조가공업,경상북도,경상북도 문경시
20190564020,1,1,1,푸드마을 한승,식품제조가공업,경상북도,경상북도 경산시
20190564060,2,2,2,주식회사와룡식품경산공장,식품제조가공업,경상북도,경상북도 경산시
20190564480,8,8,7,농업회사법인(주)프레쉬벨,식품제조가공업,경상북도,경상북도 경산시
20190566012,2,2,1,승은 농업회사 법인 주식회사,식품제조가공업,대구광역시,대구광역시 군위군
20190568037,2,2,1,청송·영양 식품,식품제조가공업,경상북도,경상북도 청송군
20190570034,3,2,3,(주) 더동진,식품제조가공업,경상북도,경상북도 영덕군
20190570036,1,1,1,주식회사 농업회사법인 더파머스,식품제조가공업,경상북도,경상북도 영덕군
20190570165,1,1,1,건강정,식품제조가공업,경상북도,경상북도 영덕군
20190571025,1,1,1,친정농업회사법인(주),식품제조가공업,경상북도,경상북도 청도군
20190571100,2,2,1,싱그린영농조합법인,식품제조가공업,경상북도,경상북도 청도군
20190571104,2,2,2,(주)셀푸드인터내셔널,식품제조가공업,경상북도,경상북도 청도군
20190571127,2,2,2,청도군농산물가공센터,식품제조가공업,경상북도,경상북도 청도군
20190573004,1,1,1,성진영농조합법인,식품제조가공업,경상북도,경상북도 성주군
20190574422,1,1,1,주식회사 산해들,식품제조가공업,경상북도,경상북도 칠곡군
20190574423,2,2,2,(주)사람들,식품제조가공업,경상북도,경상북도 칠곡군
20190575042,7,7,7,튤립인터내셔널(주),식품제조가공업,경상북도,경상북도 예천군
20190576004,3,3,3,봉화청량산김치 농업회사법인(주),식품제조가공업,경상북도,경상북도 봉화군
20190577130,3,3,3,농업회사법인 한국농산 합자회사,식품제조가공업,경상북도,경상북도 울진군
20190577166,4,4,4,농업회사법인 유한회사 한농마을 2공장,식품제조가공업,경상북도,경상북도 울진군
20190581470,1,1,1,(주)그린밀푸드,식품제조가공업,경상남도,경상남도 창원시
20190581650,1,1,1,바른푸드앤떡고물유한회사,식품제조가공업,경상남도,경상남도 창원시
20190587065,1,1,1,농업회사법인 투이(주),식품제조가공업,경상남도,경상남도 창원시
20190587345,2,2,2,태성식품제2공장,식품제조가공업,경상남도,경상남도 창원시
20190589343,4,4,4,해마,식품제조가공업,경상남도,경상남도 창원시
20190589355,3,3,3,(주)비산,식품제조가공업,경상남도,경상남도 창원시
20190593018,6,3,3,진주식품,식품제조가공업,경상남도,경상남도 진주시
20190593530,5,5,5,농업회사법인 주식회사 채움,식품제조가공업,경상남도,경상남도 진주시
20190593793,1,1,1,주식회사 이음새 농업회사법인,식품제조가공업,경상남도,경상남도 진주시
20190594688,1,1,1,주식회사 마켓컴퍼니,식품제조가공업,경상남도,경상남도 진주시
20190596394,4,4,4,통영원어업회사법인주식회사,식품제조가공업,경상남도,경상남도 통영시
20190596408,1,1,1,해다은어업회사법인주식회사,식품제조가공업,경상남도,경상남도 통영시
20190598268,1,1,1,주식회사 코리아수산,식품제조가공업,경상남도,경상남도 사천시
20190599026,5,5,5,휴밀(humeal),식품제조가공업,경상남도,경상남도 김해시
20190599096,1,1,1,농업회사법인 주식회사 보경,식품제조가공업,경상남도,경상남도 김해시
20190599699,1,1,1,주식회사 하모니푸드,식품제조가공업,경상남도,경상남도 김해시
20190600124,4,2,2,메이푸드,식품제조가공업,경상남도,경상남도 김해시
20190600498,1,1,1,(주)신흥물산 2공장,식품제조가공업,경상남도,경상남도 김해시
20190603044,1,1,1,무지개농원,식품제조가공업,경상남도,경상남도 밀양시
20190603419,3,3,3,농업회사법인 연이랑(주),식품제조가공업,경상남도,경상남도 밀양시
20190604382,1,1,1,농업회사법인산속농장주식회사,식품제조가공업,경상남도,경상남도 거제시
20190604547,3,3,3,푸드한팩,식품제조가공업,경상남도,경상남도 거제시
20190604843,1,1,1,거제도외포멸치,식품제조가공업,경상남도,경상남도 거제시
20190606078,5,5,5,(주)르푸디,식품제조가공업,경상남도,경상남도 양산시
20190606719,2,1,1,미성푸드,식품제조가공업,경상남도,경상남도 양산시
20190606851,1,1,1,몬쉘코리아 양산지점,식품제조가공업,경상남도,경상남도 양산시
20190607181,1,1,1,농업회사법인(주)길전통식품,식품제조가공업,경상남도,경상남도 양산시
20190607531,3,3,3,양산시농산물종합가공지원센터,식품제조가공업,경상남도,경상남도 양산시
20190609051,1,1,1,농업회사법인 주식회사 논두렁,식품제조가공업,경상남도,경상남도 의령군
20190610033,1,1,1,(주)와이비씨푸드,식품제조가공업,경상남도,경상남도 함안군
20190612088,1,1,1,예인씨푸드,식품제조가공업,경상남도,경상남도 고성군
20190613100,3,3,3,청정남해 주식회사,식품제조가공업,경상남도,경상남도 남해군
20190614238,2,2,2,(주)퍼시머너리,식품제조가공업,경상남도,경상남도 하동군
20190615005,1,1,1,농업회사법인주식회사블루힐,식품제조가공업,경상남도,경상남도 산청군
20190616040,1,1,1,예가원,식품제조가공업,경상남도,경상남도 함양군
20190616053,1,1,1,진앤진푸드,식품제조가공업,경상남도,경상남도 함양군
20190617021,8,8,8,더모에프엔비(THE MORE F&B),식품제조가공업,경상남도,경상남도 거창군
20190618102,1,1,1,합천군 산림조합 밤6차 산업화 센터,식품제조가공업,경상남도,경상남도 합천군
20190618108,2,2,2,농업회사법인 주식회사 나눔,식품제조가공업,경상남도,경상남도 합천군
20190620105,1,1,1,농업회사법인즐거운주식회사,식품제조가공업,제주특별자치도,제주특별자치도 제주시
20190620213,1,1,1,농업회사법인(주)해내주,식품제조가공업,제주특별자치도,제주특별자치도 제주시
20190620675,2,2,1,궁중오메기주식회사,식품제조가공업,제주특별자치도,제주특별자치도 제주시
20190620692,2,2,2,(주)카카오패밀리제1공장,식품제조가공업,제주특별자치도,제주특별자치도 제주시
20190621329,1,1,1,돌담푸드,식품제조가공업,제주특별자치도,제주특별자치도 제주시
20190621434,1,1,1,성미식품,식품제조가공업,제주특별자치도,제주특별자치도 제주시
20190621479,3,3,3,새오름영농조합법인,식품제조가공업,제주특별자치도,제주특별자치도 제주시
20190621527,1,1,1,(주)더메리트,식품제조가공업,제주특별자치도,제주특별자치도 제주시
20190621709,2,2,1,농업회사법인주식회사블랙푸드2공장,식품제조가공업,제주특별자치도,제주특별자치도 제주시
20190621744,1,1,1,(주)더퓨어,식품제조가공업,제주특별자치도,제주특별자치도 제주시
20190621769,1,1,1,바움하우스,식품제조가공업,제주특별자치도,제주특별자치도 제주시
20190621853,1,1,1,주식회사오리온제주용암수,식품제조가공업,제주특별자치도,제주특별자치도 제주시
20190621896,1,1,1,주식회사미푸드,식품제조가공업,제주특별자치도,제주특별자치도 제주시
20190622281,2,2,2,비비도따,식품제조가공업,제주특별자치도,제주특별자치도 제주시
20190624570,3,3,3,농업회사법인(주)바이오제주,식품제조가공업,제주특별자치도,제주특별자치도 서귀포시
20190624983,1,1,1,주식회사 도운푸드,식품제조가공업,제주특별자치도,제주특별자치도 서귀포시
20200029667,1,1,1,더 피터 브레드,식품제조가공업,서울특별시,서울특별시 중구
20200034170,1,1,1,포춘쿡2,식품제조가공업,서울특별시,서울특별시 용산구
20200037128,6,2,2,주식회사 오넛티컴퍼니,식품제조가공업,경기도,경기도 파주시
20200037190,3,3,3,(주)학산 테라로사커피 성수지점,식품제조가공업,서울특별시,서울특별시 성동구
20200037316,4,2,2,아틀리에메종,식품제조가공업,서울특별시,서울특별시 성동구
20200040099,2,1,1,주식회사 라움푸드,식품제조가공업,경기도,경기도 양주시
20200042422,1,1,1,농업회사법인 푸른산 주식회사,식품소분업,서울특별시,서울특별시 동대문구
20200042703,2,2,2,백세바이오,식품제조가공업,서울특별시,서울특별시 동대문구
20200046414,1,1,1,세계로 달고나,식품제조가공업,서울특별시,서울특별시 중랑구
20200051161,1,1,1,사계의오후,식품제조가공업,서울특별시,서울특별시 성북구
20200053284,2,1,1,히피스랩,식품제조가공업,서울특별시,서울특별시 강북구
20200066215,4,2,2,(주)유브팩토리,식품제조가공업,서울특별시,서울특별시 영등포구
20200066282,1,1,1,자일로스 수제사탕 드롭스,식품제조가공업,서울특별시,서울특별시 서대문구
20200066427,1,1,1,주식회사 수버킷,식품제조가공업,서울특별시,서울특별시 서대문구
20200066564,12,4,4,(주)서울쿠키컴퍼니제2공장,식품제조가공업,서울특별시,서울특별시 마포구
20200066830,2,1,1,그램웰,식품제조가공업,경기도,경기도 김포시
20200066913,2,2,2,영동식품 주식회사,식품제조가공업,서울특별시,서울특별시 서대문구
20200069529,6,3,3,보일링팟커피컴퍼니(브레드),식품제조가공업,서울특별시,서울특별시 마포구
20200070614,2,2,2,(주)아프로푸드,식품제조가공업,서울특별시,서울특별시 마포구
20200070763,4,2,1,(주)아임일리터,식품제조가공업,서울특별시,서울특별시 마포구
20200073044,1,1,1,주식회사 푸드윈서울,식품제조가공업,서울특별시,서울특별시 양천구
20200073462,2,1,1,우리푸드,식품제조가공업,서울특별시,서울특별시 양천구
20200076663,1,1,1,주식회사 미주유통,즉석판매제조가공업,서울특별시,서울특별시 강서구
20200076937,4,4,4,(주)팜스빌,식품제조가공업,서울특별시,서울특별시 강서구
20200078335,3,3,3,주식회사 건솔현,식품제조가공업,서울특별시,서울특별시 강서구
20200081189,2,2,2,태건리테일 농업회사법인 주식회사,식품제조가공업,서울특별시,서울특별시 구로구
20200084158,4,2,2,(주)행복생활 에프엔비(F&B),식품제조가공업,인천광역시,인천광역시 서해구
20200084222,1,1,1,주식회사 대영식품,식품제조가공업,서울특별시,서울특별시 금천구
20200084423,2,2,2,(주)정정에이스,식품제조가공업,서울특별시,서울특별시 금천구
20200084736,1,1,1,커피맵(주),식품제조가공업,서울특별시,서울특별시 금천구
20200084828,2,2,2,지에프앤비 가산베이커리,식품제조가공업,서울특별시,서울특별시 금천구
20200085102,1,1,1,(주)라온사람들 푸드팩토리,식품제조가공업,서울특별시,서울특별시 금천구
20200086462,2,2,2,피크니크,식품제조가공업,서울특별시,서울특별시 영등포구
20200087331,2,1,1,주식회사 굿베이크아이엔,식품제조가공업,경기도,경기도 성남시
20200091632,2,1,1,이원제과,식품제조가공업,서울특별시,서울특별시 구로구
20200098992,1,1,1,(주)베흐누아젯 (BEURRE NOISETTE Inc.),식품제조가공업,서울특별시,서울특별시 서초구
20200099929,1,1,1,SL&C센트럴키친,식품제조가공업,서울특별시,서울특별시 서초구
20200106659,1,1,1,바나쿠키공장,식품제조가공업,서울특별시,서울특별시 강남구
20200108272,3,3,3,홍팥집 에이치큐,식품제조가공업,서울특별시,서울특별시 강남구
20200108350,1,1,1,유한회사 시락,식품제조가공업,서울특별시,서울특별시 강남구
20200109937,8,8,8,(주)학산 테라로사 식품가공센터,식품제조가공업,서울특별시,서울특별시 강남구
20200115433,3,1,1,화룡형제식품,식품제조가공업,서울특별시,서울특별시 송파구
20200115473,1,1,1,헬로달콤,식품제조가공업,서울특별시,서울특별시 송파구
20200115703,2,1,1,농업회사법인(주)지엔바이오,식품제조가공업,전북특별자치도,전북특별자치도 군산시
20200120170,2,2,2,서울장애인종합복지관 보호작업장,식품제조가공업,서울특별시,서울특별시 강동구
20200120976,4,4,4,주식회사 인크레더블,식품제조가공업,서울특별시,서울특별시 강동구
20200128012,1,1,1,천마도예의숲,식품제조가공업,부산광역시,부산광역시 서구
20200128018,4,4,3,(주)부산고등어사업단,식품제조가공업,부산광역시,부산광역시 서구
20200128024,3,3,3,(주)오션에프에스,식품제조가공업,부산광역시,부산광역시 서구
20200128063,2,2,2,(주)위스,식품제조가공업,부산광역시,부산광역시 서구
20200128121,3,3,2,왕성유통,식품제조가공업,부산광역시,부산광역시 서구
20200128135,4,4,3,풍미어장,식품제조가공업,부산광역시,부산광역시 서구
20200128176,1,1,1,(주)베를린팩토리,식품제조가공업,부산광역시,부산광역시 서구
20200131568,1,1,1,잇쉬와잇샤의수제초콜릿,식품제조가공업,부산광역시,부산광역시 부산진구
20200131684,2,2,2,베이커스,식품제조가공업,부산광역시,부산광역시 부산진구
20200134221,1,1,1,미소명과,식품제조가공업,부산광역시,부산광역시 동래구
20200134882,1,1,1,훌리건베이커리,식품제조가공업,부산광역시,부산광역시 동래구
20200137046,3,3,3,주식회사 대한삼,식품제조가공업,부산광역시,부산광역시 남구
20200137067,5,5,5,주식회사 아델라7,식품제조가공업,부산광역시,부산광역시 남구
20200137508,10,5,5,(주)이룸에프앤씨,식품제조가공업,부산광역시,부산광역시 금정구
20200142041,2,2,2,가드샌드 주식회사,식품제조가공업,부산광역시,부산광역시 해운대구
20200142042,2,2,2,(주)신우에프에스,식품제조가공업,부산광역시,부산광역시 해운대구
20200144312,3,3,3,씨크리드,식품제조가공업,부산광역시,부산광역시 사하구
20200144453,2,2,2,서아푸드(SEOA FOOD),식품제조가공업,부산광역시,부산광역시 사하구
20200147163,8,4,3,주식회사 우원,식품제조가공업,부산광역시,부산광역시 기장군
20200147638,1,1,1,로푸드 주식회사,식품제조가공업,부산광역시,부산광역시 금정구
20200147770,3,3,3,(주)채원,식품제조가공업,부산광역시,부산광역시 금정구
20200149149,3,3,3,(주)연우건강식품,식품제조가공업,부산광역시,부산광역시 강서구
20200149274,2,2,2,수담팩토리(주),식품제조가공업,부산광역시,부산광역시 강서구
20200149464,2,2,2,고메익스프레스,식품제조가공업,부산광역시,부산광역시 강서구
20200149653,3,3,3,주식회사 비지푸드,식품제조가공업,부산광역시,부산광역시 강서구
20200149706,4,4,4,아이진푸드,식품제조가공업,부산광역시,부산광역시 강서구
20200150555,2,1,1,스탠다드커피,식품제조가공업,부산광역시,부산광역시 기장군
20200154232,2,2,2,청조푸드,식품제조가공업,부산광역시,부산광역시 사상구
20200159179,4,2,2,앨리롤하우스 주식회사,식품제조가공업,대구광역시,대구광역시 남구
20200161181,1,1,1,예준식품,식품제조가공업,대구광역시,대구광역시 동구
20200162304,1,1,1,거북이만두,식품제조가공업,대구광역시,대구광역시 동구
20200164112,1,1,1,(주)떡 만드는 사람들,식품제조가공업,대구광역시,대구광역시 서구
20200164119,2,2,2,주식회사 밥앤국,식품제조가공업,대구광역시,대구광역시 서구
20200164208,1,1,1,(주)이소당,식품제조가공업,대구광역시,대구광역시 서구
20200164441,2,2,2,(주)밀앤스토리,식품제조가공업,대구광역시,대구광역시 서구
20200170002,4,2,2,(주)HNHGROUP,식품제조가공업,대구광역시,대구광역시 북구
20200175095,2,2,2,잇웍스 eatworks,식품제조가공업,대구광역시,대구광역시 수성구
20200175380,1,1,1,(주)윤검도우,식품제조가공업,대구광역시,대구광역시 수성구
20200175576,2,1,1,라팡(Rapang),식품제조가공업,경상북도,경상북도 칠곡군
20200176147,3,2,2,함께가는여인들,식품제조가공업,대구광역시,대구광역시 수성구
20200182816,1,1,1,돌쇠떡집,식품제조가공업,대구광역시,대구광역시 달서구
20200183618,3,3,3,담정원,식품제조가공업,대구광역시,대구광역시 달서구
20200189575,2,1,1,다소니 푸드,식품제조가공업,대구광역시,대구광역시 달성군
20200189594,1,1,1,정성제과,식품제조가공업,대구광역시,대구광역시 달성군
20200189666,2,2,2,마스터아이디,식품제조가공업,대구광역시,대구광역시 달성군
20200192011,1,1,1,신흥식품,식품제조가공업,인천광역시,인천광역시 제물포구
20200192098,2,2,2,헬로씨푸드,식품제조가공업,인천광역시,인천광역시 제물포구
20200192187,2,2,2,별푸드,식품제조가공업,인천광역시,인천광역시 제물포구
20200192188,2,2,2,다겸푸드,식품제조가공업,인천광역시,인천광역시 제물포구
20200192189,2,2,2,아라푸드,식품제조가공업,인천광역시,인천광역시 제물포구
20200192208,2,2,2,우주푸드,식품제조가공업,인천광역시,인천광역시 제물포구
20200192216,2,2,2,지성유통,식품제조가공업,인천광역시,인천광역시 제물포구
20200192217,2,2,2,우보유통,식품제조가공업,인천광역시,인천광역시 제물포구
20200192227,1,1,1,아쿠아씨푸드,식품제조가공업,인천광역시,인천광역시 제물포구
20200192297,2,2,2,다오,식품제조가공업,인천광역시,인천광역시 제물포구
20200192298,2,2,2,우신,식품제조가공업,인천광역시,인천광역시 제물포구
20200192486,1,1,1,아린이네 생선가게,식품제조가공업,인천광역시,인천광역시 제물포구
20200192606,1,1,1,씨에버상사,식품제조가공업,인천광역시,인천광역시 제물포구
20200192684,2,1,1,에스에이치(SH) 푸드익스프레스,식품제조가공업,인천광역시,인천광역시 제물포구
20200192810,2,2,2,(주)신화유통 인천지점,식품제조가공업,인천광역시,인천광역시 제물포구
20200192876,2,2,2,(주)농가에프엔씨,식품제조가공업,인천광역시,인천광역시 제물포구
20200194041,2,2,2,영농조합법인 천자농부,식품제조가공업,인천광역시,인천광역시 제물포구
20200195271,1,1,1,마라나타,식품제조가공업,인천광역시,인천광역시 미추홀구
20200195385,6,2,2,주식회사베노프하우스,식품제조가공업,인천광역시,인천광역시 남동구
20200196046,2,2,2,(주)슬로베이크비엔피,식품제조가공업,인천광역시,인천광역시 미추홀구
20200200277,1,1,1,남미플랜트랩,식품제조가공업,인천광역시,인천광역시 연수구
20200200469,1,1,1,(주)트라고,식품제조가공업,인천광역시,인천광역시 연수구
20200202033,2,2,2,(주)효찬,식품제조가공업,인천광역시,인천광역시 남동구
20200202600,4,4,2,주식회사굿푸드,식품제조가공업,인천광역시,인천광역시 남동구
20200202601,2,2,2,(주)정가원푸드,식품제조가공업,인천광역시,인천광역시 남동구
20200202925,5,5,5,농업회사법인 수복주식회사,식품제조가공업,인천광역시,인천광역시 남동구
20200202934,1,1,1,(주)달미인,식품제조가공업,인천광역시,인천광역시 남동구
20200202960,1,1,1,소담한과명품도넛,식품제조가공업,인천광역시,인천광역시 남동구
20200203069,1,1,1,맛다움식품,식품제조가공업,인천광역시,인천광역시 남동구
20200203692,1,1,1,(주)동추원FNB,식품제조가공업,인천광역시,인천광역시 남동구
20200203731,10,5,5,광진푸드,식품제조가공업,인천광역시,인천광역시 남동구
20200205053,2,2,2,주식회사 옳은,식품제조가공업,인천광역시,인천광역시 부평구
20200205246,1,1,1,(주)디저트앤,식품제조가공업,인천광역시,인천광역시 부평구
20200205409,1,1,1,주식회사 디자인푸드,식품제조가공업,인천광역시,인천광역시 부평구
20200205414,2,2,2,다함푸드,식품제조가공업,인천광역시,인천광역시 부평구
20200205415,2,2,2,삼성푸드,식품제조가공업,인천광역시,인천광역시 부평구
20200205597,2,2,2,논앤밭위드,식품제조가공업,인천광역시,인천광역시 부평구
20200206085,2,2,2,대삼푸드,식품제조가공업,인천광역시,인천광역시 부평구
20200208591,1,1,1,오성협동조합,식품제조가공업,인천광역시,인천광역시 계양구
20200211029,1,1,1,칭도원,식품제조가공업,인천광역시,인천광역시 검단구
20200211084,3,3,3,농업회사법인 주식회사 아리푸드,식품제조가공업,인천광역시,인천광역시 검단구
20200211418,2,2,2,달빛푸드,식품제조가공업,인천광역시,인천광역시 서해구
20200211421,2,2,2,한나푸드,식품제조가공업,인천광역시,인천광역시 서해구
20200211422,2,2,2,이석푸드,식품제조가공업,인천광역시,인천광역시 서해구
20200211490,2,2,2,다온,식품제조가공업,인천광역시,인천광역시 서해구
20200211560,2,2,2,정운에프에스(FS),식품제조가공업,인천광역시,인천광역시 서해구
20200211562,2,2,2,현대식품,식품제조가공업,인천광역시,인천광역시 검단구
20200211594,2,2,2,푸드존,식품제조가공업,인천광역시,인천광역시 서해구
20200211814,3,3,3,선미푸드,식품제조가공업,인천광역시,인천광역시 검단구
20200211855,1,1,1,엠오엠에프앤비,식품제조가공업,인천광역시,인천광역시 검단구
20200211876,3,3,3,광신제면공장,식품제조가공업,인천광역시,인천광역시 서해구
20200211991,2,2,2,육라운드,식품제조가공업,인천광역시,인천광역시 서해구
20200212298,2,2,2,나미에프앤비 주식회사,식품제조가공업,인천광역시,인천광역시 검단구
20200212365,3,3,3,(주)효원푸드,식품제조가공업,인천광역시,인천광역시 검단구
20200212775,6,6,6,신승에프에스,식품제조가공업,인천광역시,인천광역시 서해구
20200212849,1,1,1,(주)다올미트,식품제조가공업,인천광역시,인천광역시 서해구
20200212980,1,1,1,푸드트리,식품제조가공업,인천광역시,인천광역시 검단구
20200213013,2,2,2,(주)와이티아이컴퍼니,식품제조가공업,인천광역시,인천광역시 검단구
20200214175,2,2,2,(주)강화인삼백화점,식품제조가공업,인천광역시,인천광역시 강화군
20200222713,4,4,2,대통령상수상자의 김치명인 협동조합,식품제조가공업,전남광주통합특별시,전남광주통합특별시 남구
20200224062,1,1,1,해태아이스크림(주)광주공장,식품제조가공업,전남광주통합특별시,전남광주통합특별시 북구
20200224491,1,1,1,광주북구동신지역자활센터 차올다,식품제조가공업,전남광주통합특별시,전남광주통합특별시 북구
20200225060,1,1,1,예다손떡집,식품제조가공업,전남광주통합특별시,전남광주통합특별시 북구
20200230253,1,1,1,빛그린식품,즉석판매제조가공업,전남광주통합특별시,전남광주통합특별시 광산구
20200230408,3,3,3,(주)새길푸드,식품제조가공업,전남광주통합특별시,전남광주통합특별시 광산구
20200230776,1,1,1,(주)매일종합수산,집단급식소 식품판매업,전남광주통합특별시,전남광주통합특별시 광산구
20200230992,1,1,1,(주)더하이,식품제조가공업,전남광주통합특별시,전남광주통합특별시 광산구
20200231003,4,4,4,삼정바이오 주식회사,식품제조가공업,전남광주통합특별시,전남광주통합특별시 광산구
20200231220,2,2,2,(주)다보농업회사법인,식품제조가공업,전남광주통합특별시,전남광주통합특별시 광산구
20200234041,8,4,3,대평푸드,식품제조가공업,세종특별자치시,세종특별자치시
20200234058,1,1,1,부여 양송이,식품제조가공업,대전광역시,대전광역시 동구
20200234182,2,2,2,(주)이프레시,식품제조가공업,대전광역시,대전광역시 동구
20200234441,1,1,1,주식회사 준바이오,식품제조가공업,대전광역시,대전광역시 동구
20200234567,1,1,1,리얼쫀득,식품제조가공업,대전광역시,대전광역시 동구
20200234758,2,2,2,주식회사 원더메이크,식품제조가공업,대전광역시,대전광역시 동구
20200239552,1,1,1,감동떡집,식품제조가공업,대전광역시,대전광역시 서구
20200239684,2,1,1,미러유에프앤디(주),식품제조가공업,대전광역시,대전광역시 서구
20200243519,2,2,2,브레드팜,식품제조가공업,대전광역시,대전광역시 유성구
20200246268,1,1,1,현이네푸드,식품제조가공업,대전광역시,대전광역시 대덕구
20200246297,1,1,1,주식회사성경식품제2공장,식품제조가공업,대전광역시,대전광역시 대덕구
20200246351,1,1,1,이지팩토리,식품제조가공업,대전광역시,대전광역시 대덕구
20200256193,1,1,1,(주)제이팩토리,식품제조가공업,울산광역시,울산광역시 동구
20200260205,1,1,1,사탕사탕해,식품제조가공업,울산광역시,울산광역시 울주군
20200260670,1,1,1,(주)큰바다,식품제조가공업,울산광역시,울산광역시 울주군
20200262644,5,5,5,농업회사법인 카카오파이브 주식회사,식품제조가공업,세종특별자치시,세종특별자치시
20200262693,2,2,2,바다수산,식품제조가공업,세종특별자치시,세종특별자치시
20200262981,3,3,3,농업회사법인 주식회사 세종명가쌀빵,식품제조가공업,세종특별자치시,세종특별자치시
20200263157,2,2,2,유한회사 파란,식품제조가공업,세종특별자치시,세종특별자치시
20200263525,1,1,1,세종애 행복팜 영농조합법인,식품제조가공업,세종특별자치시,세종특별자치시
20200268524,2,2,2,(주)유얼스컴퍼니,식품제조가공업,경기도,경기도 수원시
20200269504,4,4,4,(주)대흥,식품제조가공업,경기도,경기도 수원시
20200269570,2,2,2,주식회사 히즈테이블,식품제조가공업,경기도,경기도 수원시
20200280024,3,3,3,주식회사 에스피씨삼립 성남2공장,식품제조가공업,경기도,경기도 성남시
20200280044,5,5,2,슬로베이크,식품제조가공업,경기도,경기도 성남시
20200280069,1,1,1,디에스에프,식품제조가공업,경기도,경기도 성남시
20200280071,7,7,7,(주)정미경키친,식품제조가공업,경기도,경기도 성남시
20200280079,12,4,3,(주)강남밥상,식품제조가공업,인천광역시,인천광역시 남동구
20200280081,1,1,1,(주)현부 성남지점,식품제조가공업,경기도,경기도 성남시
20200280118,1,1,1,플레이버팝스 주식회사,식품제조가공업,경기도,경기도 성남시
20200280147,4,4,4,아밀키 성남공장,식품제조가공업,경기도,경기도 성남시
20200280221,1,1,1,디에스에프,식품소분업,경기도,경기도 성남시
20200280264,10,5,3,(주)어성,식품제조가공업,경기도,경기도 광주시
20200280276,1,1,1,주식회사 서울칩,식품제조가공업,경기도,경기도 성남시
20200280280,4,4,4,(주)델리홈푸드,식품제조가공업,경기도,경기도 성남시
20200280285,2,2,2,주식회사 한성씨앤케이,식품제조가공업,경기도,경기도 성남시
20200280291,8,4,4,프라임에이치앤비 주식회사,식품제조가공업,인천광역시,인천광역시 남동구
20200280333,1,1,1,도제식빵,식품제조가공업,경기도,경기도 성남시
20200280339,1,1,1,(주)빈스앤베이커리,식품제조가공업,경기도,경기도 성남시
20200280351,1,1,1,꼬랑지마카롱,식품제조가공업,경기도,경기도 성남시
20200280355,1,1,1,첫눈,식품제조가공업,경기도,경기도 성남시
20200280359,4,4,4,(주)팜앤들,식품제조가공업,경기도,경기도 성남시
20200280372,1,1,1,와뻑,식품제조가공업,경기도,경기도 성남시
20200280390,10,5,5,주식회사 샐리쿡,식품제조가공업,경기도,경기도 성남시
20200290622,4,4,4,주식회사 밀밭,식품제조가공업,경기도,경기도 의정부시
20200293323,1,1,1,명품디저트,식품제조가공업,경기도,경기도 안양시
20200299425,1,1,1,이음팩토리,식품제조가공업,경기도,경기도 부천시
20200299460,1,1,1,신보제빙,식품제조가공업,경기도,경기도 부천시
20200299816,1,1,1,농업회사법인(주)푸디엄,식품제조가공업,경기도,경기도 부천시
20200300180,1,1,1,주식회사 아리랑식품,식품제조가공업,경기도,경기도 부천시
20200300200,2,1,1,신우식품,식품제조가공업,경기도,경기도 용인시
20200300259,1,1,1,김보람초콜릿,식품제조가공업,경기도,경기도 부천시
20200300393,3,3,3,서울브레드,식품제조가공업,경기도,경기도 부천시
20200300461,5,5,5,주식회사 춘,식품제조가공업,경기도,경기도 부천시
20200301208,3,3,3,(주)아머드프레시 팩토리,식품제조가공업,경기도,경기도 부천시
20200301888,1,1,1,주식회사 올데이티,식품제조가공업,경기도,경기도 부천시
20200319788,1,1,1,주식회사정앤정에프엔비,식품제조가공업,경기도,경기도 광명시
20200323287,2,2,2,어울림,식품제조가공업,경기도,경기도 평택시
20200323288,2,2,2,차노스,식품제조가공업,경기도,경기도 평택시
20200323538,2,2,2,주식회사 네이처팩토리평택공장,식품제조가공업,경기도,경기도 평택시
20200323584,3,3,3,(주)즙스토리,식품제조가공업,경기도,경기도 평택시
20200323620,2,1,1,맛샘푸드,식품제조가공업,경기도,경기도 평택시
20200323633,2,2,2,팜앤브로 주식회사,식품소분업,경기도,경기도 평택시
20200323637,1,1,1,(주)네이처코어,식품제조가공업,경기도,경기도 평택시
20200323680,3,3,3,농업회사법인 (주)산들팜,식품제조가공업,경기도,경기도 평택시
20200324058,2,2,2,(주)알지엠테크,식품제조가공업,경기도,경기도 평택시
20200324065,5,5,5,(주)이디야 드림팩토리,식품제조가공업,경기도,경기도 평택시
20200324086,1,1,1,한양떡방앗간,식품제조가공업,경기도,경기도 평택시
20200324147,2,2,2,주식회사 잎슬엔케어,식품제조가공업,경기도,경기도 평택시
20200324263,10,10,10,(주)신양 포승지점,식품제조가공업,경기도,경기도 평택시
20200324273,1,1,1,만나기지떡&아이스크림,식품제조가공업,경기도,경기도 평택시
20200324326,5,5,4,농업회사법인 주식회사 얌푸드,식품제조가공업,경기도,경기도 평택시
20200326016,2,2,2,(주)에벤에셀푸드,식품제조가공업,경기도,경기도 안산시
20200326304,2,2,2,(주)커피팩토리,식품제조가공업,경기도,경기도 안산시
20200326366,2,2,2,(주)다은에프에스,식품제조가공업,경기도,경기도 안산시
20200326367,1,1,1,(주)다은에프에스,식품첨가물제조업,경기도,경기도 안산시
20200326368,1,1,1,(주)다은에프에스,식품소분업,경기도,경기도 안산시
20200326404,1,1,1,주식회사 심플에프앤비,식품제조가공업,경기도,경기도 안산시
20200326523,1,1,1,요리조리사회적협동조합,식품제조가공업,경기도,경기도 안산시
20200326801,1,1,1,나나식품,식품제조가공업,경기도,경기도 안산시
20200335089,2,2,2,주식회사 레헴(삼송지점),식품제조가공업,경기도,경기도 고양시
20200335418,1,1,1,주식회사 우드앤브릭,식품제조가공업,경기도,경기도 고양시
20200335467,1,1,1,주식회사 젤라띠앤컴퍼니,식품제조가공업,경기도,경기도 고양시
20200335509,1,1,1,아우어푸드,식품제조가공업,경기도,경기도 고양시
20200335554,2,2,2,(주)엘앤씨에프앤비,식품제조가공업,경기도,경기도 고양시
20200335564,1,1,1,(주)효고당,식품제조가공업,경기도,경기도 고양시
20200335620,2,2,2,농업회사법인 천지(주),식품제조가공업,경기도,경기도 고양시
20200336065,1,1,1,(주)유비콘스,식품제조가공업,경기도,경기도 고양시
20200336359,1,1,1,오픈프로젝트(주),식품제조가공업,경기도,경기도 고양시
20200336711,1,1,1,(주)블랑제리코팡,식품제조가공업,경기도,경기도 고양시
20200336740,11,8,11,(주)밀라노푸드시스템,식품제조가공업,경기도,경기도 고양시
20200336953,2,2,2,(주)위즈윈에프앤비,식품제조가공업,경기도,경기도 고양시
20200336954,1,1,1,주식회사 닥터스푸드,식품제조가공업,경기도,경기도 고양시
20200337079,7,7,7,제이디플러스(지점),식품제조가공업,경기도,경기도 고양시
20200337430,3,3,3,(주)베어컨테이너,식품제조가공업,경기도,경기도 고양시
20200341773,1,1,1,(주)우주생활건강,식품소분업,경기도,경기도 고양시
20200343013,1,1,1,에벤에셀 농원,식품소분업,경기도,경기도 고양시
20200343581,1,1,1,에벤에셀농원,집단급식소 식품판매업,경기도,경기도 고양시
20200348169,3,3,3,주식회사 다산촌,식품제조가공업,경기도,경기도 남양주시
20200348197,1,1,1,농업회사법인 주식회사 세농,식품소분업,경기도,경기도 남양주시
20200348268,2,2,2,주식회사 부탁해에프앤비,식품제조가공업,경기도,경기도 남양주시
20200348292,3,3,3,다올에프앤비(주),식품제조가공업,경기도,경기도 남양주시
20200348312,1,1,1,더모어푸드,식품제조가공업,경기도,경기도 남양주시
20200348691,2,2,2,(주)길벗푸드,식품제조가공업,경기도,경기도 남양주시
20200348826,4,2,2,농업회사법인 화인푸드(주),식품제조가공업,경기도,경기도 남양주시
20200349048,1,1,1,삼창 F&B,식품제조가공업,경기도,경기도 남양주시
20200349234,4,4,4,다온SPC,식품제조가공업,경기도,경기도 남양주시
20200349242,3,3,3,주식회사 모모프렌즈,식품제조가공업,경기도,경기도 남양주시
20200349583,1,1,1,주식회사 스토리푸드,식품제조가공업,경기도,경기도 남양주시
20200349687,1,1,1,주식회사 바이오푸드팜,식품제조가공업,경기도,경기도 남양주시
20200349722,2,1,1,그린베이크,식품제조가공업,경기도,경기도 남양주시
20200349975,1,1,1,농업회사법인 주식회사 아띠푸드,식품제조가공업,경기도,경기도 남양주시
20200350072,1,1,1,영농조합법인(금수레),식품제조가공업,경기도,경기도 남양주시
20200350121,3,3,3,늘푸른 주식회사,식품제조가공업,경기도,경기도 남양주시
20200350256,1,1,1,굿프랜드푸드(주),식품제조가공업,경기도,경기도 남양주시
20200350309,1,1,1,나우쿠킹애프앤비,식품제조가공업,경기도,경기도 남양주시
20200352022,1,1,1,(주)봄봄뜨락,식품제조가공업,경기도,경기도 오산시
20200352491,2,2,2,김치탑,식품제조가공업,경기도,경기도 오산시
20200354427,1,1,1,(주)튜나팩토리,식품제조가공업,경기도,경기도 시흥시
20200354761,2,2,2,주식회사신이안루,식품제조가공업,경기도,경기도 시흥시
20200354863,1,1,1,(주)청솔육가공,식품제조가공업,경기도,경기도 시흥시
20200356028,1,1,1,떡앤사랑,식품제조가공업,경기도,경기도 시흥시
20200356342,2,2,2,춘화식품,식품제조가공업,경기도,경기도 시흥시
20200358156,3,3,3,바이오펀치,식품제조가공업,경기도,경기도 군포시
20200358173,1,1,1,커스텀브레드(custom bread),식품제조가공업,경기도,경기도 군포시
20200358204,4,2,2,(주)시그니처,식품제조가공업,경기도,경기도 군포시
20200358355,1,1,1,컨트리사이드,식품제조가공업,경기도,경기도 군포시
20200358394,2,2,2,봉봉,식품제조가공업,경기도,경기도 군포시
20200358767,1,1,1,도우홀딩스,식품제조가공업,경기도,경기도 군포시
20200360009,1,1,1,파인튜나,식품제조가공업,경기도,경기도 의왕시
20200361006,1,1,1,제이브라운씨엔엠,식품제조가공업,경기도,경기도 하남시
20200361126,3,3,2,(주)비비브레드,식품제조가공업,경기도,경기도 하남시
20200361169,2,2,2,(주)델리세덴 하남지점,식품제조가공업,경기도,경기도 하남시
20200361219,1,1,1,중원,식품제조가공업,경기도,경기도 하남시
20200361393,2,1,1,(주)보나비쿠차라키친,식품제조가공업,경기도,경기도 하남시
20200361708,1,1,1,(주)한설식품,식품소분업,경기도,경기도 하남시
20200361855,2,1,1,(주)모애당,식품제조가공업,경기도,경기도 하남시
20200362249,2,1,1,주식회사 이지워터,식품제조가공업,충청북도,충청북도 증평군
20200362335,6,3,2,(주)케이,식품제조가공업,경기도,경기도 하남시
20200362400,1,1,1,(주)강남교자 하남지점,식품제조가공업,경기도,경기도 하남시
20200362435,1,1,1,주식회사 두산푸드 농업회사법인 하남지점,식품제조가공업,경기도,경기도 하남시
20200362467,2,1,1,우리식품,식품제조가공업,경기도,경기도 광주시
20200362700,1,1,1,하나식품,식품제조가공업,경기도,경기도 하남시
20200363006,2,2,2,푸드정,식품제조가공업,경기도,경기도 용인시
20200363007,2,2,2,원푸드,식품제조가공업,경기도,경기도 용인시
20200363015,2,2,2,식스레시피,식품제조가공업,경기도,경기도 용인시
20200363023,1,1,1,쥬모,식품제조가공업,경기도,경기도 용인시
20200363027,9,9,9,주식회사 프레시지,식품제조가공업,경기도,경기도 용인시
20200363068,2,2,2,옳은푸드,식품제조가공업,경기도,경기도 용인시
20200363069,2,2,2,마마푸드,식품제조가공업,경기도,경기도 용인시
20200363070,2,2,2,호연,식품제조가공업,경기도,경기도 용인시
20200363071,2,2,2,한서푸드,식품제조가공업,경기도,경기도 용인시
20200363098,2,2,2,(주)에프엠시스템,식품첨가물제조업,경기도,경기도 용인시
20200363102,1,1,1,맛뜰,식품제조가공업,경기도,경기도 용인시
20200363134,8,4,4,주식회사 진실한공방,식품제조가공업,경기도,경기도 파주시
20200363154,1,1,1,(주)만월회,식품제조가공업,경기도,경기도 용인시
20200363160,1,1,1,제조컴퍼니,식품제조가공업,경기도,경기도 용인시
20200363161,4,4,4,(주)이음푸드시스템 나동,식품제조가공업,경기도,경기도 용인시
20200363166,6,6,6,(주)한마당,식품제조가공업,경기도,경기도 용인시
20200363173,1,1,1,쿠쿠치나 F&B,식품제조가공업,경기도,경기도 용인시
20200363182,1,1,1,어반리에프앤비,식품제조가공업,경기도,경기도 용인시
20200363186,1,1,1,주식회사 진주푸드,식품제조가공업,경기도,경기도 용인시
20200363195,1,1,1,카페차 주식회사 용인공장,식품제조가공업,경기도,경기도 용인시
20200363204,5,5,4,고매푸드,식품제조가공업,경기도,경기도 용인시
20200363209,5,5,5,(주)누리지에프에스,식품제조가공업,경기도,경기도 용인시
20200363225,2,1,1,주식회사 데이그린,식품제조가공업,경기도,경기도 광주시
20200366265,1,1,1,(주)아워홈 용인세브란스병원동백점(환자식),위탁급식영업,경기도,경기도 용인시
20200371132,3,3,3,농업회사법인(주)수지스링크,식품제조가공업,경기도,경기도 파주시
20200371141,3,3,3,토브,식품제조가공업,경기도,경기도 파주시
20200371159,1,1,1,디엠지(DMZ)해마루식품,식품제조가공업,경기도,경기도 파주시
20200371172,2,2,2,우신에프앤티(FNT),식품제조가공업,경기도,경기도 파주시
20200371191,2,2,2,빈푸드,식품제조가공업,경기도,경기도 파주시
20200371246,3,3,3,주식회사 에이치에프앤디,식품제조가공업,경기도,경기도 파주시
20200371341,2,2,2,주식회사 에이라이프,식품제조가공업,경기도,경기도 파주시
20200371361,1,1,1,(주)제이제이수산,식품제조가공업,경기도,경기도 파주시
20200371453,1,1,1,주식회사 취영루,집단급식소 식품판매업,경기도,경기도 파주시
20200371670,1,1,1,"에이커로스터스 주식회사 (Acre roasters Co.,Ltd.)",식품제조가공업,경기도,경기도 파주시
20200371901,1,1,1,미인발효음료,식품제조가공업,경기도,경기도 파주시
20200372148,1,1,1,떡기리,식품제조가공업,경기도,경기도 파주시
20200372169,1,1,1,주식회사 구복에프앤비,식품제조가공업,경기도,경기도 파주시
20200372239,5,5,5,(주)해성엔지니어링,식품제조가공업,경기도,경기도 파주시
20200372370,1,1,1,씨씨제과,식품제조가공업,경기도,경기도 파주시
20200372375,3,3,3,(주)더블루팜,식품제조가공업,경기도,경기도 파주시
20200372415,1,1,1,(주)씨에프103,식품제조가공업,경기도,경기도 파주시
20200372677,1,1,1,지앤에프 농업회사법인 주식회사,식품제조가공업,경기도,경기도 파주시
20200372887,1,1,1,파밀리아컴퍼니,식품제조가공업,경기도,경기도 파주시
20200374111,10,5,4,주식회사 보고바이오,식품제조가공업,경기도,경기도 이천시
20200374305,1,1,1,농업회사법인(주)반디,식품제조가공업,경기도,경기도 이천시
20200374349,12,6,4,주식회사 홈푸드,식품제조가공업,충청북도,충청북도 진천군
20200374351,6,6,6,씨제이프레시웨이 주식회사 센트럴키친중부지점,식품제조가공업,경기도,경기도 이천시
20200374418,6,6,6,(주)비엔에프글로벌 이선,식품제조가공업,경기도,경기도 이천시
20200374645,4,4,4,마음지음영농조합법인,식품제조가공업,경기도,경기도 이천시
20200374726,3,3,3,주식회사 푸드서플라이,식품제조가공업,경기도,경기도 이천시
20200374788,1,1,1,(주)주윈스 담따,식품제조가공업,경기도,경기도 이천시
20200376022,3,3,3,엄마손꾸러미영농조합법인,식품제조가공업,경기도,경기도 안성시
20200376275,1,1,1,(주)현대에프앤비,식품소분업,경기도,경기도 안성시
20200376409,1,1,1,젤라딸리,식품제조가공업,경기도,경기도 안성시
20200376508,2,2,2,주식회사 엔투제이바이오,식품제조가공업,경기도,경기도 안성시
20200376529,1,1,1,농업회사법인(주)온샘,식품제조가공업,경기도,경기도 안성시
20200376799,7,7,7,안성농산물가공협동조합,식품제조가공업,경기도,경기도 안성시
20200376920,1,1,1,주식회사 경기원푸드,식품소분업,경기도,경기도 안성시
20200376929,5,5,5,(주)에프에이뱅크,식품제조가공업,경기도,경기도 안성시
20200376930,1,1,1,(주)에프에이뱅크,식품첨가물제조업,경기도,경기도 안성시
20200378082,2,2,2,골드피쉬,식품제조가공업,경기도,경기도 김포시
20200378219,2,2,2,농업회사법인 김포농식품(주) 제2공장,식품제조가공업,경기도,경기도 김포시
20200378222,2,2,2,현대식품(김포),식품제조가공업,경기도,경기도 김포시
20200378223,2,2,2,용푸드,식품제조가공업,경기도,경기도 김포시
20200378539,2,2,2,(주)내츄럴푸드(제2공장),식품제조가공업,경기도,경기도 김포시
20200378552,1,1,1,농업회사법인주식회사 한미푸드,식품제조가공업,경기도,경기도 김포시
20200378908,3,3,3,신흥푸드,식품제조가공업,경기도,경기도 김포시
20200379053,2,2,2,명인바이오텍,식품제조가공업,경기도,경기도 김포시
20200379431,1,1,1,주식회사 데코푸드,식품첨가물제조업,경기도,경기도 김포시
20200379742,3,3,3,(주)골드피쉬에프앤비,식품제조가공업,경기도,경기도 김포시
20200379831,1,1,1,HAGIA SOPHIA(아야소피아),식품제조가공업,경기도,경기도 김포시
20200379888,1,1,1,평화농원,식품제조가공업,경기도,경기도 김포시
20200380209,3,3,3,(주)누들팜,식품제조가공업,경기도,경기도 김포시
20200380296,2,1,1,(주)유니온트리,식품제조가공업,경기도,경기도 김포시
20200382150,2,2,2,하나푸드,식품제조가공업,경기도,경기도 화성시
20200382226,3,3,3,리코키친,식품제조가공업,경기도,경기도 화성시
20200382639,1,1,1,주식회사제이티앤,식품제조가공업,경기도,경기도 화성시
20200382755,16,16,16,(주)진푸드,식품제조가공업,경기도,경기도 화성시
20200383474,2,2,2,바름바이오랩,식품제조가공업,경기도,경기도 화성시
20200383556,5,5,5,(주)에스비비컴퍼니 동탄공장,식품제조가공업,경기도,경기도 화성시
20200383562,1,1,1,주식회사 해루푸드,식품제조가공업,경기도,경기도 화성시
20200383567,2,2,2,대현유통,식품제조가공업,경기도,경기도 화성시
20200383632,1,1,1,주식회사 수담수제,식품제조가공업,경기도,경기도 화성시
20200383657,3,3,3,나찬푸드,식품제조가공업,경기도,경기도 화성시
20200383790,2,2,2,지성,식품제조가공업,경기도,경기도 화성시
20200383914,2,2,2,주식회사 노엘푸드,식품제조가공업,경기도,경기도 화성시
20200383936,2,2,2,주식회사한초담,식품제조가공업,경기도,경기도 화성시
20200383953,1,1,1,주식회사 젤라또코리아,식품제조가공업,경기도,경기도 화성시
20200384140,3,3,3,주식회사 온더볼,식품제조가공업,경기도,경기도 화성시
20200384258,2,2,2,주식회사 정안,식품제조가공업,경기도,경기도 화성시
20200384282,2,2,2,홈엔푸드,식품제조가공업,경기도,경기도 화성시
20200384727,1,1,1,(주)뉴트리션푸드,식품제조가공업,경기도,경기도 화성시
20200384813,2,2,1,주식회사 해성에프앤씨,식품제조가공업,경기도,경기도 화성시
20200384982,3,3,3,농업회사법인우리라이스 주식회사,식품제조가공업,경기도,경기도 화성시
20200385149,3,3,3,선한에프에스,식품제조가공업,경기도,경기도 화성시
20200385376,7,7,7,미래식품,식품제조가공업,경기도,경기도 화성시
20200385383,1,1,1,엔앤비푸드,식품소분업,경기도,경기도 화성시
20200385592,3,3,3,진유당,식품제조가공업,경기도,경기도 화성시
20200385845,1,1,1,소문난 삼부자,식품제조가공업,경기도,경기도 화성시
20200385912,1,1,1,주식회사 새늘에프앤비,식품제조가공업,경기도,경기도 화성시
20200387014,1,1,1,주식회사 영화 광주제2공장,식품제조가공업,경기도,경기도 광주시
20200387125,3,3,3,주식회사 마이셰프,식품제조가공업,경기도,경기도 광주시
20200387286,4,4,2,(주)다들림푸드 제2공장,식품제조가공업,경기도,경기도 광주시
20200387359,3,3,3,(주)성진식품 2공장,식품첨가물제조업,경기도,경기도 광주시
20200387391,2,2,2,그집푸드,식품제조가공업,경기도,경기도 광주시
20200387408,1,1,1,주식회사 착한습관,유통전문판매업,경기도,경기도 광주시
20200387505,1,1,1,(주)센테니얼 광주지점,식품제조가공업,경기도,경기도 광주시
20200387540,2,2,2,지구인팩토리1 지점,식품제조가공업,경기도,경기도 광주시
20200387764,1,1,1,농산물 가공센터,식품제조가공업,경기도,경기도 광주시
20200387882,5,5,5,(주)쿡프렌즈,식품제조가공업,경기도,경기도 광주시
20200387980,2,2,1,조덕,식품제조가공업,경기도,경기도 광주시
20200388015,6,6,5,(주)푸드벅스,식품제조가공업,경기도,경기도 광주시
20200388055,2,2,2,(주)씨즐푸드컴퍼니,식품제조가공업,경기도,경기도 광주시
20200388139,2,2,2,옥천식품,식품제조가공업,경기도,경기도 광주시
20200388425,1,1,1,농업회사법인(주)코오푸드,식품제조가공업,경기도,경기도 광주시
20200389300,1,1,1,가인푸드 농업회사법인 주식회사,식품제조가공업,경기도,경기도 양주시
20200389313,4,4,4,슈퍼푸드,식품제조가공업,경기도,경기도 양주시
20200389314,1,1,1,(주)서울쿠키컴퍼니,식품소분업,경기도,경기도 양주시
20200389348,3,3,3,주식회사 신원식품,식품제조가공업,경기도,경기도 양주시
20200389567,1,1,1,서울우유 양주신공장,식품제조가공업,경기도,경기도 양주시
20200389589,2,2,2,(주)호밀,식품제조가공업,경기도,경기도 양주시
20200389629,2,1,1,주식회사 밀작,식품제조가공업,경기도,경기도 양주시
20200389630,1,1,1,초록지기 정보화마을,식품제조가공업,경기도,경기도 양주시
20200389748,1,1,1,헬스바이오,식품제조가공업,경기도,경기도 양주시
20200391017,1,1,1,홍윤,식품제조가공업,경기도,경기도 포천시
20200391139,16,8,8,선경 푸드바이오 주식회사,식품제조가공업,경기도,경기도 남양주시
20200391145,1,1,1,해원식품,식품제조가공업,경기도,경기도 포천시
20200391171,1,1,1,주식회사유니식품,식품제조가공업,경기도,경기도 포천시
20200391317,1,1,1,(주)엠제이에프앤비,식품제조가공업,경기도,경기도 포천시
20200391343,1,1,1,주식회사 아이배냇포천푸드,식품제조가공업,경기도,경기도 포천시
20200391353,4,2,2,주식회사천우에프엔비,식품제조가공업,강원특별자치도,강원특별자치도 원주시
20200391441,7,7,6,아임퓨어,식품제조가공업,경기도,경기도 포천시
20200391511,2,2,2,주식회사 경기도가,식품제조가공업,경기도,경기도 포천시
20200391537,8,8,8,(주)한국네스트 제2공장,식품제조가공업,경기도,경기도 포천시
20200391559,14,14,13,(주)성진바이오 제1공장,식품제조가공업,경기도,경기도 포천시
20200391620,1,1,1,원일에프앤비 포천,식품제조가공업,경기도,경기도 포천시
20200393032,1,1,1,농업회사법인 주식회사 부림농산,식품제조가공업,경기도,경기도 여주시
20200393064,3,3,3,(주)농업법인 은성,식품제조가공업,경기도,경기도 여주시
20200393091,1,1,1,여주대일영농조합법인 해빙고 양거지점,식품제조가공업,경기도,경기도 여주시
20200393357,3,3,2,리드윈푸드,식품제조가공업,경기도,경기도 여주시
20200394022,2,2,2,백학방아간,식품제조가공업,경기도,경기도 연천군
20200394205,3,3,3,연천군농산물종합가공센터,식품제조가공업,경기도,경기도 연천군
20200395112,4,3,3,(주)마음,식품제조가공업,경기도,경기도 가평군
20200395148,2,2,2,벚꽃길한과&에덴떡집,식품제조가공업,경기도,경기도 가평군
20200395181,1,1,1,봉화전,식품제조가공업,경기도,경기도 가평군
20200395198,1,1,1,(주)디마떼오,식품제조가공업,경기도,경기도 가평군
20200396429,1,1,1,(주)피앤씨,식품제조가공업,경기도,경기도 양평군
20200398053,2,2,2,좋은생각,식품제조가공업,강원특별자치도,강원특별자치도 춘천시
20200398054,3,3,3,대일생활건강(주),식품제조가공업,강원특별자치도,강원특별자치도 춘천시
20200398279,1,1,1,재단법인 춘천지역먹거리통합지원센터,식품제조가공업,강원특별자치도,강원특별자치도 춘천시
20200398513,1,1,1,넥스트팬트리,식품제조가공업,강원특별자치도,강원특별자치도 춘천시
20200398790,3,3,3,춘천로컬푸드 영농조합법인,식품제조가공업,강원특별자치도,강원특별자치도 춘천시
20200398797,2,2,2,집국&바스크담,식품제조가공업,강원특별자치도,강원특별자치도 춘천시
20200399117,1,1,1,신포2리 수리봉마을 영농조합법인,식품제조가공업,강원특별자치도,강원특별자치도 춘천시
20200399247,4,4,4,춘천농가공협동조합,식품제조가공업,강원특별자치도,강원특별자치도 춘천시
20200401176,2,2,2,농업회사법인(주)더조은,식품제조가공업,강원특별자치도,강원특별자치도 원주시
20200401439,24,15,18,(주)서울에프엔비,식품제조가공업,강원특별자치도,강원특별자치도 원주시
20200401840,3,3,3,설성푸드주식회사,식품제조가공업,강원특별자치도,강원특별자치도 원주시
20200401849,1,1,1,넛쯔공방,식품제조가공업,강원특별자치도,강원특별자치도 원주시
20200401997,1,1,1,원주떡방,식품제조가공업,강원특별자치도,강원특별자치도 원주시
20200402013,3,3,3,주식회사 황금에프앤비,식품제조가공업,강원특별자치도,강원특별자치도 원주시
20200402357,2,2,2,(주)빨간화덕푸드,식품제조가공업,강원특별자치도,강원특별자치도 원주시
20200402420,1,1,1,훈이네마늘빵,식품제조가공업,강원특별자치도,강원특별자치도 원주시
20200407063,4,4,4,동해시농업기술센터,식품제조가공업,강원특별자치도,강원특별자치도 동해시
20200410069,2,2,2,오쏨빌리프,식품제조가공업,강원특별자치도,강원특별자치도 속초시
20200411082,1,1,1,산림조합 임산물가공시설,식품제조가공업,강원특별자치도,강원특별자치도 삼척시
20200411138,4,4,4,31건어물,식품제조가공업,강원특별자치도,강원특별자치도 삼척시
20200411149,3,3,3,김옥연농장,식품제조가공업,강원특별자치도,강원특별자치도 삼척시
20200412038,3,3,3,홍미방,식품제조가공업,강원특별자치도,강원특별자치도 홍천군
20200412048,1,1,1,계방산청정약초협동조합,식품제조가공업,강원특별자치도,강원특별자치도 홍천군
20200412078,2,2,2,주식회사농업회사법인달스팜,식품제조가공업,강원특별자치도,강원특별자치도 홍천군
20200412236,1,1,1,홍천사과제일 영농조합법인,식품제조가공업,강원특별자치도,강원특별자치도 홍천군
20200412240,3,3,3,농업회사법인 길벗농장 주식회사 제2공장,식품제조가공업,강원특별자치도,강원특별자치도 홍천군
20200412248,1,1,1,힐링라이트,식품제조가공업,강원특별자치도,강원특별자치도 홍천군
20200413007,1,1,1,무영농원,식품제조가공업,강원특별자치도,강원특별자치도 횡성군
20200413021,1,1,1,푸른디딤(주)농업회사법인,식품제조가공업,강원특별자치도,강원특별자치도 횡성군
20200413068,6,6,6,(주)대웅제약 2공장,식품제조가공업,강원특별자치도,강원특별자치도 횡성군
20200413082,1,1,1,농업회사법인주식회사 홈스랑,식품제조가공업,강원특별자치도,강원특별자치도 횡성군
20200413121,3,3,3,농업회사법인 인더후레쉬 주식회사,식품제조가공업,강원특별자치도,강원특별자치도 횡성군
20200413166,1,1,1,횡성농협가공공장 선식공장,식품제조가공업,강원특별자치도,강원특별자치도 횡성군
20200413175,1,1,1,농업회사법인케이엔푸드(주),식품소분업,강원특별자치도,강원특별자치도 횡성군
20200414017,1,1,1,(주)일성씨엠에스,식품제조가공업,강원특별자치도,강원특별자치도 영월군
20200414026,2,2,2,(주)동강청정다슬기,식품제조가공업,강원특별자치도,강원특별자치도 영월군
20200414090,4,4,4,㈜영월드씨케이씨,식품제조가공업,강원특별자치도,강원특별자치도 영월군
20200416013,1,1,1,농업회사법인 주식회사 정선물산,식품제조가공업,강원특별자치도,강원특별자치도 정선군
20200416028,1,1,1,농업회사법인(주)그림바위농장,식품제조가공업,강원특별자치도,강원특별자치도 정선군
20200416037,4,2,2,주식회사 하이원베이커리 F2,식품제조가공업,강원특별자치도,강원특별자치도 정선군
20200416083,7,7,6,농업회사법인 주식회사 채움,식품제조가공업,강원특별자치도,강원특별자치도 정선군
20200416095,1,1,1,수에프앤에스농업회사법인 유한회사,식품제조가공업,강원특별자치도,강원특별자치도 정선군
20200416136,1,1,1,임계농업협동조합,식품제조가공업,강원특별자치도,강원특별자치도 정선군
20200417034,1,1,1,철원잇츠영농조합법인,식품제조가공업,강원특별자치도,강원특별자치도 철원군
20200417035,1,1,1,철원쌀가공영농조합,식품제조가공업,강원특별자치도,강원특별자치도 철원군
20200417138,2,2,2,(주)모락모락,식품제조가공업,강원특별자치도,강원특별자치도 철원군
20200417155,2,2,2,철원스낵,식품제조가공업,강원특별자치도,강원특별자치도 철원군
20200417156,2,2,2,철원내츄럴푸드,식품제조가공업,강원특별자치도,강원특별자치도 철원군
20200419027,2,2,1,씨앤엘영농조합법인,식품제조가공업,강원특별자치도,강원특별자치도 양구군
20200419038,3,3,3,농업회사법인(주)삼광에프앤비,식품제조가공업,강원특별자치도,강원특별자치도 양구군
20200420068,5,5,5,주식회사 아이제이푸드,식품제조가공업,강원특별자치도,강원특별자치도 인제군
20200421014,1,1,1,(주)봉포 머구리집,식품제조가공업,강원특별자치도,강원특별자치도 고성군
20200421100,1,1,1,자연드림 솔트로드 주식회사,식품제조가공업,강원특별자치도,강원특별자치도 고성군
20200421150,1,1,1,동문가채FOOD,식품제조가공업,강원특별자치도,강원특별자치도 고성군
20200422001,3,3,3,(주)스마트푸드,식품제조가공업,강원특별자치도,강원특별자치도 양양군
20200424004,1,1,1,영푸드시스템(주)오창공장,식품제조가공업,충청북도,충청북도 청주시
20200424007,3,3,3,(주)신정에프앤비,식품제조가공업,충청북도,충청북도 청주시
20200424010,10,10,9,(주)리앤씨바이오,식품제조가공업,충청북도,충청북도 청주시
20200424019,3,3,3,피티씨(PTC) 오송,식품제조가공업,충청북도,충청북도 청주시
20200424020,1,1,1,(주)건강을담은,식품제조가공업,충청북도,충청북도 청주시
20200424025,1,1,1,(주)누룽지,식품제조가공업,충청북도,충청북도 청주시
20200424026,2,2,2,곡물명가(주),식품제조가공업,충청북도,충청북도 청주시
20200424037,2,2,2,다나,식품제조가공업,충청북도,충청북도 청주시
20200424065,11,11,11,광동헬스바이오(주),식품제조가공업,충청북도,충청북도 청주시
20200424075,3,3,3,대성에프에스,식품제조가공업,충청북도,충청북도 청주시
20200424076,1,1,1,흙살림푸드,식품제조가공업,충청북도,충청북도 청주시
20200424097,2,2,2,도화담,식품제조가공업,충청북도,충청북도 청주시
20200424105,2,2,2,알콩푸드,식품제조가공업,충청북도,충청북도 청주시
20200424125,1,1,1,주식회사 카우스토리,식품제조가공업,충청북도,충청북도 청주시
20200424128,1,1,1,미원산골마을빵,식품제조가공업,충청북도,충청북도 청주시
20200424137,6,6,3,농업회사법인(주)에코팜푸드,식품제조가공업,충청북도,충청북도 청주시
20200424144,4,4,4,(주)이지푸드,식품제조가공업,충청북도,충청북도 청주시
20200424149,3,3,3,(주)네츄럴굿띵스,식품제조가공업,충청북도,충청북도 청주시
20200442032,4,4,4,아이배냇(주),식품제조가공업,충청북도,충청북도 충주시
20200442285,1,1,1,엔와이(주),식품제조가공업,충청북도,충청북도 충주시
20200442402,10,5,3,김치세상,식품제조가공업,경기도,경기도 용인시
20200442408,2,2,2,(주)천암푸드,식품제조가공업,충청북도,충청북도 충주시
20200442483,5,5,3,농업회사법인새싹나라주식회사,식품제조가공업,충청북도,충청북도 충주시
20200442522,2,2,2,(주)청정,식품제조가공업,충청북도,충청북도 충주시
20200442628,4,4,4,(주)코어그린,식품제조가공업,충청북도,충청북도 충주시
20200442716,3,3,3,웰바이오,식품제조가공업,충청북도,충청북도 충주시
20200442722,2,2,2,(주)디엠에프엔씨,식품제조가공업,충청북도,충청북도 충주시
20200444395,1,1,1,이현정일품연구소,식품제조가공업,충청북도,충청북도 제천시
20200446007,2,2,2,보은군장애인보호작업장,식품제조가공업,충청북도,충청북도 보은군
20200446037,1,1,1,(주)티엔에프앤비,식품제조가공업,충청북도,충청북도 보은군
20200446096,3,3,2,보은군산림조합보은대추복합유통센터,식품제조가공업,충청북도,충청북도 보은군
20200447029,8,4,4,황금이네,식품제조가공업,충청북도,충청북도 옥천군
20200447048,4,2,2,크레이지피넛,식품제조가공업,부산광역시,부산광역시 기장군
20200447050,8,8,8,농업회사법인 아이사랑정푸드 유한회사 2공장,식품제조가공업,충청북도,충청북도 옥천군
20200447102,1,1,1,JS푸드,식품제조가공업,충청북도,충청북도 옥천군
20200447117,2,1,1,주식회사 떡갈나무,식품제조가공업,충청북도,충청북도 옥천군
20200447159,1,1,1,주식회사 씨케이씨엔씨,식품제조가공업,충청북도,충청북도 옥천군
20200447160,1,1,1,이담푸드,식품제조가공업,충청북도,충청북도 옥천군
20200448100,2,2,2,카페온,식품제조가공업,충청북도,충청북도 영동군
20200448117,1,1,1,어진수산,식품제조가공업,충청북도,충청북도 영동군
20200448139,1,1,1,추풍령푸드,식품제조가공업,충청북도,충청북도 영동군
20200449054,1,1,1,(주)락산수,식품제조가공업,충청북도,충청북도 증평군
20200449068,2,2,2,(주)덕산식품 증평공장,식품제조가공업,충청북도,충청북도 증평군
20200450031,4,4,4,(주)비지에프푸드,식품제조가공업,충청북도,충청북도 진천군
20200450049,1,1,1,농업회사법인 비퍼알(B4R) (주),식품제조가공업,충청북도,충청북도 진천군
20200450060,5,5,5,(주)바른푸드,식품제조가공업,충청북도,충청북도 진천군
20200450248,13,13,13,(주)유디바이오,식품제조가공업,충청북도,충청북도 진천군
20200450403,2,2,2,바디라이프(주),식품제조가공업,충청북도,충청북도 진천군
20200451004,3,3,3,주식회사 가치채움,식품제조가공업,충청북도,충청북도 괴산군
20200451010,2,2,2,농업회사법인(주)프라이드리,식품제조가공업,충청북도,충청북도 괴산군
20200451015,2,2,2,농업회사법인 한백식품(주),식품제조가공업,충청북도,충청북도 괴산군
20200451073,5,5,5,괴산군농산물가공협동조합,식품제조가공업,충청북도,충청북도 괴산군
20200451102,2,2,2,곰님농원,식품제조가공업,충청북도,충청북도 괴산군
20200451103,1,1,1,산들바람,식품제조가공업,충청북도,충청북도 괴산군
20200451110,1,1,1,농업회사법인 (주)홍이,식품제조가공업,충청북도,충청북도 괴산군
20200451116,2,2,2,(주)아비스모 생활건강,식품제조가공업,충청북도,충청북도 괴산군
20200451119,2,2,2,주식회사 이로운식품 베이커리 공방,식품제조가공업,충청북도,충청북도 괴산군
20200452044,2,2,2,(주)가온푸드 음성공장,식품제조가공업,충청북도,충청북도 음성군
20200452123,5,5,5,(주)디엠코리아,식품제조가공업,충청북도,충청북도 음성군
20200452148,1,1,1,하이돈푸드시스템,식품제조가공업,충청북도,충청북도 음성군
20200452158,2,2,2,주식회사 수연푸드,식품제조가공업,충청북도,충청북도 음성군
20200452176,1,1,1,(주)하이톡,식품제조가공업,충청북도,충청북도 음성군
20200452277,2,2,1,(주)대로식품,식품제조가공업,충청북도,충청북도 음성군
20200452306,7,7,7,(주)에스엠바이오,식품제조가공업,충청북도,충청북도 음성군
20200454029,1,1,1,(주)오대양,식품제조가공업,충청북도,충청북도 단양군
20200456111,13,13,13,주식회사바이오360,식품제조가공업,충청남도,충청남도 천안시
20200456244,1,1,1,주식회사은하촌농업회사법인,식품제조가공업,충청남도,충청남도 천안시
20200456287,1,1,1,아쿠아수산주식회사,식품제조가공업,충청남도,충청남도 천안시
20200456496,2,1,1,촌드레푸드,식품제조가공업,경기도,경기도 이천시
20200456532,2,2,2,주식회사코스팜2공장,식품제조가공업,충청남도,충청남도 천안시
20200456643,3,3,3,자담촌주식회사,식품제조가공업,충청남도,충청남도 천안시
20200456711,5,5,5,주식회사한국코스모,식품제조가공업,충청남도,충청남도 천안시
20200456735,4,4,4,천안시농산물가공지원사업장,식품제조가공업,충청남도,충청남도 천안시
20200456744,2,2,2,주식회사지로스터,식품제조가공업,충청남도,충청남도 천안시
20200456945,2,2,2,유토피베이킹,식품제조가공업,충청남도,충청남도 천안시
20200456979,1,1,1,드플레르,식품제조가공업,충청남도,충청남도 천안시
20200464220,1,1,1,농업회사법인발효과학연구소주식회사,식품제조가공업,충청남도,충청남도 공주시
20200464262,2,1,1,(주)재연에프앤비,식품제조가공업,충청남도,충청남도 공주시
20200464402,1,1,1,사곡농협공주알밤가공센터,집단급식소 식품판매업,충청남도,충청남도 공주시
20200465094,5,5,5,주식회사 해가인 어업회사법인,식품제조가공업,충청남도,충청남도 보령시
20200465120,1,1,1,백제수산,식품제조가공업,충청남도,충청남도 보령시
20200465163,2,2,2,농업회사법인 보령우유(주),식품제조가공업,충청남도,충청남도 보령시
20200465210,1,1,1,황가네식품,식품제조가공업,충청남도,충청남도 보령시
20200467032,1,1,1,다온명가,식품제조가공업,충청남도,충청남도 아산시
20200467060,3,3,3,농업회사법인 주식회사 청정펀치볼,식품제조가공업,충청남도,충청남도 아산시
20200467192,1,1,1,복자네과수원,식품제조가공업,충청남도,충청남도 아산시
20200467298,3,3,3,패션푸드,식품제조가공업,충청남도,충청남도 아산시
20200467503,15,15,15,올담식품,식품제조가공업,충청남도,충청남도 아산시
20200467543,1,1,1,경남제약(주),식품제조가공업,충청남도,충청남도 아산시
20200469489,1,1,1,운산하우스달래협동조합,식품제조가공업,충청남도,충청남도 서산시
20200469490,2,2,2,주식회사 자연실업,식품제조가공업,충청남도,충청남도 서산시
20200470096,1,1,1,엔에스팜,식품제조가공업,충청남도,충청남도 논산시
20200470107,4,4,4,주식회사 어반파머,식품제조가공업,충청남도,충청남도 논산시
20200470133,2,2,2,농업회사법인 삼우바이오팜(주),식품제조가공업,충청남도,충청남도 논산시
20200470166,6,6,6,주식회사 쿠즈락,식품제조가공업,충청남도,충청남도 논산시
20200470183,3,3,3,농업회사법인 주식회사 천농,식품제조가공업,충청남도,충청남도 논산시
20200470298,3,3,3,미나미제과,식품제조가공업,충청남도,충청남도 논산시
20200470301,1,1,1,(주)샤인팩토리농업회사법인,식품제조가공업,충청남도,충청남도 논산시
20200470347,11,11,11,농업회사법인주식회사두리두리,식품제조가공업,충청남도,충청남도 논산시
20200470353,1,1,1,유한회사 대운식품,식품제조가공업,충청남도,충청남도 논산시
20200472118,1,1,1,(주)우리상사,식품소분업,충청남도,충청남도 계룡시
20200472119,1,1,1,(주)우리상사,식품제조가공업,충청남도,충청남도 계룡시
20200473117,3,3,3,햇빛마을,식품제조가공업,충청남도,충청남도 금산군
20200473154,2,2,2,금산수삼영농조합법인,식품제조가공업,충청남도,충청남도 금산군
20200473174,2,2,2,손끝으로 만드는 세상,식품제조가공업,충청남도,충청남도 금산군
20200473207,2,2,2,금산한누리식품2공장,식품제조가공업,충청남도,충청남도 금산군
20200473209,2,2,2,삼이야푸드,식품제조가공업,충청남도,충청남도 금산군
20200473212,1,1,1,주식회사다님길,식품소분업,충청남도,충청남도 금산군
20200473221,3,3,3,경방신약(주)금산공장,식품제조가공업,충청남도,충청남도 금산군
20200475051,10,10,10,주식회사 SL푸드원,식품제조가공업,충청남도,충청남도 서천군
20200475121,1,1,1,한담떡,식품제조가공업,충청남도,충청남도 서천군
20200475126,1,1,1,주식회사 청화농산 종천공장,식품제조가공업,충청남도,충청남도 서천군
20200475172,2,2,2,서천군수협,식품제조가공업,충청남도,충청남도 서천군
20200476017,4,4,4,농업회사법인 유한회사 오린,식품제조가공업,충청남도,충청남도 청양군
20200477043,1,1,1,(주)지랑 반찬,식품제조가공업,충청남도,충청남도 홍성군
20200477238,1,1,1,주식회사 별식품 2공장,식품제조가공업,충청남도,충청남도 홍성군
20200477298,1,1,1,주식회사 소문난삼부자(홍성지점),식품제조가공업,충청남도,충청남도 홍성군
20200478034,1,1,1,버들제면소,식품제조가공업,충청남도,충청남도 예산군
20200478173,5,5,4,주식회사 아마존허브,식품제조가공업,충청남도,충청남도 예산군
20200478272,1,1,1,형제떡집,식품제조가공업,충청남도,충청남도 예산군
20200479019,3,3,3,세희수산,식품제조가공업,충청남도,충청남도 태안군
20200479033,1,1,1,대현수산영어영농조합법인 제2공장,식품제조가공업,충청남도,충청남도 태안군
20200482208,1,1,1,위하다컴퍼니,식품제조가공업,전북특별자치도,전북특별자치도 전주시
20200485963,1,1,1,(주)홍시궁,식품제조가공업,전북특별자치도,전북특별자치도 전주시
20200488113,2,2,2,(유)더원에프엔씨,식품제조가공업,전북특별자치도,전북특별자치도 군산시
20200488450,1,1,1,(유)맘푸드,식품제조가공업,전북특별자치도,전북특별자치도 군산시
20200488479,3,3,3,영어조합법인 해담 씨푸드팩토리,식품제조가공업,전북특별자치도,전북특별자치도 군산시
20200488657,1,1,1,나포한과마을,식품제조가공업,전북특별자치도,전북특별자치도 군산시
20200488738,1,1,1,어업회사법인 주식회사 리해,식품제조가공업,전북특별자치도,전북특별자치도 군산시
20200488810,2,2,2,멜로디,식품제조가공업,전북특별자치도,전북특별자치도 군산시
20200491063,1,1,1,주식회사 로컬웍스,식품제조가공업,전북특별자치도,전북특별자치도 익산시
20200491170,3,3,3,(주)하림산업 함열식품 3공장,식품제조가공업,전북특별자치도,전북특별자치도 익산시
20200491311,2,2,2,(주)어메스,식품제조가공업,전북특별자치도,전북특별자치도 익산시
20200491338,2,2,2,주식회사 위푸드,식품제조가공업,전북특별자치도,전북특별자치도 익산시
20200491392,17,12,13,(주)하림산업 함열식품1공장,식품제조가공업,전북특별자치도,전북특별자치도 익산시
20200491456,2,2,2,(주)하림 제2공장,식품제조가공업,전북특별자치도,전북특별자치도 익산시
20200491470,2,2,2,쿠커씨 주식회사,식품제조가공업,전북특별자치도,전북특별자치도 익산시
20200491519,6,6,6,나리찬주식회사 농업회사법인,식품제조가공업,전북특별자치도,전북특별자치도 익산시
20200491534,2,2,2,(주)하림산업 함열식품 2공장,식품제조가공업,전북특별자치도,전북특별자치도 익산시
20200491541,1,1,1,(주)이노웨이 익산공장,식품제조가공업,전북특별자치도,전북특별자치도 익산시
20200491572,3,3,3,주식회사 이은,식품제조가공업,전북특별자치도,전북특별자치도 익산시
20200491576,1,1,1,주식회사 태풍그룹,식품제조가공업,전북특별자치도,전북특별자치도 익산시
20200491634,4,4,4,(주)다옴에프앤씨,식품제조가공업,전북특별자치도,전북특별자치도 익산시
20200491686,3,3,3,영농조합법인 이앤티,식품제조가공업,전북특별자치도,전북특별자치도 익산시
20200494087,1,1,1,조은푸드,식품제조가공업,전북특별자치도,전북특별자치도 정읍시
20200494190,2,1,1,유한회사 엘케이푸드,식품제조가공업,전북특별자치도,전북특별자치도 정읍시
20200496023,2,2,2,어이딸 부각,식품제조가공업,전북특별자치도,전북특별자치도 남원시
20200496054,2,2,2,농업회사법인 유한회사 지리온,식품제조가공업,전북특별자치도,전북특별자치도 남원시
20200496169,1,1,1,춘향과,식품제조가공업,전북특별자치도,전북특별자치도 남원시
20200496211,2,2,2,해나라푸드,식품제조가공업,전북특별자치도,전북특별자치도 남원시
20200497102,1,1,1,(주)참고을 지평선공장,식품소분업,전북특별자치도,전북특별자치도 김제시
20200497103,7,7,7,(주)참고을 지평선공장,식품제조가공업,전북특별자치도,전북특별자치도 김제시
20200497142,7,7,7,지평선가공센터,식품제조가공업,전북특별자치도,전북특별자치도 김제시
20200498021,3,3,3,농업회사법인 주식회사 창창푸드,식품제조가공업,전북특별자치도,전북특별자치도 완주군
20200498027,3,3,3,농업회사법인 (유)휴먼에노스,식품제조가공업,전북특별자치도,전북특별자치도 완주군
20200498153,2,2,2,주식회사 이거다,식품제조가공업,전북특별자치도,전북특별자치도 완주군
20200498169,1,1,1,달새앙,식품제조가공업,전북특별자치도,전북특별자치도 완주군
20200498215,2,2,2,더진코리아,식품제조가공업,전북특별자치도,전북특별자치도 완주군
20200499003,1,1,1,고원한과협동조합,식품제조가공업,전북특별자치도,전북특별자치도 진안군
20200499053,1,1,1,농업회사법인 산초롱 유한회사,식품제조가공업,전북특별자치도,전북특별자치도 진안군
20200499073,1,1,1,농업회사법인 생명나무 유한회사,식품제조가공업,전북특별자치도,전북특별자치도 진안군
20200499107,1,1,1,다향,식품제조가공업,전북특별자치도,전북특별자치도 진안군
20200500009,2,2,2,파머스에프앤에스,식품제조가공업,전북특별자치도,전북특별자치도 무주군
20200500027,3,1,1,풀무원다논 주식회사,식품제조가공업,전북특별자치도,전북특별자치도 무주군
20200501035,1,1,1,장계농협가공센터,식품제조가공업,전북특별자치도,전북특별자치도 장수군
20200501043,5,5,4,농업회사법인 주식회사 야미쿠쿠,식품제조가공업,전북특별자치도,전북특별자치도 장수군
20200501055,1,1,1,장수반파가야영농조합법인,식품제조가공업,전북특별자치도,전북특별자치도 장수군
20200502001,1,1,1,산에는,식품제조가공업,전북특별자치도,전북특별자치도 임실군
20200502008,4,4,4,임실 레드팜 (영),식품제조가공업,전북특별자치도,전북특별자치도 임실군
20200502012,1,1,1,농업회사법인 임실엔푸드(주),식품제조가공업,전북특별자치도,전북특별자치도 임실군
20200502027,3,3,3,(재)임실치즈앤식품연구소,식품제조가공업,전북특별자치도,전북특별자치도 임실군
20200502037,4,4,4,(주) 함소아제약 임실공장,식품제조가공업,전북특별자치도,전북특별자치도 임실군
20200503018,1,1,1,농업회사법인 유한회사 늘푸름,식품제조가공업,전북특별자치도,전북특별자치도 순창군
20200503066,1,1,1,두손영농조합법인,식품제조가공업,전북특별자치도,전북특별자치도 순창군
20200504024,1,1,1,(주)온쿡농업회사법인,식품제조가공업,전북특별자치도,전북특별자치도 고창군
20200504039,4,4,4,조은장어,식품제조가공업,전북특별자치도,전북특별자치도 고창군
20200504083,1,1,1,상하농원(유)발효공방,식품제조가공업,전북특별자치도,전북특별자치도 고창군
20200504125,2,2,2,(유)고창풍천장어식품,식품제조가공업,전북특별자치도,전북특별자치도 고창군
20200505002,1,1,1,그로우업,식품제조가공업,전북특별자치도,전북특별자치도 부안군
20200505006,1,1,1,전북부안지역자활센터 노을초코,식품제조가공업,전북특별자치도,전북특별자치도 부안군
20200505034,2,2,2,주식회사 들찬,식품제조가공업,전북특별자치도,전북특별자치도 부안군
20200505146,1,1,1,농업회사법인 유한회사 햇살,식품제조가공업,전북특별자치도,전북특별자치도 부안군
20200505160,3,3,3,채석강수산,식품제조가공업,전북특별자치도,전북특별자치도 부안군
20200507148,1,1,1,대상푸드플러스주식회사,식품제조가공업,전남광주통합특별시,전남광주통합특별시 목포시
20200507259,1,1,1,남도씨푸드,식품제조가공업,전남광주통합특별시,전남광주통합특별시 목포시
20200507581,2,1,1,(유)타르트제작소,식품제조가공업,전남광주통합특별시,전남광주통합특별시 무안군
20200507652,1,1,1,만전식품(주),식품제조가공업,전남광주통합특별시,전남광주통합특별시 목포시
20200510112,2,2,2,이안숙여수돌산갓김치,식품제조가공업,전남광주통합특별시,전남광주통합특별시 여수시
20200513018,2,1,1,서주현전통수제한과,식품제조가공업,전남광주통합특별시,전남광주통합특별시 순천시
20200513313,1,1,1,순천외서절임배추영농조합법인,식품제조가공업,전남광주통합특별시,전남광주통합특별시 순천시
20200513368,1,1,1,여미락도시락점,식품제조가공업,전남광주통합특별시,전남광주통합특별시 순천시
20200513792,1,1,1,(주)양와당에프앤씨,식품제조가공업,전남광주통합특별시,전남광주통합특별시 순천시
20200513888,1,1,1,농업회사법인이반촌농원(주),식품제조가공업,전남광주통합특별시,전남광주통합특별시 순천시
20200516003,1,1,1,영농조합법인 농부,식품제조가공업,전남광주통합특별시,전남광주통합특별시 나주시
20200516296,3,3,2,농업회사법인 문스팜 주식회사,식품제조가공업,전남광주통합특별시,전남광주통합특별시 나주시
20200516383,1,1,1,농업회사법인 우담주식회사,식품제조가공업,전남광주통합특별시,전남광주통합특별시 나주시
20200519057,3,3,3,주식회사 더레드디시,식품제조가공업,전남광주통합특별시,전남광주통합특별시 담양군
20200519152,1,1,1,주식회사 순수스마트워터,식품제조가공업,전남광주통합특별시,전남광주통합특별시 담양군
20200520015,1,1,1,제일한과,식품제조가공업,전남광주통합특별시,전남광주통합특별시 곡성군
20200521071,7,7,7,구례지리산식품가공협동조합,식품제조가공업,전남광주통합특별시,전남광주통합특별시 구례군
20200521080,1,1,1,만명약산수,식품제조가공업,전남광주통합특별시,전남광주통합특별시 구례군
20200521084,1,1,1,농업회사법인유한회사우리들녘식품,식품제조가공업,전남광주통합특별시,전남광주통합특별시 구례군
20200522107,3,3,3,하늘아래맛식품,식품제조가공업,전남광주통합특별시,전남광주통합특별시 고흥군
20200523025,6,6,6,강산농원 유한회사 농업회사법인 2공장,식품제조가공업,전남광주통합특별시,전남광주통합특별시 보성군
20200523057,5,5,5,보성군농산물종합가공센터,식품제조가공업,전남광주통합특별시,전남광주통합특별시 보성군
20200524099,1,1,1,농업회사법인 주식회사 고인돌에프에스,식품제조가공업,전남광주통합특별시,전남광주통합특별시 화순군
20200524134,2,2,2,팜앤조이,식품제조가공업,전남광주통합특별시,전남광주통합특별시 화순군
20200524155,3,3,3,영글어농장,식품제조가공업,전남광주통합특별시,전남광주통합특별시 화순군
20200525003,1,1,1,어업회사법인 주식회사 순수해작,식품제조가공업,전남광주통합특별시,전남광주통합특별시 장흥군
20200525030,1,1,1,장흥군수산업협동조합 수산물 가공공장,식품제조가공업,전남광주통합특별시,전남광주통합특별시 장흥군
20200525052,4,2,2,농업회사법인 허니엣비 주식회사,식품제조가공업,전남광주통합특별시,전남광주통합특별시 함평군
20200525099,2,2,2,주식회사 자연앤푸드,식품제조가공업,전남광주통합특별시,전남광주통합특별시 장흥군
20200525101,1,1,1,어업회사법인 바다채소 주식회사,식품제조가공업,전남광주통합특별시,전남광주통합특별시 장흥군
20200526043,2,2,2,어업회사법인(주)예원,식품제조가공업,전남광주통합특별시,전남광주통합특별시 강진군
20200526046,1,1,1,착한영농조합법인,식품제조가공업,전남광주통합특별시,전남광주통합특별시 강진군
20200526061,1,1,1,주식회사 바다해초,식품제조가공업,전남광주통합특별시,전남광주통합특별시 강진군
20200527015,1,1,1,홍쭈네농장,식품제조가공업,전남광주통합특별시,전남광주통합특별시 해남군
20200527025,4,4,4,자연채 식품,식품제조가공업,전남광주통합특별시,전남광주통합특별시 해남군
20200527029,1,1,1,황토로하스영농조합법인,식품제조가공업,전남광주통합특별시,전남광주통합특별시 해남군
20200527056,2,2,2,농업회사법인 주식회사 자작,식품제조가공업,전남광주통합특별시,전남광주통합특별시 해남군
20200527086,4,4,4,용호농산영농조합법인,식품제조가공업,전남광주통합특별시,전남광주통합특별시 해남군
20200527123,3,3,3,참살이 농산물,식품제조가공업,전남광주통합특별시,전남광주통합특별시 해남군
20200527126,1,1,1,흙이야기 농업회사법인 유한회사,식품제조가공업,전남광주통합특별시,전남광주통합특별시 해남군
20200527132,1,1,1,주식회사 다복,식품제조가공업,전남광주통합특별시,전남광주통합특별시 해남군
20200527137,2,2,2,땅끝햇살찬 영농조합법인(제2공장),식품제조가공업,전남광주통합특별시,전남광주통합특별시 해남군
20200527142,4,4,4,땅끝하늘영농조합법인,식품제조가공업,전남광주통합특별시,전남광주통합특별시 해남군
20200527147,1,1,1,농업회사법인(주)해남들녘,식품제조가공업,전남광주통합특별시,전남광주통합특별시 해남군
20200527152,3,3,3,놀부유통영농조합법인 제2공장,식품제조가공업,전남광주통합특별시,전남광주통합특별시 해남군
20200527156,1,1,1,해찬솔영농조합법인,식품제조가공업,전남광주통합특별시,전남광주통합특별시 해남군
20200528043,4,4,3,(주)인성,식품제조가공업,전남광주통합특별시,전남광주통합특별시 영암군
20200528051,2,2,2,(주)코람데오,식품제조가공업,전남광주통합특별시,전남광주통합특별시 영암군
20200528054,6,6,6,영암농산물가공영농조합법인,식품제조가공업,전남광주통합특별시,전남광주통합특별시 영암군
20200529037,3,3,2,해오름 농업회사법인 유한회사,식품제조가공업,전남광주통합특별시,전남광주통합특별시 무안군
20200529038,2,2,2,농업회사법인 복길농원 주식회사,식품제조가공업,전남광주통합특별시,전남광주통합특별시 무안군
20200529041,2,2,2,팔팔씨푸드,식품제조가공업,전남광주통합특별시,전남광주통합특별시 무안군
20200529044,1,1,1,유한회사 좋은채움,식품제조가공업,전남광주통합특별시,전남광주통합특별시 무안군
20200529148,2,2,2,듬뿍곡간,식품제조가공업,전남광주통합특별시,전남광주통합특별시 무안군
20200529156,1,1,1,김굽는마을,식품제조가공업,전남광주통합특별시,전남광주통합특별시 무안군
20200529264,2,2,2,유한회사 알찬푸드,식품제조가공업,전남광주통합특별시,전남광주통합특별시 무안군
20200530010,5,5,5,함평농산물가공영농조합법인,식품제조가공업,전남광주통합특별시,전남광주통합특별시 함평군
20200530024,16,16,6,농업회사법인 (주) 더바른,식품제조가공업,전남광주통합특별시,전남광주통합특별시 함평군
20200530076,1,1,1,농업회사법인주식회사유일식품,식품제조가공업,전남광주통합특별시,전남광주통합특별시 함평군
20200531054,2,2,2,주식회사 금호시푸드,식품제조가공업,전남광주통합특별시,전남광주통합특별시 영광군
20200531059,1,1,1,공달푸드,식품제조가공업,전남광주통합특별시,전남광주통합특별시 영광군
20200531077,3,3,2,어업회사법인(주)벧엘에프엔지,식품제조가공업,전남광주통합특별시,전남광주통합특별시 영광군
20200531137,3,3,3,주식회사 태산알엔디 영광공장,식품제조가공업,전남광주통합특별시,전남광주통합특별시 영광군
20200532029,4,4,4,지니푸드,식품제조가공업,전남광주통합특별시,전남광주통합특별시 장성군
20200532085,1,1,1,아이비씨영농조합법인,식품제조가공업,전남광주통합특별시,전남광주통합특별시 장성군
20200532120,3,3,3,엄마의 텃밭,식품제조가공업,전남광주통합특별시,전남광주통합특별시 장성군
20200532144,2,1,1,농업회사법인(주)지음,식품제조가공업,전남광주통합특별시,전남광주통합특별시 장성군
20200533009,3,3,3,누리영어조합법인,식품제조가공업,전남광주통합특별시,전남광주통합특별시 완도군
20200533012,1,1,1,해미원 영어조합법인,식품제조가공업,전남광주통합특별시,전남광주통합특별시 완도군
20200533030,1,1,1,어업회사법인 완도매생이(주),식품제조가공업,전남광주통합특별시,전남광주통합특별시 완도군
20200533053,1,1,1,(주)향아식품,식품제조가공업,전남광주통합특별시,전남광주통합특별시 완도군
20200533079,5,5,5,어업회사법인 해스레 유한회사,식품제조가공업,전남광주통합특별시,전남광주통합특별시 완도군
20200533098,3,3,3,완도바다영어조합법인,식품제조가공업,전남광주통합특별시,전남광주통합특별시 완도군
20200534040,7,7,4,농업회사법인(주)진도항아리김치,식품제조가공업,전남광주통합특별시,전남광주통합특별시 진도군
20200535009,1,1,1,우리토탈산업(몽구네),식품제조가공업,전남광주통합특별시,전남광주통합특별시 신안군
20200537050,1,1,1,슈가랑,식품제조가공업,경상북도,경상북도 포항시
20200537055,1,1,1,해동수산,식품제조가공업,경상북도,경상북도 포항시
20200537070,6,6,4,(주)더조은에프엔비,식품제조가공업,경상북도,경상북도 포항시
20200537082,1,1,1,유원푸드,식품제조가공업,경상북도,경상북도 포항시
20200537086,4,4,2,주식회사 진에프앤비,식품제조가공업,경상북도,경상북도 포항시
20200537098,1,1,1,경북외식창업협동조합,식품제조가공업,경상북도,경상북도 포항시
20200537104,1,1,1,창포푸드,식품제조가공업,경상북도,경상북도 포항시
20200537105,1,1,1,주식회사 건강드림센터,식품제조가공업,경상북도,경상북도 포항시
20200537118,1,1,1,가득한떡시루유통,식품제조가공업,경상북도,경상북도 포항시
20200537123,4,4,4,포항죽도시장협동조합,식품제조가공업,경상북도,경상북도 포항시
20200542118,2,2,2,총본산경주빵 본점,식품제조가공업,경상북도,경상북도 경주시
20200542249,1,1,1,경주 순수 찰보리빵,식품제조가공업,경상북도,경상북도 경주시
20200543034,1,1,1,진수미가,식품제조가공업,경상북도,경상북도 경주시
20200545172,2,2,2,마주(maJu),식품제조가공업,경상북도,경상북도 김천시
20200545417,1,1,1,농업회사법인(주)두리마을점,식품제조가공업,경상북도,경상북도 김천시
20200547111,1,1,1,태리식품,식품제조가공업,경상북도,경상북도 안동시
20200547487,2,2,2,안동농협 생강한약재유통센터,식품제조가공업,경상북도,경상북도 안동시
20200547493,1,1,1,농업회사법인 해뜨메농산(주),식품제조가공업,경상북도,경상북도 안동시
20200547538,1,1,1,농업회사법인 농촌애(주),즉석판매제조가공업,경상북도,경상북도 안동시
20200547550,1,1,1,해피사과,식품제조가공업,경상북도,경상북도 안동시
20200552058,2,1,1,동행푸드,식품제조가공업,경상북도,경상북도 구미시
20200552197,1,1,1,주식회사다담,식품제조가공업,경상북도,경상북도 구미시
20200553297,1,1,1,이티당충전소,식품제조가공업,경상북도,경상북도 구미시
20200558282,1,1,1,태성홍삼제조원,식품제조가공업,경상북도,경상북도 영주시
20200558319,1,1,1,삼영에프앤비영농조합법인,식품제조가공업,경상북도,경상북도 영주시
20200559034,2,2,2,농업회사법인(주)삼홍,식품제조가공업,경상북도,경상북도 영천시
20200559116,1,1,1,(주)푸드킹,식품제조가공업,경상북도,경상북도 영천시
20200559206,3,3,3,주식회사 부성에프엔에스,식품제조가공업,경상북도,경상북도 영천시
20200559281,5,5,5,영천시농산물종합가공센터,식품제조가공업,경상북도,경상북도 영천시
20200559283,6,6,6,농업회사법인(주)동서건강,식품제조가공업,경상북도,경상북도 영천시
20200560085,1,1,1,행복예감곶감 영농조합법인,식품제조가공업,경상북도,경상북도 상주시
20200560091,2,2,2,상주농산물가공협동조합,식품제조가공업,경상북도,경상북도 상주시
20200560259,1,1,1,농업회사법인 유한회사 윤성,식품제조가공업,경상북도,경상북도 상주시
20200562065,1,1,1,농암청화산영농조합법인,식품제조가공업,경상북도,경상북도 문경시
20200562175,1,1,1,농업회사법인(주)약천산식품,식품제조가공업,경상북도,경상북도 문경시
20200562177,1,1,1,주식회사 밀로우에프앤비,식품제조가공업,경상북도,경상북도 문경시
20200562271,1,1,1,(주)마루종합식품 문경공장,식품제조가공업,경상북도,경상북도 문경시
20200562302,3,3,3,농업회사법인 주식회사 더 문경팜,식품제조가공업,경상북도,경상북도 문경시
20200562305,1,1,1,농업회사법인 메이트팜(주),식품제조가공업,경상북도,경상북도 문경시
20200564035,1,1,1,빙그레 경산공장,식품제조가공업,경상북도,경상북도 경산시
20200564428,1,1,1,단미정,식품제조가공업,경상북도,경상북도 경산시
20200564626,2,2,2,주식회사 더한줌,식품제조가공업,경상북도,경상북도 경산시
20200568016,1,1,1,청송에프앤비,식품제조가공업,경상북도,경상북도 청송군
20200568021,1,1,1,청송사과꽃내음,식품제조가공업,경상북도,경상북도 청송군
20200571112,1,1,1,으뜸원 떡방앗간,식품제조가공업,경상북도,경상북도 청도군
20200572066,2,2,2,농업회사법인 (주)아사밀,식품제조가공업,경상북도,경상북도 고령군
20200573048,1,1,1,(주)소자매,식품제조가공업,경상북도,경상북도 성주군
20200574045,2,2,2,파빌레,식품제조가공업,경상북도,경상북도 칠곡군
20200574087,5,5,3,칠칠곡곡협동조합2,식품제조가공업,경상북도,경상북도 칠곡군
20200574090,2,2,2,주식회사라망,식품제조가공업,경상북도,경상북도 칠곡군
20200574147,2,2,2,(주)가을애,식품제조가공업,경상북도,경상북도 칠곡군
20200574209,1,1,1,건어원,식품제조가공업,경상북도,경상북도 칠곡군
20200574367,1,1,1,아무김치,식품제조가공업,경상북도,경상북도 칠곡군
20200574416,1,1,1,농업회사법인주식회사푸르미르,식품제조가공업,경상북도,경상북도 칠곡군
20200575014,1,1,1,농업회사법인 프롬썬 주식회사,식품제조가공업,경상북도,경상북도 예천군
20200576050,1,1,1,농업회사법인(주)원애그,식품제조가공업,경상북도,경상북도 봉화군
20200581497,4,4,3,(주)이산글로벌 바이오,식품제조가공업,경상남도,경상남도 창원시
20200581784,2,2,2,바른피자생활,식품제조가공업,경상남도,경상남도 창원시
20200587490,2,2,2,농업회사법인 주식회사 레드원,식품제조가공업,경상남도,경상남도 창원시
20200587751,1,1,1,리본진생주식회사,식품제조가공업,경상남도,경상남도 창원시
20200589465,4,4,4,주식회사 젠프,식품제조가공업,경상남도,경상남도 창원시
20200593360,4,4,4,(재)진주바이오산업진흥원,식품제조가공업,경상남도,경상남도 진주시
20200593612,1,1,1,아미코젠(주)문산제3공장,식품제조가공업,경상남도,경상남도 진주시
20200593765,1,1,1,커피딜리버리,식품제조가공업,경상남도,경상남도 진주시
20200594346,1,1,1,엠앤에프(M&F),식품제조가공업,경상남도,경상남도 진주시
20200598087,2,2,2,화창푸드시스템 주식회사,식품제조가공업,경상남도,경상남도 사천시
20200598216,3,3,3,(주)한려물산,식품제조가공업,경상남도,경상남도 사천시
20200598409,4,4,3,농업법인회사 솔매,식품제조가공업,경상남도,경상남도 사천시
20200599684,1,1,1,크리스피크림 김해봉황점,식품제조가공업,경상남도,경상남도 김해시
20200600036,2,2,1,독도에프앤비,식품제조가공업,경상남도,경상남도 김해시
20200600280,8,4,4,(주)또로록식품,식품제조가공업,경상남도,경상남도 김해시
20200600351,2,2,2,주식회사 해든도우,식품제조가공업,경상남도,경상남도 김해시
20200600643,1,1,1,동화푸드,식품제조가공업,경상남도,경상남도 김해시
20200600836,1,1,1,무계헌협동조합,식품제조가공업,경상남도,경상남도 김해시
20200600847,2,1,1,오색명과,식품제조가공업,경상북도,경상북도 경주시
20200600900,2,2,2,농업회사법인 김해평야 주식회사,식품제조가공업,경상남도,경상남도 김해시
20200601091,2,2,2,(주)대력,식품제조가공업,경상남도,경상남도 김해시
20200603108,2,2,1,주식회사 아이스푸드앤바인,식품제조가공업,경상남도,경상남도 밀양시
20200603217,1,1,1,농업회사법인(주)해람푸드,식품제조가공업,경상남도,경상남도 밀양시
20200603281,4,4,2,동아바이오헬스(주),식품제조가공업,경상남도,경상남도 밀양시
20200603397,1,1,1,농업회사법인 오치할머니사과기업(주),식품제조가공업,경상남도,경상남도 밀양시
20200604597,4,4,4,해금강식품,식품제조가공업,경상남도,경상남도 거제시
20200604664,5,5,5,해담영어조합법인,식품제조가공업,경상남도,경상남도 거제시
20200604706,1,1,1,계도마을6차산업화추진위원회,식품제조가공업,경상남도,경상남도 거제시
20200606258,3,3,3,주식회사 매직,식품제조가공업,경상남도,경상남도 양산시
20200606458,1,1,1,주식회사 더굿,식품제조가공업,경상남도,경상남도 양산시
20200606580,4,4,4,투맨베스트푸드,식품제조가공업,경상남도,경상남도 양산시
20200606994,2,2,2,(주)다미온푸드,식품제조가공업,경상남도,경상남도 양산시
20200610071,2,2,2,농업회사법인(주)아라리농산,식품제조가공업,경상남도,경상남도 함안군
20200611035,3,3,3,청하식품,식품제조가공업,경상남도,경상남도 창녕군
20200611080,5,5,3,봄나리영농조합법인,식품제조가공업,경상남도,경상남도 창녕군
20200611125,1,1,1,오에스농산 주식회사,식품제조가공업,경상남도,경상남도 창녕군
20200611126,1,1,1,농업회사법인주식회사 코리아에프앤씨,식품제조가공업,경상남도,경상남도 창녕군
20200611175,2,2,2,농업회사법인 영마루 주식회사,식품제조가공업,경상남도,경상남도 창녕군
20200612103,2,2,2,영농법인 고자미,식품제조가공업,경상남도,경상남도 고성군
20200612130,1,1,1,(주)정필,식품제조가공업,경상남도,경상남도 고성군
20200613039,2,2,2,해울림영농조합법인,식품제조가공업,경상남도,경상남도 남해군
20200613098,3,3,3,우성수산,식품제조가공업,경상남도,경상남도 남해군
20200613125,3,3,3,남해군농산물종합가공센터,식품제조가공업,경상남도,경상남도 남해군
20200614037,4,4,4,(주)미두 농업회사법인,식품제조가공업,경상남도,경상남도 하동군
20200614055,3,3,3,영농조합법인 농담,식품제조가공업,경상남도,경상남도 하동군
20200614067,3,3,3,복을만드는사람들 주식회사 농업회사법인,식품제조가공업,경상남도,경상남도 하동군
20200614083,8,8,8,(주)정옥,식품제조가공업,경상남도,경상남도 하동군
20200615066,2,2,2,산청기능성콩 영농조합법인 2,식품제조가공업,경상남도,경상남도 산청군
20200616052,1,1,1,효리액즙가공장,식품제조가공업,경상남도,경상남도 함양군
20200616088,7,4,4,농업회사법인 주식회사 함양산양삼,식품제조가공업,경상남도,경상남도 함양군
20200617078,3,3,3,농업회사법인 주식회사 무진식품,식품제조가공업,경상남도,경상남도 거창군
20200617141,1,1,1,농업회사법인(주)엉클팜,식품제조가공업,경상남도,경상남도 거창군
20200617165,1,1,1,홍홍사과,식품제조가공업,경상남도,경상남도 거창군
20200620123,1,1,1,주식회사다랑푸드,식품제조가공업,제주특별자치도,제주특별자치도 제주시
20200620210,3,2,3,(주)제이비프레시,식품제조가공업,제주특별자치도,제주특별자치도 제주시
20200620452,1,1,1,농업회사법인주식회사제주클린산업,식품제조가공업,제주특별자치도,제주특별자치도 제주시
20200620622,5,5,5,한라산1950,식품제조가공업,제주특별자치도,제주특별자치도 제주시
20200621602,1,1,1,농업법인제주고산(주),식품제조가공업,제주특별자치도,제주특별자치도 제주시
20200621775,3,3,3,만덕푸드,식품제조가공업,제주특별자치도,제주특별자치도 제주시
20200622009,1,1,1,제주생면,식품제조가공업,제주특별자치도,제주특별자치도 제주시
20200622093,1,1,1,멘도롱오메기떡,식품제조가공업,제주특별자치도,제주특별자치도 제주시
20200622117,1,1,1,제주내먹,식품제조가공업,제주특별자치도,제주특별자치도 제주시
20200622213,1,1,1,(주)탭픽제주,식품제조가공업,제주특별자치도,제주특별자치도 제주시
20200622388,1,1,1,(주)그래고내바다,식품제조가공업,제주특별자치도,제주특별자치도 제주시
20200622461,1,1,1,쫀득한제주,식품제조가공업,제주특별자치도,제주특별자치도 제주시
20200624191,2,2,2,제주유기농협동조합,식품제조가공업,제주특별자치도,제주특별자치도 서귀포시
20200624736,5,5,5,올레원,식품제조가공업,제주특별자치도,제주특별자치도 서귀포시
20200624774,2,2,2,저스트 브레드(Just bread),식품제조가공업,제주특별자치도,제주특별자치도 서귀포시
20200624862,1,1,1,한라산과자점,식품제조가공업,제주특별자치도,제주특별자치도 서귀포시
20200624863,3,3,3,제주오가닉스,식품제조가공업,제주특별자치도,제주특별자치도 서귀포시
20210004067,3,3,3,(주)카브루 비전브루어리,식품제조가공업(주류),경기도,경기도 가평군
20210006469,2,2,2,주식회사 부루구루,식품제조가공업(주류),경기도,경기도 파주시
20210007514,1,1,1,농업회사법인(주)마루원,식품제조가공업(주류),경상남도,경상남도 산청군
20210016157,2,2,2,주식회사 더한주류 광양공장,식품제조가공업(주류),전남광주통합특별시,전남광주통합특별시 광양시
20210016385,2,2,2,농업회사법인홉앤호프주식회사,식품제조가공업(주류),전북특별자치도,전북특별자치도 부안군
20210018424,1,1,1,농업회사법인 주식회사 다농바이오,식품제조가공업(주류),충청북도,충청북도 충주시
20210025062,2,2,2,(주)제이현푸드시스템,식품제조가공업,서울특별시,서울특별시 종로구
20210033771,2,2,2,사브리나,식품제조가공업,서울특별시,서울특별시 용산구
20210036293,2,2,2,(주)지비에프앤에프,식품제조가공업,서울특별시,서울특별시 성동구
20210036719,16,8,8,(주)비에스에프코리아,식품제조가공업,경기도,경기도 구리시
20210036782,1,1,1,(주)비에스에프코리아,식품소분업,서울특별시,서울특별시 성동구
20210036897,2,2,2,브리오슈도레 센트럴키친 성수,식품제조가공업,서울특별시,서울특별시 성동구
20210037066,1,1,1,스무,식품제조가공업,서울특별시,서울특별시 성동구
20210037086,1,1,1,이타푸드,식품제조가공업,서울특별시,서울특별시 성동구
20210037201,2,2,2,스카이 오로라 주식회사,식품제조가공업,서울특별시,서울특별시 성동구
20210047099,2,2,2,(주)몬스터플레이스,식품제조가공업,서울특별시,서울특별시 중랑구
20210050716,3,3,3,엔파티세리,식품제조가공업,서울특별시,서울특별시 성북구
20210056485,1,1,1,아리향 에프앤비,식품제조가공업,서울특별시,서울특별시 도봉구
20210060297,1,1,1,푸드빌코리아,식품제조가공업,서울특별시,서울특별시 노원구
20210066596,1,1,1,오르랔베이커리,식품제조가공업,서울특별시,서울특별시 서대문구
20210067046,1,1,1,디앤지푸드,식품제조가공업,서울특별시,서울특별시 서대문구
20210067075,1,1,1,팩토리1,식품제조가공업,서울특별시,서울특별시 서대문구
20210069230,2,2,2,마포구립장애인직업재활센터(수아밀),식품제조가공업,서울특별시,서울특별시 마포구
20210069336,1,1,1,아이엠베이글랩,식품제조가공업,서울특별시,서울특별시 마포구
20210071160,6,6,6,에이스외식산업(주),식품제조가공업,서울특별시,서울특별시 마포구
20210071382,4,4,4,(주)오후의작은선물,식품제조가공업,서울특별시,서울특별시 마포구
20210078035,1,1,1,보름기정떡 서울강서점,식품제조가공업,서울특별시,서울특별시 강서구
20210081244,1,1,1,주식회사 천우물산실업,식품제조가공업,서울특별시,서울특별시 구로구
20210084105,1,1,1,비건포레스트,식품제조가공업,서울특별시,서울특별시 금천구
20210084589,1,1,1,(주)백담,식품제조가공업,서울특별시,서울특별시 금천구
20210085058,1,1,1,하니,식품제조가공업,서울특별시,서울특별시 금천구
20210087099,1,1,1,데일리에프엔비 유한회사,식품제조가공업,서울특별시,서울특별시 영등포구
20210088073,1,1,1,케이트리(K Tree),식품제조가공업,서울특별시,서울특별시 영등포구
20210091280,1,1,1,리치몽브레,식품제조가공업,서울특별시,서울특별시 동작구
20210094854,1,1,1,신선식품,식품제조가공업,서울특별시,서울특별시 관악구
20210100543,5,5,5,키폴로 서초점,식품제조가공업,서울특별시,서울특별시 서초구
20210105415,2,2,2,주식회사 프랍스,식품제조가공업,서울특별시,서울특별시 강남구
20210107446,1,1,1,(주)크리에잇하우스,식품제조가공업,서울특별시,서울특별시 강남구
20210107685,1,1,1,로얄마카롱컴퍼니,식품제조가공업,서울특별시,서울특별시 강남구
20210107999,1,1,1,(주)델리백코리아 유통지점,식품제조가공업,서울특별시,서울특별시 강남구
20210114355,1,1,1,데일리 ON,식품제조가공업,서울특별시,서울특별시 송파구
20210115162,1,1,1,(주)자연미약선연구원,식품제조가공업,서울특별시,서울특별시 송파구
20210115342,1,1,1,(주식회사) 꼬미로떼,식품제조가공업,서울특별시,서울특별시 송파구
20210115612,6,3,2,인류의 과자점,식품제조가공업,서울특별시,서울특별시 송파구
20210120521,2,2,2,서울빵가게,식품제조가공업,서울특별시,서울특별시 강동구
20210121582,2,1,1,주식회사 위미트,식품제조가공업,서울특별시,서울특별시 강동구
20210128031,1,1,1,(주)해적왕,식품제조가공업,부산광역시,부산광역시 서구
20210128148,7,7,5,(주)푸드린,식품제조가공업,부산광역시,부산광역시 서구
20210130121,1,1,1,피아크 로스팅팩토리,식품제조가공업,부산광역시,부산광역시 영도구
20210130211,2,2,2,남포당컴퍼니,식품제조가공업,부산광역시,부산광역시 영도구
20210132314,1,1,1,제이제이실업,식품제조가공업,부산광역시,부산광역시 부산진구
20210137292,1,1,1,카페청정구역 용호점,식품제조가공업,부산광역시,부산광역시 남구
20210137415,2,2,2,주식회사 한아바이오,식품제조가공업,부산광역시,부산광역시 남구
20210139637,5,5,5,(주)유기농사랑,식품제조가공업,부산광역시,부산광역시 북구
20210141423,3,3,3,어업회사법인 그레이트푸드 주식회사,식품제조가공업,부산광역시,부산광역시 해운대구
20210142645,2,2,2,올드머그커피앤베이커리 주식회사,식품제조가공업,부산광역시,부산광역시 해운대구
20210144061,3,3,3,(주)블루씨푸드(부산공장),식품제조가공업,부산광역시,부산광역시 사하구
20210144291,2,1,1,(주)지은씨푸드,식품제조가공업,부산광역시,부산광역시 서구
20210144304,3,3,3,(주)퀘스트엑스,식품제조가공업,부산광역시,부산광역시 사하구
20210144380,2,2,2,(주)더원씨푸드,식품제조가공업,부산광역시,부산광역시 사하구
20210144564,1,1,1,한봄식품 주식회사,식품제조가공업,부산광역시,부산광역시 사하구
20210144587,2,2,2,영어조합법인 마리솔,식품제조가공업,부산광역시,부산광역시 사하구
20210144652,2,2,2,대천씨푸드,식품제조가공업,부산광역시,부산광역시 사하구
20210144662,4,4,4,(주)한진식품,식품제조가공업,부산광역시,부산광역시 사하구
20210144835,1,1,1,(주)에스비푸드,식품제조가공업,부산광역시,부산광역시 사하구
20210147294,1,1,1,컵넛,식품제조가공업,부산광역시,부산광역시 금정구
20210147407,2,2,2,주식회사 크라클랑,식품제조가공업,부산광역시,부산광역시 금정구
20210147421,2,2,1,주식회사 엘에프앤비(Lf&b),식품제조가공업,부산광역시,부산광역시 금정구
20210147509,1,1,1,(주)씨지씨,식품제조가공업,부산광역시,부산광역시 금정구
20210147579,1,1,1,주식회사 신아에프엔에스,식품제조가공업,부산광역시,부산광역시 금정구
20210147667,1,1,1,웨이브앤바이브,식품제조가공업,부산광역시,부산광역시 금정구
20210149666,2,2,2,주식회사 삼경상사,식품제조가공업,부산광역시,부산광역시 강서구
20210149789,1,1,1,(주)부산세광식품,식품제조가공업,부산광역시,부산광역시 강서구
20210149904,1,1,1,씨엔지푸드(C&GFOOD),식품제조가공업,부산광역시,부산광역시 강서구
20210149909,2,1,1,예성농업회사법인,식품제조가공업,부산광역시,부산광역시 기장군
20210149923,1,1,1,가온길,식품제조가공업,부산광역시,부산광역시 강서구
20210149947,2,2,2,(주) 해든,식품제조가공업,부산광역시,부산광역시 강서구
20210152095,3,3,3,(주)대현상회,식품제조가공업,부산광역시,부산광역시 수영구
20210152623,1,1,1,주식회사 피쉬마켓,식품제조가공업,부산광역시,부산광역시 수영구
20210154096,1,1,1,떡공방형제,식품제조가공업,부산광역시,부산광역시 사상구
20210154119,1,1,1,성오식품,식품제조가공업,부산광역시,부산광역시 사상구
20210154213,1,1,1,주식회사 에이비씨,식품제조가공업,부산광역시,부산광역시 사상구
20210154469,2,2,2,(주)공오일 제조,식품제조가공업,부산광역시,부산광역시 사상구
20210154485,2,2,2,(주)원코프,식품제조가공업,부산광역시,부산광역시 사상구
20210156057,2,2,2,해림FNC,식품제조가공업,부산광역시,부산광역시 기장군
20210156201,1,1,1,동광푸드,식품제조가공업,부산광역시,부산광역시 기장군
20210156578,1,1,1,주식회사 신가네,식품제조가공업,부산광역시,부산광역시 기장군
20210156661,1,1,1,(주)다미원 농업회사법인,식품제조가공업,부산광역시,부산광역시 기장군
20210156711,1,1,1,홍일식품,식품제조가공업,부산광역시,부산광역시 기장군
20210156715,1,1,1,에이치에스밀푸드,식품제조가공업,부산광역시,부산광역시 기장군
20210156719,2,2,2,마리솔 주식회사,식품제조가공업,부산광역시,부산광역시 기장군
20210156807,1,1,1,진푸드,식품제조가공업,부산광역시,부산광역시 기장군
20210156954,1,1,1,주식회사 컴포즈커피 스마트 팩토리,식품제조가공업,부산광역시,부산광역시 기장군
20210157019,3,3,3,(주)원정푸드,식품제조가공업,부산광역시,부산광역시 기장군
20210159211,2,2,2,주식회사 정인엘에프제조공장,식품제조가공업,대구광역시,대구광역시 중구
20210161883,2,2,2,해맘푸드,식품제조가공업,대구광역시,대구광역시 동구
20210164045,4,4,4,세동주식회사,식품제조가공업,대구광역시,대구광역시 서구
20210164183,2,2,2,푸른푸드팩토리,식품제조가공업,대구광역시,대구광역시 서구
20210167125,1,1,1,토브커피에이전시협동조합,식품제조가공업,대구광역시,대구광역시 남구
20210167343,1,1,1,참품,식품제조가공업,대구광역시,대구광역시 남구
20210167392,2,2,2,보정당,식품제조가공업,대구광역시,대구광역시 남구
20210169038,1,1,1,명인식품,식품제조가공업,대구광역시,대구광역시 북구
20210169420,4,4,4,주식회사24에스이에이,식품제조가공업,대구광역시,대구광역시 북구
20210169445,1,1,1,오호푸드,식품제조가공업,대구광역시,대구광역시 북구
20210170394,1,1,1,(주)성경순만두,식품제조가공업,대구광역시,대구광역시 북구
20210170584,2,2,2,(주)광개토식품,식품제조가공업,대구광역시,대구광역시 북구
20210175334,2,2,2,사피디뜨(by커피맛을조금아는남자),식품제조가공업,대구광역시,대구광역시 수성구
20210175450,2,1,1,사운즈커피팩토리,식품제조가공업,대구광역시,대구광역시 수성구
20210182016,2,2,2,디푸드,식품제조가공업,대구광역시,대구광역시 달서구
20210192193,1,1,1,선두수산,식품제조가공업,인천광역시,인천광역시 제물포구
20210192286,2,2,2,주식회사 은해랑,식품제조가공업,인천광역시,인천광역시 제물포구
20210195282,6,6,6,진이에프엔비주식회사,식품제조가공업,인천광역시,인천광역시 미추홀구
20210195473,1,1,1,영창식품,식품제조가공업,인천광역시,인천광역시 미추홀구
20210195744,3,3,3,프랩,식품제조가공업,인천광역시,인천광역시 미추홀구
20210196166,6,2,2,웜푸드주식회사,식품제조가공업,인천광역시,인천광역시 제물포구
20210196326,2,2,2,보강식품,식품제조가공업,인천광역시,인천광역시 미추홀구
20210196473,3,3,3,주식회사 소디프 비앤에프,식품제조가공업,인천광역시,인천광역시 미추홀구
20210199428,2,1,1,주식회사 드플레르,식품제조가공업,인천광역시,인천광역시 남동구
20210202099,1,1,1,더브라우니,식품제조가공업,인천광역시,인천광역시 남동구
20210202173,3,3,3,주식회사 락컴퍼니,식품제조가공업,인천광역시,인천광역시 남동구
20210202958,1,1,1,(주)씨에이치푸드,식품제조가공업,인천광역시,인천광역시 남동구
20210203078,8,8,8,채움바이오 주식회사,식품제조가공업,인천광역시,인천광역시 남동구
20210203197,2,2,2,주식회사 프씽,식품제조가공업,인천광역시,인천광역시 남동구
20210203407,1,1,1,(주)오성홀딩스그룹 인천남동센터,식품제조가공업,인천광역시,인천광역시 남동구
20210205657,1,1,1,라이스미,식품제조가공업,인천광역시,인천광역시 부평구
20210205801,1,1,1,(주)더블유케이푸드,식품제조가공업,인천광역시,인천광역시 부평구
20210205997,2,1,1,레드꽃게,식품제조가공업,인천광역시,인천광역시 남동구
20210206197,1,1,1,솔리드웍스,식품제조가공업,인천광역시,인천광역시 부평구
20210206198,1,1,1,(주)에스케이위드,식품제조가공업,인천광역시,인천광역시 부평구
20210206265,1,1,1,메이드푸드 주식회사,식품제조가공업,인천광역시,인천광역시 부평구
20210206340,1,1,1,주식회사 버거식품,식품제조가공업,인천광역시,인천광역시 부평구
20210206383,1,1,1,(주)아미코인터내셔날,식품제조가공업,인천광역시,인천광역시 부평구
20210211312,2,2,1,(주)그린프레쉬,식품제조가공업,인천광역시,인천광역시 서해구
20210211508,5,5,5,(주)미라지식품,식품제조가공업,인천광역시,인천광역시 검단구
20210211624,2,2,2,주식회사 미트스튜디오,식품제조가공업,인천광역시,인천광역시 서해구
20210211900,4,4,4,엔투씨홍우,식품제조가공업,인천광역시,인천광역시 검단구
20210211983,2,2,2,우영수산(주)인천공장,식품제조가공업,인천광역시,인천광역시 검단구
20210212017,1,1,1,(주)아우토반푸드,식품제조가공업,인천광역시,인천광역시 검단구
20210212055,1,1,1,(주)단지,식품제조가공업,인천광역시,인천광역시 서해구
20210212091,4,4,4,모슬포에프앤비(주),식품제조가공업,인천광역시,인천광역시 검단구
20210212124,2,2,2,이삭,식품제조가공업,인천광역시,인천광역시 검단구
20210212164,2,2,2,(주)한국푸드씨스템,식품제조가공업,인천광역시,인천광역시 검단구
20210212179,5,5,5,케이터링서비스파트너(주),식품제조가공업,인천광역시,인천광역시 검단구
20210212298,1,1,1,주식회사제일씨엔에프(C&F),식품제조가공업,인천광역시,인천광역시 검단구
20210212339,1,1,1,(주)제일씨엔에프,식품소분업,인천광역시,인천광역시 검단구
20210212622,4,4,4,(주)은해씨월드 인천지점,식품제조가공업,인천광역시,인천광역시 검단구
20210212711,1,1,1,주식회사 레시피랩스튜디오,식품제조가공업,인천광역시,인천광역시 검단구
20210213032,3,3,3,주식회사온유,식품제조가공업,인천광역시,인천광역시 검단구
20210213052,2,1,1,위트스토리,식품제조가공업,인천광역시,인천광역시 검단구
20210213211,2,2,2,올곧은,식품제조가공업,인천광역시,인천광역시 검단구
20210214055,1,1,1,영농조합법인 홍인팜,식품제조가공업,인천광역시,인천광역시 강화군
20210214075,3,3,2,농업회사법인(주)비젼푸드,식품제조가공업,인천광역시,인천광역시 강화군
20210214104,3,3,3,경인북부수산업협동조합 수산물유통2센터,식품제조가공업,인천광역시,인천광역시 강화군
20210214275,10,5,5,(주)알로하아일랜드,식품제조가공업,충청남도,충청남도 논산시
20210215060,3,3,3,초해주식회사,식품제조가공업,인천광역시,인천광역시 옹진군
20210217569,1,1,1,처가집한과,식품제조가공업,전남광주통합특별시,전남광주통합특별시 동구
20210219982,1,1,1,(유)행복을나누는도시락,식품제조가공업,전남광주통합특별시,전남광주통합특별시 서구
20210222015,1,1,1,주식회사 다원누리,식품제조가공업,전남광주통합특별시,전남광주통합특별시 남구
20210222082,10,5,3,화순토굴김치,식품제조가공업,전남광주통합특별시,전남광주통합특별시 남구
20210222240,2,1,1,라임에프앤비(주),식품제조가공업,전남광주통합특별시,전남광주통합특별시 북구
20210224656,1,1,1,든든F&B,식품제조가공업,전남광주통합특별시,전남광주통합특별시 북구
20210225146,1,1,1,(주)담미향,식품제조가공업,전남광주통합특별시,전남광주통합특별시 북구
20210225258,2,2,2,이로운,식품제조가공업,전남광주통합특별시,전남광주통합특별시 북구
20210225314,2,2,2,(주)제이주원컴퍼니,식품제조가공업,전남광주통합특별시,전남광주통합특별시 북구
20210230024,8,8,4,주식회사하루식품,식품제조가공업,전남광주통합특별시,전남광주통합특별시 광산구
20210230463,1,1,1,주식회사 태진식품,식품제조가공업,전남광주통합특별시,전남광주통합특별시 광산구
20210230832,1,1,1,(주)더하이,식품제조가공업,전남광주통합특별시,전남광주통합특별시 광산구
20210231273,1,1,1,달 잔기지떡,식품제조가공업,전남광주통합특별시,전남광주통합특별시 광산구
20210234192,1,1,1,주식회사 엘트리,식품제조가공업,대전광역시,대전광역시 동구
20210234777,3,3,3,주식회사 밀팡,식품제조가공업,대전광역시,대전광역시 동구
20210234794,1,1,1,나우이즈굿 팩토리,식품제조가공업,대전광역시,대전광역시 동구
20210243656,1,1,1,FD바이오솔,식품제조가공업,대전광역시,대전광역시 유성구
20210243947,2,2,2,잇츠굿 주식회사,식품제조가공업,대전광역시,대전광역시 유성구
20210244160,1,1,1,(주)씨앤비에이치,식품제조가공업,대전광역시,대전광역시 유성구
20210244412,2,2,2,(주)하랑커뮤니티,식품제조가공업,대전광역시,대전광역시 유성구
20210246319,1,1,1,주식회사교자의신,식품제조가공업,대전광역시,대전광역시 대덕구
20210246350,3,3,3,야미요밀,식품제조가공업,대전광역시,대전광역시 대덕구
20210246408,3,3,3,디저트이야기,식품제조가공업,대전광역시,대전광역시 대덕구
20210258276,1,1,1,떡메는아침,식품제조가공업,울산광역시,울산광역시 북구
20210260395,2,2,2,건찬푸드,식품제조가공업,울산광역시,울산광역시 울주군
20210262360,2,2,2,복도리협동조합,식품제조가공업,세종특별자치시,세종특별자치시
20210263168,1,1,1,세종서부농업협동조합,식품제조가공업,세종특별자치시,세종특별자치시
20210263330,1,1,1,진품명가,식품제조가공업,세종특별자치시,세종특별자치시
20210263402,2,2,2,하정식품,식품제조가공업,세종특별자치시,세종특별자치시
20210263439,1,1,1,별미당,식품제조가공업,세종특별자치시,세종특별자치시
20210263550,1,1,1,주식회사 절미당,식품제조가공업,세종특별자치시,세종특별자치시
20210263567,1,1,1,농업회사법인 땡스(주),식품제조가공업,세종특별자치시,세종특별자치시
20210268707,1,1,1,주식회사 한끼제작소,식품제조가공업,경기도,경기도 수원시
20210268770,7,7,7,(주)하니푸드,식품제조가공업,경기도,경기도 수원시
20210268804,1,1,1,크리스피크림 수원인계점,식품제조가공업,경기도,경기도 수원시
20210269210,1,1,1,지동순대집,식품제조가공업,경기도,경기도 수원시
20210269321,1,1,1,(주)화이트리에 광교공장,식품제조가공업,경기도,경기도 수원시
20210269335,2,2,2,남송FS,식품제조가공업,경기도,경기도 수원시
20210269686,1,1,1,경기미당 수원지사,식품제조가공업,경기도,경기도 수원시
20210269832,1,1,1,로이에프앤비 주식회사,식품제조가공업,경기도,경기도 수원시
20210280012,2,2,2,주식회사 신선해,식품제조가공업,경기도,경기도 성남시
20210280013,1,1,1,정성베이커리,식품제조가공업,경기도,경기도 성남시
20210280061,3,3,3,주식회사 감미옥,식품제조가공업,경기도,경기도 성남시
20210280073,3,3,3,(주)스윗밸런스랩,식품제조가공업,경기도,경기도 성남시
20210280106,1,1,1,에스알베이커리,식품제조가공업,경기도,경기도 성남시
20210280148,1,1,1,안심식품,식품제조가공업,경기도,경기도 성남시
20210280176,2,2,2,(주)시니원,식품제조가공업,경기도,경기도 성남시
20210280178,1,1,1,(주)흥이란,식품제조가공업,경기도,경기도 성남시
20210280230,2,2,2,모란전통기름협동조합,식품제조가공업,경기도,경기도 성남시
20210280273,2,2,2,나리꼬모,식품제조가공업,경기도,경기도 성남시
20210280307,2,2,2,아침주식회사,식품제조가공업,경기도,경기도 성남시
20210280327,3,3,3,(주)나인스파크 성남,식품제조가공업,경기도,경기도 성남시
20210280333,1,1,1,보리정원,식품제조가공업,경기도,경기도 성남시
20210280341,2,2,2,주식회사 에스제이디,식품제조가공업,경기도,경기도 성남시
20210280346,6,3,2,주식회사 위시트윈폴콘,식품제조가공업,경기도,경기도 성남시
20210291687,1,1,1,포카롱,식품제조가공업,경기도,경기도 의정부시
20210293278,6,3,3,내츄럴팩토리 주식회사,식품제조가공업,경기도,경기도 군포시
20210293501,2,2,2,(주)더플랜잇,식품제조가공업,경기도,경기도 안양시
20210293568,2,2,2,(주)비앤에프솔루션,식품제조가공업,경기도,경기도 안양시
20210293741,4,2,2,(주)위두케이,식품제조가공업,경기도,경기도 남양주시
20210293780,1,1,1,나타드벨렘,식품제조가공업,경기도,경기도 안양시
20210301652,1,1,1,야심F&B,식품제조가공업,경기도,경기도 부천시
20210301832,2,2,2,(주)찬들푸드,식품제조가공업,경기도,경기도 부천시
20210301909,1,1,1,에이치와이푸드,식품제조가공업,경기도,경기도 부천시
20210322306,1,1,1,농업회사법인 주식회사 본시 제2공장,식품제조가공업,경기도,경기도 평택시
20210323185,1,1,1,미담푸드,식품제조가공업,경기도,경기도 평택시
20210323312,1,1,1,주식회사 송연에스피,식품제조가공업,경기도,경기도 평택시
20210323348,2,2,2,(주)맛자곡,식품제조가공업,경기도,경기도 평택시
20210323647,1,1,1,농업회사법인신선농원주식회사,식품제조가공업,경기도,경기도 평택시
20210324195,1,1,1,(주)우공농업회사법인,식품제조가공업,경기도,경기도 평택시
20210324213,1,1,1,마에스트로,식품제조가공업,경기도,경기도 평택시
20210324276,3,3,3,지푸드(2공장),식품제조가공업,경기도,경기도 평택시
20210324365,1,1,1,푸름,식품제조가공업,경기도,경기도 평택시
20210325094,4,2,2,영영베이커리&푸드,식품제조가공업,경기도,경기도 동두천시
20210326159,2,2,2,주식회사 제이엠푸드,식품제조가공업,경기도,경기도 안산시
20210326201,2,2,2,케이앤푸드,식품제조가공업,경기도,경기도 안산시
20210326463,1,1,1,도스마스,식품제조가공업,경기도,경기도 안산시
20210326653,1,1,1,에스제이엔,식품제조가공업,경기도,경기도 안산시
20210326725,2,2,2,경기미당,식품제조가공업,경기도,경기도 안산시
20210326887,2,1,1,주식회사 다우린,식품제조가공업,경기도,경기도 화성시
20210327100,1,1,1,(주)이야기,식품제조가공업,경기도,경기도 안산시
20210327103,3,3,3,(주)조인앤조인,식품제조가공업,경기도,경기도 안산시
20210335128,1,1,1,(주)에이치디푸드,식품제조가공업,경기도,경기도 고양시
20210335158,1,1,1,(주)제일상회,식품제조가공업,경기도,경기도 고양시
20210335226,2,2,2,은하수,식품제조가공업,경기도,경기도 고양시
20210335228,2,2,2,은현푸드,식품제조가공업,경기도,경기도 고양시
20210335261,1,1,1,좋은사람들모아모아(주),식품제조가공업,경기도,경기도 고양시
20210335270,2,2,2,큰숲제빵소,식품제조가공업,경기도,경기도 고양시
20210335278,1,1,1,농업회사법인 주식회사 하나푸드,식품제조가공업,경기도,경기도 고양시
20210335279,1,1,1,경보제과,식품제조가공업,경기도,경기도 고양시
20210335397,1,1,1,(주)팜스에프씨,식품제조가공업,경기도,경기도 고양시
20210335493,1,1,1,푸드파크 주식회사,식품제조가공업,경기도,경기도 고양시
20210335571,10,5,5,(주)삼삼해물,식품제조가공업,경기도,경기도 고양시
20210335667,1,1,1,주식회사 피스피스,식품제조가공업,경기도,경기도 고양시
20210335711,2,1,1,(주)두그린에프앤비,식품제조가공업,경기도,경기도 고양시
20210336200,3,3,3,농업회사법인 온스주식회사,식품제조가공업,경기도,경기도 고양시
20210336219,9,9,9,주식회사 컵풀,식품제조가공업,경기도,경기도 고양시
20210336578,4,2,2,농업회사법인(주)디딤찬 1공장,식품제조가공업,경기도,경기도 고양시
20210336581,1,1,1,주식회사 정직한쉐프,식품제조가공업,경기도,경기도 고양시
20210336678,1,1,1,(주)다름,식품제조가공업,경기도,경기도 고양시
20210336851,1,1,1,킴스케이크,식품제조가공업,경기도,경기도 고양시
20210337336,1,1,1,주식회사 더바른푸드,식품제조가공업,경기도,경기도 고양시
20210337467,1,1,1,콩그린식품 2공장,식품제조가공업,경기도,경기도 고양시
20210337471,4,4,2,풍년농산,식품제조가공업,경기도,경기도 고양시
20210337512,2,2,2,주식회사 양수마루,식품제조가공업,경기도,경기도 고양시
20210337728,1,1,1,부영에프앤비,식품제조가공업,경기도,경기도 고양시
20210343067,1,1,1,(주)에이치디푸드,식품소분업,경기도,경기도 고양시
20210346108,1,1,1,주스앤그로서리,식품제조가공업,경기도,경기도 구리시
20210346546,1,1,1,풍성당,식품제조가공업,경기도,경기도 구리시
20210346697,1,1,1,(주)제이푸드 시스템,식품제조가공업,경기도,경기도 구리시
20210348232,1,1,1,(주)브라이트커피컴퍼니,식품제조가공업,경기도,경기도 남양주시
20210348794,7,7,5,주식회사 알티스트,식품제조가공업,경기도,경기도 남양주시
20210348876,2,2,2,(주)경옥가,식품제조가공업,경기도,경기도 남양주시
20210348969,2,2,2,주식회사 태승글로벌 트레이딩,식품제조가공업,경기도,경기도 남양주시
20210348995,2,2,2,(주)이치프,식품제조가공업,경기도,경기도 남양주시
20210349188,1,1,1,진맛과 덕소공장,식품제조가공업,경기도,경기도 남양주시
20210349189,1,1,1,(주)대동,식품제조가공업,경기도,경기도 남양주시
20210349195,1,1,1,장현식품,식품제조가공업,경기도,경기도 남양주시
20210349374,2,2,2,(주)화덕에빠진남매들,식품제조가공업,경기도,경기도 남양주시
20210349465,1,1,1,은하식품,식품제조가공업,경기도,경기도 남양주시
20210349549,1,1,1,비비드 이츠,식품제조가공업,경기도,경기도 남양주시
20210349581,1,1,1,주식회사 알티스트,식품첨가물제조업,경기도,경기도 남양주시
20210349695,1,1,1,정우푸드,식품소분업,경기도,경기도 남양주시
20210349883,2,2,2,당근푸드,식품제조가공업,경기도,경기도 남양주시
20210350244,2,2,2,(주)제시키친,식품제조가공업,경기도,경기도 남양주시
20210350425,4,4,4,(주)잇쿡푸드,식품제조가공업,경기도,경기도 남양주시
20210350572,2,2,2,주식회사 율성푸드랩 제1공장,식품제조가공업,경기도,경기도 남양주시
20210350603,1,1,1,주식회사 다여,식품제조가공업,경기도,경기도 남양주시
20210350673,2,2,2,(주)유제이코퍼레이션,식품제조가공업,경기도,경기도 남양주시
20210350712,1,1,1,주식회사 더다믐,식품제조가공업,경기도,경기도 남양주시
20210350783,2,2,2,대한양봉진흥농원 농업회사법인 주식회사,식품제조가공업,경기도,경기도 남양주시
20210350938,1,1,1,잇솜,식품제조가공업,경기도,경기도 남양주시
20210351003,2,2,1,주식회사 엘에프엘,식품제조가공업,경기도,경기도 남양주시
20210352084,6,3,2,(주)놀이터컴퍼니,식품제조가공업,경기도,경기도 오산시
20210352178,9,9,9,(주)에프앤에스식품,식품제조가공업,경기도,경기도 오산시
20210352285,1,1,1,(주)무풍지대,식품제조가공업,경기도,경기도 오산시
20210352758,1,1,1,(주)푸드케이,식품제조가공업,경기도,경기도 오산시
20210354281,1,1,1,주식회사 88식품,식품제조가공업,경기도,경기도 시흥시
20210354298,1,1,1,딩동쿡,식품제조가공업,경기도,경기도 시흥시
20210354409,2,2,2,달콤한세상,식품제조가공업,경기도,경기도 시흥시
20210354507,1,1,1,윤스쿠키,식품제조가공업,경기도,경기도 시흥시
20210355111,1,1,1,오이도상인협동조합,식품제조가공업,경기도,경기도 시흥시
20210355553,2,2,2,지역살림사회적협동조합,식품제조가공업,경기도,경기도 시흥시
20210355597,3,3,3,주식회사 샐러드마녀,식품제조가공업,경기도,경기도 시흥시
20210358064,1,1,1,(주)샐러드판다,식품제조가공업,경기도,경기도 군포시
20210358481,1,1,1,한국복덩이 주식회사,식품제조가공업,경기도,경기도 군포시
20210358529,4,4,4,서울프로셰프,식품제조가공업,경기도,경기도 군포시
20210358592,2,2,2,싱싱나라,식품제조가공업,경기도,경기도 군포시
20210358700,1,1,1,베스트푸드(주),식품제조가공업,경기도,경기도 군포시
20210358843,1,1,1,(주)샐러드판다 3공장,식품제조가공업,경기도,경기도 군포시
20210360193,2,2,2,(주)에스베이커리,식품제조가공업,경기도,경기도 의왕시
20210360337,4,4,4,디아스포라(Diaspora),식품제조가공업,경기도,경기도 의왕시
20210361297,1,1,1,(주)상신씨푸드,식품제조가공업,경기도,경기도 하남시
20210361383,1,1,1,(주)초이스팜,식품제조가공업,경기도,경기도 하남시
20210361599,2,2,2,펀잇푸드,식품제조가공업,경기도,경기도 하남시
20210362124,2,1,1,(주)해원에스디,식품제조가공업,경기도,경기도 하남시
20210362148,1,1,1,길동시장 낙지,식품제조가공업,경기도,경기도 하남시
20210362269,4,2,2,선우 제이,식품제조가공업,경기도,경기도 하남시
20210362278,1,1,1,(주)파르팜,식품제조가공업,경기도,경기도 하남시
20210362279,1,1,1,(주)파르팜,식품소분업,경기도,경기도 하남시
20210362414,1,1,1,(주)대신씨에프,식품제조가공업,경기도,경기도 하남시
20210362707,6,3,2,아드리아컴퍼니,식품제조가공업,경기도,경기도 구리시
20210362714,1,1,1,(주)정마루푸드,식품제조가공업,경기도,경기도 하남시
20210362761,2,2,2,이제이베이킹,식품제조가공업,경기도,경기도 하남시
20210362852,1,1,1,(주)남도푸드,식품제조가공업,경기도,경기도 하남시
20210362853,1,1,1,주식회사 나무숲,식품제조가공업,경기도,경기도 하남시
20210363022,2,2,2,(주)샐러팜,식품제조가공업,경기도,경기도 용인시
20210363027,3,3,3,농업회사법인 주식회사 오케이팩토리,식품제조가공업,경기도,경기도 용인시
20210363043,2,2,2,농업회사법인 주식회사 미트랑,식품제조가공업,경기도,경기도 용인시
20210363063,4,4,4,주식회사 뉴본,식품제조가공업,경기도,경기도 용인시
20210363064,6,3,3,주식회사 키친인더랩,식품제조가공업,경기도,경기도 화성시
20210363066,2,2,2,디케이푸드,식품제조가공업,경기도,경기도 용인시
20210363068,2,2,2,용인베이커리공장,식품제조가공업,경기도,경기도 용인시
20210363076,2,2,2,참맛 사회적협동조합,식품제조가공업,경기도,경기도 용인시
20210363114,2,2,2,주식회사 제이스,식품제조가공업,경기도,경기도 용인시
20210363125,1,1,1,정성식품,식품제조가공업,경기도,경기도 용인시
20210363128,1,1,1,타르트엔코,식품제조가공업,경기도,경기도 용인시
20210363148,2,2,2,금강베이커리,식품제조가공업,경기도,경기도 용인시
20210363155,1,1,1,어업회사법인일조주식회사,식품제조가공업,경기도,경기도 용인시
20210363160,1,1,1,시화당,식품제조가공업,경기도,경기도 용인시
20210363164,1,1,1,주주푸드 애국단체원 주식회사,식품제조가공업,경기도,경기도 용인시
20210363169,14,7,7,(주)파낙스네이처팜,식품제조가공업,경기도,경기도 용인시
20210363205,3,3,3,더 크리머리,식품제조가공업,경기도,경기도 용인시
20210363255,2,2,2,주식회사 팜스팜 농업회사법인,식품제조가공업,경기도,경기도 용인시
20210371087,2,2,2,(주)씨에스아이팩토리,식품제조가공업,경기도,경기도 파주시
20210371322,4,4,3,주식회사 디알푸드 솔루션,식품제조가공업,경기도,경기도 파주시
20210371327,1,1,1,디알푸드 솔루션,식품소분업,경기도,경기도 파주시
20210371483,1,1,1,파주디엠지사과농부들,식품제조가공업,경기도,경기도 파주시
20210372399,2,1,1,나우쿡,식품제조가공업,경기도,경기도 파주시
20210372400,1,1,1,(주)프레시아,식품제조가공업,경기도,경기도 파주시
20210372551,1,1,1,주식회사 소스팜,식품제조가공업,경기도,경기도 파주시
20210372614,1,1,1,(주)포비아워스 베이커리,식품제조가공업,경기도,경기도 파주시
20210372615,2,2,2,(주)청호푸드,식품제조가공업,경기도,경기도 파주시
20210372746,2,2,2,장단콩사임당두부거리 사회적협동조합,식품제조가공업,경기도,경기도 파주시
20210372823,1,1,1,미루,식품제조가공업,경기도,경기도 파주시
20210372840,1,1,1,비케이컴퍼니,식품제조가공업,경기도,경기도 파주시
20210372874,3,3,3,푸드홀릭,식품제조가공업,경기도,경기도 파주시
20210372894,8,4,2,데이세븐코리아,식품제조가공업,경기도,경기도 파주시
20210372966,1,1,1,해맑음푸드,식품제조가공업,경기도,경기도 파주시
20210372982,4,2,2,주식회사 더나누다,식품제조가공업,경기도,경기도 고양시
20210373066,2,2,2,(주)파주장단콩웰빙마루,식품제조가공업,경기도,경기도 파주시
20210373144,1,1,1,(주)채일푸드,식품제조가공업,경기도,경기도 파주시
20210373145,1,1,1,주식회사 소민이,식품제조가공업,경기도,경기도 파주시
20210373209,4,2,2,보람컴퍼니(주),식품제조가공업,경기도,경기도 파주시
20210373245,1,1,1,스마일푸드,식품제조가공업,경기도,경기도 파주시
20210373263,1,1,1,(주)동산만두,식품소분업,경기도,경기도 파주시
20210373312,2,2,2,푸드아이,식품제조가공업,경기도,경기도 파주시
20210373386,1,1,1,(주)해윤식품,식품제조가공업,경기도,경기도 파주시
20210374077,1,1,1,주식회사 대로에프앤비(F&B),식품제조가공업,경기도,경기도 이천시
20210374142,2,2,2,주식회사 엠에프,식품제조가공업,경기도,경기도 이천시
20210374271,1,1,1,단수이대왕카스테라,식품제조가공업,경기도,경기도 이천시
20210374689,4,4,4,행복모아 주식회사,식품제조가공업,경기도,경기도 이천시
20210374702,1,1,1,영테크(플래닛14),식품제조가공업,경기도,경기도 이천시
20210374818,2,2,2,(주)신라원,식품제조가공업,경기도,경기도 이천시
20210374840,1,1,1,효정식품,식품제조가공업,경기도,경기도 이천시
20210376184,7,7,7,(주)더블유 안성공장,식품제조가공업,경기도,경기도 안성시
20210376237,2,2,2,Today Tamin 투데이 타민,식품제조가공업,경기도,경기도 안성시
20210376496,8,4,4,농업회사법인주식회사237오르토,식품제조가공업,충청북도,충청북도 음성군
20210376548,2,2,2,에이스팩,식품제조가공업,경기도,경기도 안성시
20210376666,14,14,14,동서바이오팜(주),식품제조가공업,경기도,경기도 안성시
20210376671,2,2,2,주식회사 혜윰에프엔비 빙고푸드,식품제조가공업,경기도,경기도 안성시
20210378190,1,1,1,김포만나주식회사 농업회사법인,식품제조가공업,경기도,경기도 김포시
20210378590,1,1,1,농업회사법인 다원푸드 주식회사,식품제조가공업,경기도,경기도 김포시
20210378648,3,3,3,(주)강서푸드뱅크,식품제조가공업,경기도,경기도 김포시
20210378819,2,2,2,(주)호경에프씨,식품제조가공업,경기도,경기도 김포시
20210378944,2,2,2,선도식품,식품제조가공업,경기도,경기도 김포시
20210379157,6,6,6,주식회사 서림원,식품제조가공업,경기도,경기도 김포시
20210379181,4,4,2,(주)참빛농산,식품제조가공업,경기도,경기도 김포시
20210379183,1,1,1,바다원,식품제조가공업,경기도,경기도 김포시
20210379230,1,1,1,(주)상촌,식품소분업,경기도,경기도 김포시
20210379253,2,2,2,일화식품,식품제조가공업,경기도,경기도 김포시
20210379254,2,2,1,농업회사법인(주)미래농산,식품제조가공업,경기도,경기도 김포시
20210379362,1,1,1,한양푸드 제2공장,식품제조가공업,경기도,경기도 김포시
20210379472,2,2,2,(주)바로텍,식품제조가공업,경기도,경기도 김포시
20210379482,1,1,1,농업회사법인 (주)대성 김포지점,식품제조가공업,경기도,경기도 김포시
20210379906,2,2,2,엘골인 바이오,식품제조가공업,경기도,경기도 김포시
20210380059,1,1,1,비제이코리아,식품제조가공업,경기도,경기도 김포시
20210380242,2,1,1,(주)엘시엠제약,식품제조가공업,경기도,경기도 화성시
20210380556,2,2,2,우수F&B,식품제조가공업,경기도,경기도 김포시
20210380606,2,1,1,(주)샘트리,식품제조가공업,전북특별자치도,전북특별자치도 전주시
20210382150,2,2,2,한국푸드,식품제조가공업,경기도,경기도 화성시
20210382280,2,2,2,나루,식품제조가공업,경기도,경기도 화성시
20210382391,1,1,1,애디드바이옴에프원(주),식품제조가공업,경기도,경기도 화성시
20210382398,3,3,3,농업회사법인 주식회사 씨엔푸드유연,식품제조가공업,경기도,경기도 화성시
20210382419,2,2,2,농업회사법인해찬주식회사,식품제조가공업,경기도,경기도 화성시
20210382832,2,2,2,진현푸드,식품제조가공업,경기도,경기도 화성시
20210383149,2,2,2,주식회사담세원푸드,식품제조가공업,경기도,경기도 화성시
20210383258,1,1,1,(주)신사강,식품제조가공업,경기도,경기도 화성시
20210383262,2,2,2,노리팜요리팜,식품제조가공업,경기도,경기도 화성시
20210384230,4,4,4,최강달인푸드(주),식품제조가공업,경기도,경기도 화성시
20210384478,1,1,1,경기수협김가공센터,식품제조가공업,경기도,경기도 화성시
20210384692,1,1,1,주식회사현미마을에프앤비,식품제조가공업,경기도,경기도 화성시
20210384956,2,2,2,(주)샐러디키친,식품제조가공업,경기도,경기도 화성시
20210385193,1,1,1,솔러블(SOLABlE),식품제조가공업,경기도,경기도 화성시
20210385396,1,1,1,이지웨이,식품제조가공업,경기도,경기도 화성시
20210385454,4,4,4,아침에 달인,식품제조가공업,경기도,경기도 화성시
20210385566,1,1,1,농업회사법인 성복송산포도농원 주식회사,식품제조가공업,경기도,경기도 화성시
20210385759,1,1,1,디저트갱,식품제조가공업,경기도,경기도 화성시
20210385802,4,4,4,농업회사법인한길인터내셔널주식회사,식품제조가공업,경기도,경기도 화성시
20210385863,3,3,3,(주)태진,식품제조가공업,경기도,경기도 화성시
20210385869,1,1,1,미담식품,식품제조가공업,경기도,경기도 화성시
20210385896,1,1,1,달잔기지떡 동탄본점,식품제조가공업,경기도,경기도 화성시
20210385914,1,1,1,(주)리치빔 화성공장,식품제조가공업,경기도,경기도 화성시
20210386410,1,1,1,농업회사법인 주식회사 웰맥,식품제조가공업,경기도,경기도 화성시
20210386454,1,1,1,이뮨베이커리 카페,식품제조가공업,경기도,경기도 화성시
20210386497,2,2,2,주식회사 이룸이노베이션,식품제조가공업,경기도,경기도 화성시
20210387020,1,1,1,(주)어심원,식품제조가공업,경기도,경기도 광주시
20210387090,3,3,3,(주)씨메이드,식품제조가공업,경기도,경기도 광주시
20210387109,1,1,1,오션프로젝트,식품제조가공업,경기도,경기도 광주시
20210387114,1,1,1,주식회사 윈도우팜,식품소분업,경기도,경기도 광주시
20210387147,1,1,1,(주)소스올마켓,식품제조가공업,경기도,경기도 광주시
20210387202,2,1,1,주식회사 맥푸드,식품제조가공업,충청북도,충청북도 진천군
20210387300,4,4,4,주식회사 프로즌,식품제조가공업,경기도,경기도 광주시
20210387336,4,4,4,(주)보명,식품제조가공업,경기도,경기도 광주시
20210387373,3,3,3,더안,식품제조가공업,경기도,경기도 광주시
20210387402,1,1,1,(주)맛템,식품제조가공업,경기도,경기도 광주시
20210387406,1,1,1,주식회사 명강,식품제조가공업,경기도,경기도 광주시
20210387451,5,5,5,주식회사 닥터케이바이오,식품제조가공업,경기도,경기도 광주시
20210387476,6,6,6,(주)가람에프앤비,식품제조가공업,경기도,경기도 광주시
20210387599,1,1,1,주식회사 벨코푸드서비스,식품제조가공업,경기도,경기도 광주시
20210387667,1,1,1,주식회사 선종,식품소분업,경기도,경기도 광주시
20210387697,1,1,1,JT FOOD,식품제조가공업,경기도,경기도 광주시
20210387737,1,1,1,(주)다원에프앤디,식품제조가공업,경기도,경기도 광주시
20210387878,1,1,1,(주)제이아이,식품소분업,경기도,경기도 광주시
20210387888,1,1,1,(주)네오에프디,식품제조가공업,경기도,경기도 광주시
20210387893,1,1,1,토음바이오 주식회사,식품소분업,경기도,경기도 광주시
20210387967,2,2,2,주식회사 퀸즈그린푸드,식품제조가공업,경기도,경기도 광주시
20210387981,2,2,2,(주)제이아이,식품제조가공업,경기도,경기도 광주시
20210387982,1,1,1,더안,식품소분업,경기도,경기도 광주시
20210388050,4,4,4,에스비에프,식품제조가공업,경기도,경기도 광주시
20210388051,1,1,1,에스비에프,식품소분업,경기도,경기도 광주시
20210388063,1,1,1,(주)테이스티코리아,식품제조가공업,경기도,경기도 광주시
20210388123,1,1,1,(주)코주부프레쉬쿡 특수전학교점,위탁급식영업,경기도,경기도 광주시
20210388195,4,4,4,주식회사 감자,식품제조가공업,경기도,경기도 광주시
20210388227,1,1,1,대광식품,식품제조가공업,경기도,경기도 광주시
20210388274,2,2,2,주식회사 다니푸드,식품제조가공업,경기도,경기도 광주시
20210389017,2,2,2,청수산업,식품제조가공업,경기도,경기도 양주시
20210389476,8,4,4,다누리푸드,식품제조가공업,경기도,경기도 양주시
20210389682,11,11,11,주식회사 한국고려홍삼,식품제조가공업,경기도,경기도 양주시
20210389768,2,2,2,브레드모아,식품제조가공업,경기도,경기도 양주시
20210389798,1,1,1,주식회사 카페베네,식품제조가공업,경기도,경기도 양주시
20210389924,1,1,1,(주)대성에프앤비,식품제조가공업,경기도,경기도 양주시
20210389937,3,3,3,올라뉴트리션,식품제조가공업,경기도,경기도 양주시
20210390094,1,1,1,주식회사 이웃집,식품제조가공업,경기도,경기도 양주시
20210391123,4,4,4,주식회사 온니,식품제조가공업,경기도,경기도 포천시
20210391146,2,2,1,금색떡집,식품제조가공업,경기도,경기도 포천시
20210391197,1,1,1,(주)성진바이오 제1공장,식품소분업,경기도,경기도 포천시
20210391302,2,2,2,(주)로뎀푸드 제2공장,식품제조가공업,경기도,경기도 포천시
20210391463,2,1,1,농업회사법인더함께주식회사,식품제조가공업,경기도,경기도 포천시
20210391683,1,1,1,엠에스푸드,식품제조가공업,경기도,경기도 포천시
20210391732,3,3,3,엠지푸드솔루션 제3공장,식품제조가공업,경기도,경기도 포천시
20210393267,6,6,6,농업회사법인 주식회사 에이치엘바이오팜,식품제조가공업,경기도,경기도 여주시
20210393340,1,1,1,(주)디앤푸드 여주공장,식품제조가공업,경기도,경기도 여주시
20210395204,1,1,1,잣고을떡집,식품제조가공업,경기도,경기도 가평군
20210395253,3,3,2,주식회사빵쌤에프앤비,식품제조가공업,경기도,경기도 가평군
20210396068,1,1,1,세인음료식품,식품제조가공업,경기도,경기도 양평군
20210396361,1,1,1,0509푸드컴퍼니,식품제조가공업,경기도,경기도 양평군
20210396369,9,9,9,주식회사 해나눔,식품제조가공업,경기도,경기도 양평군
20210396430,4,4,4,농업회사법인 광개토엠앤에프 주식회사,식품제조가공업,경기도,경기도 양평군
20210398405,2,2,2,주식회사농업회사법인하루에한모,식품제조가공업,강원특별자치도,강원특별자치도 춘천시
20210398767,2,2,2,나눔베이커리 협동조합,식품제조가공업,강원특별자치도,강원특별자치도 춘천시
20210399170,2,2,2,(주)이츠더홈,식품제조가공업,강원특별자치도,강원특별자치도 춘천시
20210401236,1,1,1,주식회사 와이이뮤니티,식품제조가공업,강원특별자치도,강원특별자치도 원주시
20210401668,2,2,2,깨로스터리옥희방앗간,식품제조가공업,강원특별자치도,강원특별자치도 원주시
20210401976,1,1,1,(주)엄다종합식품,식품제조가공업,강원특별자치도,강원특별자치도 원주시
20210402031,6,6,5,농업회사법인주식회사상호프레시팜,식품제조가공업,강원특별자치도,강원특별자치도 원주시
20210404082,3,3,3,강릉시수산업협동조합수산물가공제2공장,식품제조가공업,강원특별자치도,강원특별자치도 강릉시
20210404096,1,1,1,보사노바로스팅팩토리,식품제조가공업,강원특별자치도,강원특별자치도 강릉시
20210404098,2,2,2,설악산아로니아영농조합법인,식품제조가공업,강원특별자치도,강원특별자치도 강릉시
20210404313,1,1,1,궁잔기지떡강릉점,식품제조가공업,강원특별자치도,강원특별자치도 강릉시
20210404522,1,1,1,주식회사산야뜰갑부도시락강원대리점,식품제조가공업,강원특별자치도,강원특별자치도 강릉시
20210404770,2,2,2,주식회사만월농업회사법인,식품제조가공업,강원특별자치도,강원특별자치도 강릉시
20210404812,1,1,1,주식회사강릉당,식품제조가공업,강원특별자치도,강원특별자치도 강릉시
20210404914,1,1,1,(주)정남미그룹,식품제조가공업,강원특별자치도,강원특별자치도 강릉시
20210404924,2,2,2,주식회사신성바이오팜,식품제조가공업,강원특별자치도,강원특별자치도 강릉시
20210404977,1,1,1,주식회사명일,즉석판매제조가공업,강원특별자치도,강원특별자치도 강릉시
20210407149,1,1,1,삼호제면,식품제조가공업,강원특별자치도,강원특별자치도 동해시
20210409038,2,2,2,농업회사법인주식회사태백,식품제조가공업,강원특별자치도,강원특별자치도 태백시
20210409118,5,5,5,태백시농업기술센터(농산물가공센터),식품제조가공업,강원특별자치도,강원특별자치도 태백시
20210410482,3,3,3,(주)참푸드1공장,식품제조가공업,강원특별자치도,강원특별자치도 속초시
20210412048,2,2,2,(주)세준에프앤비 2공장,식품제조가공업,강원특별자치도,강원특별자치도 홍천군
20210412255,1,1,1,(주)제이에스글로벌,식품제조가공업,강원특별자치도,강원특별자치도 홍천군
20210413066,1,1,1,주식회사 청림식품,식품제조가공업,강원특별자치도,강원특별자치도 횡성군
20210413131,1,1,1,주식회사 모드니,식품제조가공업,강원특별자치도,강원특별자치도 횡성군
20210414104,1,1,1,주식회사 영연,식품제조가공업,강원특별자치도,강원특별자치도 영월군
20210415158,1,1,1,콩콩푸드,식품제조가공업,강원특별자치도,강원특별자치도 평창군
20210415215,6,6,6,평창군 농산물종합가공센터,식품제조가공업,강원특별자치도,강원특별자치도 평창군
20210416028,3,3,2,(주)팜코바이오,식품제조가공업,강원특별자치도,강원특별자치도 정선군
20210416044,1,1,1,아리랑식품영농조합법인,식품제조가공업,강원특별자치도,강원특별자치도 정선군
20210416128,3,3,3,정선블루베리협동조합,식품제조가공업,강원특별자치도,강원특별자치도 정선군
20210417014,2,2,2,성신푸드,식품제조가공업,강원특별자치도,강원특별자치도 철원군
20210419028,1,1,1,농업회사법인 펀치볼 마중물 주식회사,식품제조가공업,강원특별자치도,강원특별자치도 양구군
20210420013,3,3,3,인제군 농산물가공지원센터,식품제조가공업,강원특별자치도,강원특별자치도 인제군
20210420018,1,1,1,인제5대명품로컬푸드협동조합,식품소분업,강원특별자치도,강원특별자치도 인제군
20210421095,2,2,2,주식회사 해정에프앤비 고성 캬라멜공방,식품제조가공업,강원특별자치도,강원특별자치도 고성군
20210421105,1,1,1,바다정원 베이커리,식품제조가공업,강원특별자치도,강원특별자치도 고성군
20210421141,2,2,2,한림바이오팜,식품제조가공업,강원특별자치도,강원특별자치도 고성군
20210422013,1,1,1,농업회사법인 신토불이주식회사,식품제조가공업,강원특별자치도,강원특별자치도 양양군
20210422185,3,3,3,해마영어조합법인,식품제조가공업,강원특별자치도,강원특별자치도 양양군
20210424020,1,1,1,알빙시대,식품제조가공업,충청북도,충청북도 청주시
20210424026,1,1,1,영농조합법인 건강일번지,식품제조가공업,충청북도,충청북도 청주시
20210424028,1,1,1,(주)글로션에프에스,식품제조가공업,충청북도,충청북도 청주시
20210424033,2,2,2,더담아 유(충북청주지역자활센터),식품제조가공업,충청북도,충청북도 청주시
20210424039,1,1,1,오스바이오 주식회사,식품제조가공업,충청북도,충청북도 청주시
20210424042,1,1,1,직지방앗간,식품제조가공업,충청북도,충청북도 청주시
20210424048,1,1,1,다원푸드서비스(주)쉐프랑 2공장,식품제조가공업,충청북도,충청북도 청주시
20210424050,1,1,1,다원푸드서비스(주) 쉐프랑,식품제조가공업,충청북도,충청북도 청주시
20210424063,2,2,2,주식회사 아노푸드,식품제조가공업,충청북도,충청북도 청주시
20210424077,3,3,3,스톨존바이오(주),식품제조가공업,충청북도,충청북도 청주시
20210424079,6,6,6,농업회사법인 진성 유한책임회사,식품제조가공업,충청북도,충청북도 청주시
20210424085,1,1,1,농업회사법인 청주농산(주) 신촌점,식품제조가공업,충청북도,충청북도 청주시
20210424104,1,1,1,(주)네스푸드,식품제조가공업,충청북도,충청북도 청주시
20210424110,1,1,1,위니,식품제조가공업,충청북도,충청북도 청주시
20210424134,1,1,1,흥덕제과 주식회사,식품제조가공업,충청북도,충청북도 청주시
20210442282,2,2,2,롯데칠성음료(주),식품제조가공업,충청북도,충청북도 충주시
20210442430,2,2,2,농업회사법인(유)더존실키팜,식품제조가공업,충청북도,충청북도 충주시
20210442511,2,2,2,(주)케이지프레시제3공장,식품제조가공업,충청북도,충청북도 충주시
20210442582,1,1,1,디비씨,식품제조가공업,충청북도,충청북도 충주시
20210442625,2,2,2,농업회사법인이맛식품주식회사,식품제조가공업,충청북도,충청북도 충주시
20210442716,1,1,1,제이엠푸드팩토리,식품제조가공업,충청북도,충청북도 충주시
20210442851,1,1,1,(주)한국면가,식품제조가공업,충청북도,충청북도 충주시
20210444085,4,4,4,주식회사 수완,식품제조가공업,충청북도,충청북도 제천시
20210444104,17,17,17,엔에이치 바이오,식품제조가공업,충청북도,충청북도 제천시
20210444139,1,1,1,봉양사랑협동조합,식품제조가공업,충청북도,충청북도 제천시
20210447045,1,1,1,주식회사 오형에프앤비,식품제조가공업,충청북도,충청북도 옥천군
20210447106,1,1,1,농업회사법인 팜엔쿡 본점,식품제조가공업,충청북도,충청북도 옥천군
20210448079,3,3,3,(주)농업회사법인 호현,식품제조가공업,충청북도,충청북도 영동군
20210448080,2,2,2,유일푸드,식품제조가공업,충청북도,충청북도 영동군
20210448120,1,1,1,초원떡방,식품제조가공업,충청북도,충청북도 영동군
20210449048,4,4,4,주식회사 두런에프앤비,식품제조가공업,충청북도,충청북도 증평군
20210450075,1,1,1,영어조합법인 그린수산,식품제조가공업,충청북도,충청북도 진천군
20210451003,2,2,2,(주)킨푸드,식품제조가공업,충청북도,충청북도 괴산군
20210451096,7,7,7,주식회사 자연이정답이다,식품제조가공업,충청북도,충청북도 괴산군
20210452023,3,3,3,농업회사법인(주)거북,식품제조가공업,충청북도,충청북도 음성군
20210452059,3,3,3,(주)더빈트,식품제조가공업,충청북도,충청북도 음성군
20210452216,1,1,1,촌부일기,식품제조가공업,충청북도,충청북도 음성군
20210452222,1,1,1,농업회사법인(주)연우,식품제조가공업,충청북도,충청북도 음성군
20210452284,4,4,4,주식회사 디보션푸드,식품제조가공업,충청북도,충청북도 음성군
20210452291,6,6,6,주식회사 한울바이오,식품제조가공업,충청북도,충청북도 음성군
20210452332,6,6,4,(주)사옹원,식품제조가공업,충청북도,충청북도 음성군
20210452376,1,1,1,(주)삼화진식품,식품제조가공업,충청북도,충청북도 음성군
20210452401,1,1,1,번영푸드 주식회사,식품제조가공업,충청북도,충청북도 음성군
20210452489,2,2,1,신선한생각농업회사법인(주),식품제조가공업,충청북도,충청북도 음성군
20210452549,1,1,1,주식회사 새움,식품제조가공업,충청북도,충청북도 음성군
20210456026,1,1,1,주식회사루츠,식품제조가공업,충청남도,충청남도 천안시
20210456423,4,2,2,태강푸드,식품제조가공업,충청북도,충청북도 음성군
20210456477,1,1,1,주식회사미소푸드,식품제조가공업,충청남도,충청남도 천안시
20210456788,10,5,5,주식회사에스제이푸드시스템,식품제조가공업,충청남도,충청남도 천안시
20210457025,1,1,1,주식회사못난이푸드,식품제조가공업,충청남도,충청남도 천안시
20210457028,12,7,7,대상웰라이프주식회사천안2공장,식품제조가공업,충청남도,충청남도 천안시
20210462421,1,1,1,(주)미소미,식품제조가공업,충청남도,충청남도 당진시
20210462611,1,1,1,농업회사법인(주)갓지은,식품제조가공업,충청남도,충청남도 당진시
20210462632,1,1,1,해나루한과영농조합법인 1공장,식품제조가공업,충청남도,충청남도 당진시
20210464027,2,2,2,농업회사법인공주식품(유),식품제조가공업,충청남도,충청남도 공주시
20210464089,1,1,1,주식회사애드스윗,식품제조가공업,충청남도,충청남도 공주시
20210464118,2,2,2,(주)아르토스,식품제조가공업,충청남도,충청남도 공주시
20210464129,2,2,2,공주시농협조합공동사업법인공주시학교급식센터,식품제조가공업,충청남도,충청남도 공주시
20210464333,1,1,1,브라더푸드,식품제조가공업,충청남도,충청남도 공주시
20210465121,6,6,6,보령시농산물가공지원센터,식품제조가공업,충청남도,충청남도 보령시
20210465297,1,1,1,장고도해삼영어조합법인,식품제조가공업,충청남도,충청남도 보령시
20210467033,1,1,1,주식회사 블루파인,식품제조가공업,충청남도,충청남도 아산시
20210467265,2,2,2,서해안(주),식품제조가공업,충청남도,충청남도 아산시
20210467389,1,1,1,타쉬켄트브래드(Tashkent bread),식품제조가공업,충청남도,충청남도 아산시
20210467667,1,1,1,쿠키인클로버,식품제조가공업,충청남도,충청남도 아산시
20210467708,6,6,6,(주)쌤큐,식품제조가공업,충청남도,충청남도 아산시
20210467808,1,1,1,디아이프랜즈주식회사,식품제조가공업,충청남도,충청남도 아산시
20210468129,1,1,1,네이센스 바이오,식품제조가공업,충청남도,충청남도 아산시
20210469196,1,1,1,어업회사법인 섬마을주식회사,식품제조가공업,충청남도,충청남도 서산시
20210469224,2,2,2,농업회사법인 (주)충서,식품제조가공업,충청남도,충청남도 서산시
20210469268,1,1,1,서산반양골전통생강한과,식품제조가공업,충청남도,충청남도 서산시
20210470002,2,2,2,농업회사법인 써니빌(주) 제2공장,식품제조가공업,충청남도,충청남도 논산시
20210470134,1,1,1,장군젓갈,식품제조가공업,충청남도,충청남도 논산시
20210470135,1,1,1,장군젓갈,식품소분업,충청남도,충청남도 논산시
20210470144,1,1,1,농업회사법인예스민딸기클러스터(주),식품제조가공업,충청남도,충청남도 논산시
20210470244,2,2,2,(주)유앤미스마트팜농업회사법인,식품제조가공업,충청남도,충청남도 논산시
20210473026,2,2,2,건행인삼,식품제조가공업,충청남도,충청남도 금산군
20210473057,1,1,1,산지홍삼,식품제조가공업,충청남도,충청남도 금산군
20210473086,1,1,1,농업회사법인주식회사시골집,식품제조가공업,충청남도,충청남도 금산군
20210473101,2,2,2,농업회사법인 발칙코리아(주),식품제조가공업,충청남도,충청남도 금산군
20210473109,1,1,1,천고삼H&B,식품제조가공업,충청남도,충청남도 금산군
20210473127,4,4,4,한국지에이피인삼영농조합법인,식품제조가공업,충청남도,충청남도 금산군
20210473147,1,1,1,추부깻담,식품제조가공업,충청남도,충청남도 금산군
20210474037,1,1,1,부여은산착한표고농원,식품제조가공업,충청남도,충청남도 부여군
20210474094,5,5,5,주식회사 피앤에프,식품제조가공업,충청남도,충청남도 부여군
20210475029,2,2,2,(주)우양 서천공장,식품제조가공업,충청남도,충청남도 서천군
20210475096,2,2,2,농업회사법인 웰빙(주),식품제조가공업,충청남도,충청남도 서천군
20210475170,1,1,1,시농떡방,식품제조가공업,충청남도,충청남도 서천군
20210476009,1,1,1,배가원 1공장,식품제조가공업,충청남도,충청남도 청양군
20210476028,2,2,2,꿀도래 농도래,식품제조가공업,충청남도,충청남도 청양군
20210478049,2,2,2,성현바이오,식품제조가공업,충청남도,충청남도 예산군
20210478106,1,1,1,예산국수(주),식품제조가공업,충청남도,충청남도 예산군
20210478142,1,1,1,농업회사법인 불원 주식회사,식품제조가공업,충청남도,충청남도 예산군
20210478165,2,2,2,(주)재형바이오,식품제조가공업,충청남도,충청남도 예산군
20210478302,1,1,1,주식회사 정푸드서비스,식품제조가공업,충청남도,충청남도 예산군
20210479175,9,9,9,태안농산물가공영농조합법인,식품제조가공업,충청남도,충청남도 태안군
20210479197,2,2,2,(주)피비에이치바이오,식품제조가공업,충청남도,충청남도 태안군
20210482953,1,1,1,순진한푸드,식품제조가공업,전북특별자치도,전북특별자치도 전주시
20210483096,2,2,2,전주지역자활센터 한입푸드,식품제조가공업,전북특별자치도,전북특별자치도 전주시
20210485145,1,1,1,달리는농장,식품제조가공업,전북특별자치도,전북특별자치도 전주시
20210485441,1,1,1,전주수제센베이,식품제조가공업,전북특별자치도,전북특별자치도 전주시
20210485460,2,2,2,이석,식품제조가공업,전북특별자치도,전북특별자치도 전주시
20210485590,1,1,1,농업회사법인전주비빔밥유한회사제1공장,식품제조가공업,전북특별자치도,전북특별자치도 전주시
20210488449,2,2,2,온누리식품(수산),식품제조가공업,전북특별자치도,전북특별자치도 군산시
20210488742,1,1,1,전북군산한마음지역자활센터 한마음푸드,식품제조가공업,전북특별자치도,전북특별자치도 군산시
20210488796,1,1,1,다움,식품제조가공업,전북특별자치도,전북특별자치도 군산시
20210488859,4,4,4,일향푸드,식품제조가공업,전북특별자치도,전북특별자치도 군산시
20210491016,2,2,2,농업회사법인(유)송담아인푸드,식품제조가공업,전북특별자치도,전북특별자치도 익산시
20210491040,4,4,4,농업회사법인 주식회사 제이웰푸드,식품제조가공업,전북특별자치도,전북특별자치도 익산시
20210491092,5,5,5,주안에프앤비 주식회사,식품제조가공업,전북특별자치도,전북특별자치도 익산시
20210491149,2,2,1,진스마트팜(주)농업회사법인,식품제조가공업,전북특별자치도,전북특별자치도 익산시
20210491208,1,1,1,세맛딸기잼,식품제조가공업,전북특별자치도,전북특별자치도 익산시
20210491299,1,1,1,주식회사 더소스랩,식품제조가공업,전북특별자치도,전북특별자치도 익산시
20210491379,2,2,2,섬을담다 주식회사,식품제조가공업,전북특별자치도,전북특별자치도 익산시
20210491506,4,2,2,오땡스,식품제조가공업,강원특별자치도,강원특별자치도 춘천시
20210491585,1,1,1,주식회사 카페예,식품제조가공업,전북특별자치도,전북특별자치도 익산시
20210491590,8,8,8,주식회사 후레쉬닷컴,식품제조가공업,전북특별자치도,전북특별자치도 익산시
20210491596,2,2,2,(주)삼익유가공,식품제조가공업,전북특별자치도,전북특별자치도 익산시
20210491619,2,2,2,레드로즈빈,식품제조가공업,전북특별자치도,전북특별자치도 익산시
20210491660,2,2,2,(주)펄팩토리,식품제조가공업,전북특별자치도,전북특별자치도 익산시
20210491673,3,3,3,(주)스위트원,식품제조가공업,전북특별자치도,전북특별자치도 익산시
20210491705,1,1,1,주식회사 동해글로벌,식품제조가공업,전북특별자치도,전북특별자치도 익산시
20210494099,4,4,4,부영식품,식품제조가공업,전북특별자치도,전북특별자치도 정읍시
20210494132,3,3,3,산영영농조합법인 제2공장,식품제조가공업,전북특별자치도,전북특별자치도 정읍시
20210494155,1,1,1,농업회사법인 자연가 유한회사 3공장,식품제조가공업,전북특별자치도,전북특별자치도 정읍시
20210494240,6,6,5,주식회사 스마일푸드,식품제조가공업,전북특별자치도,전북특별자치도 정읍시
20210494269,1,1,1,둥지쌍화탕 주식회사 농업회사법인,식품제조가공업,전북특별자치도,전북특별자치도 정읍시
20210496038,2,2,2,한우물 식품,식품제조가공업,전북특별자치도,전북특별자치도 남원시
20210496113,1,1,1,다온식품,식품제조가공업,전북특별자치도,전북특별자치도 남원시
20210496123,3,3,3,농업회사법인 노고단식품 주식회사 (제2공장),식품제조가공업,전북특별자치도,전북특별자치도 남원시
20210496183,1,1,1,가랑수부각,식품제조가공업,전북특별자치도,전북특별자치도 남원시
20210496204,1,1,1,채원식품 선부각,식품제조가공업,전북특별자치도,전북특별자치도 남원시
20210496235,1,1,1,농업회사법인유한회사 하이오백,식품제조가공업,전북특별자치도,전북특별자치도 남원시
20210496250,1,1,1,주식회사 춘향골식품 2공장,식품제조가공업,전북특별자치도,전북특별자치도 남원시
20210497046,1,1,1,농업회사법인(주)태성식품,식품제조가공업,전북특별자치도,전북특별자치도 김제시
20210497048,2,2,2,주식회사 꼬순향,식품제조가공업,전북특별자치도,전북특별자치도 김제시
20210497213,2,2,2,동김제농협 산지유통센터,식품제조가공업,전북특별자치도,전북특별자치도 김제시
20210497267,2,2,2,농업회사법인(주)우리농촌살리기공동네트워크,식품제조가공업,전북특별자치도,전북특별자치도 김제시
20210498040,1,1,1,다정한그녀,식품제조가공업,전북특별자치도,전북특별자치도 완주군
20210498119,2,2,2,주식회사 말린,식품제조가공업,전북특별자치도,전북특별자치도 완주군
20210498122,3,3,3,홍삼이 생강날때,식품제조가공업,전북특별자치도,전북특별자치도 완주군
20210498153,1,1,1,(주)셀코어,식품제조가공업,전북특별자치도,전북특별자치도 완주군
20210501008,1,1,1,주식회사 하몬코리아,식품제조가공업,전북특별자치도,전북특별자치도 장수군
20210502052,6,6,6,임실따담영농조합법인,식품제조가공업,전북특별자치도,전북특별자치도 임실군
20210503037,2,2,2,재단법인 발효미생물산업진흥원(한국미생물),식품첨가물제조업,전북특별자치도,전북특별자치도 순창군
20210503038,1,1,1,재단법인 발효미생물산업진흥원(한국미생물),식품제조가공업,전북특별자치도,전북특별자치도 순창군
20210503076,1,1,1,재단법인 발효미생물산업진흥원(리던),식품제조가공업,전북특별자치도,전북특별자치도 순창군
20210504013,3,3,3,주식회사 에스알씨 풀뜨레,식품제조가공업,전북특별자치도,전북특별자치도 고창군
20210504123,3,3,3,(주)엄지식품,식품제조가공업,전북특별자치도,전북특별자치도 고창군
20210504129,3,3,3,주식회사 새벽,식품제조가공업,전북특별자치도,전북특별자치도 고창군
20210504156,1,1,1,하람식품협동조합,식품제조가공업,전북특별자치도,전북특별자치도 고창군
20210505094,2,2,2,주식회사 가린한방,식품제조가공업,전북특별자치도,전북특별자치도 부안군
20210505108,2,2,2,농장760 농업회사법인 주식회사,식품제조가공업,전북특별자치도,전북특별자치도 부안군
20210505147,2,2,2,주식회사 해미원에프앤비,식품제조가공업,전북특별자치도,전북특별자치도 부안군
20210505175,4,4,4,봉봉이네수산협동조합,식품제조가공업,전북특별자치도,전북특별자치도 부안군
20210507036,5,5,5,신세계에프앤비유한회사농업회사법인,식품제조가공업,전남광주통합특별시,전남광주통합특별시 목포시
20210507117,1,1,1,주식회사 하이준,식품제조가공업,전남광주통합특별시,전남광주통합특별시 목포시
20210507119,1,1,1,주식회사 제이물산,식품제조가공업,전남광주통합특별시,전남광주통합특별시 목포시
20210507161,1,1,1,(유)대창,식품제조가공업,전남광주통합특별시,전남광주통합특별시 목포시
20210507297,1,1,1,대천김㈜,식품제조가공업,전남광주통합특별시,전남광주통합특별시 목포시
20210507466,1,1,1,선진수산영어조합법인,식품제조가공업,전남광주통합특별시,전남광주통합특별시 목포시
20210507743,1,1,1,(주)청정목포수산,식품제조가공업,전남광주통합특별시,전남광주통합특별시 목포시
20210510697,1,1,1,농업회사법인 해오름푸드(주),식품제조가공업,전남광주통합특별시,전남광주통합특별시 여수시
20210513358,1,1,1,누룽씬,식품제조가공업,전남광주통합특별시,전남광주통합특별시 순천시
20210513432,4,4,4,남도식품 유한회사,식품제조가공업,전남광주통합특별시,전남광주통합특별시 순천시
20210513955,4,2,4,농업회사법인(주)심연상,식품제조가공업,전남광주통합특별시,전남광주통합특별시 순천시
20210516349,2,2,2,농업회사법인주식회사 마중물,식품제조가공업,전남광주통합특별시,전남광주통합특별시 나주시
20210516446,1,1,1,농업회사법인 봄봄식품,식품제조가공업,전남광주통합특별시,전남광주통합특별시 나주시
20210516490,2,2,2,(주)대무,식품제조가공업,전남광주통합특별시,전남광주통합특별시 나주시
20210516502,1,1,1,유니원,식품제조가공업,전남광주통합특별시,전남광주통합특별시 나주시
20210519040,2,2,2,담양농협하나로마트,식품제조가공업,전남광주통합특별시,전남광주통합특별시 담양군
20210519071,4,4,4,엔피케이(주) 2공장,식품제조가공업,전남광주통합특별시,전남광주통합특별시 담양군
20210519077,1,1,1,조진순가마솥식품 1공장,식품제조가공업,전남광주통합특별시,전남광주통합특별시 담양군
20210519081,1,1,1,시루원 담양공장,식품제조가공업,전남광주통합특별시,전남광주통합특별시 담양군
20210519106,1,1,1,주식회사 태영식품,식품제조가공업,전남광주통합특별시,전남광주통합특별시 담양군
20210519109,1,1,1,희망식품 주식회사,식품제조가공업,전남광주통합특별시,전남광주통합특별시 담양군
20210519151,2,2,2,현과청 농업회사법인 주식회사,식품제조가공업,전남광주통합특별시,전남광주통합특별시 담양군
20210519193,1,1,1,반가푸드,식품제조가공업,전남광주통합특별시,전남광주통합특별시 담양군
20210521065,1,1,1,주식회사 무릉도원석정수,식품제조가공업,전남광주통합특별시,전남광주통합특별시 구례군
20210521071,1,1,1,농업회사법인 주식회사 구례약선,식품제조가공업,전남광주통합특별시,전남광주통합특별시 구례군
20210523040,4,4,2,보성농협 웅치올벼쌀 가공유통센터,식품제조가공업,전남광주통합특별시,전남광주통합특별시 보성군
20210523079,4,4,2,보성녹차김치,식품제조가공업,전남광주통합특별시,전남광주통합특별시 보성군
20210524095,3,3,3,주식회사 농업회사법인 포프리,식품제조가공업,전남광주통합특별시,전남광주통합특별시 화순군
20210524108,2,2,2,주식회사 농업회사법인 포프리,식품제조가공업,전남광주통합특별시,전남광주통합특별시 화순군
20210524130,1,1,1,도곡농업협동조합,식품제조가공업,전남광주통합특별시,전남광주통합특별시 화순군
20210524197,1,1,1,주식회사 화성에프앤디,식품제조가공업,전남광주통합특별시,전남광주통합특별시 화순군
20210525066,1,1,1,씨플러스 주식회사,식품제조가공업,전남광주통합특별시,전남광주통합특별시 장흥군
20210525070,1,1,1,정남진장흥농협 농산물산지유통센터,집단급식소 식품판매업,전남광주통합특별시,전남광주통합특별시 장흥군
20210525076,5,3,5,주식회사 다인음료,식품제조가공업,전남광주통합특별시,전남광주통합특별시 장흥군
20210525113,1,1,1,유한회사 케이비월드푸드,식품제조가공업,전남광주통합특별시,전남광주통합특별시 장흥군
20210526149,2,2,2,(주)자연과 바다,식품제조가공업,전남광주통합특별시,전남광주통합특별시 강진군
20210527021,2,2,2,농업회사법인 푸드굿 주식회사,식품제조가공업,전남광주통합특별시,전남광주통합특별시 해남군
20210527032,1,1,1,농업회사법인첫사랑(유) 제2공장,식품제조가공업,전남광주통합특별시,전남광주통합특별시 해남군
20210527052,1,1,1,농업회사법인 주식회사 황토고구마,식품제조가공업,전남광주통합특별시,전남광주통합특별시 해남군
20210527087,1,1,1,땅끝애골농장,식품제조가공업,전남광주통합특별시,전남광주통합특별시 해남군
20210527162,1,1,1,농업회사법인 산들해 유한회사,식품제조가공업,전남광주통합특별시,전남광주통합특별시 해남군
20210527164,1,1,1,텃밭영농조합법인,식품제조가공업,전남광주통합특별시,전남광주통합특별시 해남군
20210527165,1,1,1,해뜰해남농업회사법인(유),식품제조가공업,전남광주통합특별시,전남광주통합특별시 해남군
20210527173,1,1,1,명랑팜,식품제조가공업,전남광주통합특별시,전남광주통합특별시 해남군
20210527184,1,1,1,산마을영농조합법인 하람농원,식품제조가공업,전남광주통합특별시,전남광주통합특별시 해남군
20210527188,4,2,2,해남송지영농조합법인,식품제조가공업,전남광주통합특별시,전남광주통합특별시 해남군
20210527210,1,1,1,땅끝농업협동조합,식품제조가공업,전남광주통합특별시,전남광주통합특별시 해남군
20210527215,1,1,1,땅끝유통 절임배추,식품제조가공업,전남광주통합특별시,전남광주통합특별시 해남군
20210529183,2,2,2,땅끝행복식품,식품제조가공업,전남광주통합특별시,전남광주통합특별시 무안군
20210529334,4,4,1,농업회사법인 참누리유통 유한회사,식품제조가공업,전남광주통합특별시,전남광주통합특별시 무안군
20210529372,1,1,1,트리플영농조합법인,식품제조가공업,전남광주통합특별시,전남광주통합특별시 무안군
20210530070,1,1,1,나온누리,식품제조가공업,전남광주통합특별시,전남광주통합특별시 함평군
20210531002,1,1,1,(주)대영에프앤지,식품제조가공업,전남광주통합특별시,전남광주통합특별시 영광군
20210531010,1,1,1,천일수산영어조합법인,식품제조가공업,전남광주통합특별시,전남광주통합특별시 영광군
20210531023,1,1,1,새싹모시송편,식품제조가공업,전남광주통합특별시,전남광주통합특별시 영광군
20210531035,2,2,1,막내떡집,식품제조가공업,전남광주통합특별시,전남광주통합특별시 영광군
20210531070,1,1,1,솔잎떡마을,식품제조가공업,전남광주통합특별시,전남광주통합특별시 영광군
20210531080,1,1,1,바다향,식품제조가공업,전남광주통합특별시,전남광주통합특별시 영광군
20210531086,1,1,1,청우 F&B 제2공장,식품제조가공업,전남광주통합특별시,전남광주통합특별시 영광군
20210531094,1,1,1,농업회사법인 텃밭푸드유한회사,식품제조가공업,전남광주통합특별시,전남광주통합특별시 영광군
20210531120,3,3,3,번영영어조합법인,식품제조가공업,전남광주통합특별시,전남광주통합특별시 영광군
20210531121,1,1,1,영광 참모시,식품제조가공업,전남광주통합특별시,전남광주통합특별시 영광군
20210531152,2,2,1,마파도 떡집,식품제조가공업,전남광주통합특별시,전남광주통합특별시 영광군
20210532009,2,2,2,농업회사법인 주식회사 축령농원,식품제조가공업,전남광주통합특별시,전남광주통합특별시 장성군
20210532132,3,3,3,가온참뜰,식품제조가공업,전남광주통합특별시,전남광주통합특별시 장성군
20210532146,2,2,2,주식회사 체리부로,식품제조가공업,전남광주통합특별시,전남광주통합특별시 장성군
20210533021,3,3,3,완도수산물수출물류 협동조합,식품제조가공업,전남광주통합특별시,전남광주통합특별시 완도군
20210533070,1,1,1,박사식품,식품제조가공업,전남광주통합특별시,전남광주통합특별시 완도군
20210533134,1,1,1,우성물산영어조합법인,식품제조가공업,전남광주통합특별시,전남광주통합특별시 완도군
20210534011,1,1,1,진도큰집 농업회사법인 주식회사,식품제조가공업,전남광주통합특별시,전남광주통합특별시 진도군
20210535014,1,1,1,바른씨푸드,식품제조가공업,전남광주통합특별시,전남광주통합특별시 신안군
20210535033,1,1,1,육암수산,식품제조가공업,전남광주통합특별시,전남광주통합특별시 신안군
20210535044,2,2,2,(주)천사섬글로컬 농업회사법인,식품제조가공업,전남광주통합특별시,전남광주통합특별시 신안군
20210537001,2,2,2,어업회사법인수평선수산주식회사,식품제조가공업,경상북도,경상북도 포항시
20210537017,2,2,2,농업회사법인(주)태주,식품제조가공업,경상북도,경상북도 포항시
20210537019,2,2,2,농업회사법인 (주)들에푸드,식품제조가공업,경상북도,경상북도 포항시
20210537021,2,2,2,이로운푸드,식품제조가공업,경상북도,경상북도 포항시
20210537022,1,1,1,농업회사법인 주식회사 포항웰빙푸드,식품제조가공업,경상북도,경상북도 포항시
20210537023,3,3,3,영어조합법인 좋은씨푸드,식품제조가공업,경상북도,경상북도 포항시
20210537040,3,3,3,육회그람,식품제조가공업,경상북도,경상북도 포항시
20210537047,1,1,1,희망농원,식품제조가공업,경상북도,경상북도 포항시
20210537053,1,1,1,다가감,식품제조가공업,경상북도,경상북도 포항시
20210537060,1,1,1,(주)에코영,식품제조가공업,경상북도,경상북도 포항시
20210537098,2,2,2,(주)조방푸드,식품제조가공업,경상북도,경상북도 포항시
20210537116,2,2,2,송정영농조합법인,식품제조가공업,경상북도,경상북도 포항시
20210537119,2,2,2,(주)채움푸드,식품제조가공업,경상북도,경상북도 포항시
20210537120,6,4,4,주식회사 이스턴씨,식품제조가공업,경상북도,경상북도 포항시
20210542290,1,1,1,다원식품,식품제조가공업,경상북도,경상북도 경주시
20210542559,1,1,1,(주)오드,식품제조가공업,경상북도,경상북도 경주시
20210542756,1,1,1,(주)수미가,식품제조가공업,경상북도,경상북도 경주시
20210542941,1,1,1,김성일찰보리카스테라,식품제조가공업,경상북도,경상북도 경주시
20210545186,1,1,1,김천시니어클럽청노을식품,식품제조가공업,경상북도,경상북도 김천시
20210547182,2,2,2,농업회사법인 주식회사 호민,식품제조가공업,경상북도,경상북도 안동시
20210547333,2,2,2,안도,식품제조가공업,경상북도,경상북도 안동시
20210547545,2,2,2,하이드로오아시스 제2공장 농업회사법인,식품제조가공업,경상북도,경상북도 안동시
20210547614,1,1,1,안동명과,식품제조가공업,경상북도,경상북도 안동시
20210552188,1,1,1,델리코,식품제조가공업,경상북도,경상북도 구미시
20210553296,3,3,3,주식회사이엔크리에이티브,식품제조가공업,경상북도,경상북도 구미시
20210553395,1,1,1,주식회사올곧,식품제조가공업,경상북도,경상북도 구미시
20210558160,1,1,1,둥이당,식품제조가공업,경상북도,경상북도 영주시
20210558298,2,2,2,농업회사법인주식회사청명원,식품제조가공업,경상북도,경상북도 영주시
20210559092,2,2,2,셀베이 바이오,식품제조가공업,경상북도,경상북도 영천시
20210559153,1,1,1,농업회사법인(주)한도(2공장),식품제조가공업,경상북도,경상북도 영천시
20210559182,3,3,3,진짜배기,식품제조가공업,경상북도,경상북도 영천시
20210559218,6,5,6,주식회사 데이웰즈,식품제조가공업,경상북도,경상북도 영천시
20210559277,2,2,2,농업회사법인 주식회사 제영,식품제조가공업,경상북도,경상북도 영천시
20210559293,2,2,2,윤금푸드,식품제조가공업,경상북도,경상북도 영천시
20210560030,1,1,1,쿠라빌,식품제조가공업,경상북도,경상북도 상주시
20210562010,1,1,1,현대에프엔비,식품제조가공업,경상북도,경상북도 문경시
20210562014,1,1,1,농업회사법인 주식회사 원스팜,식품제조가공업,경상북도,경상북도 문경시
20210562293,1,1,1,주식회사다온푸드농업회사법인,식품제조가공업,경상북도,경상북도 문경시
20210564253,1,1,1,주식회사 다모에프엔비,식품제조가공업,경상북도,경상북도 경산시
20210564445,1,1,1,주식회사 착한푸드,식품제조가공업,경상북도,경상북도 경산시
20210564726,1,1,1,에브리데이푸드,식품제조가공업,경상북도,경상북도 경산시
20210564761,1,1,1,해담,식품제조가공업,경상북도,경상북도 경산시
20210564766,3,3,3,(주)에스팩토리,식품제조가공업,경상북도,경상북도 경산시
20210565008,1,1,1,주식회사 달구벌명가식품,식품제조가공업,경상북도,경상북도 경산시
20210565091,6,3,3,(주)늘푸른스마트테크,식품제조가공업,경상북도,경상북도 경산시
20210567029,1,1,1,안계씨푸드,식품제조가공업,경상북도,경상북도 의성군
20210568044,1,1,1,택스팜,식품제조가공업,경상북도,경상북도 청송군
20210568052,1,1,1,청송대표식품,식품제조가공업,경상북도,경상북도 청송군
20210568055,1,1,1,청송심부자사과즙,식품제조가공업,경상북도,경상북도 청송군
20210570023,2,2,1,주식회사 현담,식품제조가공업,경상북도,경상북도 영덕군
20210570151,2,2,2,신영덕군 양잠영농조합법인,식품제조가공업,경상북도,경상북도 영덕군
20210571016,1,1,1,TJ코리아,식품제조가공업,경상북도,경상북도 청도군
20210571046,5,5,5,손가네 식품,식품제조가공업,경상북도,경상북도 청도군
20210571152,1,1,1,청도대감 영농조합법인2,식품제조가공업,경상북도,경상북도 청도군
20210572035,2,2,2,재미있는식품,식품제조가공업,경상북도,경상북도 고령군
20210573117,1,1,1,농업회사법인새로운별고을주식회사,식품제조가공업,경상북도,경상북도 성주군
20210574260,2,2,2,(주)샘초롱 경북지점,식품제조가공업,경상북도,경상북도 칠곡군
20210574362,3,3,3,주식회사권해,식품제조가공업,경상북도,경상북도 칠곡군
20210574371,1,1,1,그린농산물,식품제조가공업,경상북도,경상북도 칠곡군
20210576045,1,1,1,무진영농조합법인,식품제조가공업,경상북도,경상북도 봉화군
20210576056,1,1,1,농업회사법인 주식회사 애플팜,식품제조가공업,경상북도,경상북도 봉화군
20210576060,1,1,1,농업법인 선농원 (주),식품제조가공업,경상북도,경상북도 봉화군
20210578003,1,1,1,농업회사법인주식회사참조은울릉농산,식품제조가공업,경상북도,경상북도 울릉군
20210581411,1,1,1,대륙수산,식품제조가공업,경상남도,경상남도 창원시
20210581643,1,1,1,농업회사법인 주식회사 일학,식품제조가공업,경상남도,경상남도 창원시
20210581737,1,1,1,수연조청,식품제조가공업,경상남도,경상남도 창원시
20210589326,1,1,1,복많이컴퍼니,식품제조가공업,경상남도,경상남도 창원시
20210591324,3,3,2,넉넉푸드,식품제조가공업,경상남도,경상남도 창원시
20210591657,2,2,2,비엠,식품제조가공업,경상남도,경상남도 창원시
20210591727,2,2,2,최고집부각쟁이,식품제조가공업,경상남도,경상남도 창원시
20210593264,2,2,2,동양당,식품제조가공업,경상남도,경상남도 진주시
20210594213,1,1,1,해금당,식품제조가공업,경상남도,경상남도 진주시
20210594214,1,1,1,주식회사 비바푸드,식품제조가공업,경상남도,경상남도 진주시
20210594494,1,1,1,주식회사 정인푸드 농업회사법인,식품제조가공업,경상남도,경상남도 진주시
20210596141,1,1,1,통영수산식품연구소,식품제조가공업,경상남도,경상남도 통영시
20210596150,4,4,4,(주)바다해찬,식품제조가공업,경상남도,경상남도 통영시
20210596167,2,2,2,신흥영어조합법인,식품제조가공업,경상남도,경상남도 통영시
20210596257,1,1,1,주식회사부일통영지사,식품제조가공업,경상남도,경상남도 통영시
20210596383,2,2,2,명천냉동수산,식품제조가공업,경상남도,경상남도 통영시
20210596424,3,3,3,(주)해금강수산,식품제조가공업,경상남도,경상남도 통영시
20210596447,2,2,2,농업회사법인 나락농산(주),식품제조가공업,경상남도,경상남도 통영시
20210596481,3,3,3,블루오션영어조합법인,식품제조가공업,경상남도,경상남도 통영시
20210596531,1,1,1,주식회사 어가,식품제조가공업,경상남도,경상남도 통영시
20210598130,6,6,5,(주)에이치에스씨푸드,식품제조가공업,경상남도,경상남도 사천시
20210599140,2,2,2,해돋이대아식품주식회사,식품제조가공업,경상남도,경상남도 김해시
20210599575,3,3,3,(주)아로마농산 농업회사법인,식품제조가공업,경상남도,경상남도 김해시
20210599812,4,4,4,주식회사 명보씨푸드,식품제조가공업,경상남도,경상남도 김해시
20210599939,1,1,1,신성유통,집단급식소 식품판매업,경상남도,경상남도 김해시
20210599969,2,2,2,수백당 쇼핑몰,식품제조가공업,경상남도,경상남도 김해시
20210600439,2,2,2,너울푸드,식품제조가공업,경상남도,경상남도 김해시
20210600440,2,2,2,조은에프에스,식품제조가공업,경상남도,경상남도 김해시
20210600447,1,1,1,네츄럴에프앤비 주식회사,식품제조가공업,경상남도,경상남도 김해시
20210600449,3,3,1,에스씨컴퍼니,식품제조가공업,경상남도,경상남도 김해시
20210600739,1,1,1,주식회사 새한그레인,식품제조가공업,경상남도,경상남도 김해시
20210600874,4,4,4,방앗간청년,식품제조가공업,경상남도,경상남도 김해시
20210601014,4,4,4,부자두부,식품제조가공업,경상남도,경상남도 김해시
20210603036,2,2,2,밀양물산주식회사,식품제조가공업,경상남도,경상남도 밀양시
20210603073,1,1,1,농업회사법인(주)베지터,식품제조가공업,경상남도,경상남도 밀양시
20210604191,1,1,1,다이버수산,식품제조가공업,경상남도,경상남도 거제시
20210604241,3,3,3,수피랑,식품제조가공업,경상남도,경상남도 거제시
20210604369,2,2,2,요리남매,식품제조가공업,경상남도,경상남도 거제시
20210604912,1,1,1,섬섬,식품제조가공업,경상남도,경상남도 거제시
20210606143,6,6,6,(주)대진에프아이,식품제조가공업,경상남도,경상남도 양산시
20210606928,11,11,11,주식회사 마루바이오,식품제조가공업,경상남도,경상남도 양산시
20210607282,1,1,1,롯데글로벌로지스(주)양산물류센터,식품냉동.냉장업,경상남도,경상남도 양산시
20210607723,1,1,1,승승그룹(주) 승승식품,식품제조가공업,경상남도,경상남도 양산시
20210609033,1,1,1,(주)커스텀비,식품제조가공업,경상남도,경상남도 의령군
20210610132,1,1,1,닭터푸드,식품제조가공업,경상남도,경상남도 함안군
20210611035,1,1,1,웰스푸드,식품제조가공업,경상남도,경상남도 창녕군
20210612086,1,1,1,농업회사법인 공룡두루가 주식회사,식품제조가공업,경상남도,경상남도 고성군
20210612223,1,1,1,아라가야푸드,식품제조가공업,경상남도,경상남도 고성군
20210612239,1,1,1,농업회사법인 주식회사 마켓그린,식품제조가공업,경상남도,경상남도 고성군
20210613064,1,1,1,선인수산,식품제조가공업,경상남도,경상남도 남해군
20210614032,4,4,3,슬로푸드 주식회사 농업회사법인,식품제조가공업,경상남도,경상남도 하동군
20210614093,1,1,1,청학동신선식품,식품제조가공업,경상남도,경상남도 하동군
20210615003,1,1,1,지리산담쟁이농원,식품제조가공업,경상남도,경상남도 산청군
20210615009,1,1,1,산청황매산사과영농조합법인,식품제조가공업,경상남도,경상남도 산청군
20210615132,3,3,3,주)코트란,식품제조가공업,경상남도,경상남도 산청군
20210616056,4,4,4,주식회사 패미로스 농업회사법인,식품제조가공업,경상남도,경상남도 함양군
20210616091,3,3,3,누리는농부(주)농업회사법인,식품제조가공업,경상남도,경상남도 함양군
20210617013,3,3,2,다와요영농조합법인,식품제조가공업,경상남도,경상남도 거창군
20210617152,1,1,1,위델스프로폴리스 영농조합법인,식품소분업,경상남도,경상남도 거창군
20210617157,2,2,2,꽃이핀데이,식품제조가공업,경상남도,경상남도 거창군
20210617177,8,8,8,채움에프앤비농업회사법인주식회사,식품제조가공업,경상남도,경상남도 거창군
20210620018,1,1,1,주식회사제주바생푸즈,식품제조가공업,제주특별자치도,제주특별자치도 제주시
20210620535,2,2,2,애그리컬쳐,식품제조가공업,제주특별자치도,제주특별자치도 제주시
20210620864,4,4,2,피키오븐,식품제조가공업,제주특별자치도,제주특별자치도 제주시
20210621066,2,2,2,주식회사 장인의집,식품제조가공업,제주특별자치도,제주특별자치도 제주시
20210621124,1,1,1,주식회사제주바솔트지점(1공장),식품제조가공업,제주특별자치도,제주특별자치도 제주시
20210621268,1,1,1,(주)엔에프씨생명과학,식품제조가공업,제주특별자치도,제주특별자치도 제주시
20210621779,2,2,2,주식회사우무,식품제조가공업,제주특별자치도,제주특별자치도 제주시
20210621790,2,2,2,더블유푸드,식품제조가공업,제주특별자치도,제주특별자치도 제주시
20210622214,3,3,3,주식회사한도그린에프앤비2,식품제조가공업,제주특별자치도,제주특별자치도 제주시
20210622298,4,4,4,안젤라,식품제조가공업,제주특별자치도,제주특별자치도 제주시
20210622490,1,1,1,광령푸드,식품제조가공업,제주특별자치도,제주특별자치도 제주시
20210622684,3,3,3,(주)제주바이오월드,식품제조가공업,제주특별자치도,제주특별자치도 제주시
20210622771,2,2,2,(주)섬프르트,식품제조가공업,제주특별자치도,제주특별자치도 제주시
20210624100,1,1,1,더담음,식품소분업,제주특별자치도,제주특별자치도 서귀포시
20210624170,1,1,1,연담,식품제조가공업,제주특별자치도,제주특별자치도 서귀포시
20210624267,1,1,1,제주팜스친환경영농조합법인 2공장,식품제조가공업,제주특별자치도,제주특별자치도 서귀포시
20210624701,1,1,1,제주소반주식회사,식품제조가공업,제주특별자치도,제주특별자치도 서귀포시
20210624962,1,1,1,제주어묵,식품제조가공업,제주특별자치도,제주특별자치도 서귀포시
20210625168,2,2,2,코삿,식품제조가공업,제주특별자치도,제주특별자치도 서귀포시
20210626175,1,1,1,펜타브라더,식품제조가공업,경기도,경기도 하남시
20220002065,3,3,3,원스피리츠 주식회사 농업회사법인,식품제조가공업(주류),강원특별자치도,강원특별자치도 원주시
20220014896,2,2,2,어메이징 제2브루어리,식품제조가공업(주류),경기도,경기도 이천시
20220018392,2,2,2,세븐브로이이즈 주식회사,식품제조가공업(주류),전북특별자치도,전북특별자치도 익산시
20220019116,1,1,1,농업회사법인황칠본가(주),식품제조가공업(주류),전남광주통합특별시,전남광주통합특별시 여수시
20220020725,3,3,3,플래티넘맥주주식회사,식품제조가공업(주류),충청남도,충청남도 예산군
20220032888,2,2,2,(주)이마트 CK 청계천,식품제조가공업,서울특별시,서울특별시 중구
20220041027,1,1,1,농업회사법인 양선종합식품(주),식품제조가공업,서울특별시,서울특별시 성동구
20220041076,1,1,1,(주)에이피에프엔비,식품제조가공업,서울특별시,서울특별시 성동구
20220041148,1,1,1,주식회사 프레시코드,식품제조가공업,서울특별시,서울특별시 성동구
20220041158,1,1,1,노티드 성수 CK,식품제조가공업,서울특별시,서울특별시 성동구
20220041173,1,1,1,에이치에스,식품제조가공업,서울특별시,서울특별시 성동구
20220041206,1,1,1,그린셀코리아,식품소분업,서울특별시,서울특별시 성동구
20220041277,3,3,3,그린셀코리아,식품제조가공업,서울특별시,서울특별시 성동구
20220041953,1,1,1,주식회사 가담사 성수공장,식품제조가공업,서울특별시,서울특별시 성동구
20220042200,1,1,1,(주)베디션성수,식품제조가공업,서울특별시,서울특별시 성동구
20220042228,2,2,2,원바이트에프엔비,식품제조가공업,서울특별시,서울특별시 성동구
20220054104,1,1,1,주식회사 이치푸드,집단급식소 식품판매업,서울특별시,서울특별시 중랑구
20220060295,2,2,2,달콤한위로,식품제조가공업,서울특별시,서울특별시 성북구
20220076824,2,2,1,주식회사 오네뜨 컴퍼니,식품제조가공업,서울특별시,서울특별시 은평구
20220084463,1,1,1,타쿠미야씨케이,식품제조가공업,서울특별시,서울특별시 마포구
20220085269,2,2,2,언니가 숨겨놓은 과자상자,식품제조가공업,서울특별시,서울특별시 마포구
20220085926,2,2,2,프랑제리 초콜릿 CK,식품제조가공업,서울특별시,서울특별시 마포구
20220098201,2,2,2,어스메이드,식품제조가공업,서울특별시,서울특별시 구로구
20220103187,1,1,1,인테이크 주식회사,식품제조가공업,서울특별시,서울특별시 금천구
20220103210,1,1,1,투톤커피로스터즈,식품제조가공업,서울특별시,서울특별시 금천구
20220103307,2,2,2,(주)닥터장팩토리,식품제조가공업,서울특별시,서울특별시 금천구
20220103499,1,1,1,김재규 우리떡 연구소,식품제조가공업,서울특별시,서울특별시 금천구
20220103654,2,2,2,주식회사 다미브레드,식품제조가공업,서울특별시,서울특별시 금천구
20220103693,2,2,2,주식회사 데이지디저트,식품제조가공업,서울특별시,서울특별시 금천구
20220103861,2,2,2,(주)아프로푸드,식품제조가공업,서울특별시,서울특별시 금천구
20220108121,2,2,2,(주)이코니크,식품제조가공업,서울특별시,서울특별시 영등포구
20220116814,2,1,1,사회적협동조합 스윗,식품제조가공업,서울특별시,서울특별시 관악구
20220122007,1,1,1,플레이팅키친(교대점),식품제조가공업,서울특별시,서울특별시 서초구
20220131908,2,2,2,(주)만나당,식품제조가공업,서울특별시,서울특별시 강남구
20220141208,1,1,1,(주)지엔오24,식품제조가공업,서울특별시,서울특별시 송파구
20220146274,2,2,2,조은푸드,식품제조가공업,서울특별시,서울특별시 강동구
20220154088,1,1,1,주식회사 스노우랩,식품제조가공업,부산광역시,부산광역시 중구
20220157010,4,4,4,재호식품 제3공장,식품제조가공업,부산광역시,부산광역시 서구
20220157207,3,3,3,(주)청아 SP&T 2공장,식품제조가공업,부산광역시,부산광역시 서구
20220159340,1,1,1,딤섬키친,식품제조가공업,부산광역시,부산광역시 동구
20220161052,1,1,1,무명일기,식품제조가공업,부산광역시,부산광역시 영도구
20220167079,2,2,2,(주)제이에이치더블유케익앤브레드봉,식품제조가공업,부산광역시,부산광역시 동래구
20220167358,1,1,1,잼있는 부엌,식품제조가공업,부산광역시,부산광역시 동래구
20220171549,2,1,1,주식회사 두리에프앤비,식품제조가공업,부산광역시,부산광역시 강서구
20220174126,2,2,2,(주) 미드미푸드(부산지점),식품제조가공업,부산광역시,부산광역시 북구
20220178026,1,1,1,이븐도우베이커리,식품제조가공업,부산광역시,부산광역시 해운대구
20220178517,4,2,2,유카레푸드,식품제조가공업,부산광역시,부산광역시 해운대구
20220181152,1,1,1,핑거스제과,식품제조가공업,부산광역시,부산광역시 사하구
20220181153,4,4,4,얼라맘마,식품제조가공업,부산광역시,부산광역시 사하구
20220181274,5,5,5,(주)설국,식품제조가공업,부산광역시,부산광역시 사하구
20220181418,3,3,3,(주)세방무역,식품제조가공업,부산광역시,부산광역시 사하구
20220181474,1,1,1,해나라수산,식품제조가공업,부산광역시,부산광역시 사하구
20220181615,1,1,1,대양식품,식품제조가공업,부산광역시,부산광역시 사하구
20220181688,4,4,4,디제이씨푸드,식품제조가공업,부산광역시,부산광역시 사하구
20220181693,4,2,2,주식회사 마린에프앤비,식품제조가공업,부산광역시,부산광역시 서구
20220181783,2,2,2,솔솔비앤씨(sol sol B&C),식품제조가공업,부산광역시,부산광역시 사하구
20220185013,1,1,1,스튜디오 사르르,식품제조가공업,부산광역시,부산광역시 금정구
20220185132,2,2,2,꼬믈꼬믈 제빵소,식품제조가공업,부산광역시,부산광역시 금정구
20220185506,2,2,2,잘 나가는 푸드,식품제조가공업,부산광역시,부산광역시 금정구
20220185621,2,2,2,주식회사에스에이치컴퍼니,식품제조가공업,부산광역시,부산광역시 금정구
20220185705,2,1,1,주식회사 지앤비에프에스,식품제조가공업,부산광역시,부산광역시 금정구
20220185758,1,1,1,주식회사 태양떡집,식품제조가공업,부산광역시,부산광역시 금정구
20220188136,1,1,1,코리아F&C(제2공장),식품제조가공업,부산광역시,부산광역시 강서구
20220188263,1,1,1,만나디저트 스튜디오,식품제조가공업,부산광역시,부산광역시 강서구
20220188346,2,2,2,꾸움제과,식품제조가공업,부산광역시,부산광역시 강서구
20220188533,1,1,1,주식회사 연식품,식품제조가공업,부산광역시,부산광역시 강서구
20220188573,1,1,1,주식회사 은하수산,식품제조가공업,부산광역시,부산광역시 강서구
20220188694,1,1,1,스위트워러제과제빵(SWEET WORLD),식품제조가공업,부산광역시,부산광역시 강서구
20220188706,2,2,2,좋은날 주식회사 농업회사 법인,식품제조가공업,부산광역시,부산광역시 강서구
20220188708,1,1,1,(주)자연가득찬,식품제조가공업,부산광역시,부산광역시 강서구
20220188768,2,2,1,주식회사 썸푸드,식품제조가공업,부산광역시,부산광역시 강서구
20220188837,1,1,1,깡미카롱,식품제조가공업,부산광역시,부산광역시 강서구
20220190782,3,3,3,주식회사 한끼푸드,식품제조가공업,부산광역시,부산광역시 연제구
20220190784,1,1,1,보냇디,식품제조가공업,부산광역시,부산광역시 연제구
20220196193,1,1,1,레이지 데이(LAZY DAY),식품제조가공업,부산광역시,부산광역시 사상구
20220199219,2,2,2,풍경제면소,식품제조가공업,부산광역시,부산광역시 기장군
20220199373,1,1,1,(주)윌리엄자일리톨,식품제조가공업,부산광역시,부산광역시 기장군
20220199475,1,1,1,(주)동우씨푸드,식품제조가공업,부산광역시,부산광역시 기장군
20220199518,2,2,2,(주)명푸드 시스템,식품제조가공업,부산광역시,부산광역시 기장군
20220199755,6,6,6,주식회사 깐깐한여니씨,식품제조가공업,부산광역시,부산광역시 기장군
20220199858,5,5,5,(주)한설당,식품제조가공업,부산광역시,부산광역시 기장군
20220199959,2,2,2,에스지(SG)수산,식품제조가공업,부산광역시,부산광역시 기장군
20220204045,2,2,2,주식회사원더랜드인터내셔날,식품제조가공업,대구광역시,대구광역시 중구
20220207323,1,1,1,주식회사 노마드크라운,식품제조가공업,대구광역시,대구광역시 동구
20220207766,1,1,1,까롱한날,식품제조가공업,대구광역시,대구광역시 동구
20220211373,2,2,1,(주)다함푸드,식품제조가공업,대구광역시,대구광역시 서구
20220211383,1,1,1,주식회사 삼송비엔씨(BNC),식품제조가공업,대구광역시,대구광역시 서구
20220218367,1,1,1,라온컴퍼니(RAON COMPANY),식품제조가공업,대구광역시,대구광역시 북구
20220218711,2,2,2,(주)브라보비버대구,식품제조가공업,대구광역시,대구광역시 북구
20220225720,1,1,1,(주)씨엠케이푸드,식품제조가공업,대구광역시,대구광역시 수성구
20220233077,1,1,1,주식회사 에스에이치소스,식품제조가공업,대구광역시,대구광역시 달서구
20220233360,1,1,1,주식회사 언약컴퍼니,식품제조가공업,대구광역시,대구광역시 달서구
20220233432,1,1,1,주식회사 레비테이트,식품제조가공업,대구광역시,대구광역시 달서구
20220233480,5,5,4,농업회사법인(주)영풍,식품제조가공업,대구광역시,대구광역시 달서구
20220233769,2,1,1,스위티,식품제조가공업,대구광역시,대구광역시 달서구
20220234124,2,1,1,달콤제작실,식품제조가공업,대구광역시,대구광역시 달서구
20220234355,2,1,1,프레밋,식품제조가공업,대구광역시,대구광역시 동구
20220234599,20,10,10,주식회사 비에스바이오,식품제조가공업,대구광역시,대구광역시 달서구
20220234635,2,2,2,(주)떡구름,식품제조가공업,대구광역시,대구광역시 달서구
20220241032,4,4,4,주식회사 씨엔비,식품제조가공업,대구광역시,대구광역시 달성군
20220241069,1,1,1,주식회사 초록웰푸드,식품제조가공업,대구광역시,대구광역시 달성군
20220241167,1,1,1,윤푸드,식품제조가공업,대구광역시,대구광역시 달성군
20220241570,1,1,1,윤상철오란다,즉석판매제조가공업,대구광역시,대구광역시 달성군
20220246142,1,1,1,벧엘유통,식품제조가공업,인천광역시,인천광역시 제물포구
20220246165,2,2,2,어업회사법인제주수협유통(주)인천가공센터,식품제조가공업,인천광역시,인천광역시 제물포구
20220246352,2,2,2,축지에프에스 주식회사,식품제조가공업,인천광역시,인천광역시 제물포구
20220246463,8,4,4,(주)나눔동산,식품제조가공업,인천광역시,인천광역시 제물포구
20220246518,2,2,2,주식회사 에프엠푸드,식품제조가공업,인천광역시,인천광역시 제물포구
20220246566,1,1,1,(주)녹색에너지기술,식품제조가공업,인천광역시,인천광역시 제물포구
20220249153,4,4,4,(주)채다원,식품제조가공업,인천광역시,인천광역시 제물포구
20220257634,1,1,1,(주)다이닝에스엠 송도지점,식품제조가공업,인천광역시,인천광역시 연수구
20220260599,4,4,4,주식회사 엘로케안,식품제조가공업,인천광역시,인천광역시 남동구
20220260895,1,1,1,세인푸드서비스(주),식품제조가공업,인천광역시,인천광역시 남동구
20220261311,1,1,1,주식회사 마담티라미수,식품제조가공업,인천광역시,인천광역시 남동구
20220261312,12,6,5,주식회사 제이에스바이오,식품제조가공업,인천광역시,인천광역시 남동구
20220261695,1,1,1,오성푸드 주식회사 2공장,식품제조가공업,인천광역시,인천광역시 남동구
20220264475,4,2,2,허니딜라이트,식품제조가공업,인천광역시,인천광역시 부평구
20220264497,2,1,1,노랑바나나,식품제조가공업,인천광역시,인천광역시 부평구
20220265078,1,1,1,에그리나,식품제조가공업,인천광역시,인천광역시 부평구
20220265389,1,1,1,소소락디씨,식품제조가공업,인천광역시,인천광역시 부평구
20220268054,4,4,4,주식회사더꽃게,식품제조가공업,인천광역시,인천광역시 계양구
20220272243,3,3,2,주식회사 가람에프엔비,식품제조가공업,인천광역시,인천광역시 서해구
20220272266,1,1,1,(주)티엘푸드,식품제조가공업,인천광역시,인천광역시 서해구
20220272291,1,1,1,인텐스커피웍스(Intense coffee works),식품제조가공업,인천광역시,인천광역시 서해구
20220272454,2,2,2,화선F&B아빠가굽는생선,식품제조가공업,인천광역시,인천광역시 서해구
20220272455,1,1,1,(주)김종구참푸드,식품제조가공업,인천광역시,인천광역시 서해구
20220272560,1,1,1,(주)대표식품,식품제조가공업,인천광역시,인천광역시 검단구
20220272783,1,1,1,주식회사 광평푸드,식품제조가공업,인천광역시,인천광역시 검단구
20220272784,1,1,1,태인푸드시스템주식회사,식품제조가공업,인천광역시,인천광역시 검단구
20220272785,2,2,2,(주)대경푸드빌 검단점,식품제조가공업,인천광역시,인천광역시 검단구
20220272804,2,2,2,모나코푸드,식품제조가공업,인천광역시,인천광역시 서해구
20220273342,2,2,2,(주)한울씨푸드,식품제조가공업,인천광역시,인천광역시 서해구
20220273343,2,2,2,(주)다온F&C,식품제조가공업,인천광역시,인천광역시 서해구
20220273344,2,2,2,우진F&C,식품제조가공업,인천광역시,인천광역시 서해구
20220273413,1,1,1,주식회사 폴리나,식품제조가공업,인천광역시,인천광역시 서해구
20220273428,2,2,2,(주)아이디바이오랩,식품제조가공업,인천광역시,인천광역시 검단구
20220273857,8,8,8,(주)네이처코퍼레이션,식품제조가공업,인천광역시,인천광역시 서해구
20220274380,2,2,2,(주)호경에프씨,식품제조가공업,인천광역시,인천광역시 서해구
20220274493,2,2,2,(주)미선식품,식품제조가공업,인천광역시,인천광역시 검단구
20220274545,1,1,1,통큰푸드,식품제조가공업,인천광역시,인천광역시 검단구
20220274605,2,2,2,타코야끼팩토리,식품제조가공업,인천광역시,인천광역시 검단구
20220274644,2,2,2,(주)육십오도씨,식품제조가공업,인천광역시,인천광역시 서해구
20220276141,2,2,2,(주)알싸한,식품제조가공업,인천광역시,인천광역시 강화군
20220276173,1,1,1,강화녹원식품,식품제조가공업,인천광역시,인천광역시 강화군
20220285246,1,1,1,삼일민속제과(주),식품제조가공업,전남광주통합특별시,전남광주통합특별시 서구
20220289384,1,1,1,응쿡,식품제조가공업,전남광주통합특별시,전남광주통합특별시 남구
20220292602,3,3,3,유한회사 에스에프씨,식품제조가공업,전남광주통합특별시,전남광주통합특별시 북구
20220292975,1,1,1,유한회사 피피비아이앤씨,식품제조가공업,전남광주통합특별시,전남광주통합특별시 북구
20220293243,1,1,1,(주)엄마마음,식품제조가공업,전남광주통합특별시,전남광주통합특별시 북구
20220299118,2,2,2,코끼리푸드,식품제조가공업,전남광주통합특별시,전남광주통합특별시 광산구
20220299711,2,2,2,주식회사공드린에프엔비,식품제조가공업,전남광주통합특별시,전남광주통합특별시 광산구
20220299712,4,4,4,공드린방앗간,식품제조가공업,전남광주통합특별시,전남광주통합특별시 광산구
20220299815,1,1,1,와니제과,식품제조가공업,전남광주통합특별시,전남광주통합특별시 광산구
20220299954,2,2,1,팜에이트,식품제조가공업,전남광주통합특별시,전남광주통합특별시 광산구
20220305391,4,2,2,디저트 땡큐,식품제조가공업,대전광역시,대전광역시 동구
20220305486,2,2,1,딘딘푸드,식품제조가공업,대전광역시,대전광역시 동구
20220308765,2,2,2,(주)인터뷰베이커리,식품제조가공업,대전광역시,대전광역시 중구
20220312230,1,1,1,과자나무,식품제조가공업,대전광역시,대전광역시 서구
20220313869,1,1,1,다정식품,식품제조가공업,대전광역시,대전광역시 서구
20220317882,5,5,5,주식회사 베리네이처,식품제조가공업,대전광역시,대전광역시 유성구
20220317883,6,3,3,(주)바맘,식품제조가공업,대전광역시,대전광역시 유성구
20220321119,2,2,2,쿠키랜드,식품제조가공업,대전광역시,대전광역시 대덕구
20220330463,2,2,2,비에마르(VIEMAR),식품제조가공업,울산광역시,울산광역시 남구
20220338525,2,2,2,라메르판지 비앤알,식품제조가공업,울산광역시,울산광역시 북구
20220338744,1,1,1,주식회사홍도식품,식품제조가공업,울산광역시,울산광역시 북구
20220341173,1,1,1,(주)우리식품,식품제조가공업,울산광역시,울산광역시 울주군
20220341204,1,1,1,(주)늘조은푸드,식품제조가공업,울산광역시,울산광역시 울주군
20220341377,1,1,1,농업회사법인 에스지바이오식품(주),식품제조가공업,울산광역시,울산광역시 울주군
20220344194,6,6,6,주식회사 유진푸드시스템,식품제조가공업,세종특별자치시,세종특별자치시
20220344258,1,1,1,주식회사 하나푸드,식품제조가공업,세종특별자치시,세종특별자치시
20220352193,1,1,1,한양떡집,식품제조가공업,경기도,경기도 수원시
20220353046,1,1,1,대구 똘똘이무침회,식품제조가공업,경기도,경기도 수원시
20220353856,4,2,2,각시밥상,식품제조가공업,경기도,경기도 수원시
20220354039,1,1,1,오트그라밀(OATGRAMEAL),식품제조가공업,경기도,경기도 수원시
20220369028,1,1,1,비알코리아(주)던킨 사송 허브키친,식품제조가공업,경기도,경기도 성남시
20220369056,2,2,2,할렐루야보호작업장,식품제조가공업,경기도,경기도 성남시
20220369090,1,1,1,(주)웰하임,식품제조가공업,경기도,경기도 성남시
20220369133,1,1,1,(주)파낙스코리아 성남공장,식품제조가공업,경기도,경기도 성남시
20220369139,4,4,4,(주)푸드도슨트,식품제조가공업,경기도,경기도 성남시
20220369142,3,3,2,프랑제리 성남공장,식품제조가공업,경기도,경기도 성남시
20220369162,3,3,3,슈필플라츠(SPIELPLATZ),식품제조가공업,경기도,경기도 성남시
20220369174,1,1,1,주식회사 핑거,식품제조가공업,경기도,경기도 성남시
20220369276,1,1,1,아미NS,식품소분업,경기도,경기도 성남시
20220369311,1,1,1,아우어팩토리 성남,식품제조가공업,경기도,경기도 성남시
20220369333,2,2,2,(주)타마루제면소,식품제조가공업,경기도,경기도 성남시
20220383003,4,4,2,(주)오복에프앤비,식품제조가공업,경기도,경기도 의정부시
20220384623,2,2,2,주식회사 림온심,식품제조가공업,경기도,경기도 의정부시
20220387145,2,2,2,사피엔스창고,식품제조가공업,경기도,경기도 안양시
20220387380,1,1,1,(주)부처스그릴,식품제조가공업,경기도,경기도 안양시
20220387397,1,1,1,라플란드 안양공장,식품제조가공업,경기도,경기도 안양시
20220387537,1,1,1,좋은날,식품첨가물제조업,경기도,경기도 안양시
20220387538,2,2,2,좋은날,식품제조가공업,경기도,경기도 안양시
20220396175,3,3,3,(주)푸드케어 2공장,식품제조가공업,경기도,경기도 부천시
20220396224,1,1,1,(주)조은수산 3공장,식품제조가공업,경기도,경기도 부천시
20220396465,2,2,2,(에이치에스 디저트)HS Dessert,식품제조가공업,경기도,경기도 부천시
20220396721,2,2,2,주식회사 푸른공식,식품제조가공업,경기도,경기도 부천시
20220396843,10,5,5,텐키친,식품제조가공업,경기도,경기도 부천시
20220397234,7,7,7,㈜슈퍼메이커즈 제2센트럴키친,식품제조가공업,경기도,경기도 부천시
20220397512,1,1,1,주식회사 마마스푸드,식품제조가공업,경기도,경기도 부천시
20220397536,1,1,1,선한팩토리 주식회사,식품제조가공업,경기도,경기도 부천시
20220397540,1,1,1,고리울제면소,식품제조가공업,경기도,경기도 부천시
20220398696,1,1,1,바다수산(어물전 꼴두기),식품소분업,경기도,경기도 부천시
20220399051,1,1,1,서울페이스트리 주식회사,식품제조가공업,경기도,경기도 부천시
20220417864,3,3,3,주식회사에프엠씨,식품제조가공업,경기도,경기도 광명시
20220417888,1,1,1,주식회사선화,식품제조가공업,경기도,경기도 광명시
20220420866,14,7,7,라이스컴퍼니,식품제조가공업,경기도,경기도 평택시
20220421104,1,1,1,차스텔라,식품제조가공업,경기도,경기도 평택시
20220423251,4,4,4,(주)한성헬시온,식품제조가공업,경기도,경기도 평택시
20220423294,1,1,1,밀도베이커스,식품제조가공업,경기도,경기도 평택시
20220423311,1,1,1,더수청이야기,식품제조가공업,경기도,경기도 평택시
20220423440,1,1,1,다산푸드,식품제조가공업,경기도,경기도 평택시
20220423629,1,1,1,상상F&B,식품제조가공업,경기도,경기도 평택시
20220425074,2,2,2,(주)지중해어업회사법인,식품제조가공업,경기도,경기도 평택시
20220425154,1,1,1,꽃담식품,식품제조가공업,경기도,경기도 평택시
20220425255,3,3,3,선명푸드,식품제조가공업,경기도,경기도 평택시
20220425269,2,2,2,잎슬푸드,식품제조가공업,경기도,경기도 평택시
20220425435,1,1,1,푸름3공장,식품제조가공업,경기도,경기도 평택시
20220427022,2,2,2,농업회사법인 아람농가주식회사 F2,식품제조가공업,경기도,경기도 동두천시
20220429027,1,1,1,대보푸드 주식회사,식품제조가공업,경기도,경기도 안산시
20220429065,2,2,2,해담,식품제조가공업,경기도,경기도 안산시
20220429158,4,4,4,(주)제이제이푸드랩,식품제조가공업,경기도,경기도 안산시
20220429197,1,1,1,동산떡방앗간,식품제조가공업,경기도,경기도 안산시
20220429214,2,2,2,(주)소꽃노리,식품제조가공업,경기도,경기도 안산시
20220429224,1,1,1,땡큐케터링,식품제조가공업,경기도,경기도 안산시
20220429542,1,1,1,(주)제이오에프엔비,식품제조가공업,경기도,경기도 안산시
20220429742,1,1,1,퓨어스토리,식품제조가공업,경기도,경기도 안산시
20220441500,2,2,2,(주)우진생활건강,식품제조가공업,경기도,경기도 고양시
20220441530,5,5,5,농업회사법인 엔엘글로벌(주),식품제조가공업,경기도,경기도 고양시
20220441701,3,3,3,주식회사 제이씨씨푸드코리아,식품제조가공업,경기도,경기도 고양시
20220441995,4,4,4,프롬마미 주식회사,식품제조가공업,경기도,경기도 고양시
20220442216,4,4,4,푸드엠제이(FoodMJ),식품제조가공업,경기도,경기도 고양시
20220442228,2,2,2,농업회사법인 주식회사 해봄,식품제조가공업,경기도,경기도 고양시
20220442342,1,1,1,(주)오색만찬 푸드랩,식품제조가공업,경기도,경기도 고양시
20220442353,1,1,1,주식회사 우드앤브릭(제2공장),식품제조가공업,경기도,경기도 고양시
20220442403,1,1,1,먹태의 달인,즉석판매제조가공업,경기도,경기도 고양시
20220442847,1,1,1,(주)코미고,식품제조가공업,경기도,경기도 고양시
20220442999,1,1,1,아우어팩토리,식품제조가공업,경기도,경기도 고양시
20220443177,1,1,1,(주)델디아,식품제조가공업,경기도,경기도 고양시
20220443279,2,2,2,(주)연리희재,식품제조가공업,경기도,경기도 고양시
20220443306,2,2,2,브레몬,식품제조가공업,경기도,경기도 고양시
20220443355,1,1,1,(주)엘케이에프엔비,식품제조가공업,경기도,경기도 고양시
20220443463,1,1,1,에보스할랄EVOSHALAL,식품제조가공업,경기도,경기도 고양시
20220443583,1,1,1,풍년또바기떡,식품제조가공업,경기도,경기도 고양시
20220443798,2,1,1,더푸른 식품,식품제조가공업,경기도,경기도 고양시
20220446323,1,1,1,푸드엠제이(FoodMJ),식품소분업,경기도,경기도 고양시
20220457295,1,1,1,다이나믹 플레이버,식품제조가공업,경기도,경기도 구리시
20220457400,1,1,1,원앤모어,식품제조가공업,경기도,경기도 구리시
20220457644,1,1,1,민티,식품제조가공업,경기도,경기도 구리시
20220460097,1,1,1,주식회사 스튜부대,식품제조가공업,경기도,경기도 남양주시
20220460436,3,3,3,농업회사법인 하늘농가(주) F2,식품제조가공업,경기도,경기도 남양주시
20220460471,2,2,2,베이커스코드,식품제조가공업,경기도,경기도 남양주시
20220460602,1,1,1,원바이오 주식회사,식품제조가공업,경기도,경기도 남양주시
20220460726,1,1,1,정우푸드,식품소분업,경기도,경기도 남양주시
20220460801,1,1,1,(주)프레딧팩토리,식품제조가공업,경기도,경기도 남양주시
20220460849,1,1,1,세경에프에스,식품제조가공업,경기도,경기도 남양주시
20220461246,2,2,2,주식회사 부족한녀석들 1공장,식품제조가공업,경기도,경기도 남양주시
20220461259,3,3,3,주식회사 신비향,식품제조가공업,경기도,경기도 남양주시
20220461651,1,1,1,주식회사 그린농산,식품제조가공업,경기도,경기도 남양주시
20220462875,4,4,4,주식회사 나울푸드,식품제조가공업,경기도,경기도 남양주시
20220462967,1,1,1,청운,식품제조가공업,경기도,경기도 남양주시
20220463092,1,1,1,미림제과(주식회사),식품제조가공업,경기도,경기도 남양주시
20220463117,1,1,1,주식회사 브이아이피푸드,식품제조가공업,경기도,경기도 남양주시
20220465768,2,2,2,농업회사법인 최경분김치(주),식품제조가공업,경기도,경기도 오산시
20220468066,1,1,1,주식회사형돈유통,식품제조가공업,경기도,경기도 시흥시
20220468192,3,3,3,주식회사희다,식품제조가공업,경기도,경기도 시흥시
20220469429,1,1,1,아마츄어작업실,식품제조가공업,경기도,경기도 시흥시
20220469498,2,2,2,소담,식품제조가공업,경기도,경기도 시흥시
20220469915,1,1,1,앙코밸리(ANKOVALLEY),식품제조가공업,경기도,경기도 시흥시
20220470594,1,1,1,(주)영양사가차려주는밥상,식품제조가공업,경기도,경기도 시흥시
20220473228,1,1,1,케익공방 수,식품제조가공업,경기도,경기도 군포시
20220473548,2,2,2,(주)비엔푸드,식품제조가공업,경기도,경기도 군포시
20220473844,2,2,1,(주)에브리띵베이글,식품제조가공업,경기도,경기도 군포시
20220476405,2,2,2,남해제과 브레드멜 제1공장,식품제조가공업,경기도,경기도 의왕시
20220478173,3,3,3,(주)네오푸드,식품제조가공업,경기도,경기도 하남시
20220478409,2,2,2,(주)더원에스에프,식품제조가공업,경기도,경기도 하남시
20220478461,4,2,2,(주)씨앤더블유코리아,식품제조가공업,경기도,경기도 이천시
20220478739,1,1,1,(주)오로시지엔디,식품제조가공업,경기도,경기도 하남시
20220478911,1,1,1,바다와형제들(주),식품제조가공업,경기도,경기도 하남시
20220478971,2,2,2,도우윅스,식품제조가공업,경기도,경기도 하남시
20220478996,1,1,1,푸드맘,식품제조가공업,경기도,경기도 하남시
20220479169,1,1,1,주식회사 투웰브,식품제조가공업,경기도,경기도 하남시
20220479210,2,2,2,아리카롱,식품제조가공업,경기도,경기도 하남시
20220479392,1,1,1,더 먹다,식품소분업,경기도,경기도 하남시
20220479477,2,2,2,주식회사 너랑,식품제조가공업,경기도,경기도 하남시
20220479683,4,2,2,농업회사법인 한국농업물류(주),식품제조가공업,경기도,경기도 이천시
20220479703,2,2,2,주식회사 슬로운,식품제조가공업,경기도,경기도 하남시
20220479822,3,3,3,한마음김치,식품제조가공업,경기도,경기도 하남시
20220481011,2,2,2,(주)햅스토어,식품제조가공업,경기도,경기도 용인시
20220481016,2,2,2,다솜푸드,식품제조가공업,경기도,경기도 용인시
20220481025,1,1,1,농업회사법인주식회사패밀리팜,식품제조가공업,경기도,경기도 용인시
20220481054,2,2,2,케이아이푸드,식품제조가공업,경기도,경기도 용인시
20220481058,1,1,1,(주)수풍정,식품제조가공업,경기도,경기도 용인시
20220481079,10,10,10,미네스,식품제조가공업,경기도,경기도 용인시
20220481090,1,1,1,일품에스피(주),식품제조가공업,경기도,경기도 용인시
20220481093,1,1,1,(주)해준식품,식품제조가공업,경기도,경기도 용인시
20220481125,2,2,2,새암농장,식품제조가공업,경기도,경기도 용인시
20220481139,5,5,5,(주)푸드코어,식품제조가공업,경기도,경기도 용인시
20220481151,2,2,2,(주)원앤원푸드팩토리 동백지점,식품제조가공업,경기도,경기도 용인시
20220481152,1,1,1,(주)엠아이커피,식품제조가공업,경기도,경기도 용인시
20220481161,1,1,1,주식회사 가람농업법인,식품제조가공업,경기도,경기도 용인시
20220481165,1,1,1,정푸드,식품제조가공업,경기도,경기도 용인시
20220481188,1,1,1,(주)유니온산업,식품제조가공업,경기도,경기도 용인시
20220481194,3,2,2,(주)바로군 2공장,식품제조가공업,경기도,경기도 용인시
20220481216,1,1,1,주식회사제이베이커리,식품제조가공업,경기도,경기도 용인시
20220493020,1,1,1,피지원푸드,식품제조가공업,경기도,경기도 파주시
20220493059,1,1,1,에이피지피이 주식회사,식품제조가공업,경기도,경기도 파주시
20220493072,1,1,1,(주)도반바이오케어,식품제조가공업,경기도,경기도 파주시
20220493100,3,3,2,(주)디에이치식품,식품제조가공업,경기도,경기도 파주시
20220493148,1,1,1,(주)포비아워스 로스터리,식품제조가공업,경기도,경기도 파주시
20220493239,2,2,2,바로푸디,식품제조가공업,경기도,경기도 파주시
20220493296,2,2,2,은영식품,식품제조가공업,경기도,경기도 파주시
20220493337,3,3,3,카페꼼마,식품제조가공업,경기도,경기도 파주시
20220493563,2,2,2,(주)푸드인모닝스타,식품제조가공업,경기도,경기도 파주시
20220493736,1,1,1,(주)프레시아,식품첨가물제조업,경기도,경기도 파주시
20220493798,1,1,1,주식회사 건강담은,식품제조가공업,경기도,경기도 파주시
20220493832,4,2,2,땡감,식품제조가공업,경기도,경기도 파주시
20220493843,1,1,1,애자식품,식품제조가공업,경기도,경기도 파주시
20220493853,6,6,6,(주)웰크리,식품제조가공업,경기도,경기도 파주시
20220493901,1,1,1,주식회사잼있는공장,식품제조가공업,경기도,경기도 파주시
20220493920,1,1,1,농업회사법인 헤이리 주식회사,식품제조가공업,경기도,경기도 파주시
20220494053,2,2,2,주)오하푸드,식품제조가공업,경기도,경기도 파주시
20220494429,2,2,2,장인푸드,식품제조가공업,경기도,경기도 파주시
20220494525,1,1,1,화정수푸드,식품제조가공업,경기도,경기도 파주시
20220494757,1,1,1,농업회사법인(주) 수지스링크,식품제조가공업,경기도,경기도 파주시
20220494791,4,2,2,다미아일품(주),식품제조가공업,경기도,경기도 파주시
20220494803,2,2,2,(주)에이원에프앤비,식품제조가공업,경기도,경기도 파주시
20220494856,1,1,1,아티장베이커스컴퍼니,식품제조가공업,경기도,경기도 파주시
20220495001,19,19,19,(주)한미양행 선유공장,식품제조가공업,경기도,경기도 파주시
20220495048,1,1,1,(주)행복은행나무,식품제조가공업,경기도,경기도 파주시
20220495373,6,6,3,(주)드림찬,식품제조가공업,경기도,경기도 파주시
20220495387,2,2,2,(주)홍고집,식품제조가공업,경기도,경기도 파주시
20220495436,1,1,1,(주)와이엠커피컴퍼니,식품제조가공업,경기도,경기도 파주시
20220495609,1,1,1,(주)성수산,식품제조가공업,경기도,경기도 파주시
20220497010,2,2,2,주식회사 렉스바이오,식품제조가공업,경기도,경기도 이천시
20220497039,1,1,1,정현식품,식품제조가공업,경기도,경기도 이천시
20220497053,10,10,10,(주)에프디팜,식품제조가공업,경기도,경기도 이천시
20220497070,1,1,1,(주)델리팜 이천공장,식품제조가공업,경기도,경기도 이천시
20220497097,4,4,4,해강물산(주),식품제조가공업,경기도,경기도 이천시
20220497104,4,4,4,(주)영진베이커리,식품제조가공업,경기도,경기도 이천시
20220497400,2,2,2,농업회사법인참살이주식회사,식품제조가공업,경기도,경기도 이천시
20220497638,1,1,1,농업회사법인 주식회사 그린트리플러스,식품제조가공업,경기도,경기도 이천시
20220497669,1,1,1,주식회사 대성에프앤,식품제조가공업,경기도,경기도 이천시
20220500085,1,1,1,농업회사법인 해솔팜(주),식품제조가공업,경기도,경기도 안성시
20220500171,1,1,1,농업회사법인(주)주성,식품제조가공업,경기도,경기도 안성시
20220500234,1,1,1,(주)케이씨푸드,식품제조가공업,경기도,경기도 안성시
20220500420,2,2,2,(주)가람푸드,식품제조가공업,경기도,경기도 안성시
20220500443,1,1,1,다한식품,식품제조가공업,경기도,경기도 안성시
20220500664,1,1,1,호두엔앙,식품제조가공업,경기도,경기도 안성시
20220500819,1,1,1,경기제과,식품제조가공업,경기도,경기도 안성시
20220500882,2,2,2,농업회사법인 그래이너리,식품제조가공업,경기도,경기도 안성시
20220503009,1,1,1,(주)지영,식품제조가공업,경기도,경기도 김포시
20220503185,1,1,1,주식회사 다올,식품제조가공업,경기도,경기도 김포시
20220503241,2,2,2,(주) 설향,식품제조가공업,경기도,경기도 김포시
20220503354,1,1,1,큐푸드,식품소분업,경기도,경기도 김포시
20220503991,2,2,2,(주)달롤컴퍼니,식품제조가공업,경기도,경기도 김포시
20220504019,1,1,1,주식회사 아침엔글로벌,식품제조가공업,경기도,경기도 김포시
20220504030,1,1,1,모노팜코리아(1공장),식품제조가공업,경기도,경기도 김포시
20220504445,1,1,1,농업회사법인세명 주식회사,식품제조가공업,경기도,경기도 김포시
20220504469,1,1,1,(주)오행에프엔비,식품제조가공업,경기도,경기도 김포시
20220504610,2,2,2,하오푸드,식품제조가공업,경기도,경기도 김포시
20220504634,1,1,1,예다원에프엔비,식품제조가공업,경기도,경기도 김포시
20220504759,1,1,1,거성유통,식품제조가공업,경기도,경기도 김포시
20220505149,2,2,2,오늘디저트,식품제조가공업,경기도,경기도 김포시
20220505466,1,1,1,명가떡집,식품제조가공업,경기도,경기도 김포시
20220508236,1,1,1,주식회사일양푸드,식품소분업,경기도,경기도 화성시
20220508298,2,2,2,주식회사일양푸드,식품제조가공업,경기도,경기도 화성시
20220508651,2,2,2,나은푸드,식품제조가공업,경기도,경기도 화성시
20220508652,1,1,1,사랑국수,식품제조가공업,경기도,경기도 화성시
20220508716,1,1,1,후레쉬하루 주식회사,식품제조가공업,경기도,경기도 화성시
20220509729,2,1,1,(주)한성에프엔티,식품제조가공업,충청북도,충청북도 충주시
20220510231,1,1,1,(주)동탄제면소,식품제조가공업,경기도,경기도 화성시
20220510336,1,1,1,동서웰빙푸드,식품제조가공업,경기도,경기도 화성시
20220510393,2,2,2,(주)글로벌피앤피,식품제조가공업,경기도,경기도 화성시
20220510611,2,2,2,주식회사 우성물산,식품제조가공업,경기도,경기도 화성시
20220510689,2,2,2,(주)그린비엔에프,식품제조가공업,경기도,경기도 화성시
20220510704,1,1,1,주식회사 고브로,식품제조가공업,경기도,경기도 화성시
20220511225,1,1,1,(주)이음바이오,식품소분업,경기도,경기도 화성시
20220511243,5,5,5,주식회사 웰스프링,식품제조가공업,경기도,경기도 화성시
20220511320,2,2,2,(주)이음바이오,식품제조가공업,경기도,경기도 화성시
20220511727,2,2,2,주식회사 리하베스트 화성공장,식품제조가공업,경기도,경기도 화성시
20220511828,1,1,1,바름 바이오랩,식품제조가공업,경기도,경기도 화성시
20220512139,4,4,4,(주)에이치에스식품,식품제조가공업,경기도,경기도 화성시
20220512553,3,3,3,(주)인크레더블,식품제조가공업,경기도,경기도 화성시
20220514027,2,2,2,하늘담,식품제조가공업,경기도,경기도 광주시
20220514046,1,1,1,주식회사 정푸드,식품제조가공업,경기도,경기도 광주시
20220514061,2,2,2,푸른누리,식품제조가공업,경기도,경기도 광주시
20220514163,6,6,6,블루바이오,식품제조가공업,경기도,경기도 광주시
20220514311,2,2,2,(주)바로에프앤비,식품제조가공업,경기도,경기도 광주시
20220514312,1,1,1,주식회사 힐링,식품소분업,경기도,경기도 광주시
20220514441,2,2,2,주식회사 디저트리,식품제조가공업,경기도,경기도 광주시
20220514462,2,2,2,(주)먹깨비푸드,식품제조가공업,경기도,경기도 광주시
20220514509,12,12,12,주식회사 예본바이오,식품제조가공업,경기도,경기도 광주시
20220514663,1,1,1,태극당 광주공장,식품제조가공업,경기도,경기도 광주시
20220514746,1,1,1,주식회사 웜클라우드,식품제조가공업,경기도,경기도 광주시
20220514989,1,1,1,빵을 그리다,식품제조가공업,경기도,경기도 광주시
20220514990,1,1,1,(주)유엘엘,식품제조가공업,경기도,경기도 광주시
20220515098,4,4,4,(주)청안푸드,식품제조가공업,경기도,경기도 광주시
20220515099,1,1,1,주식회사 파아프,식품제조가공업,경기도,경기도 광주시
20220515101,2,2,2,(주)벽제 곤지암제1지점,식품제조가공업,경기도,경기도 광주시
20220515104,1,1,1,초월 푸르미,식품제조가공업,경기도,경기도 광주시
20220515156,1,1,1,두리푸드,식품제조가공업,경기도,경기도 광주시
20220515163,1,1,1,(주)헬로우 네이쳐 코리아,식품제조가공업,경기도,경기도 광주시
20220515212,1,1,1,주식회사 티엠씨코퍼레이션,식품제조가공업,경기도,경기도 광주시
20220515356,2,2,2,청보푸드(주),식품제조가공업,경기도,경기도 광주시
20220515451,1,1,1,(주)한마루에프앤지,식품제조가공업,경기도,경기도 광주시
20220515516,2,2,2,이성 주식회사,식품제조가공업,경기도,경기도 광주시
20220517091,4,4,4,(주)에이티푸드,식품제조가공업,경기도,경기도 양주시
20220517135,1,1,1,벼리제이앤씨,식품제조가공업,경기도,경기도 양주시
20220517149,6,6,5,주식회사 잼홀릭,식품제조가공업,경기도,경기도 양주시
20220517695,1,1,1,데어리 프로포즈,식품제조가공업,경기도,경기도 양주시
20220518208,1,1,1,마리데이,식품제조가공업,경기도,경기도 양주시
20220520003,3,3,3,유에스바이오텍,식품제조가공업,경기도,경기도 포천시
20220520154,1,1,1,(주)소스스토어,식품제조가공업,경기도,경기도 포천시
20220520237,11,11,11,주식회사 신영허브,식품제조가공업,경기도,경기도 포천시
20220520240,4,4,4,주식회사 개성홍삼,식품제조가공업,경기도,경기도 포천시
20220520255,6,6,6,아인팜,식품제조가공업,경기도,경기도 포천시
20220520285,2,2,2,(주)한끼식품,식품제조가공업,경기도,경기도 포천시
20220520404,9,9,9,(주)신비바이오,식품제조가공업,경기도,경기도 포천시
20220520428,2,2,2,신비인터내셔널,식품제조가공업,경기도,경기도 포천시
20220520453,1,1,1,에스디푸드,식품제조가공업,경기도,경기도 포천시
20220520683,1,1,1,와이앤에프,식품제조가공업,경기도,경기도 포천시
20220520688,1,1,1,한일식품,식품제조가공업,경기도,경기도 포천시
20220520725,1,1,1,달코미푸드,식품제조가공업,경기도,경기도 포천시
20220523011,3,3,3,두배,식품제조가공업,경기도,경기도 여주시
20220523027,2,2,2,농업회사법인 샤르락주식회사,식품제조가공업,경기도,경기도 여주시
20220523298,6,6,6,주식회사 글로브,식품제조가공업,경기도,경기도 여주시
20220523374,1,1,1,농업회사법인(주)엠피엠,식품제조가공업,경기도,경기도 여주시
20220529081,1,1,1,농업회사법인(주)네니아,식품제조가공업,경기도,경기도 양평군
20220529216,3,3,3,(주)대하,식품제조가공업,경기도,경기도 양평군
20220529222,1,1,1,농업회사법인 주식회사 양평의봄,식품제조가공업,경기도,경기도 양평군
20220533039,1,1,1,떡사랑떡방,식품제조가공업,강원특별자치도,강원특별자치도 춘천시
20220533127,1,1,1,농업회사법인 밭 주식회사,식품제조가공업,강원특별자치도,강원특별자치도 춘천시
20220533295,1,1,1,싱그런협동조합,식품제조가공업,강원특별자치도,강원특별자치도 춘천시
20220533537,2,2,2,록야 주식회사,식품제조가공업,강원특별자치도,강원특별자치도 춘천시
20220533722,1,1,1,반하지영농조합법인,식품제조가공업,강원특별자치도,강원특별자치도 춘천시
20220533848,2,2,2,주식회사 농업회사법인 팜에프,식품제조가공업,강원특별자치도,강원특별자치도 춘천시
20220534060,3,3,3,주식회사 싱싱홀딩스,식품제조가공업,강원특별자치도,강원특별자치도 춘천시
20220537030,1,1,1,태연바이오헬스,식품제조가공업,강원특별자치도,강원특별자치도 원주시
20220537208,2,2,2,둥이요리,식품제조가공업,강원특별자치도,강원특별자치도 원주시
20220538225,1,1,1,신지원쌀빵연구소,식품제조가공업,강원특별자치도,강원특별자치도 원주시
20220538344,12,12,11,주식회사 에버스,식품제조가공업,강원특별자치도,강원특별자치도 원주시
20220541073,3,3,3,(주)주문진브랜드씨푸드,식품제조가공업,강원특별자치도,강원특별자치도 강릉시
20220541209,1,1,1,바롬한과,식품제조가공업,강원특별자치도,강원특별자치도 강릉시
20220541396,1,1,1,강릉민속떡방앗간,식품제조가공업,강원특별자치도,강원특별자치도 강릉시
20220541539,1,1,1,해오름식품,식품제조가공업,강원특별자치도,강원특별자치도 강릉시
20220541636,2,2,2,주식회사강릉두부,식품제조가공업,강원특별자치도,강원특별자치도 강릉시
20220541640,1,1,1,강릉고원한과,식품제조가공업,강원특별자치도,강원특별자치도 강릉시
20220541853,1,1,1,(주)더루트컴퍼니,식품제조가공업,강원특별자치도,강원특별자치도 강릉시
20220541961,1,1,1,솔향한과,식품제조가공업,강원특별자치도,강원특별자치도 강릉시
20220542005,1,1,1,지강에프앤비,식품제조가공업,강원특별자치도,강원특별자치도 강릉시
20220545102,1,1,1,주식회사 신진식품,식품제조가공업,강원특별자치도,강원특별자치도 동해시
20220545269,1,1,1,찜하다 주식회사,식품제조가공업,강원특별자치도,강원특별자치도 동해시
20220545391,1,1,1,동해다식품,식품제조가공업,강원특별자치도,강원특별자치도 동해시
20220545440,1,1,1,주식회사 화남코퍼레이션,식품제조가공업,강원특별자치도,강원특별자치도 동해시
20220548135,2,2,2,(주)태백산김치,식품제조가공업,강원특별자치도,강원특별자치도 태백시
20220548165,1,1,1,사나래식품 농업회사법인 주식회사 2공장,식품제조가공업,강원특별자치도,강원특별자치도 태백시
20220550344,7,7,7,새롬바이오,식품제조가공업,강원특별자치도,강원특별자치도 속초시
20220556149,1,1,1,(주)에프비신영,식품소분업,강원특별자치도,강원특별자치도 횡성군
20220556174,2,2,2,세븐브로이맥주 주식회사,식품제조가공업,강원특별자치도,강원특별자치도 횡성군
20220558072,2,2,1,주식회사 맨땅,식품제조가공업,강원특별자치도,강원특별자치도 영월군
20220558112,1,1,1,영월절임배추영농조합법인,식품제조가공업,강원특별자치도,강원특별자치도 영월군
20220558113,1,1,1,주식회사 맨땅(MD),식품소분업,강원특별자치도,강원특별자치도 영월군
20220560163,1,1,1,안미농원,식품제조가공업,강원특별자치도,강원특별자치도 평창군
20220562065,3,3,3,농업회사법인 주식회사 명가,식품제조가공업,강원특별자치도,강원특별자치도 정선군
20220562111,1,1,1,농업회사법인 (주)우리감자,식품제조가공업,강원특별자치도,강원특별자치도 정선군
20220562115,2,2,2,사북해봄마을 마을관리 사회적협동조합,식품제조가공업,강원특별자치도,강원특별자치도 정선군
20220562146,5,5,4,농업회사법인 주식회사 아리파머스,식품제조가공업,강원특별자치도,강원특별자치도 정선군
20220568023,4,4,4,농업회사법인주식회사양구친환경제2공장,식품제조가공업,강원특별자치도,강원특별자치도 양구군
20220568097,2,2,2,농업회사법인(주)디엠지펀치볼(후리지점),식품제조가공업,강원특별자치도,강원특별자치도 양구군
20220570018,1,1,1,오스카바이오(주) 농업회사법인,식품제조가공업,강원특별자치도,강원특별자치도 인제군
20220570064,3,3,3,농업회사법인 천지(주) 인제지점,식품제조가공업,강원특별자치도,강원특별자치도 인제군
20220570084,1,1,1,주식회사 대양,식품제조가공업,강원특별자치도,강원특별자치도 인제군
20220572050,2,2,2,농업회사법인 (주)설악앤푸드,식품제조가공업,강원특별자치도,강원특별자치도 고성군
20220574122,1,1,1,(주)웰웰,식품제조가공업,강원특별자치도,강원특별자치도 양양군
20220574125,2,2,2,해풍추이,식품제조가공업,강원특별자치도,강원특별자치도 양양군
20220578007,1,1,1,주식회사 이장네사람들,식품제조가공업,충청북도,충청북도 청주시
20220578009,1,1,1,주식회사 육미건조,식품제조가공업,충청북도,충청북도 청주시
20220578026,1,1,1,스톨존바이오(주),식품제조가공업,충청북도,충청북도 청주시
20220578044,1,1,1,주식회사 케이제이브릿지,식품제조가공업,충청북도,충청북도 청주시
20220578049,1,1,1,무지개떡방앗간,식품제조가공업,충청북도,충청북도 청주시
20220578050,1,1,1,하율랑,식품제조가공업,충청북도,충청북도 청주시
20220578056,1,1,1,주식회사 서울제약,식품제조가공업,충청북도,충청북도 청주시
20220578057,1,1,1,미림푸드,식품제조가공업,충청북도,충청북도 청주시
20220578061,2,2,2,바른제면,식품제조가공업,충청북도,충청북도 청주시
20220578066,2,2,2,평화국수.식품,식품제조가공업,충청북도,충청북도 청주시
20220578075,2,2,2,농업회사법인주식회사 이에스팜,식품제조가공업,충청북도,충청북도 청주시
20220578078,2,2,2,충북재활원 보호작업장,식품제조가공업,충청북도,충청북도 청주시
20220578083,1,1,1,주식회사 올다인,식품제조가공업,충청북도,충청북도 청주시
20220578084,2,1,1,우진푸드,식품제조가공업,충청북도,충청북도 청주시
20220578085,1,1,1,농업회사법인주식회사 이루다에프앤지,식품제조가공업,충청북도,충청북도 청주시
20220578097,1,1,1,아오로,식품제조가공업,충청북도,충청북도 청주시
20220578102,1,1,1,한가람 에프앤비 농업회사법인주식회사,식품제조가공업,충청북도,충청북도 청주시
20220601009,3,3,3,(주)마이크로바이옴코리아,식품제조가공업,충청북도,충청북도 충주시
20220601031,1,1,1,삼인농업회사법인주식회사,식품제조가공업,충청북도,충청북도 충주시
20220601689,1,1,1,한일식품(주),식품제조가공업,충청북도,충청북도 충주시
20220604079,5,5,5,(주)원일바이오 제1공장,식품제조가공업,충청북도,충청북도 제천시
20220604271,7,7,7,주식회사 지구인컴퍼니 제천공장,식품제조가공업,충청북도,충청북도 제천시
20220604501,3,3,3,밥섬주식회사,식품제조가공업,충청북도,충청북도 제천시
20220604585,1,1,1,청풍한과,식품제조가공업,충청북도,충청북도 제천시
20220609045,1,1,1,(주)향수떡이야기,식품제조가공업,충청북도,충청북도 옥천군
20220609048,1,1,1,농업회사법인 주식회사 겨,식품제조가공업,충청북도,충청북도 옥천군
20220609151,1,1,1,주식회사 케이푸드,식품제조가공업,충청북도,충청북도 옥천군
20220611008,1,1,1,농업회사법인 주식회사 정원식품 2공장,식품제조가공업,충청북도,충청북도 영동군
20220611019,1,1,1,길등두부다움,식품제조가공업,충청북도,충청북도 영동군
20220611142,1,1,1,(주)누베라이트,식품제조가공업,충청북도,충청북도 영동군
20220613038,7,7,7,(주)퍼플랜드,식품제조가공업,충청북도,충청북도 증평군
20220613039,1,1,1,(주)에스앤씨세인,식품제조가공업,충청북도,충청북도 증평군
20220613131,3,3,3,파인그린 농업회사법인(주),식품제조가공업,충청북도,충청북도 증평군
20220615052,1,1,1,주식회사 올바른농부,식품제조가공업,충청북도,충청북도 진천군
20220615090,4,4,4,진천군농산물가공지원관,식품제조가공업,충청북도,충청북도 진천군
20220615223,4,4,4,(주)미담,식품제조가공업,충청북도,충청북도 진천군
20220615276,6,6,6,한국바이오팜(주),식품제조가공업,충청북도,충청북도 진천군
20220615281,1,1,1,(주)지에스켐,식품소분업,충청북도,충청북도 진천군
20220617013,3,3,3,주식회사 이로운식품 어묵공방,식품제조가공업,충청북도,충청북도 괴산군
20220617034,4,4,4,주식회사 베지스타,식품제조가공업,충청북도,충청북도 괴산군
20220617051,4,4,4,주식회사 제이엠에이치,식품제조가공업,충청북도,충청북도 괴산군
20220617131,3,3,3,(주)가산농업회사법인,식품제조가공업,충청북도,충청북도 괴산군
20220619023,1,1,1,농업회사법인(주)그린푸드,식품제조가공업,충청북도,충청북도 음성군
20220619034,4,4,4,(주)제이엠바이오,식품제조가공업,충청북도,충청북도 음성군
20220619041,3,3,3,제이지바이오 주식회사농업회사법인,식품제조가공업,충청북도,충청북도 음성군
20220619137,3,3,3,(주)코리아바이오,식품제조가공업,충청북도,충청북도 음성군
20220619185,3,3,3,(주)티지에프,식품제조가공업,충청북도,충청북도 음성군
20220619199,1,1,1,주식회사 지티지오 고피자 음성공장,식품제조가공업,충청북도,충청북도 음성군
20220619258,3,3,3,삼양스파이스 주식회사 금왕공장,식품제조가공업,충청북도,충청북도 음성군
20220619266,3,3,3,(주)동방엠에스,식품제조가공업,충청북도,충청북도 음성군
20220619271,6,6,6,주식회사 삼정,식품제조가공업,충청북도,충청북도 음성군
20220619272,3,3,3,주식회사 삼정,식품첨가물제조업,충청북도,충청북도 음성군
20220619309,7,7,7,주식회사 조흥,식품제조가공업,충청북도,충청북도 음성군
20220619321,1,1,1,음성농협농산물유통센터,식품제조가공업,충청북도,충청북도 음성군
20220619533,2,2,2,평화랜드농원,식품제조가공업,충청북도,충청북도 음성군
20220619569,2,2,1,주식회사 더라이스팜,식품제조가공업,충청북도,충청북도 음성군
20220622055,2,2,2,온전식품,식품제조가공업,충청북도,충청북도 단양군
20220626054,7,7,7,주식회사건영비앤에프,식품제조가공업,충청남도,충청남도 천안시
20220626056,7,7,7,팜투팜1공장,식품제조가공업,충청남도,충청남도 천안시
20220626066,1,1,1,오트밀식품,식품제조가공업,충청남도,충청남도 천안시
20220626214,1,1,1,케이크스토리,식품제조가공업,충청남도,충청남도 천안시
20220626337,2,2,2,버터팩토리,식품제조가공업,충청남도,충청남도 천안시
20220626592,1,1,1,감성빵집,식품제조가공업,충청남도,충청남도 천안시
20220626864,1,1,1,주식회사바이오360 2공장,식품제조가공업,충청남도,충청남도 천안시
20220627082,1,1,1,정원식품주식회사,식품제조가공업,충청남도,충청남도 천안시
20220627151,2,2,2,엠에이치티에프앤비,식품제조가공업,충청남도,충청남도 천안시
20220627417,2,2,2,양원프레쉬,식품제조가공업,충청남도,충청남도 천안시
20220635756,1,1,1,해나루빠삭뽀삭부각,식품제조가공업,충청남도,충청남도 당진시
20220640024,2,2,2,(주)송도수산,식품제조가공업,충청남도,충청남도 보령시
20220640031,3,3,3,주식회사 대천해,식품제조가공업,충청남도,충청남도 보령시
20220640246,2,2,2,(주)낭만푸드,식품제조가공업,충청남도,충청남도 보령시
20220643278,2,2,2,조인영어조합법인 둔포지점,식품제조가공업,충청남도,충청남도 아산시
20220643621,1,1,1,키움농장,식품제조가공업,충청남도,충청남도 아산시
20220643749,1,1,1,농업회사법인 주식회사 다정성푸드,식품제조가공업,충청남도,충청남도 아산시
20220646490,1,1,1,(주)나면 서산공장,식품제조가공업,충청남도,충청남도 서산시
20220648070,2,2,2,농업회사법인논산고구마(주),식품제조가공업,충청남도,충청남도 논산시
20220648077,2,2,2,농업회사법인 엔에프지 주식회사,식품제조가공업,충청남도,충청남도 논산시
20220648197,1,1,1,(주)바다,식품제조가공업,충청남도,충청남도 논산시
20220648205,1,1,1,(주)유앤미스마트팜농업회사법인,식품소분업,충청남도,충청남도 논산시
20220648480,1,1,1,(주)프레시코,식품소분업,충청남도,충청남도 논산시
20220653023,1,1,1,추부깻잎담은떡영농조합,식품제조가공업,충청남도,충청남도 금산군
20220653050,1,1,1,주식회사휴닉,식품제조가공업,충청남도,충청남도 금산군
20220653055,3,3,3,파마코푸드주식회사,식품제조가공업,충청남도,충청남도 금산군
20220653090,3,3,3,(주)경동한방제약,식품제조가공업,충청남도,충청남도 금산군
20220653109,2,2,2,농업회사법인(주)세인바이오팜,식품제조가공업,충청남도,충청남도 금산군
20220655097,2,2,2,농업회사법인 우듬지팜주식회사 제2공장,식품제조가공업,충청남도,충청남도 부여군
20220655138,2,2,2,주식회사 유창면,식품제조가공업,충청남도,충청남도 부여군
20220655157,1,1,1,옥경식품 제2공장,식품제조가공업,충청남도,충청남도 부여군
20220657005,2,2,2,농업회사법인 판교농민식품 주식회사,식품제조가공업,충청남도,충청남도 서천군
20220657007,2,2,1,충남마른김가공수산업협동조합,식품제조가공업,충청남도,충청남도 서천군
20220657036,1,1,1,서천김6차산업화 어업회사법인 주식회사,식품제조가공업,충청남도,충청남도 서천군
20220657051,1,1,1,주식회사 서천김에프엠비,식품제조가공업,충청남도,충청남도 서천군
20220659003,5,5,5,사자산영농조합법인 화성지점,식품제조가공업,충청남도,충청남도 청양군
20220661013,2,2,2,농업회사법인 신진(주),식품제조가공업,충청남도,충청남도 홍성군
20220663100,1,1,1,황금자연,식품제조가공업,충청남도,충청남도 예산군
20220663318,1,1,1,플래티넘맥주주식회사,식품제조가공업,충청남도,충청남도 예산군
20220663350,1,1,1,청암떡집(신례원점),식품제조가공업,충청남도,충청남도 예산군
20220665022,1,1,1,태안드림,식품제조가공업,충청남도,충청남도 태안군
20220665035,3,3,3,태안군로컬푸드사업단,식품제조가공업,충청남도,충청남도 태안군
20220665190,2,2,2,태안로컬씨푸드어업회사법인(주),식품제조가공업,충청남도,충청남도 태안군
20220665232,1,1,1,농업회사법인주식회사 그린케이푸드,식품제조가공업,충청남도,충청남도 태안군
20220675097,1,1,1,(주)벨르블랑제리,식품제조가공업,전북특별자치도,전북특별자치도 전주시
20220675098,1,1,1,유한회사 하오웰리스 농업회사법인,식품제조가공업,전북특별자치도,전북특별자치도 전주시
20220675318,3,3,3,뉴트리커머스,식품제조가공업,전북특별자치도,전북특별자치도 전주시
20220675376,1,1,1,유한회사씨엠에프엔비1공장,식품제조가공업,전북특별자치도,전북특별자치도 전주시
20220675960,2,2,2,에프엘컴퍼니2,식품제조가공업,전북특별자치도,전북특별자치도 전주시
20220675993,1,1,1,주식회사퍼밋,식품제조가공업,전북특별자치도,전북특별자치도 전주시
20220679145,4,4,4,농업회사법인 유한회사 산돌팜,식품제조가공업,전북특별자치도,전북특별자치도 군산시
20220679283,3,3,3,(유)새만금에프앤비,식품제조가공업,전북특별자치도,전북특별자치도 군산시
20220679334,2,2,2,(재)군산먹거리통합지원센터,식품제조가공업,전북특별자치도,전북특별자치도 군산시
20220679482,2,2,2,정성에프앤에스 주식회사,식품제조가공업,전북특별자치도,전북특별자치도 군산시
20220679730,2,2,2,주식회사 일비,식품제조가공업,전북특별자치도,전북특별자치도 군산시
20220679818,1,1,1,비응도등대가,식품제조가공업,전북특별자치도,전북특별자치도 군산시
20220679957,1,1,1,(주)일오삼홀딩스,식품제조가공업,전북특별자치도,전북특별자치도 군산시
20220679994,1,1,1,앤제이메디칼 주식회사,식품제조가공업,전북특별자치도,전북특별자치도 군산시
20220680049,1,1,1,나포한과마을,식품제조가공업,전북특별자치도,전북특별자치도 군산시
20220683007,2,2,2,모닝팜,식품제조가공업,전북특별자치도,전북특별자치도 익산시
20220683078,1,1,1,산마루터,식품제조가공업,전북특별자치도,전북특별자치도 익산시
20220683083,3,3,3,주식회사 아인가,식품제조가공업,전북특별자치도,전북특별자치도 익산시
20220683125,4,4,4,(유)삼각에프엠씨 웰빙랜드,식품제조가공업,전북특별자치도,전북특별자치도 익산시
20220683129,11,11,11,(주)함소아제약 익산공장,식품제조가공업,전북특별자치도,전북특별자치도 익산시
20220683166,8,8,8,매일식품주식회사 익산공장(지점),식품제조가공업,전북특별자치도,전북특별자치도 익산시
20220683169,1,1,1,농업회사법인 (유) 마 누룽지 서동팜,식품제조가공업,전북특별자치도,전북특별자치도 익산시
20220683229,1,1,1,(주)다인에프앤씨,식품제조가공업,전북특별자치도,전북특별자치도 익산시
20220683284,1,1,1,세븐브로이맥주 주식회사,식품제조가공업,전북특별자치도,전북특별자치도 익산시
20220683318,1,1,1,주실래,식품제조가공업,전북특별자치도,전북특별자치도 익산시
20220683422,1,1,1,코리온스,식품제조가공업,전북특별자치도,전북특별자치도 익산시
20220683440,1,1,1,(주)농업회사법인 따옴농장,식품제조가공업,전북특별자치도,전북특별자치도 익산시
20220683473,7,7,7,주식회사 에이브바이오랩스,식품제조가공업,전북특별자치도,전북특별자치도 익산시
20220683477,4,4,4,(주)렉스팜,식품제조가공업,전북특별자치도,전북특별자치도 익산시
20220683479,1,1,1,주식회사보부상바이오팜,식품소분업,전북특별자치도,전북특별자치도 익산시
20220683551,3,3,3,(주)선해수산 익산드림캠퍼스,식품제조가공업,전북특별자치도,전북특별자치도 익산시
20220683667,2,2,2,(주)올담식,식품제조가공업,전북특별자치도,전북특별자치도 익산시
20220683769,2,2,2,원광제약(주),식품제조가공업,전북특별자치도,전북특별자치도 익산시
20220683772,1,1,1,위바이옴 익산공장,식품제조가공업,전북특별자치도,전북특별자치도 익산시
20220683796,1,1,1,농업회사법인(주)윤율,식품제조가공업,전북특별자치도,전북특별자치도 익산시
20220683830,1,1,1,뉴그린,식품제조가공업,전북특별자치도,전북특별자치도 익산시
20220683856,3,3,3,한국식품산업클러스터진흥원 기능성식품제형센터,식품제조가공업,전북특별자치도,전북특별자치도 익산시
20220687035,1,1,1,아빠애 푸드,식품제조가공업,전북특별자치도,전북특별자치도 정읍시
20220687210,1,1,1,(주)정담,식품제조가공업,전북특별자치도,전북특별자치도 정읍시
20220687350,2,2,2,농업회사법인 유한회사 차마루,식품제조가공업,전북특별자치도,전북특별자치도 정읍시
20220687365,1,1,1,자연농원,식품제조가공업,전북특별자치도,전북특별자치도 정읍시
20220690033,2,1,2,흥부골,식품제조가공업,전북특별자치도,전북특별자치도 남원시
20220690073,1,1,1,딸부잣집 김부각,식품제조가공업,전북특별자치도,전북특별자치도 남원시
20220690107,4,4,4,농업회사법인(유)소담식품,식품제조가공업,전북특별자치도,전북특별자치도 남원시
20220690153,2,2,2,낭만정제,식품제조가공업,전북특별자치도,전북특별자치도 남원시
20220690197,1,1,1,아리당,식품제조가공업,전북특별자치도,전북특별자치도 남원시
20220692065,1,1,1,주식회사 상상,식품제조가공업,전북특별자치도,전북특별자치도 김제시
20220694084,1,1,1,주식회사 화이트디어스토리,식품제조가공업,전북특별자치도,전북특별자치도 완주군
20220696006,1,1,1,(주)동선식품,식품제조가공업,전북특별자치도,전북특별자치도 진안군
20220696035,2,2,2,굿스팜,식품제조가공업,전북특별자치도,전북특별자치도 진안군
20220696060,1,1,1,농업회사법인(주)초록앤푸드,식품제조가공업,전북특별자치도,전북특별자치도 진안군
20220696081,1,1,1,농업회사법인한시골유한회사,식품제조가공업,전북특별자치도,전북특별자치도 진안군
20220704011,2,2,2,주식회사 맑은상회에프앤비,식품제조가공업,전북특별자치도,전북특별자치도 순창군
20220704065,1,1,1,구림농협 절임배추 공장,식품제조가공업,전북특별자치도,전북특별자치도 순창군
20220706037,2,2,2,매홍정성푸드주식회사농업회사법인,식품제조가공업,전북특별자치도,전북특별자치도 고창군
20220706101,1,1,1,해들녘영농조합법인,식품제조가공업,전북특별자치도,전북특별자치도 고창군
20220706145,3,3,3,상하쿠엔즈(주),식품제조가공업,전북특별자치도,전북특별자치도 고창군
20220706146,1,1,1,창수네 홍도라지 영농조합법인,식품제조가공업,전북특별자치도,전북특별자치도 고창군
20220708029,4,4,4,(주)피시원,식품제조가공업,전북특별자치도,전북특별자치도 부안군
20220708165,1,1,1,산내들에스엠주식회사,식품제조가공업,전북특별자치도,전북특별자치도 부안군
20220708187,1,1,1,줄포하늘수산,식품제조가공업,전북특별자치도,전북특별자치도 부안군
20220708203,1,1,1,콩쥐팥쥐,식품제조가공업,전북특별자치도,전북특별자치도 부안군
20220712067,3,3,3,남도소반주식회사,식품제조가공업,전남광주통합특별시,전남광주통합특별시 목포시
20220712409,4,4,4,(주)해농해양캠퍼스,식품제조가공업,전남광주통합특별시,전남광주통합특별시 목포시
20220712622,1,1,1,주식회사예지,식품제조가공업,전남광주통합특별시,전남광주통합특별시 목포시
20220716064,4,4,4,여수시 여천농협 푸드플랜 가공지원센터,식품제조가공업,전남광주통합특별시,전남광주통합특별시 여수시
20220716842,1,1,1,농업회사법인 향유미가(주) 2공장,식품제조가공업,전남광주통합특별시,전남광주통합특별시 여수시
20220720582,4,4,4,(재)남해안권발효식품산업지원센터,식품제조가공업,전남광주통합특별시,전남광주통합특별시 순천시
20220720885,1,1,1,(주)일만푸드,식품제조가공업,전남광주통합특별시,전남광주통합특별시 순천시
20220724062,2,2,2,에스앤푸드 주식회사,식품제조가공업,전남광주통합특별시,전남광주통합특별시 나주시
20220724136,1,1,1,원미푸드,식품제조가공업,전남광주통합특별시,전남광주통합특별시 나주시
20220724157,2,2,2,수협 호남권 소비지분산물류센터,식품제조가공업,전남광주통합특별시,전남광주통합특별시 나주시
20220724378,1,1,1,착한마을 농업회사법인 유한회사,식품제조가공업,전남광주통합특별시,전남광주통합특별시 나주시
20220724432,3,3,3,썬푸드 주식회사,식품제조가공업,전남광주통합특별시,전남광주통합특별시 나주시
20220726262,1,1,1,광양잔기지떡,식품제조가공업,전남광주통합특별시,전남광주통합특별시 광양시
20220729078,1,1,1,더웰푸드(주),식품제조가공업,전남광주통합특별시,전남광주통합특별시 담양군
20220731009,1,1,1,석곡농협누룽지가공사업소,식품제조가공업,전남광주통합특별시,전남광주통합특별시 곡성군
20220731020,2,2,2,농업회사법인 주식회사 하루미가,식품제조가공업,전남광주통합특별시,전남광주통합특별시 곡성군
20220731021,1,1,1,농업회사법인(주)미카129,식품제조가공업,전남광주통합특별시,전남광주통합특별시 곡성군
20220733072,3,3,3,과채가공센터,식품제조가공업,전남광주통합특별시,전남광주통합특별시 구례군
20220737058,1,1,1,어업회사 법인 유한회사 연우,즉석판매제조가공업,전남광주통합특별시,전남광주통합특별시 보성군
20220737090,1,1,1,강산농원 유한회사 농업회사법인 2공장,식품소분업,전남광주통합특별시,전남광주통합특별시 보성군
20220739043,1,1,1,주식회사 농업회사법인 포프리,식품제조가공업,전남광주통합특별시,전남광주통합특별시 화순군
20220739084,2,2,2,생농나라주식회사농업회사법인,식품제조가공업,전남광주통합특별시,전남광주통합특별시 화순군
20220739090,1,1,1,버블민,식품제조가공업,전남광주통합특별시,전남광주통합특별시 화순군
20220741016,1,1,1,바른홀푸드(주),식품제조가공업,전남광주통합특별시,전남광주통합특별시 장흥군
20220741025,1,1,1,(주)발해,식품제조가공업,전남광주통합특별시,전남광주통합특별시 장흥군
20220741084,1,1,1,정남진장흥매생이(주),식품소분업,전남광주통합특별시,전남광주통합특별시 장흥군
20220745029,1,1,1,해남친환경 제2공장,식품제조가공업,전남광주통합특별시,전남광주통합특별시 해남군
20220745115,1,1,1,해남친환경,식품제조가공업,전남광주통합특별시,전남광주통합특별시 해남군
20220745128,1,1,1,성경농장,식품제조가공업,전남광주통합특별시,전남광주통합특별시 해남군
20220745134,1,1,1,그린유통영농조합법인,식품제조가공업,전남광주통합특별시,전남광주통합특별시 해남군
20220745137,4,4,3,농업회사법인 (주)해남참농가,식품제조가공업,전남광주통합특별시,전남광주통합특별시 해남군
20220747017,1,1,1,백바이오,식품제조가공업,전남광주통합특별시,전남광주통합특별시 영암군
20220749122,4,4,4,주식회사 씨사우스앤피,식품제조가공업,전남광주통합특별시,전남광주통합특별시 무안군
20220749143,1,1,1,설밀당제조장,식품제조가공업,전남광주통합특별시,전남광주통합특별시 무안군
20220749222,1,1,1,에코솔트(주),식품제조가공업,전남광주통합특별시,전남광주통합특별시 무안군
20220749323,3,3,3,주식회사 미스터덕 무안지점,식품제조가공업,전남광주통합특별시,전남광주통합특별시 무안군
20220751116,5,5,5,(주)나비촌,식품제조가공업,전남광주통합특별시,전남광주통합특별시 함평군
20220753011,2,2,2,초록바다 영어조합법인,식품제조가공업,전남광주통합특별시,전남광주통합특별시 영광군
20220753027,2,2,2,해림참바다,식품제조가공업,전남광주통합특별시,전남광주통합특별시 영광군
20220753028,2,2,2,만해보리굴비,식품제조가공업,전남광주통합특별시,전남광주통합특별시 영광군
20220753063,1,1,1,김동호 생선마을,식품제조가공업,전남광주통합특별시,전남광주통합특별시 영광군
20220753069,2,2,2,연우어업회사법인 주식회사,식품제조가공업,전남광주통합특별시,전남광주통합특별시 영광군
20220753097,2,2,2,영광화성굴비,식품제조가공업,전남광주통합특별시,전남광주통합특별시 영광군
20220753099,2,2,2,영광굴비수산유통,식품제조가공업,전남광주통합특별시,전남광주통합특별시 영광군
20220753113,1,1,1,햇님떡방(송림리공장),식품제조가공업,전남광주통합특별시,전남광주통합특별시 영광군
20220753118,2,2,2,제일유통,식품제조가공업,전남광주통합특별시,전남광주통합특별시 영광군
20220755013,2,2,2,농업회사법인 장성원푸드 주식회사,식품제조가공업,전남광주통합특별시,전남광주통합특별시 장성군
20220755022,2,2,2,농업회사법인 주식회사 더자람,식품제조가공업,전남광주통합특별시,전남광주통합특별시 장성군
20220755067,1,1,1,미다온,식품제조가공업,전남광주통합특별시,전남광주통합특별시 장성군
20220755076,1,1,1,미르당,식품제조가공업,전남광주통합특별시,전남광주통합특별시 장성군
20220757002,1,1,1,아진식품영어조합법인,식품제조가공업,전남광주통합특별시,전남광주통합특별시 완도군
20220757007,1,1,1,고소양 식품,식품제조가공업,전남광주통합특별시,전남광주통합특별시 완도군
20220757012,1,1,1,어업회사법인 완도고금바다(주),식품제조가공업,전남광주통합특별시,전남광주통합특별시 완도군
20220757094,1,1,1,평화물산,식품제조가공업,전남광주통합특별시,전남광주통합특별시 완도군
20220761004,4,4,4,맛잇섬영농조합법인,식품제조가공업,전남광주통합특별시,전남광주통합특별시 신안군
20220761093,2,2,2,어업회사법인유한회사한길,식품제조가공업,전남광주통합특별시,전남광주통합특별시 신안군
20220761100,1,1,1,어업회사법인 유한회사 가태하 수산,식품제조가공업,전남광주통합특별시,전남광주통합특별시 신안군
20220765013,1,1,1,(주)레아,식품제조가공업,경상북도,경상북도 포항시
20220765014,1,1,1,(주)폴콘코퍼레이션 포항,식품제조가공업,경상북도,경상북도 포항시
20220765040,2,2,2,(주)우마왕,식품제조가공업,경상북도,경상북도 포항시
20220765057,2,2,2,베럴베이크,식품제조가공업,경상북도,경상북도 포항시
20220765059,2,2,2,진우푸드(주),식품제조가공업,경상북도,경상북도 포항시
20220765098,5,5,3,법계수산,식품제조가공업,경상북도,경상북도 포항시
20220773048,2,1,1,(주)신라명가,식품제조가공업,경상북도,경상북도 경주시
20220773051,1,1,1,라선재농업회사법인(주),식품제조가공업,경상북도,경상북도 경주시
20220773735,1,1,1,주)후포,식품제조가공업,경상북도,경상북도 경주시
20220773806,4,4,4,농업회사법인 다올 주식회사,식품제조가공업,경상북도,경상북도 경주시
20220773813,2,2,2,옳;온,식품제조가공업,경상북도,경상북도 경주시
20220773868,4,2,2,주식회사 더블유디피(WDP),식품제조가공업,경상북도,경상북도 경주시
20220774125,1,1,1,어코어,식품제조가공업,경상북도,경상북도 경주시
20220777039,3,3,3,행복한200프로주식회사,식품제조가공업,경상북도,경상북도 김천시
20220777334,3,3,3,참나라식품,식품제조가공업,경상북도,경상북도 김천시
20220780143,1,1,1,경북지역센터 가치만드소,식품제조가공업,경상북도,경상북도 안동시
20220780218,4,2,4,마일포스트 제2공장,식품제조가공업,경상북도,경상북도 안동시
20220780266,6,6,6,(주)에이트리에프앤비,식품제조가공업,경상북도,경상북도 안동시
20220786331,1,1,1,주식회사지더블유엠푸드,식품제조가공업,경상북도,경상북도 구미시
20220786608,1,1,1,푸드리푸드,식품제조가공업,경상북도,경상북도 구미시
20220786933,1,1,1,주식회사청우식품제2공장,식품제조가공업,경상북도,경상북도 구미시
20220793031,2,2,2,농업회사법인자연농산주식회사,식품제조가공업,경상북도,경상북도 영주시
20220793147,1,1,1,담소연,식품제조가공업,경상북도,경상북도 영주시
20220795023,1,1,1,주식회사청통본가농업회사법인,식품제조가공업,경상북도,경상북도 영천시
20220795107,1,1,1,농업회사법인 주식회사 다누리,식품제조가공업,경상북도,경상북도 영천시
20220795109,3,3,3,농업회사법인 한조주식회사 2공장,식품제조가공업,경상북도,경상북도 영천시
20220795165,6,5,6,한울 농업회사법인 주식회사,식품제조가공업,경상북도,경상북도 영천시
20220797018,2,2,2,상주는자연 영농조합법인,식품제조가공업,경상북도,경상북도 상주시
20220797101,2,2,2,주식회사 지비라이스,식품제조가공업,경상북도,경상북도 상주시
20220800255,2,2,2,대박푸드,식품제조가공업,경상북도,경상북도 문경시
20220803004,6,4,4,신진씨앤푸드,식품제조가공업,경상북도,경상북도 경산시
20220803290,4,4,2,경산시농업기술센터,식품제조가공업,경상북도,경상북도 경산시
20220803434,1,1,1,주식회사 안계농산,식품제조가공업,경상북도,경상북도 경산시
20220808002,1,1,1,주식회사 농뜨락 농업회사법인,식품제조가공업,경상북도,경상북도 의성군
20220810008,2,2,2,농업회사법인 주식회사 청송농부,식품제조가공업,경상북도,경상북도 청송군
20220810039,1,1,1,청송생쌩식품,식품제조가공업,경상북도,경상북도 청송군
20220810041,3,2,3,풀바디,식품제조가공업,경상북도,경상북도 청송군
20220810051,2,2,2,객주마실,식품제조가공업,경상북도,경상북도 청송군
20220814135,3,3,3,대양수산,식품제조가공업,경상북도,경상북도 영덕군
20220814166,3,3,3,더큰수산,식품제조가공업,경상북도,경상북도 영덕군
20220816013,1,1,1,동곡리323,식품제조가공업,경상북도,경상북도 청도군
20220816156,3,3,3,자연으로,식품제조가공업,경상북도,경상북도 청도군
20220818061,1,1,1,화랑명과주식회사,식품제조가공업,경상북도,경상북도 고령군
20220820035,1,1,1,(주)라온,집단급식소 식품판매업,경상북도,경상북도 성주군
20220820048,1,1,1,주식회사프롬푸드,식품제조가공업,경상북도,경상북도 성주군
20220820077,9,9,8,주식회사 에이원바이옴,식품제조가공업,경상북도,경상북도 성주군
20220822055,2,2,2,영양푸드,식품제조가공업,경상북도,경상북도 칠곡군
20220822204,1,1,1,더다담푸드,식품제조가공업,경상북도,경상북도 칠곡군
20220822325,1,1,1,(주)비비프렌드,식품제조가공업,경상북도,경상북도 칠곡군
20220822374,1,1,1,한칼식품,식품소분업,경상북도,경상북도 칠곡군
20220822377,2,1,1,(주)소담푸드,식품제조가공업,경상북도,경상북도 칠곡군
20220824141,7,7,6,예천농산물가공협동조합,식품제조가공업,경상북도,경상북도 예천군
20220824200,1,1,1,봉미엘,식품제조가공업,경상북도,경상북도 예천군
20220828069,1,1,1,푸르미작업장,식품제조가공업,경상북도,경상북도 울진군
20220836003,1,1,1,열매들,식품제조가공업,경상남도,경상남도 창원시
20220836090,2,2,2,두미팜,식품제조가공업,경상남도,경상남도 창원시
20220836427,1,1,1,주식회사 시즌잇,식품제조가공업,경상남도,경상남도 창원시
20220844131,2,2,2,주식회사 건어명가디앤에이치,식품제조가공업,경상남도,경상남도 창원시
20220850060,2,2,2,이도,식품제조가공업,경상남도,경상남도 창원시
20220850242,3,3,3,(주)경남씨푸드빌,식품제조가공업,경상남도,경상남도 창원시
20220853390,3,3,3,농업회사법인 주식회사 진푸드,식품제조가공업,경상남도,경상남도 진주시
20220854813,2,2,1,남매식품,식품제조가공업,경상남도,경상남도 진주시
20220857071,2,2,1,주식회사 삼환씨푸드,식품제조가공업,경상남도,경상남도 통영시
20220857111,1,1,1,시심나웰푸드,식품제조가공업,경상남도,경상남도 통영시
20220857125,1,1,1,삼호씨푸드,식품제조가공업,경상남도,경상남도 통영시
20220857126,2,2,2,(주)자연산씨푸드,식품제조가공업,경상남도,경상남도 통영시
20220857332,4,4,4,(주)바다사람들,식품제조가공업,경상남도,경상남도 통영시
20220857361,3,3,3,(주)씨웰 통영2지점,식품제조가공업,경상남도,경상남도 통영시
20220857364,1,1,1,빅마마씨푸드(주)F2,식품제조가공업,경상남도,경상남도 통영시
20220860164,3,3,3,사천당,식품제조가공업,경상남도,경상남도 사천시
20220860194,4,4,4,어업법인(주)가림,식품제조가공업,경상남도,경상남도 사천시
20220860346,2,2,2,오늘의삼천포(주),식품제조가공업,경상남도,경상남도 사천시
20220862751,1,1,1,해미루,식품제조가공업,경상남도,경상남도 김해시
20220863248,4,4,2,푸드라인(주),식품제조가공업,경상남도,경상남도 김해시
20220863525,1,1,1,주식회사 고려코퍼레이션,식품제조가공업,경상남도,경상남도 김해시
20220867095,1,1,1,선비식품,식품제조가공업,경상남도,경상남도 밀양시
20220867105,4,4,4,삼양식품 주식회사 밀양공장,식품제조가공업,경상남도,경상남도 밀양시
20220867156,1,1,1,(주)오병이어누룽지,식품제조가공업,경상남도,경상남도 밀양시
20220867346,1,1,1,지에이치네이쳐,식품제조가공업,경상남도,경상남도 밀양시
20220869256,1,1,1,장승포어묵공장,식품제조가공업,경상남도,경상남도 거제시
20220869320,4,4,4,승천푸드,식품제조가공업,경상남도,경상남도 거제시
20220869778,1,1,1,거제다움_시영아빠 표고버섯,식품제조가공업,경상남도,경상남도 거제시
20220869830,3,3,3,숨비해물,식품제조가공업,경상남도,경상남도 거제시
20220869849,3,3,3,햇살바른김 거제점,식품제조가공업,경상남도,경상남도 거제시
20220872024,4,4,2,(주)정심,식품제조가공업,경상남도,경상남도 양산시
20220872172,2,2,2,(주)슈엔슈,식품제조가공업,경상남도,경상남도 양산시
20220872286,1,1,1,(주)신라병가,식품제조가공업,경상남도,경상남도 양산시
20220872353,1,1,1,근영제과 제2공장,식품제조가공업,경상남도,경상남도 양산시
20220872911,1,1,1,(주)에스케이(SK)푸드,식품제조가공업,경상남도,경상남도 양산시
20220872919,3,3,3,(주)다정식품,식품제조가공업,경상남도,경상남도 양산시
20220873459,2,2,2,주식회사 키토라푸드,식품제조가공업,경상남도,경상남도 양산시
20220878169,1,1,1,농업회사법인주식회사 대웅,식품제조가공업,경상남도,경상남도 함안군
20220880147,1,1,1,구포국수,식품제조가공업,경상남도,경상남도 창녕군
20220882004,8,7,7,고성군농업기술센터(농산물가공지원센터),식품제조가공업,경상남도,경상남도 고성군
20220882026,1,1,1,아라가야 식품,식품제조가공업,경상남도,경상남도 고성군
20220886029,2,2,2,(주)벨레자(하동지점),식품제조가공업,경상남도,경상남도 하동군
20220886186,1,1,1,농업회사법인(주)자연향기 3공장,식품제조가공업,경상남도,경상남도 하동군
20220886200,3,3,3,더 장생 영농조합법인,식품제조가공업,경상남도,경상남도 하동군
20220888057,2,2,2,(주)아이스올리 3공장,식품제조가공업,경상남도,경상남도 산청군
20220888107,2,2,2,방목리 카페,식품제조가공업,경상남도,경상남도 산청군
20220888112,2,2,2,햇살바른김 산청점,식품제조가공업,경상남도,경상남도 산청군
20220888117,2,2,2,농업회사법인 청강(주) 신관,식품제조가공업,경상남도,경상남도 산청군
20220890111,2,2,2,햇살바른김 함양점,식품제조가공업,경상남도,경상남도 함양군
20220892211,2,2,2,햇살바른김 거창점,식품제조가공업,경상남도,경상남도 거창군
20220898255,1,1,1,농업회사법인꿈꾸는여자농부주식회사,식품제조가공업,제주특별자치도,제주특별자치도 제주시
20220898289,1,1,1,세븐스타제주영농조합법인,식품제조가공업,제주특별자치도,제주특별자치도 제주시
20220898392,2,2,2,주식회사한울앤제주,식품제조가공업,제주특별자치도,제주특별자치도 제주시
20220898541,1,1,1,명인이영자옥돔주식회사,식품제조가공업,제주특별자치도,제주특별자치도 제주시
20220898660,2,2,2,과일연구소프루타랩,식품제조가공업,제주특별자치도,제주특별자치도 제주시
20220898663,1,1,1,카카오패밀리세화공장,식품제조가공업,제주특별자치도,제주특별자치도 제주시
20220898792,1,1,1,(주)케이에스피제주2공장,식품제조가공업,제주특별자치도,제주특별자치도 제주시
20220898801,2,2,2,주식회사새벽애제주농업회사법인,식품제조가공업,제주특별자치도,제주특별자치도 제주시
20220898817,2,2,2,주식회사제주바솔트지점(2공장),식품제조가공업,제주특별자치도,제주특별자치도 제주시
20220898917,1,1,1,이제주섬영어조합법인가공공장,식품제조가공업,제주특별자치도,제주특별자치도 제주시
20220899170,2,2,2,농업회사법인김갑중웰푸드주식회사,식품제조가공업,제주특별자치도,제주특별자치도 제주시
20220899284,1,1,1,제주명품쑥주식회사농업회사법인,식품제조가공업,제주특별자치도,제주특별자치도 제주시
20220900243,4,4,4,주식회사추자도예초리수산,식품제조가공업,제주특별자치도,제주특별자치도 제주시
20220903040,2,2,2,소소당,식품제조가공업,제주특별자치도,제주특별자치도 서귀포시
20220903117,2,1,1,메밀밭에가시리,식품제조가공업,제주특별자치도,제주특별자치도 서귀포시
20220903157,2,2,2,(주)소낭푸드,식품제조가공업,제주특별자치도,제주특별자치도 서귀포시
20220903578,1,1,1,득미당,식품제조가공업,제주특별자치도,제주특별자치도 서귀포시
20220903597,1,1,1,주식회사 와이엠케이,식품제조가공업,제주특별자치도,제주특별자치도 서귀포시
20220904055,1,1,1,농업회사법인주식회사 제주푸성귀,식품제조가공업,제주특별자치도,제주특별자치도 서귀포시
20230004892,2,2,2,라이트힐 브루어리 앤드 디스틸러리,식품제조가공업(주류),경기도,경기도 가평군
20230028337,1,1,1,고헌정영농조합법인 충주지점,식품제조가공업(주류),충청북도,충청북도 충주시
20230028548,2,2,2,주식회사 지평주조,식품제조가공업(주류),충청남도,충청남도 천안시
20230029450,3,3,3,농업회사법인 주식회사 백경증류소,식품제조가공업(주류),세종특별자치시,세종특별자치시
20230049107,2,2,2,런던베이글뮤지엄 성수,식품제조가공업,서울특별시,서울특별시 성동구
20230049233,1,1,1,플래닛가야,식품제조가공업,서울특별시,서울특별시 성동구
20230049647,1,1,1,아오스 요거트,식품제조가공업,서울특별시,서울특별시 성동구
20230049697,3,3,3,더블베이크하우스,식품제조가공업,서울특별시,서울특별시 성동구
20230050114,2,2,2,홈즈 푸드 팩토리,식품제조가공업,서울특별시,서울특별시 성동구
20230057158,3,3,3,풍원,식품제조가공업,서울특별시,서울특별시 동대문구
20230057992,2,2,2,주식회사 혜민당,식품제조가공업,서울특별시,서울특별시 동대문구
20230062567,3,3,3,(주)우리꽃연구소 제2공장,식품제조가공업,서울특별시,서울특별시 중랑구
20230063012,1,1,1,국대푸드협동조합,식품제조가공업,서울특별시,서울특별시 중랑구
20230071657,1,1,1,파티세리 묘,식품제조가공업,서울특별시,서울특별시 강북구
20230079196,1,1,1,노벨푸드,식품제조가공업,서울특별시,서울특별시 노원구
20230088422,1,1,1,이수매니지먼트주식회사,즉석판매제조가공업,서울특별시,서울특별시 서대문구
20230093716,1,1,1,(주)온유글로벌,식품소분업,서울특별시,서울특별시 마포구
20230101248,1,1,1,경원,식품제조가공업,서울특별시,서울특별시 강서구
20230102645,1,1,1,삼부자푸드 주식회사,식품제조가공업,서울특별시,서울특별시 강서구
20230106722,2,2,2,퍼스트커피랩 구로공장점,식품제조가공업,서울특별시,서울특별시 구로구
20230107444,1,1,1,주식회사 케이크로,식품제조가공업,서울특별시,서울특별시 구로구
20230111152,1,1,1,주식회사 다나그린,식품제조가공업,서울특별시,서울특별시 금천구
20230111658,2,2,2,주식회사 엔셀 가산지점,식품제조가공업,서울특별시,서울특별시 금천구
20230111739,3,3,3,주식회사 연경당,식품제조가공업,서울특별시,서울특별시 금천구
20230115414,1,1,1,린궁즈식품,식품제조가공업,서울특별시,서울특별시 영등포구
20230115623,2,2,2,르비건베이킹랩,식품제조가공업,서울특별시,서울특별시 영등포구
20230140315,2,2,2,주식회사 한뿌리,식품제조가공업,서울특별시,서울특별시 강남구
20230149254,1,1,1,다성명가,식품제조가공업,서울특별시,서울특별시 송파구
20230162222,1,1,1,이재모피자 광복공장,식품제조가공업,부산광역시,부산광역시 중구
20230165042,1,1,1,(주)세린(MGPG),식품제조가공업,부산광역시,부산광역시 서구
20230165098,3,3,3,주식회사 등푸른식품,식품제조가공업,부산광역시,부산광역시 서구
20230171124,1,1,1,온가족사랑 식품,식품제조가공업,부산광역시,부산광역시 부산진구
20230175099,1,1,1,네오스,식품소분업,부산광역시,부산광역시 동래구
20230179031,1,1,1,블랙베어도넛,식품제조가공업,부산광역시,부산광역시 남구
20230179335,2,2,2,궁중해물탕 조씨집연구소,식품제조가공업,부산광역시,부산광역시 남구
20230179577,3,3,3,(주)모네토디앤씨,식품제조가공업,부산광역시,부산광역시 남구
20230179667,4,2,2,주식회사 부바,식품제조가공업,부산광역시,부산광역시 해운대구
20230182214,2,2,2,일한푸드,식품제조가공업,부산광역시,부산광역시 북구
20230182324,1,1,1,비건 케이,식품제조가공업,부산광역시,부산광역시 북구
20230185166,1,1,1,여유에프앤비,식품제조가공업,부산광역시,부산광역시 해운대구
20230189056,1,1,1,주식회사 서문,식품제조가공업,부산광역시,부산광역시 사하구
20230189089,2,2,2,플랫폼(PLATFORM):지구IN,식품제조가공업,부산광역시,부산광역시 사하구
20230189112,3,3,3,(주)비지오션,식품제조가공업,부산광역시,부산광역시 사하구
20230189253,1,1,1,(주)신나푸드,식품제조가공업,부산광역시,부산광역시 사하구
20230189339,1,1,1,주식회사 광명씨푸드,식품제조가공업,부산광역시,부산광역시 사하구
20230193015,2,2,2,(주)이대명과,식품제조가공업,부산광역시,부산광역시 금정구
20230193030,2,2,2,모모스,식품제조가공업,부산광역시,부산광역시 금정구
20230193249,2,2,2,바니제과,식품제조가공업,부산광역시,부산광역시 금정구
20230193250,1,1,1,큐브데이,식품제조가공업,부산광역시,부산광역시 금정구
20230193345,3,3,3,주식회사 기뜬정,식품제조가공업,부산광역시,부산광역시 금정구
20230193581,1,1,1,(주)웨이브앤바이브,식품소분업,부산광역시,부산광역시 금정구
20230196029,3,3,3,(주)신세화에프앤에스,식품제조가공업,부산광역시,부산광역시 강서구
20230196253,1,1,1,(주)러블리강정,식품제조가공업,부산광역시,부산광역시 강서구
20230196312,1,1,1,(주)가현식품,식품제조가공업,부산광역시,부산광역시 강서구
20230196548,2,2,2,(주)두영씨앤알 대저지점,식품제조가공업,부산광역시,부산광역시 강서구
20230196576,1,1,1,(주)다감,식품제조가공업,부산광역시,부산광역시 강서구
20230196731,1,1,1,(주)러브정 푸드,식품제조가공업,부산광역시,부산광역시 강서구
20230196783,1,1,1,주식회사 디에스쿡(DS COOK INC),식품제조가공업,부산광역시,부산광역시 강서구
20230196840,1,1,1,주식회사 더 우리,식품제조가공업,부산광역시,부산광역시 강서구
20230198283,4,4,2,더구움,식품제조가공업,부산광역시,부산광역시 연제구
20230198587,1,1,1,(주)프띠르푸드,식품제조가공업,부산광역시,부산광역시 연제구
20230204181,2,2,2,동백에프앤비,식품제조가공업,부산광역시,부산광역시 사상구
20230204409,2,2,2,주식회사 데이즈투컴,식품제조가공업,부산광역시,부산광역시 사상구
20230207300,7,7,7,(주)바이오포트코리아,식품제조가공업,부산광역시,부산광역시 기장군
20230207383,1,1,1,주식회사 모찌마찌,식품제조가공업,부산광역시,부산광역시 기장군
20230207713,1,1,1,호리미식품,식품제조가공업,부산광역시,부산광역시 기장군
20230215921,1,1,1,프라우송,식품제조가공업,대구광역시,대구광역시 동구
20230216056,1,1,1,주식회사 퀸브레드,식품제조가공업,대구광역시,대구광역시 동구
20230226417,2,2,2,신용제면,식품제조가공업,대구광역시,대구광역시 북구
20230233070,1,1,1,동성로쭈꾸미,식품제조가공업,대구광역시,대구광역시 수성구
20230233186,1,1,1,주식회사프레쉬로우,식품제조가공업,대구광역시,대구광역시 수성구
20230233528,1,1,1,천리유통,식품제조가공업,대구광역시,대구광역시 수성구
20230241480,1,1,1,디저트에이치(Dessert. H),식품제조가공업,대구광역시,대구광역시 달서구
20230241544,4,2,2,캔버스 에프앤비(F&B),식품제조가공업,경기도,경기도 수원시
20230241592,1,1,1,푸루푸루푸딩,식품제조가공업,대구광역시,대구광역시 달서구
20230241639,1,1,1,시유,식품제조가공업,대구광역시,대구광역시 달서구
20230241661,6,3,3,주흘당,식품제조가공업,대구광역시,대구광역시 달서구
20230241742,1,1,1,디저트연구소,식품제조가공업,대구광역시,대구광역시 달서구
20230241800,2,2,2,보밀당,식품제조가공업,대구광역시,대구광역시 달서구
20230241847,2,1,1,주식회사 베리굿,식품제조가공업,대구광역시,대구광역시 달서구
20230241959,1,1,1,바오밥 주식회사,식품제조가공업,대구광역시,대구광역시 달서구
20230249068,2,2,1,대가야 푸드,식품제조가공업,대구광역시,대구광역시 달성군
20230249279,2,2,2,(주)달구지푸드 2공장,식품제조가공업,대구광역시,대구광역시 달성군
20230249456,1,1,1,한아식품,식품제조가공업,대구광역시,대구광역시 달성군
20230249552,2,2,2,(주)광개토식품,식품제조가공업,대구광역시,대구광역시 달성군
20230249572,1,1,1,주식회사 가온아이비,식품제조가공업,대구광역시,대구광역시 달성군
20230249625,1,1,1,(주)대영냉장,식품제조가공업,대구광역시,대구광역시 달성군
20230254209,2,2,2,(주)미소랑,식품제조가공업,인천광역시,인천광역시 제물포구
20230254621,1,1,1,주식회사 씨포레스타,식품제조가공업,인천광역시,인천광역시 영종구
20230254905,2,2,2,그랜드하얏트인천 웨스트타워 페스트리,식품제조가공업,인천광역시,인천광역시 영종구
20230257123,2,2,2,(주)벨슨,식품제조가공업,인천광역시,인천광역시 제물포구
20230259420,2,2,2,두드림빵굼터,식품제조가공업,인천광역시,인천광역시 미추홀구
20230260521,5,5,5,"어업회사법인 
열정바다주식회사",식품제조가공업,인천광역시,인천광역시 미추홀구
20230265009,1,1,1,구르만(Gurman),식품제조가공업,인천광역시,인천광역시 연수구
20230268074,3,1,1,트라이머스(주),식품제조가공업,경기도,경기도 화성시
20230268165,4,4,4,그린스퀘어(주),식품제조가공업,인천광역시,인천광역시 남동구
20230268199,2,2,2,(주)진코퍼레이션,식품제조가공업,인천광역시,인천광역시 남동구
20230268373,6,6,6,주식회사 더다이닝,식품제조가공업,인천광역시,인천광역시 남동구
20230268807,2,2,2,남동푸드,식품제조가공업,인천광역시,인천광역시 남동구
20230268808,2,2,2,빛담은,식품제조가공업,인천광역시,인천광역시 남동구
20230268809,2,2,2,고성푸드,식품제조가공업,인천광역시,인천광역시 남동구
20230268937,1,1,1,주식회사 푸즈푸드,식품제조가공업,인천광역시,인천광역시 남동구
20230269010,1,1,1,주식회사 마띠아,식품제조가공업,인천광역시,인천광역시 남동구
20230269326,1,1,1,주식회사 미더스,식품제조가공업,인천광역시,인천광역시 남동구
20230272033,1,1,1,주식회사 디저트앤 부평지점,식품제조가공업,인천광역시,인천광역시 부평구
20230272197,2,2,1,(주)하이테이블,식품제조가공업,인천광역시,인천광역시 부평구
20230272212,1,1,1,주식회사 유통몬스터,식품제조가공업,인천광역시,인천광역시 부평구
20230272674,2,2,2,금란푸드,식품제조가공업,인천광역시,인천광역시 부평구
20230272793,4,2,2,(주)그래이츠,식품제조가공업,인천광역시,인천광역시 부평구
20230276502,1,1,1,(주)성지테크 인천공장,식품제조가공업,인천광역시,인천광역시 계양구
20230280120,2,2,2,포와(Fowh),식품제조가공업,인천광역시,인천광역시 서해구
20230280307,2,2,2,(주)산양축산,식품제조가공업,인천광역시,인천광역시 서해구
20230280333,1,1,1,커빈도너츠,식품제조가공업,인천광역시,인천광역시 서해구
20230280538,1,1,1,(주)교동컴퍼니,식품제조가공업,인천광역시,인천광역시 서해구
20230280722,1,1,1,(주)해성에프에스,식품제조가공업,인천광역시,인천광역시 서해구
20230280971,3,3,3,주식회사스위트레쉬피,식품제조가공업,인천광역시,인천광역시 서해구
20230281049,2,2,2,(주)미트프라자(금곡),식품제조가공업,인천광역시,인천광역시 검단구
20230281127,4,4,4,(주)비젼식품,식품제조가공업,인천광역시,인천광역시 서해구
20230281157,2,2,2,티디바인,식품제조가공업,인천광역시,인천광역시 검단구
20230281310,3,3,3,(주)태민수산,식품제조가공업,인천광역시,인천광역시 서해구
20230281531,2,2,2,다인,식품제조가공업,인천광역시,인천광역시 서해구
20230281612,2,1,1,주식회사 헬씨스토리,식품제조가공업,인천광역시,인천광역시 검단구
20230282264,1,1,1,(주)예스영푸드,식품제조가공업,인천광역시,인천광역시 서해구
20230284168,2,2,2,농업회사법인 주식회사 전통음식연구원,식품제조가공업,인천광역시,인천광역시 강화군
20230284377,1,1,1,주식회사 서울지앤비,식품소분업,인천광역시,인천광역시 강화군
20230284383,2,2,2,주식회사 서울지앤비,식품제조가공업,인천광역시,인천광역시 강화군
20230297081,2,2,2,샐그램,식품제조가공업,전남광주통합특별시,전남광주통합특별시 남구
20230300743,2,2,2,올바름식품,식품제조가공업,전남광주통합특별시,전남광주통합특별시 북구
20230301167,2,2,2,(주)주디마리,식품제조가공업,전남광주통합특별시,전남광주통합특별시 북구
20230307923,1,1,1,(주)에이치알푸드,식품제조가공업,전남광주통합특별시,전남광주통합특별시 광산구
20230308051,1,1,1,디에이치푸드,식품제조가공업,전남광주통합특별시,전남광주통합특별시 광산구
20230308230,1,1,1,춘희네쑥개떡,식품제조가공업,전남광주통합특별시,전남광주통합특별시 광산구
20230308244,5,5,5,(유)무등청아,식품제조가공업,전남광주통합특별시,전남광주통합특별시 광산구
20230313052,1,1,1,정이푸드,식품제조가공업,대전광역시,대전광역시 동구
20230313241,1,1,1,인수기업,식품제조가공업,대전광역시,대전광역시 동구
20230313581,1,1,1,주식회사 뉴택트,식품제조가공업,대전광역시,대전광역시 동구
20230326109,1,1,1,주식회사 창억떡집 대전,식품제조가공업,대전광역시,대전광역시 유성구
20230326264,1,1,1,향옥 에프앤비,식품제조가공업,대전광역시,대전광역시 유성구
20230326398,1,1,1,일신오토클레이브,식품제조가공업,대전광역시,대전광역시 유성구
20230326504,1,1,1,젬스토랑,식품제조가공업,대전광역시,대전광역시 유성구
20230329024,3,3,2,보아스제과상사,식품제조가공업,대전광역시,대전광역시 대덕구
20230334514,1,1,1,(주)천해,식품제조가공업,울산광역시,울산광역시 중구
20230337789,1,1,1,(주)알지파낙스바이오텍,식품제조가공업,울산광역시,울산광역시 남구
20230346400,2,2,2,북구장애인보호작업장,식품제조가공업,울산광역시,울산광역시 북구
20230346727,1,1,1,이화정마을관리사회적협동조합,식품제조가공업,울산광역시,울산광역시 북구
20230346766,2,2,2,제과다움,식품제조가공업,울산광역시,울산광역시 북구
20230349117,1,1,1,버거부스터,식품제조가공업,울산광역시,울산광역시 울주군
20230349357,2,2,2,미앤밀,식품제조가공업,울산광역시,울산광역시 울주군
20230349728,6,6,6,로슈,식품제조가공업,울산광역시,울산광역시 울주군
20230352954,2,2,2,주식회사 올담식품,식품제조가공업,세종특별자치시,세종특별자치시
20230353547,1,1,1,두래실 주식회사 농업회사법인,식품제조가공업,세종특별자치시,세종특별자치시
20230361176,2,2,2,주식회사 코끼리 에프엔비,식품제조가공업,경기도,경기도 수원시
20230361690,1,1,1,글림팩토리,식품제조가공업,경기도,경기도 수원시
20230361844,1,1,1,주식회사 멜파스,식품제조가공업,경기도,경기도 수원시
20230361945,4,2,2,무민,식품제조가공업,경기도,경기도 수원시
20230361950,1,1,1,주식회사 더에이치컴퍼니,식품제조가공업,경기도,경기도 수원시
20230377005,6,6,6,214컴퍼니(Company),식품제조가공업,경기도,경기도 성남시
20230377007,2,2,2,(주)딘타이펑코리아 센트럴키친,식품제조가공업,경기도,경기도 성남시
20230377018,1,1,1,크리스탈제이드 센트럴키친,식품제조가공업,경기도,경기도 성남시
20230377033,4,4,3,주식회사 브레인푸드,식품제조가공업,경기도,경기도 성남시
20230377040,2,2,2,주식회사 이다,식품제조가공업,경기도,경기도 성남시
20230377067,2,2,2,(주)마이셰프,식품제조가공업,경기도,경기도 성남시
20230377101,1,1,1,디저트로이,식품제조가공업,경기도,경기도 성남시
20230377108,1,1,1,제이브이디저트,식품제조가공업,경기도,경기도 성남시
20230377123,2,2,2,버터풀 LAB,식품제조가공업,경기도,경기도 성남시
20230377166,10,5,5,주식회사 기호식품,식품제조가공업,경기도,경기도 시흥시
20230377181,2,2,2,주식회사 탭스인터내셔널,식품제조가공업,경기도,경기도 성남시
20230377214,1,1,1,한불,식품제조가공업,경기도,경기도 성남시
20230377240,2,2,2,R&D팩토리,식품제조가공업,경기도,경기도 성남시
20230377269,1,1,1,(주)세영컴퍼니,식품제조가공업,경기도,경기도 성남시
20230377277,2,2,2,(주)포스솔루션,식품제조가공업,경기도,경기도 성남시
20230377279,2,2,2,주식회사 팡프레시,식품제조가공업,경기도,경기도 성남시
20230377303,1,1,1,(주)벨벳케어,식품제조가공업,경기도,경기도 성남시
20230391696,1,1,1,해성홍어,식품제조가공업,경기도,경기도 의정부시
20230391845,2,2,2,토프웍스(tof. works),식품제조가공업,경기도,경기도 의정부시
20230392463,1,1,1,크리스피크림 의정부민락점,식품제조가공업,경기도,경기도 의정부시
20230395542,2,2,2,주식회사 알지에스,식품제조가공업,경기도,경기도 안양시
20230404056,2,2,2,(주)맘스,식품제조가공업,경기도,경기도 부천시
20230404582,1,1,1,(주)성심에프앤에스,식품제조가공업,경기도,경기도 부천시
20230404725,1,1,1,참맷돌푸드,식품제조가공업,경기도,경기도 부천시
20230405194,1,1,1,(주)쓱싹푸드,식품제조가공업,경기도,경기도 부천시
20230405489,2,2,2,(주)한바다,식품제조가공업,경기도,경기도 부천시
20230405615,2,2,2,락콩식품,식품제조가공업,경기도,경기도 부천시
20230405837,1,1,1,옹스옹스,식품제조가공업,경기도,경기도 부천시
20230405912,2,2,2,태영푸드,식품제조가공업,경기도,경기도 부천시
20230406282,2,2,2,주식회사 그랜마찬,식품제조가공업,경기도,경기도 부천시
20230425562,1,1,1,프루타베이커리,식품제조가공업,경기도,경기도 광명시
20230428880,1,1,1,아침에 떡 방앗간,식품제조가공업,경기도,경기도 평택시
20230428948,1,1,1,삼부자 푸른제과,식품제조가공업,경기도,경기도 평택시
20230431257,1,1,1,광동제약(주),식품제조가공업,경기도,경기도 평택시
20230431420,1,1,1,아침떡연구소,식품제조가공업,경기도,경기도 평택시
20230431561,1,1,1,브이아이피(VIP)푸드,식품제조가공업,경기도,경기도 평택시
20230431741,6,3,3,(주)즙스토리,식품제조가공업,경기도,경기도 화성시
20230431870,6,6,6,팜앤브로주식회사2공장,식품제조가공업,경기도,경기도 평택시
20230431879,1,1,1,최네집에프앤비,식품제조가공업,경기도,경기도 평택시
20230433110,1,1,1,주식회사 선미공방,식품제조가공업,경기도,경기도 평택시
20230433201,1,1,1,농업회사법인 평택슈퍼맘 유한회사,식품제조가공업,경기도,경기도 평택시
20230433234,1,1,1,평택시 농산물가공창업관,식품제조가공업,경기도,경기도 평택시
20230433254,1,1,1,농업회사법인 주식회사 그린채식품,식품제조가공업,경기도,경기도 평택시
20230433395,1,1,1,(주)바름바이오랩,식품제조가공업,경기도,경기도 평택시
20230437336,2,1,1,(주)동남물산,식품제조가공업,경기도,경기도 화성시
20230437628,1,1,1,병천e순대,식품제조가공업,경기도,경기도 안산시
20230437805,2,2,2,미미사푸드 주식회사,식품제조가공업,경기도,경기도 안산시
20230437929,1,1,1,알마이다 골든 베이커리,식품제조가공업,경기도,경기도 안산시
20230449037,1,1,1,호수푸드 주식회사,식품제조가공업,경기도,경기도 고양시
20230449323,3,3,3,전설의 왕만두,식품제조가공업,경기도,경기도 고양시
20230449538,2,2,2,주식회사 와이엔비컴퍼니,식품제조가공업,경기도,경기도 고양시
20230449910,4,4,4,주식회사 원오원바이오팜,식품제조가공업,경기도,경기도 고양시
20230449998,1,1,1,(주)든든한친구들,식품제조가공업,경기도,경기도 고양시
20230450217,1,1,1,야카,식품제조가공업,경기도,경기도 고양시
20230450285,1,1,1,선진제과주식회사,식품제조가공업,경기도,경기도 고양시
20230451128,1,1,1,(주)에스오푸드,식품제조가공업,경기도,경기도 고양시
20230451135,1,1,1,(주)산지에프앤비,식품제조가공업,경기도,경기도 고양시
20230451301,2,2,2,신화베이커리,식품제조가공업,경기도,경기도 고양시
20230451353,2,2,2,(주)비엘컴퍼니 2공장,식품제조가공업,경기도,경기도 고양시
20230451404,1,1,1,완두콩처럼,식품제조가공업,경기도,경기도 고양시
20230451405,2,2,2,레인보우팜,식품제조가공업,경기도,경기도 고양시
20230451406,1,1,1,k-kkoch cha(케이-꽃차),식품제조가공업,경기도,경기도 고양시
20230451421,2,2,2,레몬팜,식품제조가공업,경기도,경기도 고양시
20230451463,1,1,1,주식회사 든든한친구들,식품제조가공업,경기도,경기도 고양시
20230454191,1,1,1,농업회사법인 엔엘글로벌(주),식품소분업,경기도,경기도 고양시
20230465128,2,2,2,주식회사 가드니아,식품제조가공업,경기도,경기도 구리시
20230465159,3,3,3,(주)여원푸드시스템,식품제조가공업,경기도,경기도 구리시
20230465309,3,3,3,주식회사 네이처인,식품제조가공업,경기도,경기도 구리시
20230465331,1,1,1,아이그린푸드,식품제조가공업,경기도,경기도 구리시
20230465409,1,1,1,웨이즈사회적협동조합,식품제조가공업,경기도,경기도 구리시
20230465691,1,1,1,셀미트(주),식품제조가공업,경기도,경기도 구리시
20230465751,4,4,4,(주)엔에프에스 갈매지점,식품제조가공업,경기도,경기도 구리시
20230468125,6,3,3,농업회사법인(주)파비안후레쉬,식품제조가공업,경기도,경기도 남양주시
20230468442,1,1,1,태극제과,식품제조가공업,경기도,경기도 남양주시
20230469412,1,1,1,주식회사 경원,식품제조가공업,경기도,경기도 남양주시
20230469674,1,1,1,(주)자윤수산,식품제조가공업,경기도,경기도 남양주시
20230469821,3,3,3,GSS푸드 곽선생 왕만두,식품제조가공업,경기도,경기도 남양주시
20230469964,1,1,1,(주)만득이프렌즈,식품제조가공업,경기도,경기도 남양주시
20230470366,3,3,3,유한회사 아침해식품,식품제조가공업,경기도,경기도 남양주시
20230470467,1,1,1,(주)카멜팩토리,식품제조가공업,경기도,경기도 남양주시
20230470497,1,1,1,봉주르제빵소,식품제조가공업,경기도,경기도 남양주시
20230470532,3,3,3,주식회사 미드미푸드,식품제조가공업,경기도,경기도 남양주시
20230470669,1,1,1,주)카멕스코리아,식품제조가공업,경기도,경기도 남양주시
20230473441,6,6,6,(주)휘에프앤비,식품제조가공업,경기도,경기도 오산시
20230476528,1,1,1,(주)연식품,식품제조가공업,경기도,경기도 시흥시
20230477273,2,2,1,맛짱푸드,식품제조가공업,경기도,경기도 시흥시
20230481112,6,6,6,척척바이오랩(주),식품제조가공업,경기도,경기도 군포시
20230481461,2,2,2,주식회사 에버테이스트,식품제조가공업,경기도,경기도 군포시
20230481513,1,1,1,주식회사 에버테이스트,식품소분업,경기도,경기도 군포시
20230481636,1,1,1,(주)빠띠쁘레,식품제조가공업,경기도,경기도 군포시
20230481642,1,1,1,프로메테우스,식품제조가공업,경기도,경기도 군포시
20230481733,4,2,2,(주)호랑이나무,식품제조가공업,경기도,경기도 이천시
20230486300,1,1,1,주식회사 메종조 라보,식품제조가공업,경기도,경기도 하남시
20230486494,1,1,1,제이원푸드,식품제조가공업,경기도,경기도 하남시
20230486538,2,2,2,(주)심플리,식품제조가공업,경기도,경기도 하남시
20230486703,3,3,3,시원푸드(SIWON FOOD),식품제조가공업,경기도,경기도 하남시
20230486809,2,2,2,빠삐용빵 팩토리,식품제조가공업,경기도,경기도 하남시
20230487623,2,2,2,주식회사 온더브레드,식품제조가공업,경기도,경기도 하남시
20230487989,1,1,1,(주)청정푸드,식품제조가공업,경기도,경기도 하남시
20230489037,1,1,1,내복곰과자점,식품제조가공업,경기도,경기도 용인시
20230489041,3,3,3,주식회사 희망별숲,식품제조가공업,경기도,경기도 용인시
20230489056,2,2,2,파인땡큐앤유,식품제조가공업,경기도,경기도 용인시
20230489069,1,1,1,국화 Dream,식품제조가공업,경기도,경기도 용인시
20230489076,2,2,2,(주)조은에프앤비,식품제조가공업,경기도,경기도 용인시
20230489153,2,1,1,마더스프레쉬,식품제조가공업,경기도,경기도 수원시
20230489162,1,1,1,농업회사법인 드림푸드(주),식품제조가공업,경기도,경기도 용인시
20230489168,3,3,3,주식회사 더블스윗,식품제조가공업,경기도,경기도 용인시
20230489205,1,1,1,(주)이두부야,식품제조가공업,경기도,경기도 용인시
20230489209,2,2,2,주식회사 브로스라팡,식품제조가공업,경기도,경기도 용인시
20230489222,1,1,1,예성푸드,식품제조가공업,경기도,경기도 용인시
20230489239,1,1,1,수오이서,식품제조가공업,경기도,경기도 용인시
20230501071,5,5,5,주식회사 푸드에스엠,식품제조가공업,경기도,경기도 파주시
20230501089,2,2,2,(주)하늘재,식품제조가공업,경기도,경기도 파주시
20230501112,2,2,2,(주)우고래빗,식품제조가공업,경기도,경기도 파주시
20230501149,3,2,2,(주)닥터브레드,식품제조가공업,경기도,경기도 파주시
20230501269,3,3,3,(주)소올담,식품제조가공업,경기도,경기도 파주시
20230501577,1,1,1,농업회사법인(주) 수지스링크,식품첨가물제조업,경기도,경기도 파주시
20230501716,2,2,2,농업회사법인(주)아이엘미르,식품제조가공업,경기도,경기도 파주시
20230501980,3,3,3,(주)코리아푸드 B공장,식품제조가공업,경기도,경기도 파주시
20230501987,3,3,3,농업회사법인 두미온 주식회사,식품제조가공업,경기도,경기도 파주시
20230502542,2,2,2,주식회사 고려농산,식품제조가공업,경기도,경기도 파주시
20230502889,1,1,1,농업회사법인(주)수지스링크 2공장,식품제조가공업,경기도,경기도 파주시
20230502891,1,1,1,주식회사 지앤식품,식품제조가공업,경기도,경기도 파주시
20230503353,1,1,1,이당푸드,식품제조가공업,경기도,경기도 파주시
20230503548,1,1,1,153패밀리 주식회사,식품제조가공업,경기도,경기도 파주시
20230503559,2,2,2,이음푸드 협동조합,식품제조가공업,경기도,경기도 파주시
20230505015,1,1,1,농업회사법인 이에프시,식품제조가공업,경기도,경기도 이천시
20230505102,1,1,1,더본푸드,식품제조가공업,경기도,경기도 이천시
20230505112,1,1,1,농촌사랑 영농조합법인,집단급식소 식품판매업,경기도,경기도 이천시
20230505308,2,2,2,농업회사법인 제이 주식회사,식품제조가공업,경기도,경기도 이천시
20230505540,1,1,1,주식회사 벨리푸드,식품제조가공업,경기도,경기도 이천시
20230505650,9,9,9,주식회사 맛의향연,식품제조가공업,경기도,경기도 이천시
20230505745,1,1,1,보은푸드,식품제조가공업,경기도,경기도 이천시
20230505752,1,1,1,주식회사 에프디팜,식품소분업,경기도,경기도 이천시
20230505944,1,1,1,주식회사 맛의향연,식품소분업,경기도,경기도 이천시
20230505945,1,1,1,라이스데이,식품제조가공업,경기도,경기도 이천시
20230506004,2,2,2,주식회사 우리푸드,식품제조가공업,경기도,경기도 이천시
20230508152,1,1,1,(주)썬푸드시스템,식품제조가공업,경기도,경기도 안성시
20230508408,1,1,1,삼다원,식품제조가공업,경기도,경기도 안성시
20230508465,1,1,1,(주)본초바이오,식품제조가공업,경기도,경기도 안성시
20230508508,1,1,1,(주)금화피앤에스,식품제조가공업,경기도,경기도 안성시
20230508530,4,4,4,(주)아미에프앤엘,식품제조가공업,경기도,경기도 안성시
20230508801,1,1,1,주식회사 씨드앤씨드,식품제조가공업,경기도,경기도 안성시
20230508868,2,2,2,청학동농업회사법인(주),식품제조가공업,경기도,경기도 안성시
20230511280,1,1,1,주식회사에이치투뉴트리션,식품제조가공업,경기도,경기도 김포시
20230511360,2,2,2,주식회사 하성에프앤비,식품제조가공업,경기도,경기도 김포시
20230511382,3,3,3,농업회사법인연꽃정원유한회사,식품제조가공업,경기도,경기도 김포시
20230511884,2,2,2,제이에스푸드,식품제조가공업,경기도,경기도 김포시
20230512068,1,1,1,농업회사법인하얀술주식회사,식품제조가공업,경기도,경기도 김포시
20230512197,3,3,3,(주)미담,식품제조가공업,경기도,경기도 김포시
20230512219,1,1,1,(주)청호,식품제조가공업,경기도,경기도 김포시
20230512224,2,2,2,(주)본가농산,식품제조가공업,경기도,경기도 김포시
20230512676,1,1,1,주식회사 러빙네이쳐,식품제조가공업,경기도,경기도 김포시
20230512852,2,2,2,주식회사 지니스,식품제조가공업,경기도,경기도 김포시
20230512980,1,1,1,스트릿푸드,식품제조가공업,경기도,경기도 김포시
20230513116,1,1,1,말랑,식품제조가공업,경기도,경기도 김포시
20230513230,3,3,3,주식회사 다온푸드,식품제조가공업,경기도,경기도 김포시
20230516529,1,1,1,보사노바 제2로스팅공장,식품제조가공업,경기도,경기도 화성시
20230516568,3,3,3,주식회사 마노아컴퍼니(Manoah company),식품제조가공업,경기도,경기도 화성시
20230516891,2,2,2,송원,식품제조가공업,경기도,경기도 화성시
20230517145,2,2,2,농업회사법인 팜푸드(주),식품제조가공업,경기도,경기도 화성시
20230517206,2,2,2,(주)라라에프엔비,식품제조가공업,경기도,경기도 화성시
20230517254,1,1,1,농업회사법인 주식회사 서울빵집,식품제조가공업,경기도,경기도 화성시
20230517392,1,1,1,주식회사 엠앤에이치푸드,식품제조가공업,경기도,경기도 화성시
20230517613,1,1,1,봄안에,식품제조가공업,경기도,경기도 화성시
20230517835,1,1,1,(주)유지컴퍼니,식품제조가공업,경기도,경기도 화성시
20230517938,1,1,1,이강바이오컴퍼니 주식회사,식품제조가공업,경기도,경기도 화성시
20230517987,1,1,1,(주)디에스푸드웰 화성지점,식품제조가공업,경기도,경기도 화성시
20230518269,1,1,1,(주)갤로스인터내셔널,식품제조가공업,경기도,경기도 화성시
20230518747,2,2,2,(주)이엔에스씨,식품제조가공업,경기도,경기도 화성시
20230518837,2,2,2,서서푸드,식품제조가공업,경기도,경기도 화성시
20230518926,1,1,1,에스제이푸드,식품제조가공업,경기도,경기도 화성시
20230518941,6,3,3,(주)하루더함,식품제조가공업,경기도,경기도 화성시
20230519104,4,4,4,이앤시스템,식품제조가공업,경기도,경기도 화성시
20230519190,2,2,2,뜰아래김치,식품제조가공업,경기도,경기도 화성시
20230519288,3,3,3,푸디앤코,식품제조가공업,경기도,경기도 화성시
20230519582,2,2,2,고트고트,식품제조가공업,경기도,경기도 화성시
20230519641,1,1,1,동인에스앤에프 주식회사,식품제조가공업,경기도,경기도 화성시
20230520206,1,1,1,주식회사 테라도스,식품제조가공업,경기도,경기도 화성시
20230520420,3,3,3,주식회사 에이마트,식품제조가공업,경기도,경기도 화성시
20230520518,1,1,1,주식회사 잇띵,식품제조가공업,경기도,경기도 화성시
20230520770,1,1,1,주식회사 올바른에프앤비 화성공장,식품제조가공업,경기도,경기도 화성시
20230520904,1,1,1,(주)웰스프레쉬,식품제조가공업,경기도,경기도 화성시
20230522094,1,1,1,이조푸드,식품제조가공업,경기도,경기도 광주시
20230522284,1,1,1,주식회사 바이오션,식품제조가공업,경기도,경기도 광주시
20230522322,1,1,1,(주)마중물,식품제조가공업,경기도,경기도 광주시
20230522354,2,2,2,주식회사 힐링,식품제조가공업,경기도,경기도 광주시
20230522414,14,14,11,(주)예본바이오 F1,식품제조가공업,경기도,경기도 광주시
20230522416,1,1,1,농업회사법인 주식회사 잇츠프레시,식품제조가공업,경기도,경기도 광주시
20230522485,1,1,1,바로프레시 주식회사,식품제조가공업,경기도,경기도 광주시
20230522537,2,2,2,(주)시윤 고르드연구소,식품제조가공업,경기도,경기도 광주시
20230523035,1,1,1,(주)다인팩토리,식품제조가공업,경기도,경기도 광주시
20230523091,2,2,2,(주)더맑음,식품제조가공업,경기도,경기도 광주시
20230523102,3,3,3,(주)다온인터내셔널,식품제조가공업,경기도,경기도 광주시
20230523115,1,1,1,제이푸드,식품제조가공업,경기도,경기도 광주시
20230523136,2,2,2,동우농산(주)제3공장,식품제조가공업,경기도,경기도 광주시
20230523247,1,1,1,리프레쉬주식회사,식품제조가공업,경기도,경기도 광주시
20230523400,1,1,1,(주)기센코리아,식품제조가공업,경기도,경기도 광주시
20230525125,7,7,7,주식회사 피에이치바이오,식품제조가공업,경기도,경기도 양주시
20230525327,1,1,1,팜랜드코리아 농업회사법인(주),식품제조가공업,경기도,경기도 양주시
20230525530,2,2,2,제이투네이처,식품제조가공업,경기도,경기도 양주시
20230525802,2,2,1,건화식품,식품제조가공업,경기도,경기도 양주시
20230526029,1,1,1,티브라더스,식품제조가공업,경기도,경기도 양주시
20230526052,1,1,1,벼리제이앤씨,식품제조가공업,경기도,경기도 양주시
20230528032,4,4,4,숭인내추럴팜(주) 제1공장,식품제조가공업,경기도,경기도 포천시
20230528040,3,3,3,대한당,식품제조가공업,경기도,경기도 포천시
20230528060,4,4,4,포천시농산물종합가공센터,식품제조가공업,경기도,경기도 포천시
20230528123,1,1,1,두레자연마을농업회사법인유한회사,식품제조가공업,경기도,경기도 포천시
20230528144,8,8,8,바이오디피씨(주),식품제조가공업,경기도,경기도 포천시
20230528157,3,3,3,(주)태향,식품제조가공업,경기도,경기도 포천시
20230528273,2,2,2,쏭푸드,식품제조가공업,경기도,경기도 포천시
20230528282,2,2,2,H&D,식품제조가공업,경기도,경기도 포천시
20230528372,3,3,3,(주)경주생약 제2공장,식품제조가공업,경기도,경기도 포천시
20230528539,1,1,1,포천시먹거리통합지원센터,식품제조가공업,경기도,경기도 포천시
20230531127,2,2,2,농업회사법인 주식회사 예선재 2공장,식품제조가공업,경기도,경기도 여주시
20230533022,2,2,2,(주)별미식품 도너츠윤,식품제조가공업,경기도,경기도 연천군
20230533023,3,3,3,농업회사법인 디엠지미술관 주식회사,식품제조가공업,경기도,경기도 연천군
20230535016,6,6,6,화가장가평발효과학,식품제조가공업,경기도,경기도 가평군
20230535138,1,1,1,미미당(낙원떡집),식품제조가공업,경기도,경기도 가평군
20230535253,1,1,1,주식회사 패밀리팜,식품제조가공업,경기도,경기도 가평군
20230541172,1,1,1,춘천그린식품,식품소분업,강원특별자치도,강원특별자치도 춘천시
20230541813,3,3,3,농업회사법인주식회사 베이크팜,식품제조가공업,강원특별자치도,강원특별자치도 춘천시
20230541854,1,1,1,(주)닥터엠,식품제조가공업,강원특별자치도,강원특별자치도 춘천시
20230542089,1,1,1,(주)대원당,식품제조가공업,강원특별자치도,강원특별자치도 춘천시
20230542095,1,1,1,농업회사법인 (주)예농하우스,식품제조가공업,강원특별자치도,강원특별자치도 춘천시
20230545046,2,2,2,(주)바프원주공장,식품제조가공업,강원특별자치도,강원특별자치도 원주시
20230545553,3,3,3,어바운드컴퍼니,식품제조가공업,강원특별자치도,강원특별자치도 원주시
20230545733,1,1,1,(주)천율식품,식품제조가공업,강원특별자치도,강원특별자치도 원주시
20230545806,1,1,1,주식회사더브레드팩토리,식품제조가공업,강원특별자치도,강원특별자치도 원주시
20230546026,1,1,1,(주)바프원주공장,식품소분업,강원특별자치도,강원특별자치도 원주시
20230546069,2,2,2,사람과곤충영농조합법인,식품제조가공업,강원특별자치도,강원특별자치도 원주시
20230549037,1,1,1,주식회사에꼴드몽키,식품제조가공업,강원특별자치도,강원특별자치도 강릉시
20230549098,1,1,1,아리아리떡사랑,식품제조가공업,강원특별자치도,강원특별자치도 강릉시
20230549550,7,7,7,알랭뒤카스쇼콜라파리 메뉴팩처 강릉,식품제조가공업,강원특별자치도,강원특별자치도 강릉시
20230550422,1,1,1,마더브레드커피컴퍼니주식회사,식품제조가공업,강원특별자치도,강원특별자치도 강릉시
20230550501,1,1,1,덕은한과,식품제조가공업,강원특별자치도,강원특별자치도 강릉시
20230553055,1,1,1,(주)노르코아쿠아월드,식품제조가공업,강원특별자치도,강원특별자치도 동해시
20230553098,3,3,3,사방식품,식품제조가공업,강원특별자치도,강원특별자치도 동해시
20230556095,2,2,2,(주)컴투네이처,식품제조가공업,강원특별자치도,강원특별자치도 태백시
20230556096,2,2,2,계절한모금,식품제조가공업,강원특별자치도,강원특별자치도 태백시
20230556112,5,5,5,참솔주식회사,식품제조가공업,강원특별자치도,강원특별자치도 태백시
20230558134,1,1,1,(주)나도쉐프,식품제조가공업,강원특별자치도,강원특별자치도 속초시
20230558523,2,2,2,속초지역자활센터 꼬소미,식품제조가공업,강원특별자치도,강원특별자치도 속초시
20230560066,3,3,3,(주)서원F&B,식품제조가공업,강원특별자치도,강원특별자치도 삼척시
20230560150,1,1,1,척주명과,식품제조가공업,강원특별자치도,강원특별자치도 삼척시
20230562194,1,1,1,(주)씨티씨바이오,식품제조가공업,강원특별자치도,강원특별자치도 홍천군
20230562200,2,2,2,주식회사 우진식품,식품제조가공업,강원특별자치도,강원특별자치도 홍천군
20230564071,1,1,1,주식회사 등고비,식품제조가공업,강원특별자치도,강원특별자치도 횡성군
20230564128,8,8,8,주식회사 예본바이오(F2),식품제조가공업,강원특별자치도,강원특별자치도 횡성군
20230566026,1,1,1,즐거운 농부,식품제조가공업,강원특별자치도,강원특별자치도 영월군
20230576006,1,1,1,양구농산물가공지원센터(해안점),식품제조가공업,강원특별자치도,강원특별자치도 양구군
20230576008,1,1,1,농업회사법인 주식회사 프레스네이처,식품제조가공업,강원특별자치도,강원특별자치도 양구군
20230578034,1,1,1,인제군 고품질 벌꿀종합가공센터,식품소분업,강원특별자치도,강원특별자치도 인제군
20230580055,1,1,1,왕곡한과,식품제조가공업,강원특별자치도,강원특별자치도 고성군
20230580144,1,1,1,(주)마카푸드,식품제조가공업,강원특별자치도,강원특별자치도 고성군
20230582291,1,1,1,곰밭길 농원,식품제조가공업,강원특별자치도,강원특별자치도 양양군
20230586066,2,2,2,유니바이오팜,식품제조가공업,충청북도,충청북도 청주시
20230586069,1,1,1,찐빵공장,식품제조가공업,충청북도,충청북도 청주시
20230586080,1,1,1,바이오민 주식회사,식품제조가공업,충청북도,충청북도 청주시
20230586101,1,1,1,태평ch,식품제조가공업,충청북도,충청북도 청주시
20230586102,1,1,1,유진하이텍(주)오송바이오공장,식품제조가공업,충청북도,충청북도 청주시
20230586105,1,1,1,주식회사 케이푸드트리밍,식품제조가공업,충청북도,충청북도 청주시
20230586107,2,2,2,파란,식품제조가공업,충청북도,충청북도 청주시
20230586122,2,2,2,은수 에프앤비,식품제조가공업,충청북도,충청북도 청주시
20230609038,1,1,1,영진물산,식품제조가공업,충청북도,충청북도 충주시
20230609142,1,1,1,늘푸른흑염소영농조합법인,식품제조가공업,충청북도,충청북도 충주시
20230609394,1,1,1,농업회사법인나래주식회사,식품제조가공업,충청북도,충청북도 충주시
20230609840,1,1,1,리코푸드서비스(주),식품제조가공업,충청북도,충청북도 충주시
20230609874,10,10,10,(주)뉴트리션바이오,식품제조가공업,충청북도,충청북도 충주시
20230612130,1,1,1,농업회사법인 넉넉한 사람들(주) 2공장,식품제조가공업,충청북도,충청북도 제천시
20230612216,1,1,1,(주)신영에이치에스 제2공장,식품제조가공업,충청북도,충청북도 제천시
20230612244,2,2,2,(주)동광바이오,식품제조가공업,충청북도,충청북도 제천시
20230612332,7,7,7,(주)웰레스트,식품제조가공업,충청북도,충청북도 제천시
20230612560,2,2,2,(주)와이케이컴퍼니 1공장,식품제조가공업,충청북도,충청북도 제천시
20230617101,3,3,3,주식회사 비움사랑,식품제조가공업,충청북도,충청북도 옥천군
20230617113,1,1,1,리포메이드,식품제조가공업,충청북도,충청북도 옥천군
20230617129,4,4,4,진벌꿀푸드,식품제조가공업,충청북도,충청북도 옥천군
20230621003,1,1,1,엘골인바이오(주),식품제조가공업,충청북도,충청북도 증평군
20230623014,1,1,1,매일영농조합법인 진천지점,식품제조가공업,충청북도,충청북도 진천군
20230623146,2,2,2,주식회사 케이비푸드,식품제조가공업,충청북도,충청북도 진천군
20230623271,1,1,1,당골친환경영농조합법인,식품제조가공업,충청북도,충청북도 진천군
20230623401,7,7,7,(주)내츄럴스푸드 할랄전용공장,식품제조가공업,충청북도,충청북도 진천군
20230623425,1,1,1,지피팜스,식품제조가공업,충청북도,충청북도 진천군
20230623429,2,2,2,(주)드림유업,식품제조가공업,충청북도,충청북도 진천군
20230625003,3,3,3,둔율올갱이영농조합법인,식품제조가공업,충청북도,충청북도 괴산군
20230625017,1,1,1,농업회사법인 (주)뜨란,식품제조가공업,충청북도,충청북도 괴산군
20230625068,3,3,3,하늘느티,식품제조가공업,충청북도,충청북도 괴산군
20230625141,1,1,1,지디앤와이 주식회사,식품제조가공업,충청북도,충청북도 괴산군
20230627062,2,2,2,그린랜드(주),식품제조가공업,충청북도,충청북도 음성군
20230627153,15,15,15,(주)코지맘바이오,식품제조가공업,충청북도,충청북도 음성군
20230627169,1,1,1,주식회사 아이랑,식품제조가공업,충청북도,충청북도 음성군
20230627213,10,5,5,주식회사 남선푸드,식품제조가공업,충청북도,충청북도 음성군
20230627271,4,2,2,(주)새움,식품제조가공업,충청북도,충청북도 음성군
20230627277,2,2,2,(주)호연,식품제조가공업,충청북도,충청북도 음성군
20230627301,1,1,1,주식회사 승일,식품소분업,충청북도,충청북도 음성군
20230627469,3,3,3,(주)유림에프앤비,식품제조가공업,충청북도,충청북도 음성군
20230634068,1,1,1,뉴트로식품,식품제조가공업,충청남도,충청남도 천안시
20230634151,1,1,1,젊은사장,식품제조가공업,충청남도,충청남도 천안시
20230634223,1,1,1,주식회사이앤티,식품제조가공업,충청남도,충청남도 천안시
20230634402,1,1,1,도도레시피본점,식품제조가공업,충청남도,충청남도 천안시
20230634643,5,5,5,주식회사한산오앤에프,식품제조가공업,충청남도,충청남도 천안시
20230634656,1,1,1,모두가반한호두파이,식품제조가공업,충청남도,충청남도 천안시
20230634763,1,1,1,주식회사메디스턴,식품제조가공업,충청남도,충청남도 천안시
20230634845,1,1,1,프리퍼팩토리,식품제조가공업,충청남도,충청남도 천안시
20230634883,2,2,2,포레스트디저트,식품제조가공업,충청남도,충청남도 천안시
20230634898,1,1,1,몽상가인팩토리,식품제조가공업,충청남도,충청남도 천안시
20230635177,1,1,1,주식회사 엔케이워터,식품제조가공업,충청남도,충청남도 천안시
20230635267,1,1,1,천안옛날호두과자본점,식품제조가공업,충청남도,충청남도 천안시
20230635322,1,1,1,주식회사 쿠킹스토리,식품제조가공업,충청남도,충청남도 천안시
20230635355,1,1,1,함지,식품제조가공업,충청남도,충청남도 천안시
20230643030,1,1,1,세은바이오,식품제조가공업,충청남도,충청남도 당진시
20230643035,3,3,3,김민지황태된장,식품제조가공업,충청남도,충청남도 당진시
20230643432,4,4,3,(주)더기븐,식품제조가공업,충청남도,충청남도 당진시
20230646054,5,5,4,공주산성시장협동조합,식품제조가공업,충청남도,충청남도 공주시
20230646266,1,1,1,더건강한농원,식품제조가공업,충청남도,충청남도 공주시
20230648123,1,1,1,광천김공장,식품제조가공업,충청남도,충청남도 보령시
20230648131,1,1,1,(주)파란해,식품제조가공업,충청남도,충청남도 보령시
20230648302,5,5,5,어업회사법인 대보 주식회사,식품제조가공업,충청남도,충청남도 보령시
20230648365,3,3,3,농업회사법인 주식회사 보령스마트팜,식품제조가공업,충청남도,충청남도 보령시
20230648383,1,1,1,대박마을,식품제조가공업,충청남도,충청남도 보령시
20230651088,1,1,1,행복한광어 영어조합법인,식품제조가공업,충청남도,충청남도 아산시
20230651269,2,2,2,유니메드제약,식품제조가공업,충청남도,충청남도 아산시
20230651890,3,3,3,해찬솔 에프쓰리 2공장,식품제조가공업,충청남도,충청남도 아산시
20230652197,2,2,2,돈 아쿠아,식품제조가공업,충청남도,충청남도 아산시
20230654657,1,1,1,이슬숲감태영어조합법인,식품제조가공업,충청남도,충청남도 서산시
20230656043,1,1,1,주식회사 에스앤비푸드,식품제조가공업,충청남도,충청남도 논산시
20230656125,1,1,1,농업회사법인주식회사두리두리,식품소분업,충청남도,충청남도 논산시
20230656153,3,3,3,명우에프앤지주식회사,식품제조가공업,충청남도,충청남도 논산시
20230656172,1,1,1,사조동아원(주)광석공장,식품제조가공업,충청남도,충청남도 논산시
20230656300,2,2,2,(주)강푸드,식품제조가공업,충청남도,충청남도 논산시
20230656384,1,1,1,엘케이푸드(주),식품제조가공업,충청남도,충청남도 논산시
20230656478,2,2,2,바다수산,식품제조가공업,충청남도,충청남도 논산시
20230656505,2,2,2,(주)세일에프앤비,식품제조가공업,충청남도,충청남도 논산시
20230656537,1,1,1,농업회사법인 주식회사 성심팜,식품제조가공업,충청남도,충청남도 논산시
20230659218,2,2,2,최강달인푸드 주식회사 계룡지점,식품제조가공업,충청남도,충청남도 계룡시
20230661053,1,1,1,홉스식품,식품제조가공업,충청남도,충청남도 금산군
20230661137,4,4,2,세종에프앤비 주식회사,식품제조가공업,충청남도,충청남도 금산군
20230661158,1,1,1,오케이뻥,식품제조가공업,충청남도,충청남도 금산군
20230661190,1,1,1,주식회사 내추럴앤그린바이오 농업회사법인,식품제조가공업,충청남도,충청남도 금산군
20230663197,2,2,2,영자씨의 부엌,식품제조가공업,충청남도,충청남도 부여군
20230665048,1,1,1,땡큐베리,식품제조가공업,충청남도,충청남도 서천군
20230667084,2,2,2,청양군친환경농업영농조합법인,식품제조가공업,충청남도,충청남도 청양군
20230669256,2,2,2,농업회사법인(주)대산,식품제조가공업,충청남도,충청남도 홍성군
20230669354,1,1,1,대한경기영농조합법인,식품제조가공업,충청남도,충청남도 홍성군
20230671105,1,1,1,콘플러스,식품제조가공업,충청남도,충청남도 예산군
20230673022,1,1,1,주식회사천수,식품제조가공업,충청남도,충청남도 태안군
20230673188,1,1,1,맛수러움주식회사,식품제조가공업,충청남도,충청남도 태안군
20230683037,3,3,3,농업회사법인주식회사자연앤미,식품제조가공업,전북특별자치도,전북특별자치도 전주시
20230683091,2,2,2,"(주)용문농업회사법인(YONGMUN Agricultural Co.,Ltd.)",식품제조가공업,전북특별자치도,전북특별자치도 전주시
20230683296,1,1,1,수산업협동조합중앙회전주공판장,식품제조가공업,전북특별자치도,전북특별자치도 전주시
20230683948,1,1,1,주식회사대광에프앤비,식품제조가공업,전북특별자치도,전북특별자치도 전주시
20230687108,1,1,1,자연애,식품제조가공업,전북특별자치도,전북특별자치도 군산시
20230687170,1,1,1,영농조합법인 늘처음처럼,식품제조가공업,전북특별자치도,전북특별자치도 군산시
20230687983,1,1,1,유한회사 바다음,식품제조가공업,전북특별자치도,전북특별자치도 군산시
20230691046,2,2,2,(주)에프비홀딩스 VCP,식품제조가공업,전북특별자치도,전북특별자치도 익산시
20230691072,1,1,1,(유)에이치앤,식품제조가공업,전북특별자치도,전북특별자치도 익산시
20230691173,1,1,1,에스시디디 주식회사 익산2공장,식품제조가공업,전북특별자치도,전북특별자치도 익산시
20230691364,1,1,1,다온팜스(익산지역자활센터),식품제조가공업,전북특별자치도,전북특별자치도 익산시
20230691370,1,1,1,두부명작(익산원광지역자활센터),식품제조가공업,전북특별자치도,전북특별자치도 익산시
20230691485,6,6,6,강산식품 농업회사법인 유한회사,식품제조가공업,전북특별자치도,전북특별자치도 익산시
20230691565,4,4,4,고려자연푸드 주식회사,식품제조가공업,전북특별자치도,전북특별자치도 익산시
20230691706,2,2,2,(주) 영구푸드,식품제조가공업,전북특별자치도,전북특별자치도 익산시
20230700116,1,1,1,농업회사법인주식회사우리농촌살리기공동네트워크,식품제조가공업,전북특별자치도,전북특별자치도 김제시
20230700119,2,2,2,한들향기,식품제조가공업,전북특별자치도,전북특별자치도 김제시
20230700201,1,1,1,리치푸드(주),식품제조가공업,전북특별자치도,전북특별자치도 김제시
20230700242,3,3,3,(주)참고을 지평선제2공장,식품제조가공업,전북특별자치도,전북특별자치도 김제시
20230702219,1,1,1,메디컬 건강면원 협동조합,식품제조가공업,전북특별자치도,전북특별자치도 완주군
20230704026,1,1,1,진희홍삼,식품제조가공업,전북특별자치도,전북특별자치도 진안군
20230704051,1,1,1,농업회사법인(주)한국인삼,식품제조가공업,전북특별자치도,전북특별자치도 진안군
20230706016,1,1,1,설천마을관리사회적협동조합,식품제조가공업,전북특별자치도,전북특별자치도 무주군
20230706018,2,2,2,농업회사법인 루시올 주식회사,식품제조가공업,전북특별자치도,전북특별자치도 무주군
20230706052,1,1,1,(주)아이엠무주,식품제조가공업,전북특별자치도,전북특별자치도 무주군
20230710153,1,1,1,(농)임실애플팜,식품제조가공업,전북특별자치도,전북특별자치도 임실군
20230712059,1,1,1,서순창농업협동조합,식품제조가공업,전북특별자치도,전북특별자치도 순창군
20230712062,2,2,2,주식회사 농업회사법인 성마리오농장,식품제조가공업,전북특별자치도,전북특별자치도 순창군
20230712113,1,1,1,케이푸드존F&B,식품제조가공업,전북특별자치도,전북특별자치도 순창군
20230714006,1,1,1,주식회사 경민에프엔비,식품제조가공업,전북특별자치도,전북특별자치도 고창군
20230714138,1,1,1,고창두부,식품제조가공업,전북특별자치도,전북특별자치도 고창군
20230716122,1,1,1,쎄미앤푸드,식품제조가공업,전북특별자치도,전북특별자치도 부안군
20230720583,1,1,1,목포에프앤비,식품제조가공업,전남광주통합특별시,전남광주통합특별시 목포시
20230724240,2,2,2,돌산수산,식품제조가공업,전남광주통합특별시,전남광주통합특별시 여수시
20230724466,4,4,4,여수황칠 갓김치,식품제조가공업,전남광주통합특별시,전남광주통합특별시 여수시
20230724959,1,1,1,조선모찌 주식회사,식품제조가공업,전남광주통합특별시,전남광주통합특별시 여수시
20230725068,1,1,1,가연스테이&가연팜,식품제조가공업,전남광주통합특별시,전남광주통합특별시 여수시
20230728160,2,2,2,한복심남도손김치,식품제조가공업,전남광주통합특별시,전남광주통합특별시 순천시
20230728540,2,2,2,청수정 협동조합,식품제조가공업,전남광주통합특별시,전남광주통합특별시 순천시
20230732040,2,2,2,농업회사법인 자연인바이오팜 주식회사,식품제조가공업,전남광주통합특별시,전남광주통합특별시 나주시
20230732236,1,1,1,주식회사 팜투글로벌,식품제조가공업,전남광주통합특별시,전남광주통합특별시 나주시
20230732349,1,1,1,주식회사 팜투글로벌,식품소분업,전남광주통합특별시,전남광주통합특별시 나주시
20230732465,1,1,1,디케이푸드CK,식품제조가공업,전남광주통합특별시,전남광주통합특별시 나주시
20230732514,3,3,3,농업회사법인 주식회사 미강,식품제조가공업,전남광주통합특별시,전남광주통합특별시 나주시
20230734046,1,1,1,태인도부각 협동조합,식품제조가공업,전남광주통합특별시,전남광주통합특별시 광양시
20230734180,1,1,1,광양김협동조합,식품제조가공업,전남광주통합특별시,전남광주통합특별시 광양시
20230734658,1,1,1,(주)선샤인푸드,식품제조가공업,전남광주통합특별시,전남광주통합특별시 광양시
20230737002,4,2,1,유림앤우성제과(주),식품제조가공업,전남광주통합특별시,전남광주통합특별시 광산구
20230737178,1,1,1,백억 잔기지떡,식품제조가공업,전남광주통합특별시,전남광주통합특별시 담양군
20230737207,1,1,1,농업회사법인(주)담양한과명진식품,식품제조가공업,전남광주통합특별시,전남광주통합특별시 담양군
20230741047,2,2,2,산수유꽃담길식품2공방,식품제조가공업,전남광주통합특별시,전남광주통합특별시 구례군
20230747134,7,7,7,(주) 청우F&B,식품제조가공업,전남광주통합특별시,전남광주통합특별시 화순군
20230747285,1,1,1,주식회사 화성에프앤디,식품제조가공업,전남광주통합특별시,전남광주통합특별시 화순군
20230747297,1,1,1,주식회사 농업회사법인 포프리,식품제조가공업,전남광주통합특별시,전남광주통합특별시 화순군
20230747308,2,2,2,주식회사 육해공푸드,식품제조가공업,전남광주통합특별시,전남광주통합특별시 화순군
20230749002,1,1,1,보고푸드(주)2공장,식품제조가공업,전남광주통합특별시,전남광주통합특별시 장흥군
20230749030,1,1,1,차담,식품제조가공업,전남광주통합특별시,전남광주통합특별시 장흥군
20230749096,2,2,2,다래마을,식품제조가공업,전남광주통합특별시,전남광주통합특별시 장흥군
20230751029,2,2,2,(주)새롬바이오에프,식품제조가공업,전남광주통합특별시,전남광주통합특별시 강진군
20230753061,2,2,2,해남군수산업협동조합 수산식품가공사업단,식품제조가공업,전남광주통합특별시,전남광주통합특별시 해남군
20230753096,1,1,1,농업회사법인 땅끝마을 북평쌍둥이네 절임 주식회사,식품제조가공업,전남광주통합특별시,전남광주통합특별시 해남군
20230753150,4,4,4,아르뫼영농조합법인 제2공장,식품제조가공업,전남광주통합특별시,전남광주통합특별시 해남군
20230753167,1,1,1,해가온,식품제조가공업,전남광주통합특별시,전남광주통합특별시 해남군
20230753172,4,4,4,땅끝품애농업회사법인(주),식품제조가공업,전남광주통합특별시,전남광주통합특별시 해남군
20230753187,1,1,1,농업회사법인 대동해남만호 유한회사,식품제조가공업,전남광주통합특별시,전남광주통합특별시 해남군
20230753195,2,2,2,주식회사방긋웃는농업회사법인,식품제조가공업,전남광주통합특별시,전남광주통합특별시 해남군
20230755078,1,1,1,농업회사법인 주식회사 영암한호떡집,식품제조가공업,전남광주통합특별시,전남광주통합특별시 영암군
20230757065,1,1,1,주식회사 유진에프엔비,식품제조가공업,전남광주통합특별시,전남광주통합특별시 무안군
20230759071,1,1,1,함평떡집,식품제조가공업,전남광주통합특별시,전남광주통합특별시 함평군
20230759095,1,1,1,천지명차(주)농업회사법인,식품제조가공업,전남광주통합특별시,전남광주통합특별시 함평군
20230761041,1,1,1,농업회사법인 주식회사 웰빙모시 식품,식품제조가공업,전남광주통합특별시,전남광주통합특별시 영광군
20230761097,1,1,1,그린영광굴비 2호점,식품제조가공업,전남광주통합특별시,전남광주통합특별시 영광군
20230763042,1,1,1,농업회사법인 주식회사 우진식품,식품제조가공업,전남광주통합특별시,전남광주통합특별시 장성군
20230763111,2,2,2,농업회사법인 삼손푸드(주) 제2공장,식품제조가공업,전남광주통합특별시,전남광주통합특별시 장성군
20230763121,1,1,1,주식회사 코코에프앤디,식품제조가공업,전남광주통합특별시,전남광주통합특별시 장성군
20230765038,1,1,1,어업회사법인 경영수산(유),식품제조가공업,전남광주통합특별시,전남광주통합특별시 완도군
20230767106,3,3,3,기적수산,식품제조가공업,전남광주통합특별시,전남광주통합특별시 진도군
20230773065,2,2,2,한바다씨푸드,식품제조가공업,경상북도,경상북도 포항시
20230773071,2,2,2,성용수산,식품제조가공업,경상북도,경상북도 포항시
20230773082,2,2,2,고려수산,식품제조가공업,경상북도,경상북도 포항시
20230773093,2,2,2,송림다움길마을관리 사회적협동조합,식품제조가공업,경상북도,경상북도 포항시
20230781321,1,1,1,(주)천명,식품제조가공업,경상북도,경상북도 경주시
20230782171,3,2,3,서가 농업회사법인 주식회사,식품제조가공업,경상북도,경상북도 경주시
20230785031,3,3,3,정담두부집,식품제조가공업,경상북도,경상북도 김천시
20230785058,2,2,2,팜스농업회사법인주식회사,식품제조가공업,경상북도,경상북도 김천시
20230788030,1,1,1,농업회사법인 에이치비바이오랜드 주식회사,식품제조가공업,경상북도,경상북도 안동시
20230788419,1,1,1,더 맛있는 간장 농업회사법인 주식회사,식품제조가공업,경상북도,경상북도 안동시
20230788733,1,1,1,주식회사 엔오바이오랜드,식품제조가공업,경상북도,경상북도 안동시
20230794081,1,1,1,카페클라우든,식품제조가공업,경상북도,경상북도 구미시
20230794323,2,2,2,(주)이티당제빵소,식품제조가공업,경상북도,경상북도 구미시
20230801381,1,1,1,영농조합법인 금강농산,식품제조가공업,경상북도,경상북도 영주시
20230803121,2,2,2,농업회사법인(주)어니스트파머 2공장,식품제조가공업,경상북도,경상북도 영천시
20230803139,1,1,1,주식회사 올빛,식품제조가공업,경상북도,경상북도 영천시
20230803184,1,1,1,(주)우진농업회사법인 제1공장,식품제조가공업,경상북도,경상북도 영천시
20230803294,1,1,1,농업회사법인(주)심박,식품제조가공업,경상북도,경상북도 영천시
20230805004,1,1,1,홍잠원,식품제조가공업,경상북도,경상북도 상주시
20230805195,3,3,3,동아에코팩 주식회사,식품제조가공업,경상북도,경상북도 상주시
20230805307,1,1,1,상주찐빵,식품제조가공업,경상북도,경상북도 상주시
20230808116,2,2,2,농업회사법인 느루담 주식회사,식품제조가공업,경상북도,경상북도 문경시
20230808193,1,1,1,웰플러스 에프앤비 주식회사,식품제조가공업,경상북도,경상북도 문경시
20230808258,1,1,1,문경오미자향토산업육성사업단,식품제조가공업,경상북도,경상북도 문경시
20230811089,1,1,1,(주)제때,식품제조가공업,경상북도,경상북도 경산시
20230811591,2,2,2,해오름에프앤비(F&B),식품제조가공업,경상북도,경상북도 경산시
20230811957,3,3,3,미리로컬푸드,식품제조가공업,경상북도,경상북도 경산시
20230816134,3,3,3,농업회사법인 주식회사 채비정,식품제조가공업,경상북도,경상북도 의성군
20230824013,2,2,2,신대흥 농식품,식품제조가공업,경상북도,경상북도 청도군
20230824026,2,2,2,풀빛프로폴리스,식품제조가공업,경상북도,경상북도 청도군
20230824046,2,2,2,(주)라온씨앤비,식품제조가공업,경상북도,경상북도 청도군
20230824089,2,2,2,농업회사법인 한채원 주식회사,식품제조가공업,경상북도,경상북도 청도군
20230824104,1,1,1,(주)에스앤비인터내셔널 제2공장,식품제조가공업,경상북도,경상북도 청도군
20230826001,1,1,1,농업회사법인 주식회사 가야식혜옥,식품제조가공업,경상북도,경상북도 고령군
20230830085,1,1,1,맛한가득,식품제조가공업,경상북도,경상북도 칠곡군
20230830180,3,3,3,(주)해올,식품제조가공업,경상북도,경상북도 칠곡군
20230830394,2,2,2,복이네 식품 소문난 김치,식품제조가공업,경상북도,경상북도 칠곡군
20230830461,1,1,1,주식회사 송원,식품제조가공업,경상북도,경상북도 칠곡군
20230832027,1,1,1,꿀마실 농업회사법인,식품소분업,경상북도,경상북도 예천군
20230832044,1,1,1,꿀마실 농업회사법인,식품제조가공업,경상북도,경상북도 예천군
20230844272,4,2,2,에스제이푸드,식품제조가공업,경상남도,경상남도 김해시
20230844554,2,2,2,설봄화반,식품제조가공업,경상남도,경상남도 창원시
20230852597,2,2,2,파이텍,식품제조가공업,경상남도,경상남도 창원시
20230858456,1,1,1,코아사글로벌(주),식품제조가공업,경상남도,경상남도 창원시
20230861118,1,1,1,주식회사 이삭,식품제조가공업,경상남도,경상남도 진주시
20230861518,1,1,1,부자밥상,식품제조가공업,경상남도,경상남도 진주시
20230861693,1,1,1,주식회사 엠버케이,식품제조가공업,경상남도,경상남도 진주시
20230861886,2,2,2,에이무르(AMOUR),식품제조가공업,경상남도,경상남도 진주시
20230865029,7,7,7,주식회사바다어장,식품제조가공업,경상남도,경상남도 통영시
20230865245,1,1,1,(주)해금강수산,식품소분업,경상남도,경상남도 통영시
20230865334,1,1,1,남평수산,식품제조가공업,경상남도,경상남도 통영시
20230865374,1,1,1,미륵미륵,식품제조가공업,경상남도,경상남도 통영시
20230868038,1,1,1,봄춘농장,식품제조가공업,경상남도,경상남도 사천시
20230868164,1,1,1,농업회사법인(주)희망팜,식품제조가공업,경상남도,경상남도 사천시
20230868182,1,1,1,주식회사 삼천포,식품제조가공업,경상남도,경상남도 사천시
20230868382,2,2,2,주식회사 해오름식품,식품제조가공업,경상남도,경상남도 사천시
20230868391,2,2,1,사천차떡,식품제조가공업,경상남도,경상남도 사천시
20230868419,2,2,2,어업회사법인 주식회사 조혜정의 멸치연구소,식품제조가공업,경상남도,경상남도 사천시
20230871116,1,1,1,주식회사 제이에이치에프,식품제조가공업,경상남도,경상남도 김해시
20230871132,1,1,1,열매,식품제조가공업,경상남도,경상남도 김해시
20230871630,1,1,1,주식회사 에이원식품,식품제조가공업,경상남도,경상남도 김해시
20230875038,1,1,1,루비랑 농업회사법인주식회사,식품제조가공업,경상남도,경상남도 밀양시
20230880192,6,6,6,태화식품공업(주)2공장,식품제조가공업,경상남도,경상남도 양산시
20230881498,1,1,1,24시 부산순대,식품제조가공업,경상남도,경상남도 양산시
20230894133,1,1,1,주식회사 마싯즘,식품제조가공업,경상남도,경상남도 하동군
20230896076,1,1,1,영남푸드,식품제조가공업,경상남도,경상남도 산청군
20230896084,3,3,3,농업회사법인 (주) 지리산동의촌,식품제조가공업,경상남도,경상남도 산청군
20230900284,1,1,1,(주)하늘바이오 농업회사법인 제3공장,식품제조가공업,경상남도,경상남도 거창군
20230900285,1,1,1,거창랜드,식품제조가공업,경상남도,경상남도 거창군
20230902026,1,1,1,왕후쌀빵나라,식품제조가공업,경상남도,경상남도 합천군
20230902114,2,2,2,왕후오곡쌀빵,식품제조가공업,경상남도,경상남도 합천군
20230902124,1,1,1,약산에산들강 농업회사법인(주),식품제조가공업,경상남도,경상남도 합천군
20230906204,3,3,3,주식회사신신,식품제조가공업,제주특별자치도,제주특별자치도 제주시
20230906406,1,1,1,농업회사법인제주아이스크림주식회사,식품제조가공업,제주특별자치도,제주특별자치도 제주시
20230906550,1,1,1,금능맛차롱협동조합,식품제조가공업,제주특별자치도,제주특별자치도 제주시
20230906589,1,1,1,마실오메기떡,식품제조가공업,제주특별자치도,제주특별자치도 제주시
20230906814,1,1,1,주식회사미손푸드,식품제조가공업,제주특별자치도,제주특별자치도 제주시
20230906899,1,1,1,폰스,식품제조가공업,제주특별자치도,제주특별자치도 제주시
20230907248,2,2,2,태성수산,식품제조가공업,제주특별자치도,제주특별자치도 제주시
20230907261,1,1,1,주식회사첫제주,식품제조가공업,제주특별자치도,제주특별자치도 제주시
20230907440,1,1,1,주식회사 잇츠허니,식품제조가공업,제주특별자치도,제주특별자치도 제주시
20230907856,2,2,2,주식회사마마그로브,식품제조가공업,제주특별자치도,제주특별자치도 제주시
20230907876,1,1,1,(주)썸제주,식품제조가공업,제주특별자치도,제주특별자치도 제주시
20230908311,1,1,1,(주)달콤한제주,식품제조가공업,제주특별자치도,제주특별자치도 제주시
20230911252,1,1,1,더나은축산유통,식품제조가공업,제주특별자치도,제주특별자치도 서귀포시
20230911406,1,1,1,서귀포일터나눔지역자활센터,식품제조가공업,제주특별자치도,제주특별자치도 서귀포시
20230911909,1,1,1,농업회사법인 (주)제주푸름,식품제조가공업,제주특별자치도,제주특별자치도 서귀포시
20240026635,2,2,2,농업회사법인 유한회사 향기품은수울섬,식품제조가공업(주류),전남광주통합특별시,전남광주통합특별시 보성군
20240028918,3,3,3,데일리 브루잉,식품제조가공업(주류),충청북도,충청북도 증평군
20240029115,1,1,1,영동와인 주식회사 농업회사법인,식품제조가공업(주류),충청북도,충청북도 영동군
20240054318,1,1,1,유어네이키드치즈,식품제조가공업,서울특별시,서울특별시 성동구
20240054404,3,3,3,지피(GP) 성수,식품제조가공업,서울특별시,서울특별시 성동구
20240054512,1,1,1,태극당 성수공장,식품제조가공업,서울특별시,서울특별시 성동구
20240054713,3,3,3,리틀바잇모어,식품제조가공업,서울특별시,서울특별시 성동구
20240055083,1,1,1,주식회사 아이엠베이글랩,식품제조가공업,서울특별시,서울특별시 성동구
20240058517,2,1,1,주식회사 스카이원네트웍스,식품제조가공업,경기도,경기도 광주시
20240063062,1,1,1,오월애,식품제조가공업,서울특별시,서울특별시 동대문구
20240067036,1,1,1,도쿄베이커리 분점,식품제조가공업,서울특별시,서울특별시 중랑구
20240067880,1,1,1,주식회사 다원떡 망우점,식품제조가공업,서울특별시,서울특별시 중랑구
20240072259,1,1,1,은영제과,식품제조가공업,서울특별시,서울특별시 성북구
20240093149,1,1,1,생과방,식품제조가공업,서울특별시,서울특별시 서대문구
20240097455,1,1,1,프레쎄,식품제조가공업,서울특별시,서울특별시 마포구
20240109890,1,1,1,주식회사 급식프로,식품제조가공업,서울특별시,서울특별시 강서구
20240113875,2,2,2,군자 주식회사,식품제조가공업,서울특별시,서울특별시 구로구
20240114343,1,1,1,주식회사 유토피아간장게장,식품제조가공업,서울특별시,서울특별시 구로구
20240118133,2,2,2,주식회사 버쉘,식품제조가공업,서울특별시,서울특별시 금천구
20240118540,1,1,1,주식회사 만나에프엔비,식품제조가공업,서울특별시,서울특별시 금천구
20240118601,1,1,1,(주)에이디엘그룹,식품제조가공업,서울특별시,서울특별시 금천구
20240118934,1,1,1,치플레 가산공장,식품제조가공업,서울특별시,서울특별시 금천구
20240118946,2,2,2,(유)트리뷰트컬렉션,식품제조가공업,서울특별시,서울특별시 금천구
20240118970,1,1,1,킹스톤에프앤비 주식회사,식품제조가공업,서울특별시,서울특별시 금천구
20240121044,1,1,1,주식회사 설봄(SEOLBOM),식품제조가공업,서울특별시,서울특별시 영등포구
20240122531,1,1,1,이에이치사회적협동조합,식품제조가공업,서울특별시,서울특별시 영등포구
20240137394,1,1,1,주식회사 새한장성,식품제조가공업,서울특별시,서울특별시 서초구
20240138455,1,1,1,(주)알앤비푸드테크,식품제조가공업,서울특별시,서울특별시 서초구
20240145988,1,1,1,맛있는찬,식품제조가공업,서울특별시,서울특별시 강남구
20240146260,2,2,2,한국집,식품제조가공업,서울특별시,서울특별시 강남구
20240146370,2,2,2,주식회사 맛의끗사람들,식품제조가공업,서울특별시,서울특별시 강남구
20240147743,1,1,1,팥티셰,식품제조가공업,서울특별시,서울특별시 강남구
20240155351,4,2,2,델리프컴퍼니,식품제조가공업,경기도,경기도 성남시
20240155625,3,3,3,(주)봄담메디푸드,식품제조가공업,서울특별시,서울특별시 송파구
20240156232,2,2,2,디저트문정LAB,식품제조가공업,서울특별시,서울특별시 송파구
20240169185,2,1,1,채선당도시락 부산보건대점,식품제조가공업,부산광역시,부산광역시 사하구
20240174083,1,1,1,비알코리아(주)부산 라마다 TC,식품제조가공업,부산광역시,부산광역시 동구
20240176024,1,1,1,(주)후누BDF,식품제조가공업,부산광역시,부산광역시 영도구
20240176043,3,3,3,(주)후누BDF(2공장),식품제조가공업,부산광역시,부산광역시 영도구
20240178078,2,2,2,온타임,식품제조가공업,부산광역시,부산광역시 부산진구
20240182265,1,1,1,조방할매낙지,식품제조가공업,부산광역시,부산광역시 동래구
20240189131,2,2,2,진우제과(Jinwoo Snack),식품제조가공업,부산광역시,부산광역시 북구
20240189322,1,1,1,참브레드,식품제조가공업,부산광역시,부산광역시 북구
20240196286,1,1,1,(주)레인보우에프엔에스,식품소분업,부산광역시,부산광역시 사하구
20240196633,3,3,3,(주)레인보우에프엔에스,식품제조가공업,부산광역시,부산광역시 사하구
20240200341,1,1,1,(주)더 좋은 푸드,식품제조가공업,부산광역시,부산광역시 금정구
20240200449,1,1,1,스크러피 랩,식품제조가공업,부산광역시,부산광역시 금정구
20240203151,2,2,2,(주)자연가득찬에프에스(FS),식품제조가공업,부산광역시,부산광역시 강서구
20240203391,1,1,1,(주)두영씨앤알 대저지점,식품소분업,부산광역시,부산광역시 강서구
20240203422,11,11,11,주식회사 미쁨생활건강,식품제조가공업,부산광역시,부산광역시 강서구
20240203426,1,1,1,(주)삼경상사,식품제조가공업,부산광역시,부산광역시 강서구
20240203472,2,2,2,케이터링서비스파트너(주) 부산지점,식품제조가공업,부산광역시,부산광역시 강서구
20240203683,1,1,1,(주)다감,식품제조가공업,부산광역시,부산광역시 강서구
20240208285,1,1,1,(주)브라보비버부산,식품제조가공업,부산광역시,부산광역시 수영구
20240211059,1,1,1,온이식품,식품제조가공업,부산광역시,부산광역시 사상구
20240211299,1,1,1,만나푸드,식품제조가공업,부산광역시,부산광역시 사상구
20240211306,1,1,1,(주)조은우리푸드,식품제조가공업,부산광역시,부산광역시 사상구
20240211428,2,2,2,케이에스 팩토리(KS FACTORY),식품제조가공업,부산광역시,부산광역시 사상구
20240214269,2,2,2,주식회사 영동상사,식품제조가공업,부산광역시,부산광역시 기장군
20240214348,1,1,1,바이비,식품제조가공업,부산광역시,부산광역시 기장군
20240214672,3,3,3,텐퍼센트 로스터스,식품제조가공업,부산광역시,부산광역시 기장군
20240214680,3,3,3,주식회사 소담소담,식품제조가공업,부산광역시,부산광역시 기장군
20240214802,1,1,1,에프앤지 씨케이 센터,식품제조가공업,부산광역시,부산광역시 기장군
20240222125,2,1,1,주식회사 더마을에프엔비,식품제조가공업,대구광역시,대구광역시 달서구
20240222227,1,1,1,주식회사 대경축산,식품제조가공업,대구광역시,대구광역시 동구
20240222350,2,2,2,사운즈커피 베이킹팩토리,식품제조가공업,대구광역시,대구광역시 동구
20240222647,1,1,1,니르코브,식품제조가공업,대구광역시,대구광역시 동구
20240222697,1,1,1,SY푸드,식품제조가공업,대구광역시,대구광역시 동구
20240222722,2,2,2,주왕산 에프앤비,식품제조가공업,대구광역시,대구광역시 동구
20240222990,1,1,1,맛뜰정원,식품제조가공업,대구광역시,대구광역시 동구
20240226094,1,1,1,두묵,식품제조가공업,대구광역시,대구광역시 서구
20240226157,2,2,2,선주푸드,식품제조가공업,대구광역시,대구광역시 서구
20240233107,1,1,1,통합,식품제조가공업,대구광역시,대구광역시 북구
20240233348,1,1,1,참브레드,식품제조가공업,대구광역시,대구광역시 북구
20240233489,1,1,1,대담제과,식품제조가공업,대구광역시,대구광역시 북구
20240233649,2,2,2,스노우씨푸드,식품제조가공업,대구광역시,대구광역시 북구
20240233670,2,2,2,대구신화수산(주),식품제조가공업,대구광역시,대구광역시 북구
20240240189,1,1,1,(주)씨엠케이푸드,식품제조가공업,대구광역시,대구광역시 수성구
20240240280,1,1,1,아눅에프앤비,식품제조가공업,대구광역시,대구광역시 수성구
20240240455,5,5,5,주식회사 바르미,식품제조가공업,대구광역시,대구광역시 수성구
20240248152,1,1,1,할매손,식품제조가공업,대구광역시,대구광역시 달서구
20240248620,1,1,1,주식회사 숙희,식품제조가공업,대구광역시,대구광역시 달서구
20240248933,4,2,2,주식회사 오야오얏,식품제조가공업,대구광역시,대구광역시 달서구
20240248990,1,1,1,주식회사 리프타,식품제조가공업,대구광역시,대구광역시 달서구
20240249038,2,2,2,농업회사법인(주)영풍,식품제조가공업,대구광역시,대구광역시 달서구
20240256076,1,1,1,디저트본,식품제조가공업,대구광역시,대구광역시 달성군
20240256492,1,1,1,아침애식혜,식품제조가공업,대구광역시,대구광역시 달성군
20240259008,1,1,1,군위군농업기술센터,식품제조가공업,대구광역시,대구광역시 군위군
20240259027,1,1,1,e-로운주스(이로운주스),식품제조가공업,대구광역시,대구광역시 군위군
20240263116,1,1,1,인천샌드,식품제조가공업,인천광역시,인천광역시 영종구
20240263351,2,2,2,씨케이와이,식품제조가공업,인천광역시,인천광역시 제물포구
20240263459,2,2,2,케이에스푸드컴퍼니,식품제조가공업,인천광역시,인천광역시 제물포구
20240263614,2,2,2,(어)제주수협유통(주)인천가공센터,식품제조가공업,인천광역시,인천광역시 제물포구
20240264039,1,1,1,(주)천운에프앤디,식품제조가공업,인천광역시,인천광역시 제물포구
20240269368,2,2,2,주식회사 그랜마찬,식품제조가공업,인천광역시,인천광역시 미추홀구
20240274537,1,1,1,민도나 MINGDONA,식품제조가공업,인천광역시,인천광역시 연수구
20240274572,2,2,2,호모사피엔스,식품제조가공업,인천광역시,인천광역시 연수구
20240279163,1,1,1,다산푸드,식품제조가공업,인천광역시,인천광역시 남동구
20240279175,1,1,1,남향푸드또띠아(주)제2공장,식품제조가공업,인천광역시,인천광역시 남동구
20240279214,2,2,2,한성푸드,식품제조가공업,인천광역시,인천광역시 남동구
20240279484,2,2,2,(주)건행푸드,식품제조가공업,인천광역시,인천광역시 남동구
20240279486,2,2,2,(주)다연푸드,식품제조가공업,인천광역시,인천광역시 남동구
20240279498,2,2,2,(주)두영푸드,식품제조가공업,인천광역시,인천광역시 남동구
20240279565,1,1,1,태희원푸드,식품제조가공업,인천광역시,인천광역시 남동구
20240279724,1,1,1,삼미당 제면소,식품제조가공업,인천광역시,인천광역시 남동구
20240279741,1,1,1,주식회사 티플로우,식품제조가공업,인천광역시,인천광역시 남동구
20240279831,2,2,2,송도푸드,식품제조가공업,인천광역시,인천광역시 남동구
20240279832,2,2,2,유니푸드,식품제조가공업,인천광역시,인천광역시 남동구
20240279864,1,1,1,공단떡볶이,식품제조가공업,인천광역시,인천광역시 남동구
20240280046,4,2,2,웅떡,식품제조가공업,인천광역시,인천광역시 남동구
20240280212,2,2,2,"주식회사 탄드르하우스(TANDIR HOUSE CO.,Ltd.)",식품제조가공업,인천광역시,인천광역시 남동구
20240280530,1,1,1,주식회사 세미로,식품제조가공업,인천광역시,인천광역시 남동구
20240283070,2,2,2,해주식품,식품제조가공업,인천광역시,인천광역시 부평구
20240283274,2,2,2,엠제이푸드,식품제조가공업,인천광역시,인천광역시 부평구
20240283557,2,2,2,(주)와이에이푸드코리아,식품제조가공업,인천광역시,인천광역시 부평구
20240283850,3,3,3,(주)도깨비제과,식품제조가공업,인천광역시,인천광역시 부평구
20240283858,2,2,2,주식회사 희망드리미,식품제조가공업,인천광역시,인천광역시 부평구
20240283942,2,2,2,주식회사 제이디플레이아카데미,식품제조가공업,인천광역시,인천광역시 부평구
20240283951,2,2,2,썸틱스팩토리,식품제조가공업,인천광역시,인천광역시 부평구
20240284230,1,1,1,주식회사 빵백이네 제빵공장,식품제조가공업,인천광역시,인천광역시 부평구
20240287271,1,1,1,주식회사 해내음식품 2공장,식품제조가공업,인천광역시,인천광역시 계양구
20240287319,2,2,2,영프레쉬,식품제조가공업,인천광역시,인천광역시 계양구
20240287320,2,2,2,올푸드,식품제조가공업,인천광역시,인천광역시 계양구
20240291068,2,2,2,푸드케이,식품제조가공업,인천광역시,인천광역시 서해구
20240291069,2,2,2,왕가푸드,식품제조가공업,인천광역시,인천광역시 서해구
20240291070,2,2,2,JK푸드시스템,식품제조가공업,인천광역시,인천광역시 서해구
20240291103,1,1,1,(주)수플린에프앤비,식품소분업,인천광역시,인천광역시 검단구
20240291115,4,4,4,(주)수플린에프앤비,식품제조가공업,인천광역시,인천광역시 검단구
20240291234,1,1,1,주식회사 에프엠프렌즈,식품제조가공업,인천광역시,인천광역시 검단구
20240291354,2,2,2,브릭브레드,식품제조가공업,인천광역시,인천광역시 서해구
20240291374,3,3,3,국애찬푸드 R&D,식품제조가공업,인천광역시,인천광역시 검단구
20240291464,1,1,1,푸드빌더F&S,식품제조가공업,인천광역시,인천광역시 서해구
20240291516,2,1,1,농업회사법인 한둘푸드주식회사,식품제조가공업,경기도,경기도 여주시
20240291591,2,2,2,주식회사 스윗앤스위츠 막지 인천제1공장,식품제조가공업,인천광역시,인천광역시 서해구
20240291621,2,2,2,주식회사 케이지알,식품제조가공업,인천광역시,인천광역시 서해구
20240291886,2,2,2,(주)인맥에프엔씨,식품제조가공업,인천광역시,인천광역시 서해구
20240291943,1,1,1,에이치앤엘바이오 주식회사,식품제조가공업,인천광역시,인천광역시 서해구
20240291969,1,1,1,반미사이공,식품제조가공업,인천광역시,인천광역시 검단구
20240292215,1,1,1,(주)하신,식품제조가공업,인천광역시,인천광역시 서해구
20240292295,2,2,2,주식회사 웰프렌,식품제조가공업,인천광역시,인천광역시 서해구
20240292511,1,1,1,제롬치즈케이크,식품제조가공업,인천광역시,인천광역시 검단구
20240292664,5,5,5,(주)프랭크에프앤비,식품제조가공업,인천광역시,인천광역시 서해구
20240293243,2,2,2,엔게티,식품제조가공업,인천광역시,인천광역시 검단구
20240303048,2,1,1,농업회사법인 (주)이앤에프,식품제조가공업,전남광주통합특별시,전남광주통합특별시 화순군
20240310402,1,1,1,덤수제만두,식품제조가공업,전남광주통합특별시,전남광주통합특별시 남구
20240313988,1,1,1,오렌지포인트,식품제조가공업,전남광주통합특별시,전남광주통합특별시 북구
20240320157,3,3,3,주식회사 지니온,식품제조가공업,전남광주통합특별시,전남광주통합특별시 광산구
20240320424,1,1,1,농업회사법인주식회사큰울,식품제조가공업,전남광주통합특별시,전남광주통합특별시 광산구
20240320847,1,1,1,웰던도너츠,식품제조가공업,전남광주통합특별시,전남광주통합특별시 광산구
20240326167,4,4,4,주식회사 오웬푸드셰프애찬,식품제조가공업,대전광역시,대전광역시 동구
20240326556,1,1,1,(주)더큰도시락,식품제조가공업,대전광역시,대전광역시 동구
20240326679,1,1,1,임팩트에프앤비,식품제조가공업,대전광역시,대전광역시 동구
20240326682,3,3,3,리틀리커피,식품제조가공업,대전광역시,대전광역시 동구
20240329442,1,1,1,에이트팜,식품제조가공업,대전광역시,대전광역시 중구
20240342141,1,1,1,농민식품3공장,식품제조가공업,대전광역시,대전광역시 대덕구
20240342206,1,1,1,황금어장식품,식품제조가공업,대전광역시,대전광역시 대덕구
20240342249,2,2,2,주식회사씨에이베이크,식품제조가공업,대전광역시,대전광역시 대덕구
20240356275,1,1,1,도깨비떡방,식품제조가공업,울산광역시,울산광역시 동구
20240362352,9,9,9,(주)원그대로,식품제조가공업,울산광역시,울산광역시 울주군
20240362484,1,1,1,방아식품,식품제조가공업,울산광역시,울산광역시 울주군
20240362503,1,1,1,차림에프앤비,식품제조가공업,울산광역시,울산광역시 울주군
20240362613,3,3,3,바비야기,식품제조가공업,울산광역시,울산광역시 울주군
20240365166,9,9,9,콜마비앤에이치(주)세종3공장,식품제조가공업,세종특별자치시,세종특별자치시
20240365201,2,2,2,방앗간 문주리유,식품제조가공업,세종특별자치시,세종특별자치시
20240365611,1,1,1,와이팜영농조합법인 착한채,집단급식소 식품판매업,세종특별자치시,세종특별자치시
20240366030,2,2,2,누룩터,식품제조가공업,세종특별자치시,세종특별자치시
20240373160,3,3,3,주식회사 에이치이엠파마 광교지점,식품제조가공업,경기도,경기도 수원시
20240373371,1,1,1,티에스 에프앤비,식품제조가공업,경기도,경기도 수원시
20240374076,1,1,1,소스선생님,식품제조가공업,경기도,경기도 수원시
20240374181,1,1,1,앤씨앤푸드(NCNFood),식품제조가공업,경기도,경기도 수원시
20240390002,2,1,1,주식회사 기호식품,식품소분업,경기도,경기도 성남시
20240390060,2,2,2,데일리오븐,식품제조가공업,경기도,경기도 성남시
20240390061,3,3,3,주식회사 신원티엠에스,식품제조가공업,경기도,경기도 성남시
20240390063,1,1,1,런던베이글뮤지엄 성남,식품제조가공업,경기도,경기도 성남시
20240390118,2,2,2,흠칫모먼트,식품제조가공업,경기도,경기도 성남시
20240390141,2,2,2,이씨엔푸드,식품제조가공업,경기도,경기도 성남시
20240390152,2,2,2,(주)팜앤들 제2공장,식품제조가공업,경기도,경기도 성남시
20240390173,1,1,1,(주)단디온,식품제조가공업,경기도,경기도 성남시
20240390187,3,3,3,(주)도우어에프앤비,식품제조가공업,경기도,경기도 성남시
20240390194,5,5,5,주식회사 셀메드 3공장,식품제조가공업,경기도,경기도 성남시
20240390209,1,1,1,주식회사 다이아몬드새우,식품제조가공업,경기도,경기도 성남시
20240390214,1,1,1,밥플러스 협동조합,식품제조가공업,경기도,경기도 성남시
20240390235,1,1,1,성북당,식품제조가공업,경기도,경기도 성남시
20240405409,2,1,1,주식회사 오뎅식당에프엔비,식품제조가공업,경기도,경기도 의정부시
20240408099,2,2,2,(주)푸드웨이브,식품제조가공업,경기도,경기도 안양시
20240417012,1,1,1,소피아의디저트,식품제조가공업,경기도,경기도 부천시
20240417338,1,1,1,(주)밸런스팩토리,식품제조가공업,경기도,경기도 부천시
20240417366,2,2,2,(주)페어베이커리,식품제조가공업,경기도,경기도 부천시
20240417417,2,2,2,(주)월드푸드,식품제조가공업,경기도,경기도 부천시
20240417463,1,1,1,주식회사 솔트페이푸드랩,식품제조가공업,경기도,경기도 부천시
20240417491,1,1,1,바다수산(어물전 꼴두기),식품제조가공업,경기도,경기도 부천시
20240417880,3,3,3,(주)조은수산 1공장,식품제조가공업,경기도,경기도 부천시
20240457009,2,2,2,주식회사에르비떼,식품제조가공업,경기도,경기도 광명시
20240457145,1,1,1,(주)에프엠씨,식품첨가물제조업,경기도,경기도 광명시
20240460475,1,1,1,주식회사 꿀밥,식품제조가공업,경기도,경기도 평택시
20240463379,1,1,1,주식회사 기브푸드컴퍼니,식품제조가공업,경기도,경기도 평택시
20240463457,1,1,1,알통푸드,식품제조가공업,경기도,경기도 평택시
20240463741,2,1,1,(주)바이어스,식품제조가공업,경기도,경기도 화성시
20240466238,1,1,1,(주)엄지푸드,식품제조가공업,경기도,경기도 평택시
20240466305,1,1,1,주)푸드드라이,식품제조가공업,경기도,경기도 평택시
20240470194,1,1,1,에이치투,식품제조가공업,경기도,경기도 안산시
20240470239,2,2,2,(주)더파인,식품제조가공업,경기도,경기도 안산시
20240470270,3,3,2,또넛,식품제조가공업,경기도,경기도 안산시
20240470429,1,1,1,주식회사 휴롬프레쉬,식품제조가공업,경기도,경기도 안산시
20240470643,1,1,1,태평양식품,식품제조가공업,경기도,경기도 안산시
20240470901,2,2,2,(주)조인앤조인 F3,식품제조가공업,경기도,경기도 안산시
20240482455,2,2,2,미담누리에프엔비 주식회사,식품제조가공업,경기도,경기도 고양시
20240482529,1,1,1,일산애플팜,식품제조가공업,경기도,경기도 고양시
20240482582,1,1,1,주식회사 서원에프엔씨,식품제조가공업,경기도,경기도 고양시
20240482639,2,2,2,한국이앤에스 주식회사 (고양삼송공장),식품제조가공업,경기도,경기도 고양시
20240482894,3,3,3,주식회사 푸드홀릭,식품제조가공업,경기도,경기도 고양시
20240483452,1,1,1,구움씨F&B,식품제조가공업,경기도,경기도 고양시
20240483560,1,1,1,마스터도우코리아,식품제조가공업,경기도,경기도 고양시
20240483642,1,1,1,주식회사 모센즈스위트,식품제조가공업,경기도,경기도 고양시
20240483681,1,1,1,브이아이피참치도매유통(주),식품제조가공업,경기도,경기도 고양시
20240483728,2,2,2,하루,식품제조가공업,경기도,경기도 고양시
20240483849,1,1,1,주식회사 브레더스컴퍼니,식품제조가공업,경기도,경기도 고양시
20240484284,1,1,1,주식회사 잼홀릭,식품제조가공업,경기도,경기도 고양시
20240489533,1,1,1,농업회사법인 엔엘글로벌(주),식품소분업,경기도,경기도 고양시
20240500177,1,1,1,별미힘떡,식품제조가공업,경기도,경기도 구리시
20240503232,6,6,6,태영식품 2공장,식품제조가공업,경기도,경기도 남양주시
20240503307,1,1,1,(주)이델리에프씨,식품제조가공업,경기도,경기도 남양주시
20240503443,1,1,1,(주)채선당 베이커리 사업본부,식품제조가공업,경기도,경기도 남양주시
20240503584,1,1,1,(주)지누푸드,식품제조가공업,경기도,경기도 남양주시
20240503597,2,2,2,주식회사 홍태푸드,식품제조가공업,경기도,경기도 남양주시
20240503660,1,1,1,주식회사 작당,식품제조가공업,경기도,경기도 남양주시
20240503895,1,1,1,오즈팩토리,식품제조가공업,경기도,경기도 남양주시
20240504229,2,2,2,마롱글라세,식품제조가공업,경기도,경기도 남양주시
20240504350,1,1,1,오이라이프코리아주식회사,식품제조가공업,경기도,경기도 남양주시
20240504448,1,1,1,농업회사법인 주식회사 서산반양골전통생강한과,식품제조가공업,경기도,경기도 남양주시
20240504491,1,1,1,(주)일품생푸드,식품제조가공업,경기도,경기도 남양주시
20240504588,2,2,2,더 원,식품제조가공업,경기도,경기도 남양주시
20240504669,1,1,1,주식회사 불소반푸드,식품제조가공업,경기도,경기도 남양주시
20240504919,5,5,5,제이에이치푸드,식품제조가공업,경기도,경기도 남양주시
20240504951,1,1,1,제이에이치푸드,식품소분업,경기도,경기도 남양주시
20240505091,2,2,2,립사이팅,식품제조가공업,경기도,경기도 남양주시
20240505183,1,1,1,유진비앤에프,식품제조가공업,경기도,경기도 남양주시
20240505222,1,1,1,주식회사 란푸드,식품제조가공업,경기도,경기도 남양주시
20240505337,1,1,1,주식회사 똑푸드(DDOKFOOD),식품제조가공업,경기도,경기도 남양주시
20240505404,1,1,1,한마루푸드,식품제조가공업,경기도,경기도 남양주시
20240505627,1,1,1,농업회사법인 주식회사 다온,식품제조가공업,경기도,경기도 남양주시
20240510631,2,2,2,화조,식품제조가공업,경기도,경기도 오산시
20240513242,2,2,2,리바이프로덕트(주),식품제조가공업,경기도,경기도 시흥시
20240513684,1,1,1,제이크앤푸드,식품제조가공업,경기도,경기도 시흥시
20240514003,1,1,1,(주)에이엔,식품제조가공업,경기도,경기도 시흥시
20240514525,2,2,2,이에이치씨너울,식품제조가공업,경기도,경기도 시흥시
20240520112,5,5,5,주식회사 꼬루인터내셔널,식품제조가공업,경기도,경기도 군포시
20240520401,2,2,2,(주)에스씨에이,식품제조가공업,경기도,경기도 군포시
20240520621,1,1,1,주식회사 트리,식품제조가공업,경기도,경기도 군포시
20240520712,3,3,3,주식회사 런쿡,식품제조가공업,경기도,경기도 군포시
20240523053,3,3,3,에스지베이커리,식품제조가공업,경기도,경기도 의왕시
20240523338,1,1,1,(주)유선,식품소분업,경기도,경기도 의왕시
20240523359,1,1,1,주식회사 기영푸드밀,식품제조가공업,경기도,경기도 의왕시
20240525131,1,1,1,(주)다온유통,식품제조가공업,경기도,경기도 하남시
20240525162,2,2,2,청연 주식회사,식품제조가공업,경기도,경기도 하남시
20240525787,1,1,1,(주)도도,식품제조가공업,경기도,경기도 하남시
20240526310,1,1,1,(주)비페코,식품제조가공업,경기도,경기도 하남시
20240530009,1,1,1,피글릿,식품제조가공업,경기도,경기도 용인시
20240530065,3,3,3,(주)스포츠바이오텍,식품제조가공업,경기도,경기도 용인시
20240530108,1,1,1,마늘세상 주식회사,식품제조가공업,경기도,경기도 용인시
20240530111,1,1,1,(주)연세본초당,식품제조가공업,경기도,경기도 용인시
20240530113,1,1,1,주식회사 트러스트,식품제조가공업,경기도,경기도 용인시
20240530148,2,2,2,바스락 주식회사 기흥공장,식품제조가공업,경기도,경기도 용인시
20240530201,2,2,2,(주)마음,식품제조가공업,경기도,경기도 용인시
20240530220,1,1,1,(주)태조,식품제조가공업,경기도,경기도 용인시
20240530246,1,1,1,(주)부일,식품제조가공업,경기도,경기도 용인시
20240530247,1,1,1,(주)라이브어트,식품제조가공업,경기도,경기도 용인시
20240530274,2,2,2,(주)황금돼지,식품제조가공업,경기도,경기도 용인시
20240542001,1,1,1,153패밀리 주식회사 강릉장칼,식품소분업,경기도,경기도 파주시
20240542149,1,1,1,벤스쿠키코리아 유한회사,식품제조가공업,경기도,경기도 파주시
20240542449,1,1,1,주식회사 유유푸드,식품제조가공업,경기도,경기도 파주시
20240542475,1,1,1,엠와이 정가도(MY JungGaDo),식품제조가공업,경기도,경기도 파주시
20240542624,1,1,1,해누리기업 주식회사,식품제조가공업,경기도,경기도 파주시
20240543176,2,2,2,주식회사 한지식품,식품제조가공업,경기도,경기도 파주시
20240543195,1,1,1,(주)델토리,식품소분업,경기도,경기도 파주시
20240543250,4,2,2,도우 팩토리아,식품제조가공업,경기도,경기도 파주시
20240543432,3,3,3,(주)베이코,식품제조가공업,경기도,경기도 파주시
20240543463,1,1,1,호태식품,식품제조가공업,경기도,경기도 파주시
20240543498,2,2,2,(주)엠디에스코리아 4공장,식품제조가공업,경기도,경기도 파주시
20240543519,3,3,3,주식회사 프레시오늘,식품제조가공업,경기도,경기도 파주시
20240543758,1,1,1,지엠씨월드 파주공장,식품제조가공업,경기도,경기도 파주시
20240543915,1,1,1,(주)깨끗한푸드,식품제조가공업,경기도,경기도 파주시
20240544018,1,1,1,(주)황소식품,식품제조가공업,경기도,경기도 파주시
20240544249,1,1,1,주식회사 폴린토,식품제조가공업,경기도,경기도 파주시
20240544396,1,1,1,비앤엔푸드(B&N푸드),식품제조가공업,경기도,경기도 파주시
20240548138,1,1,1,농업회사법인(주)정진에프피씨,식품제조가공업,경기도,경기도 이천시
20240548647,4,2,2,주식회사 그린푸드,식품제조가공업,경기도,경기도 이천시
20240548676,1,1,1,농업회사법인 싱그람(주) 이천지점,식품제조가공업,경기도,경기도 이천시
20240548769,1,1,1,어메이징 제2브루어리,식품제조가공업,경기도,경기도 이천시
20240548994,1,1,1,정화식품(주)이천지점,식품소분업,경기도,경기도 이천시
20240549004,1,1,1,카페앤미,식품제조가공업,경기도,경기도 이천시
20240551028,1,1,1,주식회사 토담(제2공장),식품제조가공업,경기도,경기도 안성시
20240551157,1,1,1,동원목장 유기농우유,즉석판매제조가공업,경기도,경기도 안성시
20240551233,2,2,2,주식회사 신우앤컴퍼니,식품제조가공업,경기도,경기도 안성시
20240551291,4,2,2,(주)달인푸드,식품제조가공업,인천광역시,인천광역시 서해구
20240551561,2,2,2,(주)지피코 1공장,식품제조가공업,경기도,경기도 안성시
20240554030,1,1,1,미르브레드랩,식품제조가공업,경기도,경기도 김포시
20240554239,2,2,2,농업회사법인 풍년유통(주),식품제조가공업,경기도,경기도 김포시
20240554467,2,2,1,주식회사 글로우푸드,식품제조가공업,경기도,경기도 김포시
20240554492,1,1,1,황금어장,식품제조가공업,경기도,경기도 김포시
20240554666,1,1,1,토브네이처 주식회사,식품제조가공업,경기도,경기도 김포시
20240554679,1,1,1,(주)김포제면소,식품제조가공업,경기도,경기도 김포시
20240554840,1,1,1,다원푸드,식품제조가공업,경기도,경기도 김포시
20240554895,1,1,1,주식회사 하루한알,식품제조가공업,경기도,경기도 김포시
20240555064,1,1,1,주식회사 진앤푸드,식품제조가공업,경기도,경기도 김포시
20240555524,2,1,1,(주)지아이엘,식품제조가공업,경기도,경기도 김포시
20240555711,2,2,2,최가네 인숙이 김치,식품제조가공업,경기도,경기도 김포시
20240555884,3,3,3,메이커스초콜릿,식품제조가공업,경기도,경기도 김포시
20240556079,1,1,1,(주)정인에프앤비,식품제조가공업,경기도,경기도 김포시
20240562020,1,1,1,(주)우복당식품,식품제조가공업,경기도,경기도 화성시
20240562098,3,3,3,(주)하늘푸드 제3공장,식품제조가공업,경기도,경기도 화성시
20240562215,1,1,1,전아,식품제조가공업,경기도,경기도 화성시
20240562427,1,1,1,장인식품,식품제조가공업,경기도,경기도 화성시
20240562493,2,2,2,주식회사 제이푸드,식품제조가공업,경기도,경기도 화성시
20240562532,1,1,1,해피투게더 주식회사,식품제조가공업,경기도,경기도 화성시
20240563127,1,1,1,보배식품,식품제조가공업,경기도,경기도 화성시
20240563206,1,1,1,(주)큐브인피닛,식품제조가공업,경기도,경기도 화성시
20240563285,2,2,2,(주)비디피,식품제조가공업,경기도,경기도 화성시
20240563503,1,1,1,농업회사법인 쌀떡코리아 주식회사,식품제조가공업,경기도,경기도 화성시
20240563579,2,2,2,(주)세영푸드,식품제조가공업,경기도,경기도 화성시
20240563867,1,1,1,이게누룽지,식품제조가공업,경기도,경기도 화성시
20240564347,1,1,1,한길,식품제조가공업,경기도,경기도 화성시
20240564357,1,1,1,디오콜렉티브,식품제조가공업,경기도,경기도 화성시
20240564435,1,1,1,주식회사 코리아바라카텁,식품제조가공업,경기도,경기도 화성시
20240564627,1,1,1,(주)고향시루,식품제조가공업,경기도,경기도 화성시
20240564897,1,1,1,피노키오팩토리,식품제조가공업,경기도,경기도 화성시
20240565014,1,1,1,주식회사 지엠푸드파트너스,식품제조가공업,경기도,경기도 화성시
20240565373,1,1,1,니블스,식품제조가공업,경기도,경기도 화성시
20240569061,1,1,1,(주)히어컴퍼니,식품제조가공업,경기도,경기도 광주시
20240569180,3,3,3,미미팩토리,식품제조가공업,경기도,경기도 광주시
20240569308,1,1,1,산미원,식품제조가공업,경기도,경기도 광주시
20240569471,1,1,1,주식회사 설앤설푸드,식품제조가공업,경기도,경기도 광주시
20240569575,3,3,3,디에스푸드팜 농업회사법인 주식회사,식품제조가공업,경기도,경기도 광주시
20240569610,1,1,1,조선양봉,식품제조가공업,경기도,경기도 광주시
20240569620,3,3,3,(주)엘앤에스,식품제조가공업,경기도,경기도 광주시
20240569631,1,1,1,정직한 사람들,식품제조가공업,경기도,경기도 광주시
20240569654,1,1,1,(주)고메웍스,식품제조가공업,경기도,경기도 광주시
20240569784,1,1,1,동우농산(주)제4공장,식품제조가공업,경기도,경기도 광주시
20240569853,1,1,1,(주)진협,식품제조가공업,경기도,경기도 광주시
20240569883,2,2,2,(주)지니인터내셔날,식품제조가공업,경기도,경기도 광주시
20240569907,1,1,1,(주)푸드윈 광주,식품제조가공업,경기도,경기도 광주시
20240569949,5,5,5,(주)다온나루,식품제조가공업,경기도,경기도 광주시
20240570101,2,2,2,카페인신현리 농업회사법인 주식회사,식품제조가공업,경기도,경기도 광주시
20240570262,2,2,2,주식회사 디에이치지,식품제조가공업,경기도,경기도 광주시
20240570264,1,1,1,(주)비스컴퍼니,식품제조가공업,경기도,경기도 광주시
20240570277,1,1,1,주식회사 이립(G팩토리),식품제조가공업,경기도,경기도 광주시
20240570298,1,1,1,(주)에코팜후레쉬월드,식품제조가공업,경기도,경기도 광주시
20240574183,2,2,2,엠지에프(MGF),식품제조가공업,경기도,경기도 양주시
20240574235,1,1,1,브레드타임,식품제조가공업,경기도,경기도 양주시
20240574411,1,1,1,(주)장인더,식품제조가공업,경기도,경기도 양주시
20240574455,2,2,2,주식회사 미주웰빙푸드,식품제조가공업,경기도,경기도 양주시
20240574498,1,1,1,주식회사 에스제이디씨,식품제조가공업,경기도,경기도 양주시
20240574642,2,2,2,주식회사 청안크루,식품제조가공업,경기도,경기도 양주시
20240574676,2,2,2,주식회사 힘나힘바이오,식품제조가공업,경기도,경기도 양주시
20240574975,2,2,2,(주)동양허브메디푸드,식품제조가공업,경기도,경기도 양주시
20240577135,1,1,1,주식회사 명진수산,식품제조가공업,경기도,경기도 포천시
20240577205,9,9,7,이즈바이오F1,식품제조가공업,경기도,경기도 포천시
20240577206,3,3,3,상아생명과학주식회사 F1,식품제조가공업,경기도,경기도 포천시
20240577246,1,1,1,주식회사 엔엑스,식품제조가공업,경기도,경기도 포천시
20240577277,3,3,3,주식회사 옵서,식품제조가공업,경기도,경기도 포천시
20240577285,1,1,1,너츠포레스트,식품제조가공업,경기도,경기도 포천시
20240577321,2,2,2,농업회사 한신식품,식품제조가공업,경기도,경기도 포천시
20240577339,1,1,1,이음제과,식품제조가공업,경기도,경기도 포천시
20240577340,4,4,4,스마일식품,식품제조가공업,경기도,경기도 포천시
20240577366,2,2,2,(주)지니푸드,식품제조가공업,경기도,경기도 포천시
20240577374,1,1,1,(주)케이팝,식품제조가공업,경기도,경기도 포천시
20240577418,1,1,1,제이에이치푸드(JH FOOD),식품제조가공업,경기도,경기도 포천시
20240577483,2,2,2,(주)알천,식품제조가공업,경기도,경기도 포천시
20240577579,2,2,2,씨에스팩토리 주식회사,식품제조가공업,경기도,경기도 포천시
20240577631,1,1,1,샨누들,식품제조가공업,경기도,경기도 포천시
20240580198,1,1,1,브라더식품,식품제조가공업,경기도,경기도 여주시
20240580259,6,6,6,(주)해명씨앤씨,식품제조가공업,경기도,경기도 여주시
20240580260,1,1,1,가마실 버섯 두부,식품제조가공업,경기도,경기도 여주시
20240580313,6,6,6,세진식품 주식회사,식품제조가공업,경기도,경기도 여주시
20240582025,1,1,1,개미산협동조합,식품제조가공업,경기도,경기도 연천군
20240582091,1,1,1,주식회사 이선,식품제조가공업,경기도,경기도 연천군
20240584043,1,1,1,참새언덕,식품제조가공업,경기도,경기도 가평군
20240584200,1,1,1,(주)우리술,식품제조가공업,경기도,경기도 가평군
20240584287,1,1,1,잣향기푸른숲,식품제조가공업,경기도,경기도 가평군
20240586241,1,1,1,화담유통,식품제조가공업,경기도,경기도 양평군
20240590028,1,1,1,장수원약초,식품제조가공업,강원특별자치도,강원특별자치도 춘천시
20240590125,1,1,1,주식회사 비네이처바이오랩,식품제조가공업,강원특별자치도,강원특별자치도 춘천시
20240590140,2,2,2,로컬베이커리소풍,식품제조가공업,강원특별자치도,강원특별자치도 춘천시
20240590433,1,1,1,주식회사 성문식품,식품제조가공업,강원특별자치도,강원특별자치도 춘천시
20240591016,1,1,1,백년건강 주식회사,식품제조가공업,강원특별자치도,강원특별자치도 춘천시
20240591130,2,2,2,농업회사법인춘천툇골농원주식회사,식품제조가공업,강원특별자치도,강원특별자치도 춘천시
20240594017,3,3,3,농업회사법인청강원영농주식회사,식품제조가공업,강원특별자치도,강원특별자치도 원주시
20240594247,2,2,2,(주)온세까세로2공장,식품제조가공업,강원특별자치도,강원특별자치도 원주시
20240594285,1,1,1,농업법인어랑(주),식품제조가공업,강원특별자치도,강원특별자치도 원주시
20240594381,1,1,1,요즘,식품제조가공업,강원특별자치도,강원특별자치도 원주시
20240594513,1,1,1,주식회사미루,식품제조가공업,강원특별자치도,강원특별자치도 원주시
20240594594,1,1,1,신림농협벌꿀가공,식품소분업,강원특별자치도,강원특별자치도 원주시
20240594747,1,1,1,누니마카롱,식품제조가공업,강원특별자치도,강원특별자치도 원주시
20240598428,1,1,1,르꼬따쥬,식품제조가공업,강원특별자치도,강원특별자치도 강릉시
20240598612,1,1,1,버드나무크래프트주식회사,식품제조가공업,강원특별자치도,강원특별자치도 강릉시
20240598852,1,1,1,강릉솔향사과영농조합법인,식품제조가공업,강원특별자치도,강원특별자치도 강릉시
20240599222,1,1,1,농업회사법인 주식회사 솔룸,식품제조가공업,강원특별자치도,강원특별자치도 강릉시
20240599287,1,1,1,(주)경포푸드F2,식품제조가공업,강원특별자치도,강원특별자치도 강릉시
20240605019,2,2,2,권도영알로에 태백공장,식품제조가공업,강원특별자치도,강원특별자치도 태백시
20240607058,2,2,2,주식회사 엔케이푸드,식품제조가공업,강원특별자치도,강원특별자치도 속초시
20240607118,4,4,4,(주)엠메이크잇자연푸드,식품제조가공업,강원특별자치도,강원특별자치도 속초시
20240607406,3,3,3,주식회사 웰메이드웰니스,식품제조가공업,강원특별자치도,강원특별자치도 속초시
20240611025,1,1,1,미리내방앗간,식품제조가공업,강원특별자치도,강원특별자치도 홍천군
20240617010,1,1,1,평창고랭지 도사 절임배추,식품제조가공업,강원특별자치도,강원특별자치도 평창군
20240617023,2,2,2,삼화방앗간,식품제조가공업,강원특별자치도,강원특별자치도 평창군
20240623051,1,1,1,도일사과즙,식품제조가공업,강원특별자치도,강원특별자치도 화천군
20240629098,1,1,1,(주)태일물산,식품제조가공업,강원특별자치도,강원특별자치도 고성군
20240635005,1,1,1,주식회사 브루클린브리즈,식품제조가공업,충청북도,충청북도 청주시
20240635006,3,3,3,(주)에스와이솔루션 청주지사,식품제조가공업,충청북도,충청북도 청주시
20240635013,1,1,1,우아한만두,식품제조가공업,충청북도,충청북도 청주시
20240635054,4,4,4,주식회사 비에스바이오,식품제조가공업,충청북도,충청북도 청주시
20240635062,1,1,1,영농조합법인 흰여울,식품제조가공업,충청북도,충청북도 청주시
20240635074,1,1,1,주식회사 우리베이커리,식품제조가공업,충청북도,충청북도 청주시
20240635103,1,1,1,일오당,식품제조가공업,충청북도,충청북도 청주시
20240635122,2,2,2,(주)골든밀,식품제조가공업,충청북도,충청북도 청주시
20240635137,2,2,2,주식회사 찬담,식품제조가공업,충청북도,충청북도 청주시
20240635146,1,1,1,한푸드(KHAN FOOD),식품제조가공업,충청북도,충청북도 청주시
20240658113,1,1,1,(주)메디오젠,식품제조가공업,충청북도,충청북도 충주시
20240658132,1,1,1,(주)지향이노베이션,식품제조가공업,충청북도,충청북도 충주시
20240658173,1,1,1,농업회사법인주식회사미성팜,식품제조가공업,충청북도,충청북도 충주시
20240658182,1,1,1,수안보농협가공공장(가루미동),식품제조가공업,충청북도,충청북도 충주시
20240658285,1,1,1,주식회사 나온스,식품첨가물제조업,충청북도,충청북도 충주시
20240658387,1,1,1,레지나식품농업회사법인주식회사,식품제조가공업,충청북도,충청북도 충주시
20240661055,1,1,1,농업회사법인 주식회사 오성내추럴,식품제조가공업,충청북도,충청북도 제천시
20240661075,3,3,3,(주)이노하스,식품제조가공업,충청북도,충청북도 제천시
20240661119,6,6,6,주식회사 뉴트리플래닛,식품제조가공업,충청북도,충청북도 제천시
20240661204,2,2,2,농업회사법인(주)참좋은콩 제천지점,식품제조가공업,충청북도,충청북도 제천시
20240664143,1,1,1,농업회사법인 주식회사 부성,식품제조가공업,충청북도,충청북도 보은군
20240666124,1,1,1,주식회사 뉴스타트,식품제조가공업,충청북도,충청북도 옥천군
20240666186,1,1,1,성진식품,식품제조가공업,충청북도,충청북도 옥천군
20240668055,1,1,1,다올,식품제조가공업,충청북도,충청북도 영동군
20240670149,4,2,2,(주)시엔,식품제조가공업,충청북도,충청북도 증평군
20240672007,1,1,1,거기네,식품제조가공업,충청북도,충청북도 진천군
20240672041,2,2,2,삼덕뜰식품,식품제조가공업,충청북도,충청북도 진천군
20240672172,1,1,1,충청드림팜,식품제조가공업,충청북도,충청북도 진천군
20240672181,6,6,6,(주)씨이에스팜,식품제조가공업,충청북도,충청북도 진천군
20240672413,2,2,2,주식회사 서울팩토리,식품제조가공업,충청북도,충청북도 진천군
20240674009,1,1,1,농업회사법인 산두레 유한회사,식품제조가공업,충청북도,충청북도 괴산군
20240674020,3,3,3,농업회사법인(주)하늘마음,식품제조가공업,충청북도,충청북도 괴산군
20240674029,3,3,3,농업회사법인 주식회사 가시버시,식품제조가공업,충청북도,충청북도 괴산군
20240674170,2,2,2,괴산두루두루협동조합,식품제조가공업,충청북도,충청북도 괴산군
20240674178,1,1,1,흙사랑 제3지점,식품제조가공업,충청북도,충청북도 괴산군
20240676024,4,4,4,(주)바이오스트림,식품제조가공업,충청북도,충청북도 음성군
20240676088,3,3,3,(주)맘모스식품,식품제조가공업,충청북도,충청북도 음성군
20240676147,1,1,1,농업회사법인(주)태리팜푸드,식품제조가공업,충청북도,충청북도 음성군
20240676288,10,10,10,프레시플러스 주식회사 음성공장,식품제조가공업,충청북도,충청북도 음성군
20240676482,1,1,1,더회오리감자,식품제조가공업,충청북도,충청북도 음성군
20240679012,1,1,1,삼구인화원,일반음식점,충청북도,충청북도 단양군
20240683005,1,1,1,도깨비프렌즈,식품제조가공업,충청남도,충청남도 천안시
20240683188,4,4,4,엠에스(MS)물산,식품제조가공업,충청남도,충청남도 천안시
20240683193,2,2,2,주식회사제이앤푸드,식품제조가공업,충청남도,충청남도 천안시
20240683257,1,1,1,에이치앤티(HnT),식품제조가공업,충청남도,충청남도 천안시
20240683268,2,2,2,우리식품,식품제조가공업,충청남도,충청남도 천안시
20240683341,2,2,2,모드락농산,식품제조가공업,충청남도,충청남도 천안시
20240683424,13,13,13,(주)선제,식품제조가공업,충청남도,충청남도 천안시
20240683694,3,3,3,빵긋,식품제조가공업,충청남도,충청남도 천안시
20240683698,1,1,1,주식회사더클농업회사법인,식품제조가공업,충청남도,충청남도 천안시
20240694045,2,1,1,주)표현,식품제조가공업,충청남도,충청남도 당진시
20240694083,1,1,1,어업회사법인 그린피시팜(주),식품제조가공업,충청남도,충청남도 당진시
20240694222,2,2,2,농업회사법인 주식회사 그린케이팜,식품제조가공업,충청남도,충청남도 당진시
20240694531,1,1,1,정잇담,식품제조가공업,충청남도,충청남도 당진시
20240697221,2,2,2,충청남도가치만드소,식품제조가공업,충청남도,충청남도 공주시
20240697231,1,1,1,(주)바이오텍,식품제조가공업,충청남도,충청남도 공주시
20240699079,1,1,1,(주)낭만푸드,식품소분업,충청남도,충청남도 보령시
20240699136,1,1,1,크래비언 꼿그이 팩토리,식품제조가공업,충청남도,충청남도 보령시
20240702233,1,1,1,(주)프라임쉐프,식품제조가공업,충청남도,충청남도 아산시
20240702771,3,3,3,주식회사 밥앤스토리,식품제조가공업,충청남도,충청남도 아산시
20240702932,4,4,4,삼성웰스토리 Central Kitchen 아산,식품제조가공업,충청남도,충청남도 아산시
20240703171,1,1,1,클라스그린도시락 주식회사,식품제조가공업,충청남도,충청남도 아산시
20240707472,1,1,1,전국토종벌꿀협동조합,식품제조가공업,충청남도,충청남도 논산시
20240712090,2,2,2,아유오케이바이오(주),식품제조가공업,충청남도,충청남도 금산군
20240712103,1,1,1,주식회사 해오름뉴라이프,식품제조가공업,충청남도,충청남도 금산군
20240712144,1,1,1,(주)신우코퍼레이션,식품제조가공업,충청남도,충청남도 금산군
20240712235,3,3,3,(주)맑음,식품제조가공업,충청남도,충청남도 금산군
20240716010,8,8,8,주식회사 SL푸드원 생태산업단지 3공장,식품제조가공업,충청남도,충청남도 서천군
20240716060,1,1,1,주식회사 종천식품,식품제조가공업,충청남도,충청남도 서천군
20240716091,1,1,1,성원다미락빵집,식품제조가공업,충청남도,충청남도 서천군
20240716189,8,8,8,주식회사 씨위드푸드,식품제조가공업,충청남도,충청남도 서천군
20240718007,1,1,1,칠갑상어캐비어,식품제조가공업,충청남도,충청남도 청양군
20240718019,1,1,1,재단법인 청양군지역활성화재단,식품소분업,충청남도,충청남도 청양군
20240718065,1,1,1,(주)한스,식품제조가공업,충청남도,충청남도 청양군
20240718103,2,2,2,햇살영농조합법인,식품제조가공업,충청남도,충청남도 청양군
20240720105,1,1,1,(주)광천다솔김 제2공장,식품제조가공업,충청남도,충청남도 홍성군
20240720252,1,1,1,농업회사법인 광동주식회사,식품제조가공업,충청남도,충청남도 홍성군
20240720303,1,1,1,주식회사 바다어보,식품소분업,충청남도,충청남도 홍성군
20240720319,1,1,1,농업회사법인(주)백제 제2공장,식품제조가공업,충청남도,충청남도 홍성군
20240722337,2,2,2,파인쿡(Fine cook),식품제조가공업,충청남도,충청남도 예산군
20240724120,1,1,1,주식회사 비키비팜,식품제조가공업,충청남도,충청남도 태안군
20240724143,1,1,1,주식회사 지예수,식품제조가공업,충청남도,충청남도 태안군
20240730262,4,2,2,우리제과제빵 협동조합,식품제조가공업,전북특별자치도,전북특별자치도 전주시
20240730295,1,1,1,전주예쁜태리단길,식품제조가공업,전북특별자치도,전북특별자치도 전주시
20240730653,1,1,1,에이아이제이푸드(A.I.J푸드),식품제조가공업,전북특별자치도,전북특별자치도 전주시
20240734115,2,2,2,파프리카,식품제조가공업,전북특별자치도,전북특별자치도 전주시
20240734148,1,1,1,베에프앤비주식회사,식품제조가공업,전북특별자치도,전북특별자치도 전주시
20240734149,4,4,4,나리찬전주지점,식품제조가공업,전북특별자치도,전북특별자치도 전주시
20240734646,1,1,1,발해식품,식품제조가공업,전북특별자치도,전북특별자치도 전주시
20240734842,1,1,1,(주)헬스바이옴전주지점,식품제조가공업,전북특별자치도,전북특별자치도 전주시
20240738042,1,1,1,사해푸드,식품제조가공업,전북특별자치도,전북특별자치도 군산시
20240738302,1,1,1,오월의 어느날,식품제조가공업,전북특별자치도,전북특별자치도 군산시
20240738390,1,1,1,상호수산,식품제조가공업,전북특별자치도,전북특별자치도 군산시
20240738921,1,1,1,옥구농협 가공공장,식품제조가공업,전북특별자치도,전북특별자치도 군산시
20240742210,3,3,3,두부애뜰,식품제조가공업,전북특별자치도,전북특별자치도 익산시
20240742399,9,4,9,주식회사 오너브,식품제조가공업,전북특별자치도,전북특별자치도 익산시
20240742545,1,1,1,절임마을 주식회사,식품제조가공업,전북특별자치도,전북특별자치도 익산시
20240742665,1,1,1,농업회사법인 (주)세인식품 진농가지점,식품제조가공업,전북특별자치도,전북특별자치도 익산시
20240742774,2,2,2,주식회사 코아바이오 2공장,식품제조가공업,전북특별자치도,전북특별자치도 익산시
20240746089,2,2,2,필레시피,식품제조가공업,전북특별자치도,전북특별자치도 정읍시
20240746151,1,1,1,나무숨 주식회사,식품제조가공업,전북특별자치도,전북특별자치도 정읍시
20240746296,1,1,1,더담은농업회사법인유한회사,식품제조가공업,전북특별자치도,전북특별자치도 정읍시
20240746453,1,1,1,칠보농협옹동제약 식품사업부,식품제조가공업,전북특별자치도,전북특별자치도 정읍시
20240749181,1,1,1,주식회사 윈푸드,식품제조가공업,전북특별자치도,전북특별자치도 남원시
20240749235,1,1,1,주식회사 춘향골식품,식품제조가공업,전북특별자치도,전북특별자치도 남원시
20240749302,1,1,1,주식회사 플레이스5 남원지점,식품제조가공업,전북특별자치도,전북특별자치도 남원시
20240749309,1,1,1,농업회사법인 (주)그린라인,식품제조가공업,전북특별자치도,전북특별자치도 남원시
20240751267,1,1,1,우리농촌살리기공동네트워크 우리밀 제분공장,식품제조가공업,전북특별자치도,전북특별자치도 김제시
20240751303,2,2,2,유한회사 율현,식품제조가공업,전북특별자치도,전북특별자치도 김제시
20240751420,1,1,1,전북김제지역자활센터(지평선들샘),식품제조가공업,전북특별자치도,전북특별자치도 김제시
20240751430,1,1,1,다오세 에프엔비(유),식품제조가공업,전북특별자치도,전북특별자치도 김제시
20240751435,1,1,1,주식회사 함께하면좋은사람들,식품제조가공업,전북특별자치도,전북특별자치도 김제시
20240753193,1,1,1,(주)고심,식품제조가공업,전북특별자치도,전북특별자치도 완주군
20240757009,2,2,2,산마을영농조합법인,식품제조가공업,전북특별자치도,전북특별자치도 무주군
20240757059,1,1,1,한님식품,식품제조가공업,전북특별자치도,전북특별자치도 무주군
20240757070,3,3,3,(주)광개토식품,식품제조가공업,전북특별자치도,전북특별자치도 무주군
20240759078,2,2,2,(주)참그린푸드시스템,식품제조가공업,전북특별자치도,전북특별자치도 장수군
20240763009,1,1,1,(주)건강한순창,식품제조가공업,전북특별자치도,전북특별자치도 순창군
20240763063,6,6,6,순창군 제2농산물종합가공센터,식품제조가공업,전북특별자치도,전북특별자치도 순창군
20240765036,4,4,4,바른 영어조합 법인,식품제조가공업,전북특별자치도,전북특별자치도 고창군
20240765090,1,1,1,고창행복한영농조합법인,식품제조가공업,전북특별자치도,전북특별자치도 고창군
20240767039,1,1,1,유한회사 아리랑,식품제조가공업,전북특별자치도,전북특별자치도 부안군
20240767121,1,1,1,농업회사법인(유)청전보감,식품제조가공업,전북특별자치도,전북특별자치도 부안군
20240775489,1,1,1,주식회사 서녹씨(소호공장지점),식품제조가공업,전남광주통합특별시,전남광주통합특별시 여수시
20240775642,5,5,5,주식회사 해움바이오,식품제조가공업,전남광주통합특별시,전남광주통합특별시 여수시
20240775863,3,3,3,화태바다야수산 영어조합법인,식품제조가공업,전남광주통합특별시,전남광주통합특별시 여수시
20240779114,1,1,1,쿡드림,식품제조가공업,전남광주통합특별시,전남광주통합특별시 순천시
20240783024,4,4,4,나주시 농산물종합가공센터 2동,식품제조가공업,전남광주통합특별시,전남광주통합특별시 나주시
20240783255,1,1,1,찰보리생과방,식품제조가공업,전남광주통합특별시,전남광주통합특별시 나주시
20240783452,1,1,1,산유푸드,식품제조가공업,전남광주통합특별시,전남광주통합특별시 나주시
20240788009,2,2,2,(주)에코월드팜,식품제조가공업,전남광주통합특별시,전남광주통합특별시 담양군
20240788023,2,2,2,(유)더하늘가득,식품제조가공업,전남광주통합특별시,전남광주통합특별시 담양군
20240788311,1,1,1,(주)농업회사법인 정일품,식품제조가공업,전남광주통합특별시,전남광주통합특별시 담양군
20240794023,1,1,1,농업회사법인 주식회사 대박농부네,유통전문판매업,전남광주통합특별시,전남광주통합특별시 고흥군
20240804006,1,1,1,땅끝곳간농업회사법인유한회사,식품제조가공업,전남광주통합특별시,전남광주통합특별시 해남군
20240804053,2,2,2,송호자율관리공동체영어조합법인,식품제조가공업,전남광주통합특별시,전남광주통합특별시 해남군
20240804060,1,1,1,달마영농조합법인,식품제조가공업,전남광주통합특별시,전남광주통합특별시 해남군
20240804061,1,1,1,송학유통,식품제조가공업,전남광주통합특별시,전남광주통합특별시 해남군
20240804076,1,1,1,농업회사법인해남해송(주),식품제조가공업,전남광주통합특별시,전남광주통합특별시 해남군
20240804101,1,1,1,산이뜨락영농조합법인,식품제조가공업,전남광주통합특별시,전남광주통합특별시 해남군
20240804102,1,1,1,행복농산물,식품제조가공업,전남광주통합특별시,전남광주통합특별시 해남군
20240804120,2,2,2,농업회사법인 주식회사 땅끝마을 쌍둥이네김치,식품제조가공업,전남광주통합특별시,전남광주통합특별시 해남군
20240806134,1,1,1,한석봉식품코리아 주식회사 농업회사법인,식품제조가공업,전남광주통합특별시,전남광주통합특별시 영암군
20240808026,2,2,2,농업회사법인유한회사 에프엔디후레쉬,식품제조가공업,전남광주통합특별시,전남광주통합특별시 무안군
20240808256,1,1,1,바르미김치,식품제조가공업,전남광주통합특별시,전남광주통합특별시 무안군
20240808339,2,2,2,농업회사법인 주식회사 단물,식품제조가공업,전남광주통합특별시,전남광주통합특별시 무안군
20240810123,1,1,1,함평참쑥영농조합법인,식품제조가공업,전남광주통합특별시,전남광주통합특별시 함평군
20240812026,3,3,3,농업회사법인주식회사보리바다,식품제조가공업,전남광주통합특별시,전남광주통합특별시 영광군
20240812040,1,1,1,영광본가 떡집,식품제조가공업,전남광주통합특별시,전남광주통합특별시 영광군
20240812046,2,2,2,농업회사법인 현대에프엔비 주식회사,식품제조가공업,전남광주통합특별시,전남광주통합특별시 영광군
20240812083,1,1,1,(주)윤진에프앤지,식품제조가공업,전남광주통합특별시,전남광주통합특별시 영광군
20240812106,4,4,4,(유)한국에프앤비,식품제조가공업,전남광주통합특별시,전남광주통합특별시 영광군
20240814042,1,1,1,흥양촌,식품제조가공업,전남광주통합특별시,전남광주통합특별시 장성군
20240814112,1,1,1,파머스에프 유한회사,식품제조가공업,전남광주통합특별시,전남광주통합특별시 장성군
20240816008,1,1,1,청해진,식품제조가공업,전남광주통합특별시,전남광주통합특별시 완도군
20240816072,2,2,2,완도황칠종합가공공장,식품제조가공업,전남광주통합특별시,전남광주통합특별시 완도군
20240816093,1,1,1,(주)대진유통,식품제조가공업,전남광주통합특별시,전남광주통합특별시 완도군
20240824021,1,1,1,어업회사법인 바다주시게(주),식품제조가공업,경상북도,경상북도 포항시
20240824032,2,2,2,삼정수산,식품제조가공업,경상북도,경상북도 포항시
20240824041,1,1,1,프레시딜라이트,식품제조가공업,경상북도,경상북도 포항시
20240824050,1,1,1,나노케어(주),식품제조가공업,경상북도,경상북도 포항시
20240824055,1,1,1,주식회사 푸드명가,식품제조가공업,경상북도,경상북도 포항시
20240824070,2,2,2,사회적협동조합 경북포항지역자활센터(이로운수산물),식품제조가공업,경상북도,경상북도 포항시
20240824074,2,2,2,대진수산(주),식품제조가공업,경상북도,경상북도 포항시
20240824082,2,2,2,주식회사 든든푸드,식품제조가공업,경상북도,경상북도 포항시
20240824093,1,1,1,삼천리푸드,식품제조가공업,경상북도,경상북도 포항시
20240824101,1,1,1,농업회사법인(주)한터식품,식품제조가공업,경상북도,경상북도 포항시
20240836295,1,1,1,(주)다홍베이커리,식품제조가공업,경상북도,경상북도 김천시
20240839080,3,3,3,청해식품,식품제조가공업,경상북도,경상북도 안동시
20240839305,3,2,3,안동시농산물가공센터,식품제조가공업,경상북도,경상북도 안동시
20240839339,3,3,3,안동명가 영농조합법인,식품제조가공업,경상북도,경상북도 안동시
20240839758,2,2,2,남안동농협가공사업소,식품제조가공업,경상북도,경상북도 안동시
20240845139,1,1,1,건강드림,식품제조가공업,경상북도,경상북도 구미시
20240845844,2,2,1,농업회사법인주식회사구수한,식품제조가공업,경상북도,경상북도 구미시
20240852015,3,3,3,영주소공인복합지원센터,식품제조가공업,경상북도,경상북도 영주시
20240852152,3,3,3,주식회사순수미학,식품제조가공업,경상북도,경상북도 영주시
20240854322,2,2,2,농업회사법인(주)태산글로벌,식품제조가공업,경상북도,경상북도 영천시
20240856159,1,1,1,농업회사법인 주식회사 봄날,식품소분업,경상북도,경상북도 상주시
20240856351,1,1,1,민이네 반찬 도시락,식품제조가공업,경상북도,경상북도 상주시
20240859200,3,3,3,글로리문경,식품제조가공업,경상북도,경상북도 문경시
20240859389,1,1,1,주식회사 태경에스티,식품제조가공업,경상북도,경상북도 문경시
20240862164,1,1,1,알찬연근팜,식품제조가공업,경상북도,경상북도 경산시
20240862340,7,7,7,다원바이오,식품제조가공업,경상북도,경상북도 경산시
20240862341,9,9,9,주식회사 뉴밀,식품제조가공업,경상북도,경상북도 경산시
20240862364,2,2,2,리틀팜,식품제조가공업,경상북도,경상북도 경산시
20240862428,2,2,2,주식회사 뵤뵤,식품제조가공업,경상북도,경상북도 경산시
20240862588,1,1,1,파스마 브레드,식품제조가공업,경상북도,경상북도 경산시
20240862589,4,4,4,둥근나라,식품제조가공업,경상북도,경상북도 경산시
20240867042,1,1,1,참조은청송얼음골영농조합법인,식품제조가공업,경상북도,경상북도 청송군
20240871087,1,1,1,한가네수산,식품제조가공업,경상북도,경상북도 영덕군
20240873087,2,2,2,농업회사법인 본가 주식회사,식품제조가공업,경상북도,경상북도 청도군
20240873140,1,1,1,경현식품,식품제조가공업,경상북도,경상북도 청도군
20240877134,1,1,1,주식회사 금배고,식품제조가공업,경상북도,경상북도 성주군
20240879080,3,3,3,주식회사 홈푸드,식품제조가공업,경상북도,경상북도 칠곡군
20240879081,1,1,1,태원식품,식품제조가공업,경상북도,경상북도 칠곡군
20240879157,2,2,2,엔디지팜 농업회사법인 주식회사,식품제조가공업,경상북도,경상북도 칠곡군
20240879244,1,1,1,(주)더건강한푸드,식품제조가공업,경상북도,경상북도 칠곡군
20240879245,1,1,1,(주)성진푸드,식품제조가공업,경상북도,경상북도 칠곡군
20240879382,2,2,2,농업회사법인(주)대풍디앤에프,식품제조가공업,경상북도,경상북도 칠곡군
20240879458,1,1,1,주식회사 아나푸드,식품제조가공업,경상북도,경상북도 칠곡군
20240879468,1,1,1,주식회사 우리원,식품제조가공업,경상북도,경상북도 칠곡군
20240881014,3,3,3,W.호두마을 팩토리(생텀F&B),식품제조가공업,경상북도,경상북도 예천군
20240883002,3,3,3,케이 진생 바이오 농업회사법인 주식회사,식품제조가공업,경상북도,경상북도 봉화군
20240883090,1,1,1,봉화군 농산물가공기술지원관,식품제조가공업,경상북도,경상북도 봉화군
20240883092,3,3,3,농업회사법인 베리굿푸드 주식회사,식품제조가공업,경상북도,경상북도 봉화군
20240885047,1,1,1,농업회사법인 혜성(주),식품제조가공업,경상북도,경상북도 울진군
20240893069,2,2,2,다온365 농업회사법인(주),식품제조가공업,경상남도,경상남도 창원시
20240893141,1,1,1,손수,식품제조가공업,경상남도,경상남도 창원시
20240893427,1,1,1,이씨창감,식품제조가공업,경상남도,경상남도 창원시
20240893577,3,3,3,오우가 베이커리 식품 공장,식품제조가공업,경상남도,경상남도 창원시
20240901105,1,1,1,싱싱푸드,식품제조가공업,경상남도,경상남도 창원시
20240901470,1,1,1,주식회사 푸드내음,식품제조가공업,경상남도,경상남도 창원시
20240910420,1,1,1,(주)락토메이슨 제3공장,식품제조가공업,경상남도,경상남도 진주시
20240910438,3,3,3,농업회사법인 주식회사 참이들이,식품제조가공업,경상남도,경상남도 진주시
20240910452,4,4,4,진주시농업기술센터(농산물종합가공센터),식품제조가공업,경상남도,경상남도 진주시
20240910453,3,3,3,한국배영농조합법인,식품제조가공업,경상남도,경상남도 진주시
20240910588,2,2,2,실크카스테라,식품제조가공업,경상남도,경상남도 진주시
20240910800,1,1,1,엘제이 푸드,식품제조가공업,경상남도,경상남도 진주시
20240910891,1,1,1,경남애들 진주점,식품제조가공업,경상남도,경상남도 진주시
20240910905,1,1,1,우리기정떡(주),식품제조가공업,경상남도,경상남도 진주시
20240911005,15,15,10,(주)나루아토,식품제조가공업,경상남도,경상남도 진주시
20240914096,1,1,1,다인수산,식품제조가공업,경상남도,경상남도 통영시
20240914287,1,1,1,일번수산,식품제조가공업,경상남도,경상남도 통영시
20240917033,1,1,1,토마토피아,식품제조가공업,경상남도,경상남도 사천시
20240917046,1,1,1,주식회사 이음새 농업회사법인,식품제조가공업,경상남도,경상남도 사천시
20240917455,2,2,2,영주수산,식품제조가공업,경상남도,경상남도 사천시
20240919183,1,1,1,주식회사 오늘한끼,식품제조가공업,경상남도,경상남도 김해시
20240919278,3,3,3,프레시(FRESH),식품제조가공업,경상남도,경상남도 김해시
20240919572,1,1,1,로얄베이커리,식품제조가공업,경상남도,경상남도 김해시
20240920045,3,3,3,효주네키친,식품제조가공업,경상남도,경상남도 김해시
20240920361,1,1,1,주식회사 프레드피자,식품제조가공업,경상남도,경상남도 김해시
20240920362,1,1,1,아밀푸드,식품제조가공업,경상남도,경상남도 김해시
20240920728,1,1,1,크래프트푸드 팩토리,식품제조가공업,경상남도,경상남도 김해시
20240920763,4,4,4,희성푸드,식품제조가공업,경상남도,경상남도 김해시
20240924155,1,1,1,다올푸드,식품제조가공업,경상남도,경상남도 밀양시
20240924261,1,1,1,굿모닝(주스앤브런치),식품제조가공업,경상남도,경상남도 밀양시
20240933077,2,2,2,농업회사법인 주식회사 더 부농,식품제조가공업,경상남도,경상남도 의령군
20240935184,1,1,1,서정에프앤비 주식회사,식품제조가공업,경상남도,경상남도 함안군
20240937030,1,1,1,시현푸드,식품제조가공업,경상남도,경상남도 창녕군
20240937083,3,3,3,농업회사법인 주식회사 금화농산,식품제조가공업,경상남도,경상남도 창녕군
20240937130,4,4,4,주식회사 케이푸드 글로벌(K food Global),식품제조가공업,경상남도,경상남도 창녕군
20240939043,4,4,4,조양푸드,식품제조가공업,경상남도,경상남도 고성군
20240941080,1,1,1,담이남해어묵주식회사,식품제조가공업,경상남도,경상남도 남해군
20240943011,1,1,1,농업회사법인 시골원(주),식품제조가공업,경상남도,경상남도 하동군
20240943244,5,5,5,농업회사법인 주식회사 자연저장소,식품제조가공업,경상남도,경상남도 하동군
20240945003,1,1,1,진산푸드(주) 제2공장,식품제조가공업,경상남도,경상남도 산청군
20240945048,3,3,3,경남약용작물산업화지원센터,식품제조가공업,경상남도,경상남도 산청군
20240945087,1,1,1,모운 주식회사 농업회사법인,식품제조가공업,경상남도,경상남도 산청군
20240947035,1,1,1,갈매실 유과,식품제조가공업,경상남도,경상남도 함양군
20240947176,5,5,5,(사)신활력함양,식품제조가공업,경상남도,경상남도 함양군
20240951035,1,1,1,농업회사법인(주)밤마리 율가,식품제조가공업,경상남도,경상남도 합천군
20240955199,1,1,1,주식회사제주필렛,식품제조가공업,제주특별자치도,제주특별자치도 제주시
20240955214,1,1,1,주식회사제키스제3공장,식품제조가공업,제주특별자치도,제주특별자치도 제주시
20240955321,1,1,1,농업회사법인제주오라(유),식품제조가공업,제주특별자치도,제주특별자치도 제주시
20240956006,1,1,1,제주황칠오메기떡주식회사,식품제조가공업,제주특별자치도,제주특별자치도 제주시
20240956363,3,3,3,농업회사법인생명나무주식회사테크노파크점,식품제조가공업,제주특별자치도,제주특별자치도 제주시
20240956583,1,1,1,달달한제주,식품제조가공업,제주특별자치도,제주특별자치도 제주시
20240956586,1,1,1,두루잇,식품제조가공업,제주특별자치도,제주특별자치도 제주시
20240956736,1,1,1,대림새마을영농조합법인,식품제조가공업,제주특별자치도,제주특별자치도 제주시
20240956965,1,1,1,에스휴당근,식품제조가공업,제주특별자치도,제주특별자치도 제주시
20240956976,1,1,1,주식회사몽협,식품제조가공업,제주특별자치도,제주특별자치도 제주시
20240956984,2,2,2,주식회사치즈라이브러리,식품제조가공업,제주특별자치도,제주특별자치도 제주시
20240957074,2,2,2,주식회사청담,식품제조가공업,제주특별자치도,제주특별자치도 제주시
20240957141,1,1,1,희망나래꿈터,식품제조가공업,제주특별자치도,제주특별자치도 제주시
20240957144,2,2,2,주식회사제주바다수산,식품제조가공업,제주특별자치도,제주특별자치도 제주시
20240957200,1,1,1,로컬스루,식품제조가공업,제주특별자치도,제주특별자치도 제주시
20240962898,1,1,1,한국공항(주),식품제조가공업,제주특별자치도,제주특별자치도 서귀포시
20240962936,1,1,1,한라산과자점,식품제조가공업,제주특별자치도,제주특별자치도 서귀포시
20240962947,1,1,1,굿잡제주,식품제조가공업,제주특별자치도,제주특별자치도 서귀포시
20250028327,1,1,1,씨제이제일제당(주),식품제조가공업(주류),충청남도,충청남도 논산시
20250054104,2,2,2,노티드 성수CK,식품제조가공업,서울특별시,서울특별시 성동구
20250054147,1,1,1,하티 성수,식품제조가공업,서울특별시,서울특별시 성동구
20250054173,1,1,1,베통의 소금빵 공장,식품제조가공업,서울특별시,서울특별시 성동구
20250054309,1,1,1,주식회사 제이케이푸드시스템(5),식품제조가공업,서울특별시,서울특별시 성동구
20250054462,1,1,1,브릭샌드 성수 팩토리,식품제조가공업,서울특별시,서울특별시 성동구
20250055037,2,2,2,성베스 씨케이,식품제조가공업,서울특별시,서울특별시 성동구
20250055128,1,1,1,키즈 푸드 플러스,즉석판매제조가공업,서울특별시,서울특별시 성동구
20250076483,1,1,1,손안에넛츠,식품제조가공업,서울특별시,서울특별시 강북구
20250109771,2,2,2,(주)오직코리아,식품제조가공업,서울특별시,서울특별시 강서구
20250113180,3,3,3,몬쉘코리아 서울캠퍼스,식품제조가공업,서울특별시,서울특별시 구로구
20250113193,1,1,1,다니엘컴퍼니,식품제조가공업,서울특별시,서울특별시 구로구
20250113225,1,1,1,복에프앤비(복F&B),식품제조가공업,서울특별시,서울특별시 구로구
20250118403,1,1,1,주식회사 호반푸드,식품제조가공업,서울특별시,서울특별시 금천구
20250118946,2,2,2,(주)셰아 에프앤비,식품제조가공업,서울특별시,서울특별시 금천구
20250121060,5,5,5,규리(주),식품제조가공업,서울특별시,서울특별시 영등포구
20250121149,1,1,1,(주)신선당,식품제조가공업,서울특별시,서울특별시 영등포구
20250121274,1,1,1,(주)이음오엔디코리아,식품제조가공업,서울특별시,서울특별시 영등포구
20250122675,2,1,1,주식회사 연백,식품제조가공업,서울특별시,서울특별시 금천구
20250123484,3,3,3,주식회사 설고,식품제조가공업,서울특별시,서울특별시 영등포구
20250127126,1,1,1,주식회사 바이킹마켓,식품제조가공업,서울특별시,서울특별시 동작구
20250137477,2,2,2,에이아이 천년식향 신사 아뜰리에,식품제조가공업,서울특별시,서울특별시 서초구
20250154127,1,1,1,르제 팩토리,식품제조가공업,서울특별시,서울특별시 송파구
20250161134,1,1,1,(주)담대해,집단급식소 식품판매업,서울특별시,서울특별시 강동구
20250161307,1,1,1,(주)청정담,집단급식소 식품판매업,서울특별시,서울특별시 강동구
20250161618,1,1,1,주식회사 고은들,집단급식소 식품판매업,서울특별시,서울특별시 강동구
20250182173,1,1,1,사운즈커피 래미안포레스티지점(주),식품제조가공업,부산광역시,부산광역시 동래구
20250182197,4,4,4,창녕참기름상회,식품제조가공업,부산광역시,부산광역시 동래구
20250186071,1,1,1,데칼컴퍼니,식품제조가공업,부산광역시,부산광역시 남구
20250186162,4,4,4,날마다김치,식품제조가공업,부산광역시,부산광역시 남구
20250186171,1,1,1,나라푸드,식품제조가공업,부산광역시,부산광역시 남구
20250186409,2,2,2,(주)싸락,식품제조가공업,부산광역시,부산광역시 남구
20250192151,1,1,1,맛다올푸드,식품제조가공업,부산광역시,부산광역시 해운대구
20250192383,1,1,1,주식회사 헤이푸드서비스,식품제조가공업,부산광역시,부산광역시 해운대구
20250200262,1,1,1,모구모구 F&B,식품제조가공업,부산광역시,부산광역시 금정구
20250200543,3,3,3,(주)행복한느림보 이흥용과자점,식품제조가공업,부산광역시,부산광역시 금정구
20250203108,7,7,7,주식회사 지니바이오,식품제조가공업,부산광역시,부산광역시 강서구
20250203212,1,1,1,주식회사 채정 대저공장,식품제조가공업,부산광역시,부산광역시 강서구
20250203326,5,5,5,청담푸드,식품제조가공업,부산광역시,부산광역시 강서구
20250203426,4,4,2,아투에프앤디시스템,식품제조가공업,부산광역시,부산광역시 강서구
20250203580,3,3,3,바른푸드,식품제조가공업,부산광역시,부산광역시 강서구
20250205284,1,1,1,치즈몽드부산,식품제조가공업,부산광역시,부산광역시 연제구
20250205311,1,1,1,윤가네떡,식품제조가공업,부산광역시,부산광역시 연제구
20250208425,1,1,1,럭키팩토리,식품제조가공업,부산광역시,부산광역시 수영구
20250211086,3,3,3,(주)비에스,식품제조가공업,부산광역시,부산광역시 사상구
20250211223,1,1,1,지엔,식품제조가공업,부산광역시,부산광역시 사상구
20250214028,4,4,4,미담푸드,식품제조가공업,부산광역시,부산광역시 기장군
20250214135,1,1,1,르프랭땅F&B,식품제조가공업,부산광역시,부산광역시 기장군
20250214237,4,4,4,(주)유니버셜팜,식품제조가공업,부산광역시,부산광역시 기장군
20250214387,1,1,1,농업회사법인 주식회사 호두나라,식품제조가공업,부산광역시,부산광역시 기장군
20250214728,1,1,1,(주)잼커피로스터리움,식품제조가공업,부산광역시,부산광역시 기장군
20250214757,2,2,2,주식회사 명가정항우케익,식품제조가공업,부산광역시,부산광역시 기장군
20250219860,1,1,1,주식회사 리안에프앤비,식품제조가공업,대구광역시,대구광역시 중구
20250222174,3,3,3,농업회사법인주식회사끌림,식품제조가공업,대구광역시,대구광역시 동구
20250222228,1,1,1,농업회사법인밥꽃한과주식회사,식품제조가공업,대구광역시,대구광역시 동구
20250223092,1,1,1,베이크 원,식품제조가공업,대구광역시,대구광역시 동구
20250226128,4,4,4,주식회사 센비아,식품제조가공업,대구광역시,대구광역시 서구
20250226412,1,1,1,주식회사 새로움플러스,식품제조가공업,대구광역시,대구광역시 서구
20250226456,2,2,2,선주푸드 시스템,식품제조가공업,대구광역시,대구광역시 서구
20250233278,3,3,3,(주)본태경푸드,식품제조가공업,대구광역시,대구광역시 북구
20250233767,1,1,1,마이스위트랩,식품제조가공업,대구광역시,대구광역시 북구
20250234198,2,2,2,고반식품,식품제조가공업,대구광역시,대구광역시 북구
20250234360,1,1,1,대자연식품 제2공장,식품제조가공업,대구광역시,대구광역시 북구
20250240607,2,2,2,대인베짱,식품제조가공업,대구광역시,대구광역시 수성구
20250240943,1,1,1,주식회사 푸드창고,식품제조가공업,대구광역시,대구광역시 수성구
20250248093,1,1,1,아주푸드시스템,식품제조가공업,대구광역시,대구광역시 달서구
20250248248,1,1,1,무릉도원 신선식품,식품제조가공업,대구광역시,대구광역시 달서구
20250249032,1,1,1,도도환 푸드,식품제조가공업,대구광역시,대구광역시 달서구
20250249406,1,1,1,주식회사 다함푸드,식품제조가공업,대구광역시,대구광역시 달서구
20250256199,1,1,1,알제이바이오,식품제조가공업,대구광역시,대구광역시 달성군
20250263245,3,3,3,주식회사 이유에프앤씨,식품제조가공업,인천광역시,인천광역시 제물포구
20250263362,2,2,2,미소식품 주식회사,식품제조가공업,인천광역시,인천광역시 제물포구
20250263545,2,2,2,어업회사법인 신광수산 주식회사,식품제조가공업,인천광역시,인천광역시 제물포구
20250268192,1,1,1,주식회사 이랜드이츠 주안지점,식품제조가공업,인천광역시,인천광역시 미추홀구
20250273088,2,2,2,달곰,식품제조가공업,인천광역시,인천광역시 연수구
20250273356,1,1,1,주식회사 아프로식품,식품제조가공업,인천광역시,인천광역시 연수구
20250279110,2,2,2,(주)주성엠에스,식품제조가공업,인천광역시,인천광역시 남동구
20250279526,2,2,2,이든푸드,식품제조가공업,인천광역시,인천광역시 남동구
20250279527,2,2,2,엘푸드,식품제조가공업,인천광역시,인천광역시 남동구
20250279550,2,2,2,(주)미진푸드,식품제조가공업,인천광역시,인천광역시 남동구
20250279652,1,1,1,주식회사 락컴퍼니,식품제조가공업,인천광역시,인천광역시 남동구
20250279777,2,2,2,바다쓰기,식품제조가공업,인천광역시,인천광역시 남동구
20250280188,1,1,1,주식회사 제이에스와이푸드,식품제조가공업,인천광역시,인천광역시 남동구
20250280258,2,2,2,주식회사 비엘디에프앤비,식품제조가공업,인천광역시,인천광역시 남동구
20250283071,1,1,1,엔비브이에프앤비(NBV F&B),식품제조가공업,인천광역시,인천광역시 부평구
20250283122,1,1,1,주식회사 금방에프앤비,식품제조가공업,인천광역시,인천광역시 부평구
20250283342,2,2,2,에이비씨디저트센터(ABC Dessert Center),식품제조가공업,인천광역시,인천광역시 부평구
20250283398,1,1,1,(주)소여,식품제조가공업,인천광역시,인천광역시 부평구
20250283725,5,5,5,주식회사 지지에프,식품제조가공업,인천광역시,인천광역시 부평구
20250287024,2,2,2,해솔수산,식품제조가공업,인천광역시,인천광역시 계양구
20250291338,4,4,4,주식회사 행담,식품제조가공업,인천광역시,인천광역시 검단구
20250291422,2,2,2,해든수산,식품제조가공업,인천광역시,인천광역시 서해구
20250291542,2,2,2,(주)스윗앤스위츠 인천공장,식품제조가공업,인천광역시,인천광역시 서해구
20250291647,1,1,1,에스지피,식품소분업,인천광역시,인천광역시 검단구
20250291729,1,1,1,주식회사 케이제이지푸드,식품제조가공업,인천광역시,인천광역시 서해구
20250291762,4,4,4,주식회사 태산푸드,식품제조가공업,인천광역시,인천광역시 검단구
20250292051,1,1,1,(주)유명식품,식품제조가공업,인천광역시,인천광역시 서해구
20250292495,3,3,3,(주)반찬단지플러스,식품제조가공업,인천광역시,인천광역시 서해구
20250292652,2,2,2,태산식품,식품제조가공업,인천광역시,인천광역시 검단구
20250292802,1,1,1,주식회사 바나디스,식품제조가공업,인천광역시,인천광역시 검단구
20250292855,1,1,1,푸드찹,식품제조가공업,인천광역시,인천광역시 서해구
20250292984,1,1,1,주식회사 아이디바이오랩,식품소분업,인천광역시,인천광역시 검단구
20250306292,2,2,2,광주서구지역자활센터 착한김치,식품제조가공업,전남광주통합특별시,전남광주통합특별시 서구
20250313052,2,2,2,김치좋아,식품제조가공업,전남광주통합특별시,전남광주통합특별시 북구
20250313532,1,1,1,(주)조이키토,식품제조가공업,전남광주통합특별시,전남광주통합특별시 북구
20250320053,3,3,3,공드린김치,식품제조가공업,전남광주통합특별시,전남광주통합특별시 광산구
20250320174,4,4,4,주식회사맛장군,식품제조가공업,전남광주통합특별시,전남광주통합특별시 광산구
20250320410,2,2,2,(주)최고의순간,식품제조가공업,전남광주통합특별시,전남광주통합특별시 광산구
20250321010,2,2,2,(주)한아름푸드시스템,식품제조가공업,전남광주통합특별시,전남광주통합특별시 광산구
20250326111,1,1,1,티엔알컴퍼니(주),식품제조가공업,대전광역시,대전광역시 동구
20250326306,1,1,1,(주)퓨어팜2,식품제조가공업,대전광역시,대전광역시 동구
20250326573,1,1,1,주식회사 손맛,식품제조가공업,대전광역시,대전광역시 동구
20250329131,3,3,3,주식회사 블루웨이브식품,식품제조가공업,대전광역시,대전광역시 중구
20250329680,1,1,1,관록,식품제조가공업,대전광역시,대전광역시 중구
20250333728,1,1,1,주식회사 가온해,식품제조가공업,대전광역시,대전광역시 서구
20250334264,1,1,1,꿈심당호두,식품제조가공업,대전광역시,대전광역시 서구
20250342060,1,1,1,주식회사성경식품제3공장,식품제조가공업,대전광역시,대전광역시 대덕구
20250342129,3,3,3,주식회사 데미엄예푸드,식품제조가공업,대전광역시,대전광역시 대덕구
20250347461,1,1,1,해뜰식품,식품제조가공업,울산광역시,울산광역시 중구
20250350320,1,1,1,버터브릭,식품제조가공업,울산광역시,울산광역시 남구
20250362705,1,1,1,(주)사랑밭,식품제조가공업,울산광역시,울산광역시 울주군
20250365215,2,2,2,(주)스위트바이오,식품제조가공업,세종특별자치시,세종특별자치시
20250366131,1,1,1,명인정,식품제조가공업,세종특별자치시,세종특별자치시
20250366152,1,1,1,(주)동방에프앤비,식품제조가공업,세종특별자치시,세종특별자치시
20250366172,1,1,1,베리웰 사회적협동조합,식품제조가공업,세종특별자치시,세종특별자치시
20250366311,1,1,1,주식회사 달인푸드,식품제조가공업,세종특별자치시,세종특별자치시
20250373377,2,2,2,(주)대흥 수원지점,식품제조가공업,경기도,경기도 수원시
20250373706,1,1,1,주식회사 와이앤제이코퍼레이션,식품제조가공업,경기도,경기도 수원시
20250374315,1,1,1,(주)디저트코,식품제조가공업,경기도,경기도 수원시
20250374481,1,1,1,쿠키앤모어,식품제조가공업,경기도,경기도 수원시
20250390039,1,1,1,멜로우 주식회사,식품제조가공업,경기도,경기도 성남시
20250390049,3,3,3,(주)고투,식품제조가공업,경기도,경기도 성남시
20250390072,1,1,1,(주)어부네코다리 연구소,식품제조가공업,경기도,경기도 성남시
20250390096,4,4,4,주식회사 피플리브,식품제조가공업,경기도,경기도 성남시
20250390160,3,3,3,이야이야앤프렌즈 팩토리,식품제조가공업,경기도,경기도 성남시
20250390162,1,1,1,주식회사 링크디앤에스,식품소분업,경기도,경기도 성남시
20250390163,1,1,1,주식회사 링크디앤에스,식품제조가공업,경기도,경기도 성남시
20250390191,1,1,1,어썸브레드 성남팩토리,식품제조가공업,경기도,경기도 성남시
20250390199,1,1,1,(주)비에이21,식품제조가공업,경기도,경기도 성남시
20250390204,1,1,1,주식회사 피키팝,식품제조가공업,경기도,경기도 성남시
20250390262,2,2,2,호텔아이파크(주)성남센터,식품제조가공업,경기도,경기도 성남시
20250390301,1,1,1,주식회사 딘타이펑코리아,식품제조가공업,경기도,경기도 성남시
20250405389,1,1,1,주식회사 더스타푸드,식품제조가공업,경기도,경기도 의정부시
20250408284,2,2,2,(주)보노에프앤비,식품제조가공업,경기도,경기도 안양시
20250408346,1,1,1,(주)데이드림,식품제조가공업,경기도,경기도 안양시
20250417009,1,1,1,주식회사 보리마을,식품제조가공업,경기도,경기도 부천시
20250417222,3,3,3,슬런치팩토리 부천,식품제조가공업,경기도,경기도 부천시
20250417277,1,1,1,더바른푸드,식품제조가공업,경기도,경기도 부천시
20250417328,1,1,1,(주)에스크루,식품제조가공업,경기도,경기도 부천시
20250417367,1,1,1,(주)숲푸드,식품제조가공업,경기도,경기도 부천시
20250418123,2,2,2,(주)델리스,식품제조가공업,경기도,경기도 부천시
20250457173,1,1,1,곡식방울,식품제조가공업,경기도,경기도 광명시
20250463152,3,3,3,(주)선양 송탄2공장,식품제조가공업,경기도,경기도 평택시
20250463519,1,1,1,(주)나생에프엔비,식품소분업,경기도,경기도 평택시
20250463693,1,1,1,이토피아(EATOPIA),식품제조가공업,경기도,경기도 평택시
20250466026,4,4,4,(주)비오팜2공장,식품제조가공업,경기도,경기도 평택시
20250466069,1,1,1,슬기로운 청년농부,식품제조가공업,경기도,경기도 평택시
20250466239,3,3,3,(주)에이엠이 안중지점,식품제조가공업,경기도,경기도 평택시
20250470306,1,1,1,부림유통,식품제조가공업,경기도,경기도 안산시
20250470384,1,1,1,(주)해밀디에스에프,식품제조가공업,경기도,경기도 안산시
20250470511,2,2,2,데미안,식품제조가공업,경기도,경기도 안산시
20250470716,1,1,1,김부인식품,식품제조가공업,경기도,경기도 안산시
20250470845,1,1,1,(주)현대그린푸드 베이커리 2공장,식품제조가공업,경기도,경기도 안산시
20250470886,1,1,1,나나식품,식품제조가공업,경기도,경기도 안산시
20250470999,11,11,11,주식회사 비에스바이오,식품제조가공업,경기도,경기도 안산시
20250482046,1,1,1,데니시랩,식품제조가공업,경기도,경기도 고양시
20250482273,6,6,6,(주)디어푸드,식품제조가공업,경기도,경기도 고양시
20250482582,1,1,1,제이에스엔 주식회사,식품제조가공업,경기도,경기도 고양시
20250482803,2,2,2,주식회사 사라이,식품제조가공업,경기도,경기도 고양시
20250482897,1,1,1,가족나무,식품제조가공업,경기도,경기도 고양시
20250483015,2,2,2,주식회사 플라잉닥터 제2공장,식품제조가공업,경기도,경기도 고양시
20250483051,2,2,2,우수푸드,식품제조가공업,경기도,경기도 고양시
20250483288,1,1,1,주식회사 탄단지,식품제조가공업,경기도,경기도 고양시
20250483367,1,1,1,주식회사 아울푸드랩,식품제조가공업,경기도,경기도 고양시
20250483507,3,3,3,(주)와이엔비컴퍼니,식품제조가공업,경기도,경기도 고양시
20250483509,3,3,3,(주)티엔푸드 2공장,식품제조가공업,경기도,경기도 고양시
20250483541,1,1,1,코스모 식품,식품제조가공업,경기도,경기도 고양시
20250483859,1,1,1,주식회사 삼원에프앤씨,식품제조가공업,경기도,경기도 고양시
20250484119,1,1,1,부흥식품,식품제조가공업,경기도,경기도 고양시
20250498272,1,1,1,(주)농업회사법인 신금,식품제조가공업,경기도,경기도 과천시
20250500448,1,1,1,포정,식품제조가공업,경기도,경기도 구리시
20250503135,1,1,1,주식회사 채선당밀키트,식품제조가공업,경기도,경기도 남양주시
20250503235,1,1,1,주식회사 쓰담푸드,식품제조가공업,경기도,경기도 남양주시
20250503405,2,2,2,주식회사 버너클래스,식품제조가공업,경기도,경기도 남양주시
20250503606,2,2,2,주식회사 슈퍼너츠팩토리,식품제조가공업,경기도,경기도 남양주시
20250503645,2,2,2,(주)도타,식품제조가공업,경기도,경기도 남양주시
20250503690,2,2,2,(주)티아이씨,식품제조가공업,경기도,경기도 남양주시
20250503702,1,1,1,오드투디저트,식품제조가공업,경기도,경기도 남양주시
20250503742,1,1,1,지금 그리고,식품제조가공업,경기도,경기도 남양주시
20250503746,1,1,1,제이엠푸드,식품제조가공업,경기도,경기도 남양주시
20250503810,2,2,2,주식회사 핀코퍼레이션,식품제조가공업,경기도,경기도 남양주시
20250503987,3,3,3,농업회사법인 정담 주식회사,식품제조가공업,경기도,경기도 남양주시
20250504236,1,1,1,상인 주식회사,식품제조가공업,경기도,경기도 남양주시
20250504389,1,1,1,(주)두두스,식품제조가공업,경기도,경기도 남양주시
20250504413,1,1,1,주식회사 트릿츠코리아,식품제조가공업,경기도,경기도 남양주시
20250504437,2,2,2,라라라 프로젝트,식품제조가공업,경기도,경기도 남양주시
20250504438,1,1,1,주식회사 스테이테이블,식품제조가공업,경기도,경기도 남양주시
20250504468,1,1,1,(주)우슴지음,식품제조가공업,경기도,경기도 남양주시
20250504551,2,2,2,(주)대조에프앤비 제2공장,식품제조가공업,경기도,경기도 남양주시
20250504736,1,1,1,설악양봉원 프로폴리스,식품제조가공업,경기도,경기도 남양주시
20250505163,2,2,2,원도라지,식품제조가공업,경기도,경기도 남양주시
20250505264,5,5,5,팀호완 남양주센터,식품제조가공업,경기도,경기도 남양주시
20250510278,2,2,2,밀도팩토리,식품제조가공업,경기도,경기도 오산시
20250510766,1,1,1,(주)바른면가,식품제조가공업,경기도,경기도 오산시
20250513272,1,1,1,주식회사원일유통,식품제조가공업,경기도,경기도 시흥시
20250513619,2,2,2,바른식방,식품제조가공업,경기도,경기도 시흥시
20250514023,1,1,1,하나더하기사회적협동조합,식품제조가공업,경기도,경기도 시흥시
20250514304,1,1,1,하나로에프엔디,식품제조가공업,경기도,경기도 시흥시
20250514864,1,1,1,제이엘스틱,식품소분업,경기도,경기도 시흥시
20250520173,2,2,2,(주)샐러드판다 2공장,식품제조가공업,경기도,경기도 군포시
20250520177,1,1,1,(주)퓨어쉘,식품제조가공업,경기도,경기도 군포시
20250520643,1,1,1,(주)이템하우스,식품제조가공업,경기도,경기도 군포시
20250523042,1,1,1,유신유통,식품제조가공업,경기도,경기도 의왕시
20250523102,1,1,1,주식회사 수양,식품제조가공업,경기도,경기도 의왕시
20250523113,1,1,1,튜나글로벌,식품제조가공업,경기도,경기도 의왕시
20250523124,1,1,1,(주)유선,식품제조가공업,경기도,경기도 의왕시
20250523147,1,1,1,서하수산,식품제조가공업,경기도,경기도 의왕시
20250525137,1,1,1,(주)생생원,식품제조가공업,경기도,경기도 하남시
20250525227,1,1,1,(주)스위시팩토리,식품제조가공업,경기도,경기도 하남시
20250525465,2,1,1,주식회사 더코센,식품제조가공업,경기도,경기도 남양주시
20250526230,1,1,1,메종담금(주),식품제조가공업,경기도,경기도 하남시
20250530013,1,1,1,(주)엔브릭스,식품제조가공업,경기도,경기도 용인시
20250530030,1,1,1,에스엘케이푸드,식품제조가공업,경기도,경기도 용인시
20250530036,1,1,1,(주)수풍정푸드,식품제조가공업,경기도,경기도 용인시
20250530150,1,1,1,마시떡,식품제조가공업,경기도,경기도 용인시
20250530166,2,2,2,(주)부일3공장,식품제조가공업,경기도,경기도 용인시
20250530169,1,1,1,영진바이오,식품제조가공업,경기도,경기도 용인시
20250530185,1,1,1,백송식품(주),식품제조가공업,경기도,경기도 용인시
20250530249,1,1,1,주식회사 에스씨브이에프앤비,식품제조가공업,경기도,경기도 용인시
20250542411,1,1,1,(주)다은푸드,식품제조가공업,경기도,경기도 파주시
20250542526,1,1,1,유한회사 바로가,식품제조가공업,경기도,경기도 파주시
20250542535,3,3,3,주식회사콩밭뜰,식품제조가공업,경기도,경기도 파주시
20250542536,1,1,1,(주)자인,식품제조가공업,경기도,경기도 파주시
20250542695,1,1,1,(주)한진무역,식품제조가공업,경기도,경기도 파주시
20250542723,1,1,1,주식회사 유앤엠,식품제조가공업,경기도,경기도 파주시
20250543196,3,3,3,핑크스,식품제조가공업,경기도,경기도 파주시
20250543199,2,2,2,아이 밥(I meal),식품제조가공업,경기도,경기도 파주시
20250543200,3,3,3,주식회사 푸드베이스,식품제조가공업,경기도,경기도 파주시
20250543558,2,2,2,(주)신채,식품제조가공업,경기도,경기도 파주시
20250544075,2,2,2,(주)미라클푸드,식품제조가공업,경기도,경기도 파주시
20250548342,1,1,1,주식회사 프레니쉬,식품제조가공업,경기도,경기도 이천시
20250548483,2,2,2,주식회사 아빠의 보물창고,식품제조가공업,경기도,경기도 이천시
20250548645,1,1,1,농업회사법인 (주) 바온,식품제조가공업,경기도,경기도 이천시
20250548835,2,2,2,경춘당,식품제조가공업,경기도,경기도 이천시
20250548955,3,3,3,농업회사법인 주식회사 푸드랩,식품제조가공업,경기도,경기도 이천시
20250548983,1,1,1,(주)트루데일리,식품제조가공업,경기도,경기도 이천시
20250551038,1,1,1,(주)비에스비푸드,식품제조가공업,경기도,경기도 안성시
20250551557,2,2,2,주식회사 티베이크모어,식품제조가공업,경기도,경기도 안성시
20250551687,1,1,1,주식회사 에스프레시,식품제조가공업,경기도,경기도 안성시
20250551717,1,1,1,주식회사 제이쿠키,식품제조가공업,경기도,경기도 안성시
20250554253,4,4,4,더s청담,식품제조가공업,경기도,경기도 김포시
20250554567,1,1,1,김포전통장영농조합법인 제2공장,식품제조가공업,경기도,경기도 김포시
20250555139,2,2,2,주식회사 와밀,식품제조가공업,경기도,경기도 김포시
20250555223,2,2,2,(주)다미원제이푸드,식품제조가공업,경기도,경기도 김포시
20250555344,1,1,1,두손푸드,식품제조가공업,경기도,경기도 김포시
20250555380,2,2,2,농업회사법인 금쌀 주식회사,식품제조가공업,경기도,경기도 김포시
20250555863,1,1,1,주식회사 다애인,식품제조가공업,경기도,경기도 김포시
20250555867,1,1,1,나라푸드랩,식품제조가공업,경기도,경기도 김포시
20250555892,2,2,2,유진푸드,식품제조가공업,경기도,경기도 김포시
20250561170,1,1,1,주식회사 아란푸드랩,식품제조가공업,경기도,경기도 화성시
20250561371,1,1,1,뉴욕러브베이글R&D센터,식품제조가공업,경기도,경기도 화성시
20250561740,1,1,1,백천푸드,식품제조가공업,경기도,경기도 화성시
20250561832,3,3,3,항동해전한국식품 주식회사,식품제조가공업,경기도,경기도 화성시
20250561966,1,1,1,(주)위드생활건강,식품소분업,경기도,경기도 화성시
20250562174,9,9,9,(주)위드생활건강,식품제조가공업,경기도,경기도 화성시
20250562225,2,2,2,주식회사 일양푸드 제2공장,식품제조가공업,경기도,경기도 화성시
20250562332,3,3,3,(주)하늘푸드 제1공장,식품제조가공업,경기도,경기도 화성시
20250562353,2,2,2,두나팜,식품제조가공업,경기도,경기도 화성시
20250562585,1,1,1,(주)토브이노베이션,식품제조가공업,경기도,경기도 화성시
20250563150,2,2,2,파티센타 동탄농협 CK,식품제조가공업,경기도,경기도 화성시
20250563219,4,4,4,주식회사 글리시드,식품제조가공업,경기도,경기도 화성시
20250563923,1,1,1,농업회사법인 그래도푸드 (주)제3공장,식품제조가공업,경기도,경기도 화성시
20250564037,1,1,1,달수정,식품제조가공업,경기도,경기도 화성시
20250564292,2,2,2,스테이데이원웍스,식품제조가공업,경기도,경기도 화성시
20250564565,1,1,1,주식회사 신사강,식품소분업,경기도,경기도 화성시
20250565104,1,1,1,주식회사 조이푸드,식품제조가공업,경기도,경기도 화성시
20250565331,3,3,3,농업회사법인(주)하나,식품제조가공업,경기도,경기도 화성시
20250565360,1,1,1,(주)선인,식품제조가공업,경기도,경기도 화성시
20250565377,1,1,1,(주)놀이터컴퍼니,식품제조가공업,경기도,경기도 화성시
20250569077,1,1,1,(주)다우푸드,식품제조가공업,경기도,경기도 광주시
20250569085,2,2,2,(주)대승푸드,식품제조가공업,경기도,경기도 광주시
20250569156,1,1,1,(주)피딜,식품소분업,경기도,경기도 광주시
20250569219,1,1,1,온담,식품소분업,경기도,경기도 광주시
20250569269,1,1,1,미트앤미트,식품제조가공업,경기도,경기도 광주시
20250569535,4,4,4,스위트코리아,식품제조가공업,경기도,경기도 광주시
20250569592,1,1,1,(주)해창에스에프,식품제조가공업,경기도,경기도 광주시
20250569641,1,1,1,(주)조선F&C,식품소분업,경기도,경기도 광주시
20250569795,2,2,2,청오건강 농업회사법인주식회사 7공장,식품제조가공업,경기도,경기도 광주시
20250570108,3,3,3,(주)푸드인어스,식품제조가공업,경기도,경기도 광주시
20250570120,2,2,2,선진푸드(주),식품제조가공업,경기도,경기도 광주시
20250570134,1,1,1,(주)프로즌 신월공장,식품제조가공업,경기도,경기도 광주시
20250570174,1,1,1,퀸케이트(Queen kate,식품제조가공업,경기도,경기도 광주시
20250570247,1,1,1,주식회사 거다에프앤비,식품제조가공업,경기도,경기도 광주시
20250570279,1,1,1,(주)더마을에프엔비,식품제조가공업,경기도,경기도 광주시
20250574187,1,1,1,틴지오브소울랩,식품제조가공업,경기도,경기도 양주시
20250574292,1,1,1,효연허브농장,식품제조가공업,경기도,경기도 양주시
20250574356,1,1,1,(주)건우에프앤비,식품제조가공업,경기도,경기도 양주시
20250574474,1,1,1,하연푸드,식품제조가공업,경기도,경기도 양주시
20250574780,2,2,2,주식회사 제이엠웰라이프,식품제조가공업,경기도,경기도 양주시
20250574911,1,1,1,주식회사 지엔오24,식품제조가공업,경기도,경기도 양주시
20250574918,1,1,1,쌀이야기,식품제조가공업,경기도,경기도 양주시
20250575055,2,2,2,향토농산,식품제조가공업,경기도,경기도 양주시
20250577107,2,2,2,(주)다감로식품 농업회사법인,식품제조가공업,경기도,경기도 포천시
20250577109,1,1,1,(주)베러스쿱크리머리,식품제조가공업,경기도,경기도 포천시
20250577120,7,7,7,주식회사 신비바이오,식품제조가공업,경기도,경기도 포천시
20250577173,1,1,1,(주)오뗄포천용정지점,식품제조가공업,경기도,경기도 포천시
20250577283,1,1,1,주식회사 더푸드웨이,식품제조가공업,경기도,경기도 포천시
20250577357,1,1,1,꺼비반죽,식품제조가공업,경기도,경기도 포천시
20250577469,1,1,1,한국에프앤비(주),식품제조가공업,경기도,경기도 포천시
20250577711,6,6,6,주식회사 신비바이오,식품제조가공업,경기도,경기도 포천시
20250577720,1,1,1,주식회사 아리담 에프앤비,식품제조가공업,경기도,경기도 포천시
20250580004,3,3,3,농업회사법인 한둘푸드 주식회사,식품제조가공업,경기도,경기도 여주시
20250580364,1,1,1,란미소CK,식품제조가공업,경기도,경기도 여주시
20250580464,1,1,1,주식회사 맘모스산업,식품제조가공업,경기도,경기도 여주시
20250580687,1,1,1,비에스홀딩스,식품제조가공업,경기도,경기도 여주시
20250582020,4,4,4,주식회사 임진강김치,식품제조가공업,경기도,경기도 연천군
20250584290,1,1,1,주식회사 그린팜푸드,식품제조가공업,경기도,경기도 가평군
20250586093,1,1,1,농업회사법인펜타드(주),식품제조가공업,경기도,경기도 양평군
20250586271,3,3,3,사회적협동조합모들,식품제조가공업,경기도,경기도 양평군
20250590152,3,3,3,박사기름,식품제조가공업,강원특별자치도,강원특별자치도 춘천시
20250591235,1,1,1,춘천애(愛)온봄찬,식품제조가공업,강원특별자치도,강원특별자치도 춘천시
20250594112,1,1,1,(주)온세까세로1공장,식품제조가공업,강원특별자치도,강원특별자치도 원주시
20250594321,1,1,1,삼양제분(주)정제공장,식품제조가공업,강원특별자치도,강원특별자치도 원주시
20250594337,2,2,2,강원F&B,식품제조가공업,강원특별자치도,강원특별자치도 원주시
20250594438,1,1,1,유알카카오(URkakao),식품제조가공업,강원특별자치도,강원특별자치도 원주시
20250598078,3,3,3,주식회사지강,식품제조가공업,강원특별자치도,강원특별자치도 강릉시
20250599219,1,1,1,사천사과영농조합법인,식품제조가공업,강원특별자치도,강원특별자치도 강릉시
20250602220,2,2,2,동해식품상사,식품제조가공업,강원특별자치도,강원특별자치도 동해시
20250605001,1,1,1,둥지푸드 주식회사,식품제조가공업,강원특별자치도,강원특별자치도 태백시
20250605054,1,1,1,(주)피크로스트,식품제조가공업,강원특별자치도,강원특별자치도 태백시
20250607242,3,3,3,(주)정찬씨앤에프,식품제조가공업,강원특별자치도,강원특별자치도 속초시
20250611026,1,1,1,덕고산산양산삼,식품제조가공업,강원특별자치도,강원특별자치도 홍천군
20250611053,1,1,1,텃밭브레드,식품제조가공업,강원특별자치도,강원특별자치도 홍천군
20250611069,2,2,2,주식회사홍홍이,식품제조가공업,강원특별자치도,강원특별자치도 홍천군
20250613045,5,5,5,(주)대웅제약 1공장,식품제조가공업,강원특별자치도,강원특별자치도 횡성군
20250613079,6,6,6,횡성안심가공플랫폼,식품제조가공업,강원특별자치도,강원특별자치도 횡성군
20250613275,1,1,1,공근농협농산물유통센터,식품제조가공업,강원특별자치도,강원특별자치도 횡성군
20250615125,2,2,2,주식회사 이룸,식품제조가공업,강원특별자치도,강원특별자치도 영월군
20250615132,1,1,1,그래도팜 농업회사법인(주),식품제조가공업,강원특별자치도,강원특별자치도 영월군
20250619006,2,2,2,(주)곤디,식품제조가공업,강원특별자치도,강원특별자치도 정선군
20250619070,1,1,1,아리랑브루어리주식회사,식품제조가공업,강원특별자치도,강원특별자치도 정선군
20250619165,1,1,1,제이푸드(j-food),식품제조가공업,강원특별자치도,강원특별자치도 정선군
20250621124,1,1,1,영농조합법인 김화디엠지청정한과,식품제조가공업,강원특별자치도,강원특별자치도 철원군
20250625036,2,2,2,농업회사법인(주)자연드림,식품제조가공업,강원특별자치도,강원특별자치도 양구군
20250627145,1,1,1,기린원당조공법인 두류가공품사업소,식품제조가공업,강원특별자치도,강원특별자치도 인제군
20250629116,1,1,1,해양심층수산업 고성진흥원,식품제조가공업,강원특별자치도,강원특별자치도 고성군
20250629191,1,1,1,진양씨푸드 주식회사,식품제조가공업,강원특별자치도,강원특별자치도 고성군
20250631028,1,1,1,주식회사 강릉최가두부(제2공장),식품제조가공업,강원특별자치도,강원특별자치도 양양군
20250635011,7,7,7,농업회사법인(주)진샘,식품제조가공업,충청북도,충청북도 청주시
20250635024,1,1,1,주식회사 더큰푸드,식품제조가공업,충청북도,충청북도 청주시
20250635033,2,2,2,(주)동해식품 2공장,식품제조가공업,충청북도,충청북도 청주시
20250635040,2,2,2,제이에스푸드,식품제조가공업,충청북도,충청북도 청주시
20250635054,1,1,1,(주)함께하는유래,식품제조가공업,충청북도,충청북도 청주시
20250635057,2,1,1,농업회사법인 주식회사 미소가(오창지점),식품제조가공업,충청북도,충청북도 청주시
20250635058,1,1,1,떡하니,식품제조가공업,충청북도,충청북도 청주시
20250635068,1,1,1,주식회사 포이드캐롯,식품제조가공업,충청북도,충청북도 청주시
20250635073,1,1,1,농업회사법인주식회사묵수남,식품제조가공업,충청북도,충청북도 청주시
20250635121,1,1,1,도경에프에스,식품제조가공업,충청북도,충청북도 청주시
20250658013,2,2,2,농업회사법인주식회사신선촌,식품제조가공업,충청북도,충청북도 충주시
20250658177,3,3,3,주식회사청정식품(제2공장),식품제조가공업,충청북도,충청북도 충주시
20250658406,1,1,1,유한회사류은,식품제조가공업,충청북도,충청북도 충주시
20250658766,1,1,1,(주)제이수컴퍼니,식품제조가공업,충청북도,충청북도 충주시
20250658870,1,1,1,이명순맛손반찬,식품제조가공업,충청북도,충청북도 충주시
20250658977,2,2,2,형님아우동생,식품제조가공업,충청북도,충청북도 충주시
20250658984,1,1,1,농업법인(주)좋은밭,식품제조가공업,충청북도,충청북도 충주시
20250661084,1,1,1,정순조감로꿀,식품제조가공업,충청북도,충청북도 제천시
20250661538,1,1,1,주식회사 라이스온,식품제조가공업,충청북도,충청북도 제천시
20250664083,1,1,1,솔푸드(주),식품제조가공업,충청북도,충청북도 보은군
20250666001,3,3,3,건영웰푸드,식품제조가공업,충청북도,충청북도 옥천군
20250666166,1,1,1,주식회사 사계절푸드,식품제조가공업,충청북도,충청북도 옥천군
20250670022,1,1,1,데일리브루잉,식품제조가공업,충청북도,충청북도 증평군
20250670044,1,1,1,(주)신라명과,식품제조가공업,충청북도,충청북도 증평군
20250670054,1,1,1,피터에프앤씨 주식회사,식품제조가공업,충청북도,충청북도 증평군
20250672047,2,2,2,주식회사 지원에프엔비,식품제조가공업,충청북도,충청북도 진천군
20250672196,1,1,1,한성신약주식회사,식품제조가공업,충청북도,충청북도 진천군
20250672411,2,2,2,(주)동원에프앤비 진천2공장,식품제조가공업,충청북도,충청북도 진천군
20250674053,8,8,8,주식회사 에이치더블유,식품제조가공업,충청북도,충청북도 괴산군
20250676077,1,1,1,(주)대경오앤티,식품제조가공업,충청북도,충청북도 음성군
20250676159,3,3,3,주식회사 개미산업 2공장,식품제조가공업,충청북도,충청북도 음성군
20250676251,3,3,3,한올바이오 주식회사,식품제조가공업,충청북도,충청북도 음성군
20250676364,1,1,1,다미청푸드,식품제조가공업,충청북도,충청북도 음성군
20250676540,1,1,1,농업회사법인(주)옥구촌한우,식품제조가공업,충청북도,충청북도 음성군
20250683041,2,2,2,농업회사법인의성농산주식회사,식품제조가공업,충청남도,충청남도 천안시
20250683066,2,2,2,학화1934천안베이스캠프,식품제조가공업,충청남도,충청남도 천안시
20250683131,2,2,2,대동맛지도,식품제조가공업,충청남도,충청남도 천안시
20250683331,1,1,1,늘샘푸드,식품제조가공업,충청남도,충청남도 천안시
20250683465,2,2,2,천안로컬푸드생산자협동조합,식품제조가공업,충청남도,충청남도 천안시
20250683642,1,1,1,늘한결푸드,식품제조가공업,충청남도,충청남도 천안시
20250684006,2,2,2,주식회사야레,식품제조가공업,충청남도,충청남도 천안시
20250684038,1,1,1,주식회사크레오닉스,식품제조가공업,충청남도,충청남도 천안시
20250694341,8,8,8,주식회사대현에벤에셀,식품제조가공업,충청남도,충청남도 당진시
20250697245,1,1,1,연기나는마을,식품제조가공업,충청남도,충청남도 공주시
20250699062,2,2,2,농업회사법인 보령김치(주),식품제조가공업,충청남도,충청남도 보령시
20250699145,1,1,1,어업회사법인 주식회사 서해,식품제조가공업,충청남도,충청남도 보령시
20250699378,1,1,1,후레쉬 푸드,식품제조가공업,충청남도,충청남도 보령시
20250702245,2,2,2,낵스,식품제조가공업,충청남도,충청남도 아산시
20250705088,1,1,1,해미여유 초콜릿,식품제조가공업,충청남도,충청남도 서산시
20250705160,1,1,1,(주)락앤롤푸드,식품제조가공업,충청남도,충청남도 서산시
20250705620,2,2,2,(주)웰비온에프티,식품제조가공업,충청남도,충청남도 서산시
20250707016,1,1,1,주)논산팜,식품제조가공업,충청남도,충청남도 논산시
20250707030,1,1,1,농업회사법인연농유통,식품제조가공업,충청남도,충청남도 논산시
20250707111,1,1,1,주식회사 어반파머,식품소분업,충청남도,충청남도 논산시
20250707138,1,1,1,주식회사 와이앤비푸드,식품제조가공업,충청남도,충청남도 논산시
20250707316,1,1,1,타임스퀘어,식품제조가공업,충청남도,충청남도 논산시
20250707452,1,1,1,(주)에치와이 논산공장,식품제조가공업,충청남도,충청남도 논산시
20250710041,3,3,3,농업회사법인 주식회사 1984그집,식품제조가공업,충청남도,충청남도 계룡시
20250710261,1,1,1,주식회사 오늘도,식품제조가공업,충청남도,충청남도 계룡시
20250712010,3,3,3,농업회사법인 주식회사 홍백,식품제조가공업,충청남도,충청남도 금산군
20250712036,1,1,1,주식회사 금산인삼골,식품제조가공업,충청남도,충청남도 금산군
20250714029,1,1,1,세도농협농산물산지유통센타,식품제조가공업,충청남도,충청남도 부여군
20250714052,1,1,1,양송이 유,식품제조가공업,충청남도,충청남도 부여군
20250714229,1,1,1,최선의 한과,식품제조가공업,충청남도,충청남도 부여군
20250716095,2,2,2,판교농민식품(주),식품제조가공업,충청남도,충청남도 서천군
20250718037,1,1,1,시루모루,식품제조가공업,충청남도,충청남도 청양군
20250718104,1,1,1,문화떡방아,식품제조가공업,충청남도,충청남도 청양군
20250722327,1,1,1,예산농협 쪽파동결건조장,식품제조가공업,충청남도,충청남도 예산군
20250724008,1,1,1,청홍담,식품제조가공업,충청남도,충청남도 태안군
20250730020,1,1,1,유한회사 윤하바름,식품제조가공업,전북특별자치도,전북특별자치도 전주시
20250730701,1,1,1,유한회사조점례푸드,식품제조가공업,전북특별자치도,전북특별자치도 전주시
20250730835,2,2,2,공소,식품제조가공업,전북특별자치도,전북특별자치도 전주시
20250730943,2,2,2,주식회사 쏘해피,식품제조가공업,전북특별자치도,전북특별자치도 전주시
20250734363,1,1,1,전주카페수목원,식품제조가공업,전북특별자치도,전북특별자치도 전주시
20250734507,2,2,2,스타팩토리,식품제조가공업,전북특별자치도,전북특별자치도 전주시
20250738194,1,1,1,삼대꽃게장,식품제조가공업,전북특별자치도,전북특별자치도 군산시
20250738539,2,2,2,농업회사법인 주식회사 디에스베이커리앤푸드,식품제조가공업,전북특별자치도,전북특별자치도 군산시
20250738584,1,1,1,선인바이오테크,식품제조가공업,전북특별자치도,전북특별자치도 군산시
20250738894,1,1,1,주식회사 미래바다,식품제조가공업,전북특별자치도,전북특별자치도 군산시
20250738914,1,1,1,올담푸드,식품제조가공업,전북특별자치도,전북특별자치도 군산시
20250742047,1,1,1,유한회사 바른식품,식품제조가공업,전북특별자치도,전북특별자치도 익산시
20250742081,1,1,1,(주)핀컴퍼니(제2공장),식품제조가공업,전북특별자치도,전북특별자치도 익산시
20250742111,1,1,1,용궁식품(익산),식품제조가공업,전북특별자치도,전북특별자치도 익산시
20250742120,1,1,1,농업회사법인 유림농산(주),식품제조가공업,전북특별자치도,전북특별자치도 익산시
20250742131,2,2,2,(주)소이프트바이옴 제3공장,식품제조가공업,전북특별자치도,전북특별자치도 익산시
20250742148,1,1,1,(주)후레쉬닷컴,식품소분업,전북특별자치도,전북특별자치도 익산시
20250742172,2,2,2,농업회사법인(주)팜360닷에이아이,식품제조가공업,전북특별자치도,전북특별자치도 익산시
20250742352,2,2,2,유한회사 바다놀이터,식품제조가공업,전북특별자치도,전북특별자치도 익산시
20250742373,1,1,1,(주)팜조아농업회사법인함열공장,식품제조가공업,전북특별자치도,전북특별자치도 익산시
20250742382,1,1,1,라이스밸류 익산1공장,식품제조가공업,전북특별자치도,전북특별자치도 익산시
20250742457,1,1,1,천년식향 익산플랜트(Millennial Flavor Town Iksan Plant),식품제조가공업,전북특별자치도,전북특별자치도 익산시
20250742477,3,3,3,주식회사 오너브 제2공장,식품제조가공업,전북특별자치도,전북특별자치도 익산시
20250742504,2,2,2,(주식회사)뭉송,식품제조가공업,전북특별자치도,전북특별자치도 익산시
20250742521,4,4,4,현신바이오,식품제조가공업,전북특별자치도,전북특별자치도 익산시
20250742631,2,2,2,농업회사법인 주식회사 윤율 제2공장,식품제조가공업,전북특별자치도,전북특별자치도 익산시
20250742635,1,1,1,(주)에이치엔지에프 익산지점,식품제조가공업,전북특별자치도,전북특별자치도 익산시
20250742682,2,2,2,주식회사 해오름식품,식품제조가공업,전북특별자치도,전북특별자치도 익산시
20250742729,2,2,2,(유)다현씨푸드,식품제조가공업,전북특별자치도,전북특별자치도 익산시
20250742859,1,1,1,주)남양에이치앤비식품벤처센터공장,식품제조가공업,전북특별자치도,전북특별자치도 익산시
20250742860,1,1,1,주)남양에이치앤비파일럿플랜트공장,식품제조가공업,전북특별자치도,전북특별자치도 익산시
20250746153,1,1,1,푸른바다 어묵,식품제조가공업,전북특별자치도,전북특별자치도 정읍시
20250746162,1,1,1,농업회사법인 유한회사 정읍시친환경연합,식품제조가공업,전북특별자치도,전북특별자치도 정읍시
20250746257,2,2,2,농업회사법인유한회사 한우물,식품제조가공업,전북특별자치도,전북특별자치도 정읍시
20250746301,2,2,2,(주)미당,식품제조가공업,전북특별자치도,전북특별자치도 정읍시
20250749041,3,3,3,고려원팜 주식회사,식품제조가공업,전북특별자치도,전북특별자치도 남원시
20250753053,1,1,1,(주)에이치온,식품소분업,전북특별자치도,전북특별자치도 완주군
20250753088,1,1,1,하나푸드,식품제조가공업,전북특별자치도,전북특별자치도 완주군
20250755009,1,1,1,유한회사마이푸드,식품제조가공업,전북특별자치도,전북특별자치도 진안군
20250757117,1,1,1,사조푸디스트(주)덕유산상행휴게소점(투썸플레이스),휴게음식점,전북특별자치도,전북특별자치도 무주군
20250759057,3,3,3,농업회사법인 (유)굿푸드,식품제조가공업,전북특별자치도,전북특별자치도 장수군
20250761136,2,2,2,(주)뉴트라코어,식품제조가공업,전북특별자치도,전북특별자치도 임실군
20250763001,2,2,2,(주)스퀴즈맥주 순창공장,식품제조가공업,전북특별자치도,전북특별자치도 순창군
20250763028,1,1,1,주식회사 킴스빈,식품제조가공업,전북특별자치도,전북특별자치도 순창군
20250763072,1,1,1,농업회사법인 유한회사 유연,식품제조가공업,전북특별자치도,전북특별자치도 순창군
20250763167,1,1,1,주식회사 지티지푸드,식품제조가공업,전북특별자치도,전북특별자치도 순창군
20250771474,5,5,5,주식회사경영푸드,식품제조가공업,전남광주통합특별시,전남광주통합특별시 목포시
20250771747,1,1,1,대천맛김주식회사,식품제조가공업,전남광주통합특별시,전남광주통합특별시 목포시
20250775635,2,2,2,농업회사법인 주식회사 비에이비,식품제조가공업,전남광주통합특별시,전남광주통합특별시 여수시
20250775725,2,2,2,(주)조앤푸드,식품제조가공업,전남광주통합특별시,전남광주통합특별시 여수시
20250779936,1,1,1,주식회사큰나무,식품제조가공업,전남광주통합특별시,전남광주통합특별시 순천시
20250783173,1,1,1,농업회사법인(주)전남토탈푸드,식품제조가공업,전남광주통합특별시,전남광주통합특별시 나주시
20250783271,1,1,1,주식회사 프엉항푸드,식품제조가공업,전남광주통합특별시,전남광주통합특별시 나주시
20250785267,1,1,1,미미앤떡,식품제조가공업,전남광주통합특별시,전남광주통합특별시 광양시
20250785420,3,3,3,윤가네 김장김치,식품제조가공업,전남광주통합특별시,전남광주통합특별시 광양시
20250785549,1,1,1,명진식품,식품제조가공업,전남광주통합특별시,전남광주통합특별시 광양시
20250788270,3,3,3,주식회사 윤참들,식품제조가공업,전남광주통합특별시,전남광주통합특별시 담양군
20250790004,5,5,5,맛다곡성 협동조합,식품제조가공업,전남광주통합특별시,전남광주통합특별시 곡성군
20250790150,1,1,1,석곡농협 누룽지 가공사업소,식품소분업,전남광주통합특별시,전남광주통합특별시 곡성군
20250800113,1,1,1,주)현대푸드 장흥1공장,식품제조가공업,전남광주통합특별시,전남광주통합특별시 장흥군
20250802004,1,1,1,다강푸드 영농조합법인,식품제조가공업,전남광주통합특별시,전남광주통합특별시 강진군
20250802005,1,1,1,강진황금들묵은지 영농조합법인,식품제조가공업,전남광주통합특별시,전남광주통합특별시 강진군
20250804092,1,1,1,웅진해남절임,식품제조가공업,전남광주통합특별시,전남광주통합특별시 해남군
20250804104,1,1,1,해가온영농조합법인,식품제조가공업,전남광주통합특별시,전남광주통합특별시 해남군
20250804114,1,1,1,화산농협가공공장,식품제조가공업,전남광주통합특별시,전남광주통합특별시 해남군
20250804130,1,1,1,농부삼촌영농조합법인 제2공장,식품제조가공업,전남광주통합특별시,전남광주통합특별시 해남군
20250804139,1,1,1,나가네농장,식품제조가공업,전남광주통합특별시,전남광주통합특별시 해남군
20250804189,1,1,1,농업회사법인 해남원 주식회사,식품제조가공업,전남광주통합특별시,전남광주통합특별시 해남군
20250804190,1,1,1,농가푸드영농조합법인,식품제조가공업,전남광주통합특별시,전남광주통합특별시 해남군
20250808352,1,1,1,주식회사 리앤유커머스,식품제조가공업,전남광주통합특별시,전남광주통합특별시 무안군
20250810010,1,1,1,농업회사법인 주식회사 농부생각,식품제조가공업,전남광주통합특별시,전남광주통합특별시 함평군
20250810011,1,1,1,시골 손맛 농업회사법인 주식회사,식품제조가공업,전남광주통합특별시,전남광주통합특별시 함평군
20250810013,1,1,1,팜함평,식품제조가공업,전남광주통합특별시,전남광주통합특별시 함평군
20250810014,1,1,1,주식회사일원에프앤비어업회사법인,식품제조가공업,전남광주통합특별시,전남광주통합특별시 함평군
20250810105,1,1,1,수진이네 묵은지,식품제조가공업,전남광주통합특별시,전남광주통합특별시 함평군
20250812006,1,1,1,(주)리안물산,식품제조가공업,전남광주통합특별시,전남광주통합특별시 영광군
20250818110,1,1,1,동양영어조합법인 2공장,식품제조가공업,전남광주통합특별시,전남광주통합특별시 진도군
20250820037,2,2,2,(주)워킹맘 신안지사,식품제조가공업,전남광주통합특별시,전남광주통합특별시 신안군
20250820062,2,2,2,천양,식품제조가공업,전남광주통합특별시,전남광주통합특별시 신안군
20250824017,1,1,1,주식회사 디오션마켓,식품제조가공업,경상북도,경상북도 포항시
20250824051,1,1,1,라메르웰푸드,식품제조가공업,경상북도,경상북도 포항시
20250824094,2,2,2,주식회사 무송에프앤비,식품제조가공업,경상북도,경상북도 포항시
20250824099,1,1,1,성진팜,식품제조가공업,경상북도,경상북도 포항시
20250832247,2,2,2,(주)남풍,식품제조가공업,경상북도,경상북도 경주시
20250832253,1,1,1,주식회사 가베담,식품제조가공업,경상북도,경상북도 경주시
20250832401,2,2,2,(주)제선당 2공장,식품제조가공업,경상북도,경상북도 경주시
20250836194,3,3,3,주식회사진성바이오김천지점,식품제조가공업,경상북도,경상북도 김천시
20250839191,1,1,1,(주)푸드팩토리 바이오센터,식품제조가공업,경상북도,경상북도 안동시
20250839467,1,1,1,농업회사법인 원푸드 주식회사,식품제조가공업,경상북도,경상북도 안동시
20250839677,1,1,1,담다F&B,식품제조가공업,경상북도,경상북도 안동시
20250845515,4,4,4,구미시농산물가공기술지원센터,식품제조가공업,경상북도,경상북도 구미시
20250852261,1,1,1,풍기떡집,식품제조가공업,경상북도,경상북도 영주시
20250852348,2,2,2,농업회사법인주식회사자연하루,식품제조가공업,경상북도,경상북도 영주시
20250854047,3,3,3,농업회사법인 주식회사 프레쉬벨,식품제조가공업,경상북도,경상북도 영천시
20250854261,2,2,2,녹태원,식품제조가공업,경상북도,경상북도 영천시
20250859023,1,1,1,삼오푸드,식품제조가공업,경상북도,경상북도 문경시
20250859146,1,1,1,주식회사 지엔에프앤비,식품제조가공업,경상북도,경상북도 문경시
20250862326,1,1,1,농업회사법인 고운 주식회사,식품제조가공업,경상북도,경상북도 경산시
20250862413,1,1,1,멜티코,식품제조가공업,경상북도,경상북도 경산시
20250862770,2,2,2,주식회사 해담월,식품제조가공업,경상북도,경상북도 경산시
20250862798,1,1,1,주식회사 해담,식품제조가공업,경상북도,경상북도 경산시
20250875065,2,2,2,윤슬푸드,식품제조가공업,경상북도,경상북도 고령군
20250875093,2,2,2,(주)고도명가,식품제조가공업,경상북도,경상북도 고령군
20250877118,1,1,1,손맛김치,식품제조가공업,경상북도,경상북도 성주군
20250877121,2,2,2,농업회사법인 주식회사 지엔에프앤비,식품제조가공업,경상북도,경상북도 성주군
20250879096,1,1,1,주식회사 황실미가,식품제조가공업,경상북도,경상북도 칠곡군
20250879102,1,1,1,(주)더크루,식품제조가공업,경상북도,경상북도 칠곡군
20250879118,1,1,1,다름푸드,식품제조가공업,경상북도,경상북도 칠곡군
20250879186,1,1,1,(주)소담푸드 제2공장,식품제조가공업,경상북도,경상북도 칠곡군
20250879205,3,3,3,주식회사 주스템,식품제조가공업,경상북도,경상북도 칠곡군
20250879367,1,1,1,더 웨일 도넛,식품제조가공업,경상북도,경상북도 칠곡군
20250879432,1,1,1,주식회사 정든푸드,식품제조가공업,경상북도,경상북도 칠곡군
20250893440,2,2,2,에코수산,식품제조가공업,경상남도,경상남도 창원시
20250893441,2,2,2,청아푸드,식품제조가공업,경상남도,경상남도 창원시
20250893442,2,2,2,바다수산,식품제조가공업,경상남도,경상남도 창원시
20250893563,2,2,2,나인푸드,식품제조가공업,경상남도,경상남도 창원시
20250897223,2,2,2,주식회사 놀(NOL),식품제조가공업,경상남도,경상남도 창원시
20250901038,3,3,3,수협중매인푸드,식품제조가공업,경상남도,경상남도 창원시
20250901349,2,2,2,야베스푸드,식품제조가공업,경상남도,경상남도 창원시
20250901610,1,1,1,주식회사 용이씨푸드,식품제조가공업,경상남도,경상남도 창원시
20250904016,1,1,1,(주)유니버셜푸드,식품제조가공업,경상남도,경상남도 창원시
20250907129,1,1,1,주식회사 셀앤밀,식품제조가공업,경상남도,경상남도 창원시
20250910095,1,1,1,주식회사 에스티리테일,식품제조가공업,경상남도,경상남도 진주시
20250910413,1,1,1,주식회사 라봄,식품제조가공업,경상남도,경상남도 진주시
20250910517,2,2,2,주식회사 호승,식품제조가공업,경상남도,경상남도 진주시
20250910819,2,2,2,실크테라 2공장,식품제조가공업,경상남도,경상남도 진주시
20250917202,2,2,2,예인씨푸드,식품제조가공업,경상남도,경상남도 사천시
20250917262,3,3,3,(주)바다드림씨푸드,식품제조가공업,경상남도,경상남도 사천시
20250919157,1,1,1,주식회사 피에스엘,식품첨가물제조업,경상남도,경상남도 김해시
20250919161,1,1,1,비아모,식품제조가공업,경상남도,경상남도 김해시
20250919279,1,1,1,(주)합천식품 제3공장,식품제조가공업,경상남도,경상남도 김해시
20250919571,1,1,1,(주)신광식품 3공장,식품제조가공업,경상남도,경상남도 김해시
20250919768,1,1,1,(주)금오에프앤지 농업회사법인,식품제조가공업,경상남도,경상남도 김해시
20250919769,1,1,1,(주)에이치푸드,식품제조가공업,경상남도,경상남도 김해시
20250919965,2,2,2,우리 푸드원,식품제조가공업,경상남도,경상남도 김해시
20250920114,1,1,1,진도식품,식품제조가공업,경상남도,경상남도 김해시
20250924014,3,3,3,농업회사법인(주)별담푸드,식품제조가공업,경상남도,경상남도 밀양시
20250924237,1,1,1,밀양물산농산물가공시설,식품제조가공업,경상남도,경상남도 밀양시
20250929204,1,1,1,건강플러스 주식회사,식품제조가공업,경상남도,경상남도 양산시
20250929734,1,1,1,요로코비,식품제조가공업,경상남도,경상남도 양산시
20250933060,1,1,1,대의오서방의령망개떡공장,식품제조가공업,경상남도,경상남도 의령군
20250937012,1,1,1,창녕다움가공센터,식품제조가공업,경상남도,경상남도 창녕군
20250939084,1,1,1,거류영농조합법인,식품제조가공업,경상남도,경상남도 고성군
20250939121,6,6,6,농업회사법인(주) 콧털삼촌,식품제조가공업,경상남도,경상남도 고성군
20250941059,2,2,2,앵강마켓,식품제조가공업,경상남도,경상남도 남해군
20250943007,1,1,1,(주)밤톨,식품제조가공업,경상남도,경상남도 하동군
20250945058,1,1,1,주식회사 산체(SANCHE),식품소분업,경상남도,경상남도 산청군
20250945084,1,1,1,주식회사 차고운,식품제조가공업,경상남도,경상남도 산청군
20250951052,2,2,2,합천군농산물가공센터(대양),식품제조가공업,경상남도,경상남도 합천군
20250955323,1,1,1,제주땡큐베리팜영농조합법인,식품제조가공업,제주특별자치도,제주특별자치도 제주시
20250955411,1,1,1,청정해,식품제조가공업,제주특별자치도,제주특별자치도 제주시
20250955472,4,4,4,(주)한라1950,식품제조가공업,제주특별자치도,제주특별자치도 제주시
20250955762,1,1,1,주식회사청춘식품,식품제조가공업,제주특별자치도,제주특별자치도 제주시
20250955763,2,2,2,제주르방,식품제조가공업,제주특별자치도,제주특별자치도 제주시
20250956085,1,1,1,(주)삼다2공장,식품제조가공업,제주특별자치도,제주특별자치도 제주시
20250956529,1,1,1,주식회사제주도아,식품제조가공업,제주특별자치도,제주특별자치도 제주시
20250956844,1,1,1,몽그레,식품제조가공업,제주특별자치도,제주특별자치도 제주시
20250956895,2,2,2,유제이플러스,식품제조가공업,제주특별자치도,제주특별자치도 제주시
20250957397,1,1,1,영어조합법인제주창해수산도두지점,식품제조가공업,제주특별자치도,제주특별자치도 제주시
20250962287,1,1,1,푸드린,식품제조가공업,제주특별자치도,제주특별자치도 서귀포시
20250962941,1,1,1,소드락이,식품제조가공업,제주특별자치도,제주특별자치도 서귀포시
20250963148,2,1,1,헤스티아,식품제조가공업,제주특별자치도,제주특별자치도 제주시
20260028006,2,2,2,(주)금강B&F,식품제조가공업(주류),충청북도,충청북도 충주시
20260054054,1,1,1,골든 성수,식품제조가공업,서울특별시,서울특별시 성동구
20260054121,1,1,1,주식회사 제이케이푸드시스템(6),식품제조가공업,서울특별시,서울특별시 성동구
20260054306,1,1,1,성수씨케이(성수CK),식품제조가공업,서울특별시,서울특별시 성동구
20260054492,1,1,1,에프앤비 커맨더 이노베이션,식품제조가공업,서울특별시,서울특별시 성동구
20260054859,1,1,1,핫시즈너 가공(3),식품제조가공업,서울특별시,서울특별시 성동구
20260118129,1,1,1,가산 브레드CK,식품제조가공업,서울특별시,서울특별시 금천구
20260118255,1,1,1,주식회사 고트앤코,식품제조가공업,서울특별시,서울특별시 금천구
20260121201,2,2,2,(주)인베이크먼트,식품제조가공업,서울특별시,서울특별시 영등포구
20260172100,3,3,3,(주)다해씨푸드,식품제조가공업,부산광역시,부산광역시 서구
20260186094,1,1,1,용호상회1976,식품제조가공업,부산광역시,부산광역시 남구
20260189245,2,2,2,(주)엠에스워크스,식품제조가공업,부산광역시,부산광역시 북구
20260192346,2,2,2,올드머그커피앤베이커리 주식회사,식품제조가공업,부산광역시,부산광역시 해운대구
20260203108,1,1,1,성오유통(주),식품제조가공업,부산광역시,부산광역시 강서구
20260203295,3,3,3,주식회사 보민푸드,식품제조가공업,부산광역시,부산광역시 강서구
20260203402,1,1,1,(주)어설랑어묵,식품제조가공업,부산광역시,부산광역시 강서구
20260203443,2,2,2,달콤미푸드,식품제조가공업,부산광역시,부산광역시 강서구
20260211106,1,1,1,주식회사 신의에프앤씨,식품제조가공업,부산광역시,부산광역시 사상구
20260211135,1,1,1,정담은 방앗간,식품제조가공업,부산광역시,부산광역시 사상구
20260214049,2,2,2,(주)밥스컴퍼니,식품제조가공업,부산광역시,부산광역시 기장군
20260214294,1,1,1,주식회사 다올바이오,식품제조가공업,부산광역시,부산광역시 기장군
20260222498,1,1,1,버거러스,식품제조가공업,대구광역시,대구광역시 동구
20260226062,1,1,1,아이선푸드,식품제조가공업,대구광역시,대구광역시 서구
20260240013,1,1,1,(주)갓파이,식품제조가공업,대구광역시,대구광역시 수성구
20260248764,2,2,2,(주)홍두당 푸드테크,식품제조가공업,대구광역시,대구광역시 달서구
20260256175,1,1,1,주식회사 디와이푸드텍 농업회사법인,식품제조가공업,대구광역시,대구광역시 달성군
20260256278,1,1,1,(주)궁전방,식품제조가공업,대구광역시,대구광역시 달성군
20260268233,2,2,2,주식회사 디저트하우스,식품제조가공업,인천광역시,인천광역시 미추홀구
20260273308,1,1,1,주식회사 메이투투,식품제조가공업,인천광역시,인천광역시 연수구
20260279007,1,1,1,(주)부암,식품제조가공업,인천광역시,인천광역시 남동구
20260279081,1,1,1,주식회사 다원쎈텀,식품제조가공업,인천광역시,인천광역시 남동구
20260279323,1,1,1,(주)소담수,식품제조가공업,인천광역시,인천광역시 남동구
20260279342,2,2,2,(주)백호글로벌푸드,식품제조가공업,인천광역시,인천광역시 남동구
20260291272,1,1,1,주식회사 온담푸드,식품제조가공업,인천광역시,인천광역시 검단구
20260291400,1,1,1,주식회사 폴,식품제조가공업,인천광역시,인천광역시 서해구
20260291511,1,1,1,주식회사 베스트푸드케터링,식품제조가공업,인천광역시,인천광역시 서해구
20260291902,1,1,1,세남자의 빵굼터,식품제조가공업,인천광역시,인천광역시 서해구
20260301048,1,1,1,(주)푸드팩토리,식품제조가공업,인천광역시,인천광역시 검단구
20260324343,1,1,1,더담김치,식품제조가공업,전남광주통합특별시,전남광주통합특별시 광산구
20260342037,1,1,1,주식회사 창억대전점,식품제조가공업,대전광역시,대전광역시 유성구
20260342777,1,1,1,(주)바라커뮤니케이션,식품제조가공업,대전광역시,대전광역시 유성구
20260342955,2,2,2,주식회사 퓨어스,식품제조가공업,대전광역시,대전광역시 유성구
20260366100,1,1,1,제이알 코리아,식품제조가공업,울산광역시,울산광역시 울주군
20260366257,3,3,3,주식회사 선한푸드앤컬처,식품제조가공업,울산광역시,울산광역시 울주군
20260369155,2,2,2,주식회사 에이치이엠파마 세종공장,식품제조가공업,세종특별자치시,세종특별자치시
20260369283,1,1,1,더큰도시락 세종,식품제조가공업,세종특별자치시,세종특별자치시
20260369285,1,1,1,주식회사 이츠담,식품제조가공업,세종특별자치시,세종특별자치시
20260369326,1,1,1,주식회사 에스아이씨,식품제조가공업,세종특별자치시,세종특별자치시
20260377342,1,1,1,베커스토리,식품제조가공업,경기도,경기도 수원시
20260377626,2,2,2,진향바이오,식품제조가공업,경기도,경기도 수원시
20260394055,1,1,1,원바이트,식품제조가공업,경기도,경기도 성남시
20260394116,1,1,1,주식회사 아미,식품소분업,경기도,경기도 성남시
20260408032,1,1,1,지디푸드,식품제조가공업,경기도,경기도 의정부시
20260408065,2,2,2,케이팸웨이,식품제조가공업,경기도,경기도 의정부시
20260412088,2,2,2,(주)휴롬엘에스 안양지점,식품제조가공업,경기도,경기도 안양시
20260412170,2,2,2,(주)신라명과,식품제조가공업,경기도,경기도 안양시
20260412223,2,2,2,주식회사 유엔유,식품제조가공업,경기도,경기도 안양시
20260421133,1,1,1,주식회사 오제제식품,식품제조가공업,경기도,경기도 부천시
20260421311,1,1,1,(주)복시루,식품제조가공업,경기도,경기도 부천시
20260421658,1,1,1,(주)줄리브,식품제조가공업,경기도,경기도 부천시
20260461020,1,1,1,포지티브컴퍼니,식품제조가공업,경기도,경기도 광명시
20260461219,2,2,2,주식회사버뮤다컴퍼니,식품제조가공업,경기도,경기도 광명시
20260470065,1,1,1,현대농장 농업회사법인(주),식품제조가공업,경기도,경기도 평택시
20260470178,1,1,1,주식회사 뉴비전프라임,식품제조가공업,경기도,경기도 평택시
20260474344,1,1,1,동림산업 주식회사,식품제조가공업,경기도,경기도 안산시
20260474407,2,2,2,산스파운드리,식품제조가공업,경기도,경기도 안산시
20260474422,1,1,1,베이토리,식품제조가공업,경기도,경기도 안산시
20260486152,1,1,1,(주)티엔푸드 4공장,식품제조가공업,경기도,경기도 고양시
20260486408,2,2,2,온이도1,식품제조가공업,경기도,경기도 고양시
20260486748,1,1,1,건강마루,식품제조가공업,경기도,경기도 고양시
20260486807,3,3,3,(주)보다더코퍼레이션,식품제조가공업,경기도,경기도 고양시
20260486885,1,1,1,(주)다름 2공장,식품제조가공업,경기도,경기도 고양시
20260486911,2,2,2,(주)다리와사람들,식품제조가공업,경기도,경기도 고양시
20260502035,1,1,1,광동건강원 주식회사,즉석판매제조가공업,경기도,경기도 과천시
20260507306,1,1,1,와이제이 푸드,식품제조가공업,경기도,경기도 남양주시
20260507521,2,2,2,서븐,식품제조가공업,경기도,경기도 남양주시
20260507769,1,1,1,한울그린농원 주식회사,식품제조가공업,경기도,경기도 남양주시
20260508116,4,4,4,비스킷블랑,식품제조가공업,경기도,경기도 남양주시
20260508120,1,1,1,춘분푸드,식품제조가공업,경기도,경기도 남양주시
20260514092,2,2,2,풍천만어업회사법인(주)풍천푸드지점,식품제조가공업,경기도,경기도 오산시
20260517045,1,1,1,에스엔푸드주식회사,식품제조가공업,경기도,경기도 시흥시
20260517184,2,2,2,뚱순네김치,식품제조가공업,경기도,경기도 시흥시
20260517444,1,1,1,지리산반야봉토종꿀영농조합법인,식품제조가공업,경기도,경기도 시흥시
20260524030,1,1,1,주식회사 혜화당,식품제조가공업,경기도,경기도 군포시
20260527222,1,1,1,카카오마루,식품제조가공업,경기도,경기도 의왕시
20260529098,2,2,2,주식회사 엄지푸드,식품제조가공업,경기도,경기도 하남시
20260529223,2,2,2,주식회사 그로우위더스,식품제조가공업,경기도,경기도 하남시
20260534018,1,1,1,주식회사 온랩,식품제조가공업,경기도,경기도 용인시
20260546281,2,2,2,파주시농산물종합가공센터 2동,식품제조가공업,경기도,경기도 파주시
20260552005,2,2,1,세원바이오 농업법인(주),식품제조가공업,경기도,경기도 이천시
20260552023,1,1,1,윤반장이천인삼,식품제조가공업,경기도,경기도 이천시
20260552380,1,1,1,(주)은성에프에스,식품제조가공업,경기도,경기도 이천시
20260555220,2,2,2,마을도시락,식품제조가공업,경기도,경기도 안성시
20260555298,2,2,2,주식회사 처음식품,식품제조가공업,경기도,경기도 안성시
20260555349,1,1,1,(주)라이프컬처,식품제조가공업,경기도,경기도 안성시
20260558483,1,1,1,너티위티 김포,식품제조가공업,경기도,경기도 김포시
20260558524,1,1,1,(주)참빛푸드,식품제조가공업,경기도,경기도 김포시
20260558586,2,2,2,녹색푸드,식품제조가공업,경기도,경기도 김포시
20260558656,2,2,2,(주)채다원팜,식품제조가공업,경기도,경기도 김포시
20260558778,2,2,2,주식회사 유미고에프앤비,식품제조가공업,경기도,경기도 김포시
20260558998,1,1,1,(주)황금세상,식품제조가공업,경기도,경기도 김포시
20260565234,1,1,1,주식회사 수플린,식품제조가공업,경기도,경기도 화성시
20260565382,1,1,1,주식회사 서래바이오,식품소분업,경기도,경기도 화성시
20260565394,1,1,1,주식회사 홍초담푸드,식품제조가공업,경기도,경기도 화성시
20260565415,1,1,1,미나리빵집,식품제조가공업,경기도,경기도 화성시
20260565425,2,2,2,(주)서래바이오,식품제조가공업,경기도,경기도 화성시
20260565443,1,1,1,주식회사 더에이치컴퍼니,식품제조가공업,경기도,경기도 화성시
20260565452,2,2,2,어썸베이킹,식품제조가공업,경기도,경기도 화성시
20260585081,1,1,1,주식회사 한스비앤에프,식품제조가공업,경기도,경기도 광주시
20260585236,2,2,2,예언푸드,식품제조가공업,경기도,경기도 광주시
20260585297,2,2,2,타이웨이제조소,식품제조가공업,경기도,경기도 광주시
20260585391,1,1,1,뜨심푸드,식품제조가공업,경기도,경기도 광주시
20260590397,3,3,3,주식회사 에스케이디에프엔에이치,식품제조가공업,경기도,경기도 양주시
20260593029,1,1,1,주식회사 삼덕푸드,식품제조가공업,경기도,경기도 포천시
20260593068,1,1,1,주식회사 데일리브레드,식품제조가공업,경기도,경기도 포천시
20260593306,1,1,1,금색떡집,식품소분업,경기도,경기도 포천시
20260596014,1,1,1,농업회사법인 소노팜 주식회사,식품제조가공업,경기도,경기도 여주시
20260596062,1,1,1,올리커플러스,식품제조가공업,경기도,경기도 여주시
20260600010,1,1,1,슬로우힐스,식품제조가공업,경기도,경기도 가평군
20260600054,2,2,2,(주)카브루 비전브루어리,식품제조가공업,경기도,경기도 가평군
20260600085,1,1,1,레꼴두스,식품제조가공업,경기도,경기도 가평군
20260600090,2,2,2,선하푸드,식품제조가공업,경기도,경기도 가평군
20260602187,1,1,1,농업회사법인 주식회사 이함,식품제조가공업,경기도,경기도 양평군
20260606137,2,2,2,농업회사법인 밭 주식회사,식품제조가공업,강원특별자치도,강원특별자치도 춘천시
20260610691,2,2,2,온세까세로태장공장,식품제조가공업,강원특별자치도,강원특별자치도 원주시
20260621018,4,4,4,농업회사법인 김백규 태백항아리김치 주식회사,식품제조가공업,강원특별자치도,강원특별자치도 태백시
20260625020,1,1,1,탄광마을주식회사,식품제조가공업,강원특별자치도,강원특별자치도 삼척시
20260629001,2,2,2,영농조합법인텃밭 다모아지점,식품제조가공업,강원특별자치도,강원특별자치도 횡성군
20260631089,1,1,1,0월 0일,식품제조가공업,강원특별자치도,강원특별자치도 영월군
20260631105,1,1,1,달콤한쭈니네,식품제조가공업,강원특별자치도,강원특별자치도 영월군
20260637058,1,1,1,농업회사법인 엠지에프철기 주식회사,식품제조가공업,강원특별자치도,강원특별자치도 철원군
20260651014,1,1,1,한푸드코리아,식품제조가공업,충청북도,충청북도 청주시
20260651021,2,2,2,듀레베이커리,식품제조가공업,충청북도,충청북도 청주시
20260651028,2,2,1,칼로스푸드 주식회사,식품제조가공업,충청북도,충청북도 청주시
20260651031,1,1,1,빵미컴퍼니,식품제조가공업,충청북도,충청북도 청주시
20260651056,1,1,1,주식회사 먹거리푸드,식품제조가공업,충청북도,충청북도 청주시
20260651065,3,3,3,주식회사 하나임푸드,식품제조가공업,충청북도,충청북도 청주시
20260674077,2,2,2,주식회사서랑,식품제조가공업,충청북도,충청북도 충주시
20260682065,2,2,2,용원푸드,식품제조가공업,충청북도,충청북도 옥천군
20260686014,1,1,1,농업회사법인 주식회사 올팜푸드,식품제조가공업,충청북도,충청북도 증평군
20260686015,1,1,1,(주)퍼플아이앤씨,식품소분업,충청북도,충청북도 증평군
20260688005,1,1,1,(주)독일에프에스,식품제조가공업,충청북도,충청북도 진천군
20260688174,1,1,1,주식회사 수팬들,식품제조가공업,충청북도,충청북도 진천군
20260688204,1,1,1,(주)더블유에이에프,식품제조가공업,충청북도,충청북도 진천군
20260692105,1,1,1,주식회사 달담에프앤비,식품제조가공업,충청북도,충청북도 음성군
20260692131,2,2,2,(주)동원에프앤비 설성공장,식품제조가공업,충청북도,충청북도 음성군
20260692159,1,1,1,유에스파마텍코리아 주식회사,식품제조가공업,충청북도,충청북도 음성군
20260692319,1,1,1,주식회사 엠지씨글로벌,식품제조가공업,충청북도,충청북도 음성군
20260692333,1,1,1,주식회사 아이디푸드랩,식품제조가공업,충청북도,충청북도 음성군
20260695017,2,2,2,농업회사법인 관주식품(주) 제2공장,식품제조가공업,충청북도,충청북도 단양군
20260699036,1,1,1,주식회사크레오닉스,식품소분업,충청남도,충청남도 천안시
20260699143,1,1,1,프리미엄베이킹컴퍼니,식품제조가공업,충청남도,충청남도 천안시
20260699554,2,2,2,주식회사에스큐커머스,식품제조가공업,충청남도,충청남도 천안시
20260699555,1,1,1,주식회사에스큐커머스,식품소분업,충청남도,충청남도 천안시
20260715160,1,1,1,(주)대천해-Fresh Factory,식품제조가공업,충청남도,충청남도 보령시
20260718170,1,1,1,(주)파인냉동,식품제조가공업,충청남도,충청남도 아산시
20260718489,1,1,1,주식회사 플래노프,식품제조가공업,충청남도,충청남도 아산시
20260721036,2,2,2,농업회사법인 주식회사 정담 1공장,식품제조가공업,충청남도,충청남도 서산시
20260730025,1,1,1,동성유통 영농조합법인,식품제조가공업,충청남도,충청남도 부여군
20260732060,4,4,4,더원,식품제조가공업,충청남도,충청남도 서천군
20260736040,2,2,2,(주)광천김 제6공장,식품제조가공업,충청남도,충청남도 홍성군
20260738116,2,2,2,모디베이크,식품제조가공업,충청남도,충청남도 예산군
20260750308,2,2,2,(주)로엔티크,식품제조가공업,전북특별자치도,전북특별자치도 전주시
20260754132,1,1,1,유한회사 태우,식품제조가공업,전북특별자치도,전북특별자치도 군산시
20260758087,1,1,1,서스팜,식품제조가공업,전북특별자치도,전북특별자치도 익산시
20260758170,4,4,4,주식회사 델탑,식품제조가공업,전북특별자치도,전북특별자치도 익산시
20260758179,2,2,2,익산농협 식품사업소,식품제조가공업,전북특별자치도,전북특별자치도 익산시
20260758475,2,2,2,주식회사 밀투고,식품제조가공업,전북특별자치도,전북특별자치도 익산시
20260758499,1,1,1,다라온식품,식품제조가공업,전북특별자치도,전북특별자치도 익산시
20260767137,1,1,1,농업회사법인유한회사 긍정농부차씨,식품제조가공업,전북특별자치도,전북특별자치도 김제시
20260767181,1,1,1,(주)바른마루,식품제조가공업,전북특별자치도,전북특별자치도 김제시
20260775004,1,1,1,지니식품(주),식품제조가공업,전북특별자치도,전북특별자치도 장수군
20260775010,2,2,2,장수융복합가공지원센터,식품제조가공업,전북특별자치도,전북특별자치도 장수군
20260787071,1,1,1,주식회사 남도제과,식품제조가공업,전남광주통합특별시,전남광주통합특별시 목포시
20260787238,1,1,1,(주)지에프티식품,식품제조가공업,전남광주통합특별시,전남광주통합특별시 목포시
20260787256,1,1,1,왕가어업회사법인,식품제조가공업,전남광주통합특별시,전남광주통합특별시 목포시
20260787400,2,2,2,(주)향아식품,식품제조가공업,전남광주통합특별시,전남광주통합특별시 목포시
20260791036,2,2,2,유제,식품제조가공업,전남광주통합특별시,전남광주통합특별시 여수시
20260791038,1,1,1,이인옥푸드,식품제조가공업,전남광주통합특별시,전남광주통합특별시 여수시
20260791047,3,3,3,수산물을 사랑하는 사람들,식품제조가공업,전남광주통합특별시,전남광주통합특별시 여수시
20260799275,1,1,1,(주)보라수바이오,식품제조가공업,전남광주통합특별시,전남광주통합특별시 나주시
20260801057,2,2,2,광양꼬수미,식품제조가공업,전남광주통합특별시,전남광주통합특별시 광양시
20260804023,1,1,1,주식회사 백년,식품제조가공업,전남광주통합특별시,전남광주통합특별시 담양군
20260804047,1,1,1,호재당,식품제조가공업,전남광주통합특별시,전남광주통합특별시 담양군
20260814005,1,1,1,(재)전남바이오진흥원,식품제조가공업,전남광주통합특별시,전남광주통합특별시 화순군
20260820034,1,1,1,땅숨김치,식품제조가공업,전남광주통합특별시,전남광주통합특별시 해남군
20260820078,1,1,1,어업회사법인 해남별 주식회사,식품제조가공업,전남광주통합특별시,전남광주통합특별시 해남군
20260826023,1,1,1,맛나푸드 주식회사 2공장,식품제조가공업,전남광주통합특별시,전남광주통합특별시 함평군
20260830008,1,1,1,한가람식품(주)2공장,식품제조가공업,전남광주통합특별시,전남광주통합특별시 장성군
20260836002,3,3,3,크레이지피넛,식품제조가공업,전남광주통합특별시,전남광주통합특별시 신안군
20260840013,1,1,1,주식회사 와이푸드,식품제조가공업,경상북도,경상북도 포항시
20260861322,1,1,1,주식회사한둘아푸드,식품제조가공업,경상북도,경상북도 구미시
20260861407,2,2,2,에이비아이푸드,식품제조가공업,경상북도,경상북도 구미시
20260870053,1,1,1,해오름식품,식품제조가공업,경상북도,경상북도 영천시
20260870149,3,3,3,동방제유(주) 2공장,식품제조가공업,경상북도,경상북도 영천시
20260872006,1,1,1,유진뷔페,식품제조가공업,경상북도,경상북도 상주시
20260878382,3,3,3,동원바이오 주식회사,식품제조가공업,경상북도,경상북도 경산시
20260889008,1,1,1,화리베리팜,식품제조가공업,경상북도,경상북도 청도군
20260895024,2,2,2,주식회사 바른빵연구소,식품제조가공업,경상북도,경상북도 칠곡군
20260901039,1,1,1,울진군장애인보호작업장,식품제조가공업,경상북도,경상북도 울진군
20260909064,5,5,5,연식품,식품제조가공업,경상남도,경상남도 창원시
20260909336,3,3,3,(주)도준,식품제조가공업,경상남도,경상남도 창원시
20260926177,2,2,2,(주)오렌지 카우,식품제조가공업,경상남도,경상남도 진주시
20260926367,1,1,1,농업회사법인(주)비바연,식품제조가공업,경상남도,경상남도 진주시
20260930104,6,6,6,빅마마씨푸드(주)F3,식품제조가공업,경상남도,경상남도 통영시
20260933015,3,3,3,콩사랑영농조합법인,식품제조가공업,경상남도,경상남도 사천시
20260933028,2,2,2,화창푸드시스템주식회사 향촌제2공장,식품제조가공업,경상남도,경상남도 사천시
20260935170,2,2,2,(주)메이드인케이크,식품제조가공업,경상남도,경상남도 김해시
20260935214,2,2,2,바른푸드,식품제조가공업,경상남도,경상남도 김해시
20260935455,3,3,3,김덕규베이커리2공장,식품제조가공업,경상남도,경상남도 김해시
20260942173,1,1,1,남바다,식품제조가공업,경상남도,경상남도 거제시
20260951136,3,3,3,(주)호수,식품제조가공업,경상남도,경상남도 함안군
20260961045,1,1,1,농업회사법인 주식회사 방울이,식품제조가공업,경상남도,경상남도 산청군
20260971110,1,1,1,(재)제주테크노파크용암해수센터3호관,식품제조가공업,제주특별자치도,제주특별자치도 제주시
20260971792,2,2,2,바당담은에프엔비주식회사(F&B),식품제조가공업,제주특별자치도,제주특별자치도 제주시
20260978270,1,1,1,주식회사 제주해본,식품제조가공업,제주특별자치도,제주특별자치도 서귀포시
