businessitemNm,businesstype,issueenddate,companykind,productGb,businessitem,rnum,issuedate,area1,company,area2,companykindNm,appointno,businesstypeNm,정제된업체명,검색키워드,경도(x),위도(y),HACCP_APPN_NO,LCNS_NO,BSSH_NM,INDUTY_CD_NM,SITE_ADDR,source_type
발효식초,106,2029-09-09,BIZ047,식품,C10400001,21,2026-09-10,충청북도,엔에이치 바이오,제천시,"제조,가공",2026-6-0412,식품제조가공업,엔에이치 바이오,제천시 엔에이치 바이오,128.16180080013035,37.15068650111799,2026-6-0412,20210444104,엔에이치 바이오,식품제조가공업,충청북도 제천시,식품
기타 식용유지가공품,106,2029-09-09,BIZ047,식품,C09900027,22,2026-09-10,충청북도,엔에이치 바이오,제천시,"제조,가공",2026-6-0411,식품제조가공업,엔에이치 바이오,제천시 엔에이치 바이오,128.16180080013035,37.15068650111799,2026-6-0411,20210444104,엔에이치 바이오,식품제조가공업,충청북도 제천시,식품
김치(기타김치),106,2029-09-08,BIZ047,식품,C10500002,23,2026-09-09,충청북도,(주) 시즈너,괴산군,"제조,가공",2026-6-0410,식품제조가공업,시즈너,괴산군  시즈너,127.65547809986404,36.780663900775295,2026-6-0410,20100444077,(주) 시즈너,식품제조가공업,충청북도 괴산군,식품
포장육,604,2029-09-07,BIZ047,축산물,78,24,2026-09-08,대전광역시,농업회사법인 주식회사 유진푸드,중구,"제조,가공",2026-6-0409,식육포장처리업,농업회사법인 주식회사 유진푸드,중구 농업회사법인 주식회사 유진푸드,127.4020326005373,36.30610960131496,2026-6-0409,20140233664,농업회사법인 주식회사 유진푸드,식육포장처리업,대전광역시 중구,축산물
캔디류,106,2029-09-07,BIZ047,식품,C09300002,27,2026-09-08,충청북도,주식회사 아이디푸드랩,음성군,"제조,가공",2026-6-0406,식품제조가공업,주식회사 아이디푸드랩,음성군 주식회사 아이디푸드랩,,,2026-6-0406,20260692333,주식회사 아이디푸드랩,식품제조가공업,충청북도 음성군,식품
만두,106,2029-09-03,BIZ047,식품,C11300006,28,2026-09-04,충청남도,주식회사상신종합식품제2공장,천안시 서북구,"제조,가공",2026-6-0405,식품제조가공업,주식회사상신종합식품제2공장,천안시 서북구 주식회사상신종합식품제2공장,127.14836730022805,36.95725299571231,2026-6-0405,20140449018,(주)상신종합식품 제2공장,식품제조가공업,충청남도 천안시 서북구,식품
액상차,106,2029-09-03,BIZ047,식품,C10100002,29,2026-09-04,충청남도,농업회사법인 주식회사 홍백,금산군,"제조,가공",2026-6-0404,식품제조가공업,농업회사법인 주식회사 홍백,금산군 농업회사법인 주식회사 홍백,127.46759960050834,36.151880302652295,2026-6-0404,20250712010,농업회사법인 주식회사 홍백,식품제조가공업,충청남도 금산군,식품
기타 농산가공품,106,2029-09-03,BIZ047,식품,C10700014,30,2026-09-04,충청남도,농업회사법인 주식회사 홍백,금산군,"제조,가공",2026-6-0403,식품제조가공업,농업회사법인 주식회사 홍백,금산군 농업회사법인 주식회사 홍백,127.46759960050834,36.151880302652295,2026-6-0403,20250712010,농업회사법인 주식회사 홍백,식품제조가공업,충청남도 금산군,식품
고형차,106,2029-09-03,BIZ047,식품,C10100003,31,2026-09-04,충청남도,농업회사법인 주식회사 홍백,금산군,"제조,가공",2026-6-0402,식품제조가공업,농업회사법인 주식회사 홍백,금산군 농업회사법인 주식회사 홍백,127.46759960050834,36.151880302652295,2026-6-0402,20250712010,농업회사법인 주식회사 홍백,식품제조가공업,충청남도 금산군,식품
발효식초,106,2029-09-02,BIZ047,식품,C10400001,32,2026-09-03,충청북도,(주)서흥헬스케어,청주시 청원구,"제조,가공",2026-6-0401,식품제조가공업,서흥헬스케어,청주시 청원구 서흥헬스케어,127.43658559955826,36.71824170111292,2026-6-0401,20130415052,(주)서흥헬스케어,식품제조가공업,충청북도 청주시 청원구,식품
즉석조리식품,106,2029-09-02,BIZ047,식품,C11300005,33,2026-09-03,충청북도,(주)사옹원,음성군,"제조,가공",2026-6-0400,식품제조가공업,사옹원,음성군 사옹원,127.5595095055368,36.91329686823138,2026-6-0400,20210452332,(주)사옹원,식품제조가공업,충청북도 음성군,식품
즉석조리식품,106,2029-09-02,BIZ047,식품,C11300005,34,2026-09-03,충청북도,대상(주) 단양2공장,단양군,"제조,가공",2026-6-0399,식품제조가공업,대상 단양2공장,단양군 대상 단양2공장,128.36286600028845,36.91937450058519,2026-6-0399,20170447086,대상(주) 단양2공장,식품제조가공업,충청북도 단양군,식품
과ㆍ채주스,106,2029-09-02,BIZ047,식품,C10100006,35,2026-09-03,충청북도,주식회사 케이바이오,괴산군,"제조,가공",2026-6-0398,식품제조가공업,주식회사 케이바이오,괴산군 주식회사 케이바이오,,,2026-6-0398,20170444008,주식회사 케이바이오,식품제조가공업,충청북도 괴산군,식품
액상차,106,2029-09-02,BIZ047,식품,C10100002,36,2026-09-03,충청북도,주식회사 케이바이오,괴산군,"제조,가공",2026-6-0397,식품제조가공업,주식회사 케이바이오,괴산군 주식회사 케이바이오,,,2026-6-0397,20170444008,주식회사 케이바이오,식품제조가공업,충청북도 괴산군,식품
과자,106,2029-09-02,BIZ047,식품,C09300001,37,2026-09-03,대전광역시,농업회사법인 (주)퓨어팜,동구,"제조,가공",2026-6-0396,식품제조가공업,농업회사법인 퓨어팜,동구 농업회사법인 퓨어팜,127.46382040018852,36.27296940051265,2026-6-0396,20170231630,농업회사법인 (주)퓨어팜,식품제조가공업,대전광역시 동구,식품
포장육,604,2029-08-31,BIZ047,축산물,78,38,2026-09-01,충청북도,주식회사 리우,음성군,"제조,가공",2026-6-0394,식육포장처리업,주식회사 리우,음성군 주식회사 리우,,,2026-6-0394,20260692150,주식회사 리우,식육포장처리업,충청북도 음성군,축산물
즉석섭취식품,106,2029-08-31,BIZ047,식품,C11300003,39,2026-09-01,충청북도,(주)이노하스,제천시,"제조,가공",2026-6-0393,식품제조가공업,이노하스,제천시 이노하스,128.1461907050917,37.14226242651593,2026-6-0393,20240661075,(주)이노하스,식품제조가공업,충청북도 제천시,식품
포장육,604,2029-08-30,BIZ047,축산물,78,40,2026-08-31,충청북도,주식회사 푸드미르그린,청주시 청원구,"제조,가공",2026-6-0392,식육포장처리업,주식회사 푸드미르그린,청주시 청원구 주식회사 푸드미르그린,,,2026-6-0392,20260651034,주식회사 푸드미르그린,식육포장처리업,충청북도 청주시 청원구,축산물
"양념육,원료우지",612,2029-08-30,BIZ047,축산물,"86,90",41,2026-08-31,충청남도,온고래푸드 주식회사,천안시 동남구,"제조,가공",2026-6-0391,축산물가공업-식육가공업,온고래푸드 주식회사,천안시 동남구 온고래푸드 주식회사,,,2026-6-0391,20260697012,온고래푸드 주식회사,축산물가공업-식육가공업,충청남도 천안시 동남구,축산물
두류가공품,106,2029-08-27,BIZ047,식품,C10700012,42,2026-08-28,충청남도,(주)선제,천안시 서북구,"제조,가공",2026-6-0390,식품제조가공업,선제,천안시 서북구 선제,127.12498779978188,36.91501148927068,2026-6-0390,20240683424,(주)선제,식품제조가공업,충청남도 천안시 서북구,식품
커피,106,2029-08-27,BIZ047,식품,C10100004,44,2026-08-28,충청북도,주식회사 엠지씨글로벌,음성군,"제조,가공",2026-6-0388,식품제조가공업,주식회사 엠지씨글로벌,음성군 주식회사 엠지씨글로벌,,,2026-6-0388,20260692319,주식회사 엠지씨글로벌,식품제조가공업,충청북도 음성군,식품
효소식품,106,2029-08-27,BIZ047,식품,C10700009,45,2026-08-28,세종특별자치시,주식회사 에이치이엠파마 세종공장,,"제조,가공",2026-6-0387,식품제조가공업,주식회사 에이치이엠파마 세종공장,,128.55103810048135,35.93255540021562,2026-6-0387,20260369155,주식회사 에이치이엠파마 세종공장,식품제조가공업,세종특별자치시,식품
인삼ㆍ홍삼음료,106,2029-08-26,BIZ047,식품,C10100015,47,2026-08-27,충청남도,금산약초인삼영농조합,금산군,"제조,가공",2026-6-0385,식품제조가공업,금산약초인삼영농조합,금산군 금산약초인삼영농조합,127.4643755802052,36.12447013594169,2026-6-0385,20010467228,금산약초인삼영농조합,식품제조가공업,충청남도 금산군,식품
캔디류,106,2029-08-26,BIZ047,식품,C09300002,48,2026-08-27,충청남도,금산약초인삼영농조합,금산군,"제조,가공",2026-6-0384,식품제조가공업,금산약초인삼영농조합,금산군 금산약초인삼영농조합,127.4643755802052,36.12447013594169,2026-6-0384,20010467228,금산약초인삼영농조합,식품제조가공업,충청남도 금산군,식품
기타잼,106,2029-08-26,BIZ047,식품,C09700002,49,2026-08-27,충청남도,주식회사새롬웰푸드,천안시 동남구,"제조,가공",2026-6-0383,식품제조가공업,주식회사새롬웰푸드,천안시 동남구 주식회사새롬웰푸드,127.23441970052396,36.72705470093906,2026-6-0383,20190456640,주식회사새롬웰푸드,식품제조가공업,충청남도 천안시 동남구,식품
산양유,611,2029-08-25,BIZ047,축산물,C0318030000000,50,2026-08-26,충청북도,화인목장,충주시,"제조,가공",2026-6-0382,축산물가공업-유가공업,화인목장,충주시 화인목장,,,2026-6-0382,20260649019,화인목장,축산물가공업-유가공업,충청북도 충주시,축산물
기타 수산물가공품 중 냉동연체류,106,2029-08-25,BIZ047,식품,C11800001,51,2026-08-26,충청북도,주식회사 하나임푸드,청주시 흥덕구,"제조,가공",2026-6-0381,식품제조가공업,주식회사 하나임푸드,청주시 흥덕구 주식회사 하나임푸드,,,2026-6-0381,20260651065,주식회사 하나임푸드,식품제조가공업,충청북도 청주시 흥덕구,식품
기타 수산물가공품,106,2029-08-25,BIZ047,식품,C11000016,52,2026-08-26,충청북도,주식회사 하나임푸드,청주시 흥덕구,"제조,가공",2026-6-0380,식품제조가공업,주식회사 하나임푸드,청주시 흥덕구 주식회사 하나임푸드,,,2026-6-0380,20260651065,주식회사 하나임푸드,식품제조가공업,충청북도 청주시 흥덕구,식품
식육함유가공품,106,2029-08-25,BIZ047,식품,C10800001,53,2026-08-26,충청북도,주식회사 하나임푸드,청주시 흥덕구,"제조,가공",2026-6-0379,식품제조가공업,주식회사 하나임푸드,청주시 흥덕구 주식회사 하나임푸드,,,2026-6-0379,20260651065,주식회사 하나임푸드,식품제조가공업,충청북도 청주시 흥덕구,식품
분쇄가공육제품,612,2029-08-25,BIZ047,축산물,87,54,2026-08-26,충청북도,주식회사 하나임푸드,청주시 흥덕구,"제조,가공",2026-6-0378,축산물가공업-식육가공업,주식회사 하나임푸드,청주시 흥덕구 주식회사 하나임푸드,,,2026-6-0378,20260649013,주식회사 하나임푸드,축산물가공업-식육가공업,충청북도 청주시 흥덕구,축산물
즉석조리식품,106,2029-08-24,BIZ047,식품,C11300005,55,2026-08-25,충청북도,(주)더블유에이에프,진천군,"제조,가공",2026-6-0377,식품제조가공업,더블유에이에프,진천군 더블유에이에프,,,2026-6-0377,20260688204,(주)더블유에이에프,식품제조가공업,충청북도 진천군,식품
음료베이스,106,2029-08-23,BIZ047,식품,C10100017,56,2026-08-24,충청남도,(주)팜투팜2공장,천안시,"제조,가공",2026-6-0376,식품제조가공업,팜투팜2공장,천안시 팜투팜2공장,127.25216480031888,36.75039199624821,2026-6-0376,20180037041,(주)팜투팜2공장,식품제조가공업,서울특별시 성동구,식품
포장육,604,2029-08-06,BIZ047,축산물,78,57,2026-08-07,충청북도,다미축산,증평군,"제조,가공",2026-6-0375,식육포장처리업,다미축산,증평군 다미축산,127.54720689972542,36.80215090117674,2026-6-0375,20200449046,다미축산,식육포장처리업,충청북도 증평군,축산물
포장육,604,2029-08-19,BIZ047,축산물,78,58,2026-08-20,충청북도,행복한 우리고기,청주시 서원구,"제조,가공",2026-6-0374,식육포장처리업,행복한 우리고기,청주시 서원구 행복한 우리고기,127.45089750035788,36.61404290131092,2026-6-0374,20140415157,행복한 우리고기,식육포장처리업,충청북도 청주시 서원구,축산물
과ㆍ채가공품,106,2029-08-19,BIZ047,식품,C10700010,60,2026-08-20,충청북도,(주)원일바이오 제1공장,제천시,"제조,가공",2026-6-0372,식품제조가공업,원일바이오 제1공장,제천시 원일바이오 제1공장,128.16825790002522,37.146964600494776,2026-6-0372,20220604079,(주)원일바이오 제1공장,식품제조가공업,충청북도 제천시,식품
효소식품,106,2029-08-19,BIZ047,식품,C10700009,61,2026-08-20,충청북도,(주)원일바이오 제1공장,제천시,"제조,가공",2026-6-0371,식품제조가공업,원일바이오 제1공장,제천시 원일바이오 제1공장,128.16825790002522,37.146964600494776,2026-6-0371,20220604079,(주)원일바이오 제1공장,식품제조가공업,충청북도 제천시,식품
서류가공품,106,2029-08-18,BIZ047,식품,C10700013,62,2026-08-19,충청남도,태안농산영농조합법인,태안군,"제조,가공",2026-6-0369,식품제조가공업,태안농산영농조합법인,태안군 태안농산영농조합법인,126.29868899961434,36.755682800123616,2026-6-0369,20170475107,태안농산영농조합법인,식품제조가공업,충청남도 태안군,식품
양념육,612,2029-08-18,BIZ047,축산물,86,63,2026-08-19,충청북도,(주)충청에프앤에스,음성군,"제조,가공",2026-6-0368,축산물가공업-식육가공업,충청에프앤에스,음성군 충청에프앤에스,127.57582489957746,36.9883574007145,2026-6-0368,20260649018,(주)충청에프앤에스,축산물가공업-식육가공업,충청북도 음성군,축산물
포장육,604,2029-08-18,BIZ047,축산물,78,64,2026-08-19,충청북도,거성푸드 유한회사,충주시,"제조,가공",2026-6-0367,식육포장처리업,거성푸드 유한회사,충주시 거성푸드 유한회사,127.89307439991669,36.957348400492926,2026-6-0367,20150433639,거성푸드 유한회사,식육포장처리업,충청북도 충주시,축산물
참기름,106,2029-08-13,BIZ047,식품,C09900005,65,2026-08-14,충청북도,괴산군농산물가공협동조합,괴산군,"제조,가공",2026-6-0366,식품제조가공업,괴산군농산물가공협동조합,괴산군 괴산군농산물가공협동조합,127.8726872728234,36.85358086601412,2026-6-0366,20200451073,괴산군농산물가공협동조합,식품제조가공업,충청북도 괴산군,식품
들기름,106,2029-08-13,BIZ047,식품,C09900007,66,2026-08-14,충청북도,괴산군농산물가공협동조합,괴산군,"제조,가공",2026-6-0365,식품제조가공업,괴산군농산물가공협동조합,괴산군 괴산군농산물가공협동조합,127.8726872728234,36.85358086601412,2026-6-0365,20200451073,괴산군농산물가공협동조합,식품제조가공업,충청북도 괴산군,식품
소스,106,2029-08-11,BIZ047,식품,C10400003,67,2026-08-12,충청북도,(주)교동식품 제4공장,옥천군,"제조,가공",2026-6-0364,식품제조가공업,교동식품 제4공장,옥천군 교동식품 제4공장,127.52022289945106,36.33488830053686,2026-6-0364,20190447031,(주)교동식품 제4공장,식품제조가공업,충청북도 옥천군,식품
빙과,106,2029-08-11,BIZ047,식품,C09400001,68,2026-08-12,충청북도,건영웰푸드,옥천군,"제조,가공",2026-6-0363,식품제조가공업,건영웰푸드,옥천군 건영웰푸드,127.58866989754353,36.315755200187695,2026-6-0363,20250666001,건영웰푸드,식품제조가공업,충청북도 옥천군,식품
포장육,604,2029-08-11,BIZ047,축산물,78,69,2026-08-12,충청남도,(주)성실한우육가공,논산시,"제조,가공",2026-6-0362,식육포장처리업,성실한우육가공,논산시 성실한우육가공,,,2026-6-0362,20260723032,(주)성실한우육가공,식육포장처리업,충청남도 논산시,축산물
"양념육,식육추출가공품",612,2029-08-11,BIZ047,축산물,"86,89",70,2026-08-12,충청남도,하누물 제1공장,천안시 서북구,"제조,가공",2026-6-0361,축산물가공업-식육가공업,하누물 제1공장,천안시 서북구 하누물 제1공장,,,2026-6-0361,20260697013,하누물,축산물가공업-식육가공업,충청남도 천안시 서북구,축산물
곡류가공품,106,2029-08-10,BIZ047,식품,C10700011,71,2026-08-11,충청남도,주식회사제이앤푸드,천안시 서북구,"제조,가공",2026-6-0360,식품제조가공업,주식회사제이앤푸드,천안시 서북구 주식회사제이앤푸드,127.21427390035086,36.9243461010557,2026-6-0360,20240683193,주식회사제이앤푸드,식품제조가공업,충청남도 천안시 서북구,식품
두류가공품,106,2029-08-10,BIZ047,식품,C10700012,72,2026-08-11,충청남도,주식회사제이앤푸드,천안시 서북구,"제조,가공",2026-6-0359,식품제조가공업,주식회사제이앤푸드,천안시 서북구 주식회사제이앤푸드,127.21427390035086,36.9243461010557,2026-6-0359,20240683193,주식회사제이앤푸드,식품제조가공업,충청남도 천안시 서북구,식품
혼합음료,106,2029-08-09,BIZ047,식품,C10100016,75,2026-08-10,충청남도,(주)동원에프앤비((주)동원F&B),천안시 서북구,"제조,가공",2026-6-0356,식품제조가공업,동원에프앤비동원F&B),천안시 서북구 동원에프앤비동원F&B),127.16021059980662,36.86393640134001,2026-6-0356,20100449016,(주)동원에프앤비((주)동원F&B),식품제조가공업,충청남도 천안시 서북구,식품
포장육,604,2029-08-09,BIZ047,축산물,78,76,2026-08-10,세종특별자치시,도담 육가공,,"제조,가공",2026-6-0355,식육포장처리업,도담 육가공,,128.55103810048135,35.93255540021562,2026-6-0355,20230353064,도담 육가공,식육포장처리업,세종특별자치시,축산물
포장육,604,2029-08-09,BIZ047,축산물,78,77,2026-08-10,충청남도,한우가,홍성군,"제조,가공",2026-6-0354,식육포장처리업,한우가,홍성군 한우가,126.66698220013724,36.59744810062276,2026-6-0354,20230669367,한우가,식육포장처리업,충청남도 홍성군,축산물
고형차,106,2029-08-09,BIZ047,식품,C10100003,78,2026-08-10,충청북도,(주)코지맘바이오,음성군,"제조,가공",2026-6-0353,식품제조가공업,코지맘바이오,음성군 코지맘바이오,127.5303421003017,36.961087601054906,2026-6-0353,20230627153,(주)코지맘바이오,식품제조가공업,충청북도 음성군,식품
유함유가공품,106,2029-08-09,BIZ047,식품,C0318140000000,79,2026-08-10,충청남도,주식회사대현에벤에셀,당진시,"제조,가공",2026-6-0352,식품제조가공업,주식회사대현에벤에셀,당진시 주식회사대현에벤에셀,,,2026-6-0352,20250694341,주식회사대현에벤에셀,식품제조가공업,충청남도 당진시,식품
떡류,106,2029-08-05,BIZ047,식품,C09300005,80,2026-08-06,충청남도,문화떡방아,청양군,"제조,가공",2026-6-0351,식품제조가공업,문화떡방아,청양군 문화떡방아,126.71521790024455,36.42778790129657,2026-6-0351,20250718104,문화떡방아,식품제조가공업,충청남도 청양군,식품
빵류,106,2029-08-03,BIZ047,식품,C09300004,81,2026-08-04,충청남도,모디베이크,예산군,"제조,가공",2026-6-0350,식품제조가공업,모디베이크,예산군 모디베이크,,,2026-6-0350,20260738116,모디베이크,식품제조가공업,충청남도 예산군,식품
과자,106,2029-08-03,BIZ047,식품,C09300001,82,2026-08-04,충청남도,모디베이크,예산군,"제조,가공",2026-6-0349,식품제조가공업,모디베이크,예산군 모디베이크,,,2026-6-0349,20260738116,모디베이크,식품제조가공업,충청남도 예산군,식품
즉석조리식품,106,2029-08-03,BIZ047,식품,C11300005,83,2026-08-04,충청남도,(주)강푸드,논산시,"제조,가공",2026-6-0348,식품제조가공업,강푸드,논산시 강푸드,127.22082750009918,36.20412310051188,2026-6-0348,20230656300,(주)강푸드,식품제조가공업,충청남도 논산시,식품
치즈,611,2029-07-30,BIZ047,축산물,C0318090100000,84,2026-07-31,충청남도,우일수산(주),서천군,"제조,가공",2026-6-0347,축산물가공업-유가공업,우일수산,서천군 우일수산,126.72015809974688,36.00964523076607,2026-6-0347,19940471029,우일수산(주),식품제조가공업,충청남도 서천군,식품
기타가공품,106,2029-07-30,BIZ047,식품,C11400002,86,2026-07-31,충청남도,동진바이오농업회사법인(주),금산군,"제조,가공",2026-6-0345,식품제조가공업,동진바이오농업회사법인,금산군 동진바이오농업회사법인,127.5739818999792,36.08366200111671,2026-6-0345,20190473155,동진바이오농업회사법인(주),식품제조가공업,충청남도 금산군,식품
기타 수산물가공품,106,2029-07-30,BIZ047,식품,C11000016,87,2026-07-31,충청남도,(주)대천해-Fresh Factory,보령시,"제조,가공",2026-6-0344,식품제조가공업,대천해-Fresh Factory,보령시 대천해-Fresh Factory,,,2026-6-0344,20260715160,(주)대천해-Fresh Factory,식품제조가공업,충청남도 보령시,식품
인삼ㆍ홍삼음료,106,2029-07-30,BIZ047,식품,C10100015,88,2026-07-31,충청남도,주식회사한국코스모,천안시,"제조,가공",2026-6-0343,식품제조가공업,주식회사한국코스모,천안시 주식회사한국코스모,127.09649900036774,36.72631870067112,2026-6-0343,20200456711,주식회사한국코스모,식품제조가공업,충청남도 천안시 동남구,식품
곡류가공품,106,2029-07-29,BIZ047,식품,C10700011,89,2026-07-30,충청남도,주식회사 해가인 어업회사법인,보령시,"제조,가공",2026-6-0342,식품제조가공업,주식회사 해가인 어업회사법인,보령시 주식회사 해가인 어업회사법인,126.52426759969924,36.46761650258503,2026-6-0342,20200465094,주식회사 해가인 어업회사법인,식품제조가공업,충청남도 보령시,식품
양념육,612,2029-07-28,BIZ047,축산물,86,90,2026-07-29,충청북도,주식회사 금족푸드,청주시 흥덕구,"제조,가공",2026-6-0341,축산물가공업-식육가공업,주식회사 금족푸드,청주시 흥덕구 주식회사 금족푸드,,,2026-6-0341,20260649012,주식회사 금족푸드,축산물가공업-식육가공업,충청북도 청주시 흥덕구,축산물
포장육,604,2029-07-28,BIZ047,축산물,78,91,2026-07-29,충청북도,(주)금족푸드,청주시 흥덕구,"제조,가공",2026-6-0340,식육포장처리업,금족푸드,청주시 흥덕구 금족푸드,,,2026-6-0340,20260651046,(주)금족푸드,식육포장처리업,충청북도 청주시 흥덕구,축산물
기타가공품,106,2029-07-28,BIZ047,식품,C11400002,92,2026-07-29,충청북도,(주)시골김,진천군,"제조,가공",2026-6-0339,식품제조가공업,시골김,진천군 시골김,127.45482489951723,36.85123150421322,2026-6-0339,20110443012,(주)시골김,식품제조가공업,충청북도 진천군,식품
포장육,604,2029-07-28,BIZ047,축산물,78,93,2026-07-29,대전광역시,수기포크,서구,"제조,가공",2026-6-0338,식육포장처리업,수기포크,서구 수기포크,,,2026-6-0338,20260337686,수기포크,식육포장처리업,대전광역시 서구,축산물
즉석조리식품(순대),106,2029-07-27,BIZ047,식품,C12500001,94,2026-07-28,충청북도,주식회사 먹거리푸드,청주시 청원구,"제조,가공",2026-6-0337,식품제조가공업,주식회사 먹거리푸드,청주시 청원구 주식회사 먹거리푸드,,,2026-6-0337,20260651056,주식회사 먹거리푸드,식품제조가공업,충청북도 청주시 청원구,식품
고춧가루,106,2029-07-26,BIZ047,식품,C10400009,99,2026-07-27,충청남도,상원종합식품(주),천안시 동남구,"제조,가공",2026-6-0332,식품제조가공업,상원종합식품,천안시 동남구 상원종합식품,127.1859732995526,36.76475219716679,2026-6-0332,20030449051,상원종합식품(주),식품제조가공업,충청남도 천안시 동남구,식품
포장육,604,2029-07-26,BIZ047,축산물,78,100,2026-07-27,충청북도,주식회사 먹거리푸드,청주시 청원구,"제조,가공",2026-6-0331,식육포장처리업,주식회사 먹거리푸드,청주시 청원구 주식회사 먹거리푸드,,,2026-6-0331,20260651060,주식회사 먹거리푸드,식육포장처리업,충청북도 청주시 청원구,축산물
양념육,612,2029-07-26,BIZ047,축산물,86,101,2026-07-27,충청북도,주식회사 먹거리푸드,청주시 청원구,"제조,가공",2026-6-0330,축산물가공업-식육가공업,주식회사 먹거리푸드,청주시 청원구 주식회사 먹거리푸드,,,2026-6-0330,20260649015,주식회사 먹거리푸드,축산물가공업-식육가공업,충청북도 청주시 청원구,축산물
포장육,604,2029-07-26,BIZ047,축산물,78,102,2026-07-27,충청북도,주식회사 하나임푸드,청주시 흥덕구,"제조,가공",2026-6-0329,식육포장처리업,주식회사 하나임푸드,청주시 흥덕구 주식회사 하나임푸드,,,2026-6-0329,20260651055,주식회사 하나임푸드,식육포장처리업,충청북도 청주시 흥덕구,축산물
"식품소분업(빵류, 과자)",405,2029-07-23,BIZ048,식품,H02200001,103,2026-07-24,충청남도,주식회사에스큐커머스,천안시 동남구,"유통,판매,조리",2026-6-0327,식품소분업,주식회사에스큐커머스,천안시 동남구 주식회사에스큐커머스,,,2026-6-0327,20260699555,주식회사에스큐커머스,식품소분업,충청남도 천안시 동남구,식품
서류가공품,106,2029-07-21,BIZ047,식품,C10700013,104,2026-07-22,대전광역시,주식회사 퓨어스,유성구,"제조,가공",2026-6-0326,식품제조가공업,주식회사 퓨어스,유성구 주식회사 퓨어스,,,2026-6-0326,20260342955,주식회사 퓨어스,식품제조가공업,대전광역시 유성구,식품
과ㆍ채가공품,106,2029-07-21,BIZ047,식품,C10700010,105,2026-07-22,대전광역시,주식회사 퓨어스,유성구,"제조,가공",2026-6-0325,식품제조가공업,주식회사 퓨어스,유성구 주식회사 퓨어스,,,2026-6-0325,20260342955,주식회사 퓨어스,식품제조가공업,대전광역시 유성구,식품
"양념육,식육추출가공품",612,2029-07-21,BIZ047,축산물,"86,89",106,2026-07-22,충청남도,주식회사 에스큐커머스,천안시 동남구,"제조,가공",2026-6-0324,축산물가공업-식육가공업,주식회사 에스큐커머스,천안시 동남구 주식회사 에스큐커머스,,,2026-6-0324,20260697009,주식회사 에스큐커머스,축산물가공업-식육가공업,충청남도 천안시 동남구,축산물
포장육,604,2029-07-21,BIZ047,축산물,78,107,2026-07-22,충청남도,주식회사 에스큐커머스,천안시 동남구,"제조,가공",2026-6-0323,식육포장처리업,주식회사 에스큐커머스,천안시 동남구 주식회사 에스큐커머스,,,2026-6-0323,20260699550,주식회사 에스큐커머스,식육포장처리업,충청남도 천안시 동남구,축산물
즉석조리식품,106,2029-07-21,BIZ047,식품,C11300005,108,2026-07-22,충청남도,주식회사에스큐커머스,천안시 동남구,"제조,가공",2026-6-0322,식품제조가공업,주식회사에스큐커머스,천안시 동남구 주식회사에스큐커머스,,,2026-6-0322,20260699554,주식회사에스큐커머스,식품제조가공업,충청남도 천안시 동남구,식품
소스,106,2029-07-21,BIZ047,식품,C10400003,109,2026-07-22,충청남도,주식회사에스큐커머스,천안시 동남구,"제조,가공",2026-6-0321,식품제조가공업,주식회사에스큐커머스,천안시 동남구 주식회사에스큐커머스,,,2026-6-0321,20260699554,주식회사에스큐커머스,식품제조가공업,충청남도 천안시 동남구,식품
포장육,604,2029-07-19,BIZ047,축산물,78,110,2026-07-20,대전광역시,빛고을푸드,중구,"제조,가공",2026-6-0320,식육포장처리업,빛고을푸드,중구 빛고을푸드,127.39813210010226,36.31227780266044,2026-6-0320,20250329083,빛고을푸드,식육포장처리업,대전광역시 중구,축산물
포장육,604,2029-07-19,BIZ047,축산물,78,111,2026-07-20,충청남도,주식회사 에프원육가공 제1공장,천안시 동남구,"제조,가공",2026-6-0319,식육포장처리업,주식회사 에프원육가공 제1공장,천안시 동남구 주식회사 에프원육가공 제1공장,,,2026-6-0319,20250683565,주식회사 에프원육가공 제1공장,식육포장처리업,충청남도 천안시 동남구,축산물
식육함유가공품,106,2029-07-19,BIZ047,식품,C10800001,112,2026-07-20,충청북도,(주)면사랑,진천군,"제조,가공",2026-6-0318,식품제조가공업,면사랑,진천군 면사랑,127.4321214003006,36.90181286083681,2026-6-0318,20180423012,(주)면사랑,축산물가공업-식육가공업,충청북도 진천군,축산물
올리브유,106,2029-07-19,BIZ047,식품,C09900013,113,2026-07-20,충청북도,콜마비앤에이치(주) 음성공장,음성군,"제조,가공",2026-6-0317,식품제조가공업,콜마비앤에이치 음성공장,음성군 콜마비앤에이치 음성공장,127.46274050017568,36.97164600117112,2026-6-0317,20060445110,콜마비앤에이치(주) 음성공장,식품제조가공업,충청북도 음성군,식품
빵류,106,2029-07-19,BIZ047,식품,C09300004,114,2026-07-20,충청북도,빵미컴퍼니,청주시 흥덕구,"제조,가공",2026-6-0316,식품제조가공업,빵미컴퍼니,청주시 흥덕구 빵미컴퍼니,,,2026-6-0316,20260651031,빵미컴퍼니,식품제조가공업,충청북도 청주시 흥덕구,식품
올리브유,106,2029-07-15,BIZ047,식품,C09900013,115,2026-07-16,충청남도,주식회사 코스팜,천안시 서북구,"제조,가공",2026-6-0315,식품제조가공업,주식회사 코스팜,천안시 서북구 주식회사 코스팜,127.20386679988783,36.90670460090762,2026-6-0315,20170449030,주식회사 코스팜,식품제조가공업,충청남도 천안시 서북구,식품
식육판매업,630,2029-07-15,BIZ048,축산물,176,116,2026-07-16,대전광역시,맑은가람 축산유통,중구,"유통,판매,조리",2026-6-0314,축산물판매업-식육판매업,맑은가람 축산유통,중구 맑은가람 축산유통,,,2026-6-0314,20260333270,맑은가람 축산유통,축산물판매업-식육판매업,대전광역시 중구,축산물
포장육,604,2029-07-15,BIZ047,축산물,78,117,2026-07-16,대전광역시,맑은가람 축산유통,중구,"제조,가공",2026-6-0313,식육포장처리업,맑은가람 축산유통,중구 맑은가람 축산유통,,,2026-6-0313,20260333264,맑은가람 축산유통,식육포장처리업,대전광역시 중구,축산물
분쇄가공육제품,612,2029-07-15,BIZ047,축산물,87,118,2026-07-16,충청북도,(주)동원에프앤비 진천2공장,진천군,"제조,가공",2026-6-0312,축산물가공업-식육가공업,동원에프앤비 진천2공장,진천군 동원에프앤비 진천2공장,,,2026-6-0312,20260649014,(주)동원에프앤비 진천2공장,축산물가공업-식육가공업,충청북도 진천군,축산물
두부,106,2029-07-12,BIZ047,식품,C09800001,119,2026-07-13,충청북도,주식회사 농업회사법인 콩아저씨 두부가게,음성군,"제조,가공",2026-6-0311,식품제조가공업,주식회사 농업회사법인 콩아저씨 두부가게,음성군 주식회사 농업회사법인 콩아저씨 두부가게,127.60032030025408,36.98064330096641,2026-6-0311,20150445263,주식회사 농업회사법인 콩아저씨 두부가게,식품제조가공업,충청북도 음성군,식품
포장육,604,2029-07-12,BIZ047,축산물,78,120,2026-07-13,충청남도,탄천농협 육가공 공장,공주시,"제조,가공",2026-6-0310,식육포장처리업,탄천농협 육가공 공장,공주시 탄천농협 육가공 공장,,,2026-6-0310,20260713352,탄천농협 육가공 공장,식육포장처리업,충청남도 공주시,축산물
떡류,106,2029-07-12,BIZ047,식품,C09300005,121,2026-07-13,충청남도,(주)성신비엔에프,부여군,"제조,가공",2026-6-0309,식품제조가공업,성신비엔에프,부여군 성신비엔에프,126.84971200003422,36.30393649935391,2026-6-0309,20040470032,(주)성신비엔에프,식품제조가공업,충청남도 부여군,식품
유함유가공품,106,2029-07-09,BIZ047,식품,C0318140000000,122,2026-07-10,충청남도,매일유업(주) 청양공장,청양군,"제조,가공",2026-6-0308,식품제조가공업,매일유업 청양공장,청양군 매일유업 청양공장,126.7921196996938,36.46898848047509,2026-6-0308,20030472052,매일유업(주) 청양공장,식품제조가공업,충청남도 청양군,식품
캔디류,106,2029-07-08,BIZ047,식품,C09300002,123,2026-07-09,대전광역시,(주)바라커뮤니케이션,유성구,"제조,가공",2026-6-0307,식품제조가공업,바라커뮤니케이션,유성구 바라커뮤니케이션,,,2026-6-0307,20260342777,(주)바라커뮤니케이션,식품제조가공업,대전광역시 유성구,식품
기타주류,402,2029-07-07,BIZ047,식품,C10600011,124,2026-07-08,충청북도,롯데칠성음료 주식회사 충주2공장,충주시,"제조,가공",2026-6-0306,식품제조가공업(주류제조),롯데칠성음료 주식회사 충주2공장,충주시 롯데칠성음료 주식회사 충주2공장,,,2026-6-0306,20172880169,롯데칠성음료 주식회사 충주2공장,식품제조가공업(주류),충청북도 충주시,식품
포장육,604,2029-07-07,BIZ047,축산물,78,125,2026-07-08,충청남도,농업회사법인(주)영광미트,아산시,"제조,가공",2026-6-0305,식육포장처리업,농업회사법인영광미트,아산시 농업회사법인영광미트,,,2026-6-0305,20260718486,농업회사법인(주)영광미트,식육포장처리업,충청남도 아산시,축산물
향신료조제품,106,2029-07-07,BIZ047,식품,C10400012,126,2026-07-08,충청북도,영흥식품(주),음성군,"제조,가공",2026-6-0304,식품제조가공업,영흥식품,음성군 영흥식품,127.46977199961871,36.9652041111848,2026-6-0304,19950445028,영흥식품(주),식품제조가공업,충청북도 음성군,식품
천연향신료,106,2029-07-07,BIZ047,식품,C10400011,127,2026-07-08,충청북도,영흥식품(주),음성군,"제조,가공",2026-6-0303,식품제조가공업,영흥식품,음성군 영흥식품,127.46977199961871,36.9652041111848,2026-6-0303,19950445028,영흥식품(주),식품제조가공업,충청북도 음성군,식품
전분가공품,106,2029-07-07,BIZ047,식품,C10700002,128,2026-07-08,충청북도,영흥식품(주),음성군,"제조,가공",2026-6-0302,식품제조가공업,영흥식품,음성군 영흥식품,127.46977199961871,36.9652041111848,2026-6-0302,19950445028,영흥식품(주),식품제조가공업,충청북도 음성군,식품
김치(배추김치),106,2029-07-07,BIZ047,식품,C12300001,132,2026-07-08,충청남도,주식회사 플래노프,아산시,"제조,가공",2026-6-0298,식품제조가공업,주식회사 플래노프,아산시 주식회사 플래노프,,,2026-6-0298,20260718489,주식회사 플래노프,식품제조가공업,충청남도 아산시,식품
해바라기유,106,2029-07-06,BIZ047,식품,C09900010,133,2026-07-07,충청북도,(주)코지맘바이오,음성군,"제조,가공",2026-6-0297,식품제조가공업,코지맘바이오,음성군 코지맘바이오,127.5303421003017,36.961087601054906,2026-6-0297,20230627153,(주)코지맘바이오,식품제조가공업,충청북도 음성군,식품
두부,106,2029-07-06,BIZ047,식품,C09800001,134,2026-07-07,충청북도,주식회사 수팬들,진천군,"제조,가공",2026-6-0296,식품제조가공업,주식회사 수팬들,진천군 주식회사 수팬들,,,2026-6-0296,20260688174,주식회사 수팬들,식품제조가공업,충청북도 진천군,식품
과자,106,2029-07-02,BIZ047,식품,C09300001,135,2026-07-03,충청북도,주식회사 홈푸드,진천군,"제조,가공",2026-6-0295,식품제조가공업,주식회사 홈푸드,진천군 주식회사 홈푸드,127.5143551999561,36.86564110098303,2026-6-0295,20200374349,주식회사 홈푸드,식품제조가공업,경기도 이천시,식품
유산균음료,106,2029-06-28,BIZ047,식품,C10100012,138,2026-06-29,충청남도,(주)에치와이 논산공장,논산시,"제조,가공",2026-6-0292,식품제조가공업,에치와이 논산공장,논산시 에치와이 논산공장,127.15006069975962,36.127318098294886,2026-6-0292,20250707452,(주)에치와이 논산공장,식품제조가공업,충청남도 논산시,식품
서류가공품,106,2029-06-28,BIZ047,식품,C10700013,139,2026-06-29,충청북도,농업회사법인주식회사237오르토,음성군,"제조,가공",2026-6-0291,식품제조가공업,농업회사법인주식회사237오르토,음성군 농업회사법인주식회사237오르토,,,2026-6-0291,20210376496,농업회사법인주식회사237오르토,식품제조가공업,경기도 안성시,식품
과ㆍ채가공품,106,2029-06-28,BIZ047,식품,C10700010,140,2026-06-29,충청북도,농업회사법인주식회사237오르토,음성군,"제조,가공",2026-6-0290,식품제조가공업,농업회사법인주식회사237오르토,음성군 농업회사법인주식회사237오르토,,,2026-6-0290,20210376496,농업회사법인주식회사237오르토,식품제조가공업,충청북도 음성군,식품
천연향신료,106,2029-06-28,BIZ047,식품,C10400011,141,2026-06-29,충청북도,농업회사법인주식회사237오르토,음성군,"제조,가공",2026-6-0289,식품제조가공업,농업회사법인주식회사237오르토,음성군 농업회사법인주식회사237오르토,,,2026-6-0289,20210376496,농업회사법인주식회사237오르토,식품제조가공업,충청북도 음성군,식품
식육추출가공품,612,2029-06-25,BIZ047,축산물,89,143,2026-06-26,충청북도,주식회사 명인식품,음성군,"제조,가공",2026-6-0287,축산물가공업-식육가공업,주식회사 명인식품,음성군 주식회사 명인식품,,,2026-6-0287,20260649003,주식회사 명인식품,축산물가공업-식육가공업,충청북도 음성군,축산물
과ㆍ채주스,106,2029-06-24,BIZ047,식품,C10100006,144,2026-06-25,충청북도,주식회사 노바렉스 2공장,청주시 청원구,"제조,가공",2026-6-0286,식품제조가공업,주식회사 노바렉스 2공장,청주시 청원구 주식회사 노바렉스 2공장,127.4348407996651,36.70780079769783,2026-6-0286,20060415215,주식회사 노바렉스 2공장,식품제조가공업,충청북도 청주시 청원구,식품
수분 및 전해질보충용 조제식품,106,2029-06-24,BIZ047,식품,C0324010900000,145,2026-06-25,충청북도,(주)리앤씨바이오,청주시 흥덕구,"제조,가공",2026-6-0285,식품제조가공업,리앤씨바이오,청주시 흥덕구 리앤씨바이오,127.39944550055402,36.71084580124069,2026-6-0285,20200424010,(주)리앤씨바이오,식품제조가공업,충청북도 청주시 흥덕구,식품
기타가공품,106,2029-06-24,BIZ047,식품,C11400002,146,2026-06-25,충청북도,(주)원일에프앤에프,음성군,"제조,가공",2026-6-0284,식품제조가공업,원일에프앤에프,음성군 원일에프앤에프,127.46805070034972,36.96997318873666,2026-6-0284,20090445189,(주)원일에프앤에프,식품제조가공업,충청북도 음성군,식품
"양념육,식육추출가공품",612,2029-06-22,BIZ047,축산물,"86,89",147,2026-06-23,충청북도,용원푸드,옥천군,"제조,가공",2026-6-0283,축산물가공업-식육가공업,용원푸드,옥천군 용원푸드,,,2026-6-0283,20260649011,용원푸드,축산물가공업-식육가공업,충청북도 옥천군,축산물
기타 농산가공품,106,2029-06-22,BIZ047,식품,C10700014,148,2026-06-23,충청북도,용원푸드,옥천군,"제조,가공",2026-6-0282,식품제조가공업,용원푸드,옥천군 용원푸드,,,2026-6-0282,20260682065,용원푸드,식품제조가공업,충청북도 옥천군,식품
즉석조리식품,106,2029-06-22,BIZ047,식품,C11300005,149,2026-06-23,충청북도,용원푸드,옥천군,"제조,가공",2026-6-0281,식품제조가공업,용원푸드,옥천군 용원푸드,,,2026-6-0281,20260682065,용원푸드,식품제조가공업,충청북도 옥천군,식품
가공김(조미김 또는 구운김),106,2029-06-22,BIZ047,식품,C11000017,152,2026-06-23,충청남도,광천김공장,보령시,"제조,가공",2026-6-0278,식품제조가공업,광천김공장,보령시 광천김공장,126.5822049995327,36.37811300349253,2026-6-0278,20230648123,광천김공장,식품제조가공업,충청남도 보령시,식품
과ㆍ채가공품,106,2029-06-22,BIZ047,식품,C10700010,153,2026-06-23,충청남도,주식회사대현에벤에셀,당진시,"제조,가공",2026-6-0277,식품제조가공업,주식회사대현에벤에셀,당진시 주식회사대현에벤에셀,,,2026-6-0277,20250694341,주식회사대현에벤에셀,식품제조가공업,충청남도 당진시,식품
당류가공품,106,2029-06-22,BIZ047,식품,C09600012,154,2026-06-23,충청남도,주식회사대현에벤에셀,당진시,"제조,가공",2026-6-0276,식품제조가공업,주식회사대현에벤에셀,당진시 주식회사대현에벤에셀,,,2026-6-0276,20250694341,주식회사대현에벤에셀,식품제조가공업,충청남도 당진시,식품
곡류가공품,106,2029-06-22,BIZ047,식품,C10700011,155,2026-06-23,충청북도,주식회사 더라이스팜,음성군,"제조,가공",2026-6-0275,식품제조가공업,주식회사 더라이스팜,음성군 주식회사 더라이스팜,,,2026-6-0275,20220619569,주식회사 더라이스팜,식품제조가공업,충청북도 음성군,식품
간편조리세트,106,2029-06-21,BIZ047,식품,C0322020400000,156,2026-06-22,충청북도,(주)신세계푸드 음성공장,음성군,"제조,가공",2026-6-0274,식품제조가공업,신세계푸드 음성공장,음성군 신세계푸드 음성공장,127.68115999814891,36.8878419983788,2026-6-0274,20150445222,(주)신세계푸드 음성공장,식품제조가공업,충청북도 음성군,식품
액상차,106,2029-06-21,BIZ047,식품,C10100002,157,2026-06-22,충청남도,주식회사 해오름뉴라이프,금산군,"제조,가공",2026-6-0273,식품제조가공업,주식회사 해오름뉴라이프,금산군 주식회사 해오름뉴라이프,127.47897109963316,36.10569630123886,2026-6-0273,20240712103,주식회사 해오름뉴라이프,식품제조가공업,충청남도 금산군,식품
빵류,106,2029-06-18,BIZ047,식품,C09300004,158,2026-06-19,충청남도,주식회사 씨위드푸드,서천군,"제조,가공",2026-6-0272,식품제조가공업,주식회사 씨위드푸드,서천군 주식회사 씨위드푸드,126.55937480012138,36.161789696693766,2026-6-0272,20240716189,주식회사 씨위드푸드,식품제조가공업,충청남도 서천군,식품
고형차,106,2029-06-18,BIZ047,식품,C10100003,159,2026-06-19,충청남도,농업회사법인 주식회사 정담 1공장,서산시,"제조,가공",2026-6-0271,식품제조가공업,농업회사법인 주식회사 정담 1공장,서산시 농업회사법인 주식회사 정담 1공장,,,2026-6-0271,20260721036,농업회사법인 주식회사 정담 1공장,식품제조가공업,충청남도 서산시,식품
체중조절용 조제식품,106,2029-06-18,BIZ047,식품,C10200009,160,2026-06-19,충청북도,(주)세움바이오텍,음성군,"제조,가공",2026-6-0270,식품제조가공업,세움바이오텍,음성군 세움바이오텍,127.54777780069551,36.975436800494734,2026-6-0270,20020445181,(주)세움바이오텍,식품제조가공업,충청북도 음성군,식품
들기름,106,2029-06-18,BIZ047,식품,C09900007,161,2026-06-19,충청북도,형님아우동생,충주시,"제조,가공",2026-6-0269,식품제조가공업,형님아우동생,충주시 형님아우동생,,,2026-6-0269,20250658977,형님아우동생,식품제조가공업,충청북도 충주시,식품
참기름,106,2029-06-18,BIZ047,식품,C09900005,162,2026-06-19,충청북도,형님아우동생,충주시,"제조,가공",2026-6-0268,식품제조가공업,형님아우동생,충주시 형님아우동생,,,2026-6-0268,20250658977,형님아우동생,식품제조가공업,충청북도 충주시,식품
"양념육,분쇄가공육제품",612,2029-06-18,BIZ047,축산물,"86,87",163,2026-06-19,충청북도,주식회사 리우,음성군,"제조,가공",2026-6-0267,축산물가공업-식육가공업,주식회사 리우,음성군 주식회사 리우,,,2026-6-0267,20260649010,주식회사 리우,축산물가공업-식육가공업,충청북도 음성군,축산물
기타가공품,106,2029-06-17,BIZ047,식품,C11400002,164,2026-06-18,충청남도,(주)중원바이오팜,천안시 동남구,"제조,가공",2026-6-0266,식품제조가공업,중원바이오팜,천안시 동남구 중원바이오팜,127.27781430029675,36.77081330156111,2026-6-0266,20000449046,(주)중원바이오팜,식품제조가공업,충청남도 천안시 동남구,식품
포장육,604,2029-06-17,BIZ047,축산물,78,165,2026-06-18,세종특별자치시,수익스,,"제조,가공",2026-6-0265,식육포장처리업,수익스,,128.55103810048135,35.93255540021562,2026-6-0265,20260369277,수익스,식육포장처리업,세종특별자치시,축산물
발효식초,106,2029-06-17,BIZ047,식품,C10400001,166,2026-06-18,충청남도,주식회사새롬웰푸드,천안시 동남구,"제조,가공",2026-6-0264,식품제조가공업,주식회사새롬웰푸드,천안시 동남구 주식회사새롬웰푸드,127.23441970052396,36.72705470093906,2026-6-0264,20190456640,주식회사새롬웰푸드,식품제조가공업,충청남도 천안시 동남구,식품
김치(배추김치),106,2029-06-17,BIZ047,식품,C12300001,167,2026-06-18,충청북도,농업회사법인주식회사정푸드코리아,충주시,"제조,가공",2026-6-0263,식품제조가공업,농업회사법인주식회사정푸드코리아,충주시 농업회사법인주식회사정푸드코리아,127.9939715959338,36.87999385021875,2026-6-0263,19920433127,농업회사법인주식회사정푸드코리아,식품제조가공업,충청북도 충주시,식품
기타 수산물가공품 중 냉동어류,106,2029-06-15,BIZ047,식품,C11700001,168,2026-06-16,충청남도,더원,서천군,"제조,가공",2026-6-0262,식품제조가공업,더원,서천군 더원,126.49866810036411,36.159160202849954,2026-6-0262,20260732060,더원,식품제조가공업,충청남도 서천군,식품
기타 수산물가공품 중 냉동연체류,106,2029-06-15,BIZ047,식품,C11800001,169,2026-06-16,충청남도,더원,서천군,"제조,가공",2026-6-0261,식품제조가공업,더원,서천군 더원,126.49866810036411,36.159160202849954,2026-6-0261,20260732060,더원,식품제조가공업,충청남도 서천군,식품
절임식품,106,2029-06-15,BIZ047,식품,C10500003,170,2026-06-16,충청남도,더원,서천군,"제조,가공",2026-6-0260,식품제조가공업,더원,서천군 더원,126.49866810036411,36.159160202849954,2026-6-0260,20260732060,더원,식품제조가공업,충청남도 서천군,식품
기타 수산물가공품,106,2029-06-15,BIZ047,식품,C11000016,171,2026-06-16,충청남도,더원,서천군,"제조,가공",2026-6-0259,식품제조가공업,더원,서천군 더원,126.49866810036411,36.159160202849954,2026-6-0259,20260732060,더원,식품제조가공업,충청남도 서천군,식품
고혈압환자용 영양조제식품,106,2029-06-15,BIZ047,식품,C0324010800000,172,2026-06-16,충청남도,대상웰라이프주식회사천안공장,천안시 서북구,"제조,가공",2026-6-0258,식품제조가공업,대상웰라이프주식회사천안공장,천안시 서북구 대상웰라이프주식회사천안공장,127.11835069985524,36.85391420134631,2026-6-0258,20180456011,대상웰라이프주식회사천안공장,식품제조가공업,충청남도 천안시 서북구,식품
즉석섭취식품(운반급식 포함),106,2029-06-15,BIZ047,식품,H03000002,173,2026-06-16,세종특별자치시,주식회사 에스아이씨,,"제조,가공",2026-6-0257,식품제조가공업,주식회사 에스아이씨,,128.55103810048135,35.93255540021562,2026-6-0257,20260369326,주식회사 에스아이씨,식품제조가공업,세종특별자치시,식품
기타가공품,106,2029-06-14,BIZ047,식품,C11400002,174,2026-06-15,충청남도,(주)광천김 제6공장,홍성군,"제조,가공",2026-6-0256,식품제조가공업,광천김 제6공장,홍성군 광천김 제6공장,,,2026-6-0256,20260736040,(주)광천김 제6공장,식품제조가공업,충청남도 홍성군,식품
기타 수산물가공품,106,2029-06-14,BIZ047,식품,C11000016,175,2026-06-15,충청남도,(주)광천김 제6공장,홍성군,"제조,가공",2026-6-0255,식품제조가공업,광천김 제6공장,홍성군 광천김 제6공장,,,2026-6-0255,20260736040,(주)광천김 제6공장,식품제조가공업,충청남도 홍성군,식품
탄산음료,106,2029-06-14,BIZ047,식품,C10100008,176,2026-06-15,충청북도,(주)동원에프앤비 설성공장,음성군,"제조,가공",2026-6-0254,식품제조가공업,동원에프앤비 설성공장,음성군 동원에프앤비 설성공장,,,2026-6-0254,20260692131,(주)동원에프앤비 설성공장,식품제조가공업,충청북도 음성군,식품
당류가공품,106,2029-06-14,BIZ047,식품,C09600012,177,2026-06-15,충청북도,주식회사 퓨럽2공장,음성군,"제조,가공",2026-6-0253,식품제조가공업,주식회사 퓨럽2공장,음성군 주식회사 퓨럽2공장,127.64963239631128,37.01170650331933,2026-6-0253,20110445029,주식회사 퓨럽2공장,식품제조가공업,충청북도 음성군,식품
즉석조리식품,106,2029-06-11,BIZ047,식품,C11300005,178,2026-06-12,충청남도,에프엔바이오(주),서산시,"제조,가공",2026-6-0252,식품제조가공업,에프엔바이오,서산시 에프엔바이오,126.50082720019034,36.808948400957206,2026-6-0252,20060459041,에프엔바이오(주),식품제조가공업,충청남도 보령시,식품
과ㆍ채가공품,106,2029-06-11,BIZ047,식품,C10700010,179,2026-06-12,충청북도,(주)비에이치앤바이오,진천군,"제조,가공",2026-6-0251,식품제조가공업,비에이치앤바이오,진천군 비에이치앤바이오,127.4836037001788,36.92704500049899,2026-6-0251,20170443388,(주)비에이치앤바이오,식품제조가공업,충청북도 진천군,식품
당절임,106,2029-06-10,BIZ047,식품,C10500004,180,2026-06-11,충청남도,동성유통 영농조합법인,부여군,"제조,가공",2026-6-0249,식품제조가공업,동성유통 영농조합법인,부여군 동성유통 영농조합법인,,,2026-6-0249,20260730025,동성유통 영농조합법인,식품제조가공업,충청남도 부여군,식품
초콜릿가공품,106,2029-06-08,BIZ047,식품,C09500009,181,2026-06-09,충청북도,칼로스푸드 주식회사,청주시 청원구,"제조,가공",2026-6-0248,식품제조가공업,칼로스푸드 주식회사,청주시 청원구 칼로스푸드 주식회사,,,2026-6-0248,20260651028,칼로스푸드 주식회사,식품제조가공업,충청북도 청주시 청원구,식품
포장육,604,2029-06-08,BIZ047,축산물,78,182,2026-06-09,충청북도,주식회사 청풍명월향수한우판매장,옥천군,"제조,가공",2026-6-0247,식육포장처리업,주식회사 청풍명월향수한우판매장,옥천군 주식회사 청풍명월향수한우판매장,,,2026-6-0247,20260682047,주식회사 청풍명월향수한우판매장,식육포장처리업,충청북도 옥천군,축산물
기타가공품,106,2029-06-08,BIZ047,식품,C11400002,183,2026-06-09,충청북도,유에스파마텍코리아 주식회사,음성군,"제조,가공",2026-6-0246,식품제조가공업,유에스파마텍코리아 주식회사,음성군 유에스파마텍코리아 주식회사,,,2026-6-0246,20260692159,유에스파마텍코리아 주식회사,식품제조가공업,충청북도 음성군,식품
액상차,106,2029-06-08,BIZ047,식품,C10100002,184,2026-06-09,충청북도,(주)세모,음성군,"제조,가공",2026-6-0245,식품제조가공업,세모,음성군 세모,127.55736230001916,36.91730792132998,2026-6-0245,19890202044,(주)세모,식품제조가공업,충청북도 음성군,식품
소스,106,2029-06-08,BIZ047,식품,C10400003,185,2026-06-09,세종특별자치시,주식회사 달인푸드,,"제조,가공",2026-6-0244,식품제조가공업,주식회사 달인푸드,,128.55103810048135,35.93255540021562,2026-6-0244,20250366311,주식회사 달인푸드,식품제조가공업,세종특별자치시,식품
액상차,106,2029-06-08,BIZ047,식품,C10100002,186,2026-06-09,충청북도,주식회사유니쎌팜,충주시,"제조,가공",2026-6-0243,식품제조가공업,주식회사유니쎌팜,충주시 주식회사유니쎌팜,127.81527719953937,36.997474000789616,2026-6-0243,19950445017,주식회사유니쎌팜,식품제조가공업,충청북도 충주시,식품
조림류,106,2029-06-08,BIZ047,식품,C10500005,187,2026-06-09,충청북도,(주)장충동왕족발,청주시 서원구,"제조,가공",2026-6-0242,식품제조가공업,장충동왕족발,청주시 서원구 장충동왕족발,127.4314029002648,36.49281806421298,2026-6-0242,20080415085,(주)장충동왕족발,식품제조가공업,충청북도 청주시 서원구,식품
간편조리세트,106,2029-06-08,BIZ047,식품,C0322020400000,188,2026-06-09,충청북도,(주)장충동왕족발,청주시 서원구,"제조,가공",2026-6-0241,식품제조가공업,장충동왕족발,청주시 서원구 장충동왕족발,127.4314029002648,36.49281806421298,2026-6-0241,20080415085,(주)장충동왕족발,식품제조가공업,충청북도 청주시 서원구,식품
기타 식용유지가공품,106,2029-06-08,BIZ047,식품,C09900027,189,2026-06-09,대전광역시,(주)씨앤비에이치,유성구,"제조,가공",2026-6-0240,식품제조가공업,씨앤비에이치,유성구 씨앤비에이치,127.34723400008548,36.38263930124919,2026-6-0240,20210244160,(주)씨앤비에이치,식품제조가공업,대전광역시 유성구,식품
포장육,604,2029-06-05,BIZ047,축산물,78,190,2026-06-06,충청북도,주식회사 태강미트,청주시 청원구,"제조,가공",2026-6-0239,식육포장처리업,주식회사 태강미트,청주시 청원구 주식회사 태강미트,,,2026-6-0239,20250635114,주식회사 태강미트,식육포장처리업,충청북도 청주시 청원구,축산물
빵류,106,2029-06-05,BIZ047,식품,C09300004,191,2026-06-06,대전광역시,보아스제과상사,대덕구,"제조,가공",2026-6-0238,식품제조가공업,보아스제과상사,대덕구 보아스제과상사,127.41109429955918,36.35354271090101,2026-6-0238,20230329024,보아스제과상사,식품제조가공업,대전광역시 대덕구,식품
올리고당가공품,106,2029-06-04,BIZ047,식품,C09600005,192,2026-06-05,충청북도,주식회사 노바렉스,청주시 흥덕구,"제조,가공",2026-6-0237,식품제조가공업,주식회사 노바렉스,청주시 흥덕구 주식회사 노바렉스,127.30378989947428,36.62332820099853,2026-6-0237,20030415157,주식회사 노바렉스,식품제조가공업,충청북도 청주시 흥덕구,식품
효소식품,106,2029-06-04,BIZ047,식품,C10700009,193,2026-06-05,충청북도,주식회사 노바렉스,청주시 흥덕구,"제조,가공",2026-6-0236,식품제조가공업,주식회사 노바렉스,청주시 흥덕구 주식회사 노바렉스,127.30378989947428,36.62332820099853,2026-6-0236,20030415157,주식회사 노바렉스,식품제조가공업,충청북도 청주시 흥덕구,식품
복합조미식품,106,2029-06-03,BIZ047,식품,C10400006,195,2026-06-04,충청북도,(주)태진에프앤에스,음성군,"제조,가공",2026-6-0234,식품제조가공업,태진에프앤에스,음성군 태진에프앤에스,,,2026-6-0234,20010449014,(주)태진에프앤에스,식품제조가공업,충청북도 음성군,식품
소스,106,2029-06-03,BIZ047,식품,C10400003,196,2026-06-04,충청북도,(주)태진에프앤에스,음성군,"제조,가공",2026-6-0233,식품제조가공업,태진에프앤에스,음성군 태진에프앤에스,,,2026-6-0233,20010449014,(주)태진에프앤에스,식품제조가공업,충청남도 천안시 서북구,식품
알가열제품,613,2029-06-03,BIZ047,축산물,100,198,2026-06-04,충청북도,농업회사법인(주)에그프레쉬,진천군,"제조,가공",2026-6-0231,축산물가공업-알가공업,농업회사법인에그프레쉬,진천군 농업회사법인에그프레쉬,,,2026-6-0231,20260649009,농업회사법인(주)에그프레쉬,축산물가공업-알가공업,충청북도 진천군,축산물
식용란선별포장업,009,2029-06-03,BIZ048,축산물,901,199,2026-06-04,충청북도,농업회사법인(주) 에그프레쉬,진천군,"유통,판매,조리",2026-6-0230,식용란선별포장업,농업회사법인 에그프레쉬,진천군 농업회사법인 에그프레쉬,,,2026-6-0230,20260649008,농업회사법인(주) 에그프레쉬,식용란선별포장업,충청북도 진천군,축산물
즉석섭취식품(운반급식 포함),106,2029-06-03,BIZ047,식품,H03000002,200,2026-06-04,세종특별자치시,더큰도시락 세종,,"제조,가공",2026-6-0229,식품제조가공업,더큰도시락 세종,,128.55103810048135,35.93255540021562,2026-6-0229,20260369283,더큰도시락 세종,식품제조가공업,세종특별자치시,식품
빵류,106,2029-06-01,BIZ047,식품,C09300004,202,2026-06-02,충청남도,양송이 유,부여군,"제조,가공",2026-6-0227,식품제조가공업,양송이 유,부여군 양송이 유,126.9922916995719,36.244424497918686,2026-6-0227,20250714052,양송이 유,식품제조가공업,충청남도 부여군,식품
소주,402,2029-06-01,BIZ047,식품,C10600006,203,2026-06-02,충청남도,씨제이제일제당(주),논산시,"제조,가공",2026-6-0226,식품제조가공업(주류제조),씨제이제일제당,논산시 씨제이제일제당,127.11433499997824,36.137778800802224,2026-6-0226,20250028327,씨제이제일제당(주),식품제조가공업(주류),충청남도 논산시,식품
양념육,612,2029-05-31,BIZ047,축산물,86,204,2026-06-01,충청북도,주식회사 아진그룹,청주시 상당구,"제조,가공",2026-6-0225,축산물가공업-식육가공업,주식회사 아진그룹,청주시 상당구 주식회사 아진그룹,,,2026-6-0225,20260649007,주식회사 아진그룹,축산물가공업-식육가공업,충청북도 청주시 상당구,축산물
포장육,604,2029-05-31,BIZ047,축산물,78,205,2026-06-01,충청남도,직통미트 주식회사,계룡시,"제조,가공",2026-6-0224,식육포장처리업,직통미트 주식회사,계룡시 직통미트 주식회사,127.26965960036677,36.24838880057827,2026-6-0224,20210244434,직통미트 주식회사,식육포장처리업,충청남도 계룡시,축산물
포장육,604,2029-05-31,BIZ047,축산물,78,206,2026-06-01,충청북도,주식회사 아진그룹,청주시 상당구,"제조,가공",2026-6-0223,식육포장처리업,주식회사 아진그룹,청주시 상당구 주식회사 아진그룹,,,2026-6-0223,20260651035,주식회사 아진그룹,식육포장처리업,충청북도 청주시 상당구,축산물
벌꿀,106,2029-05-30,BIZ047,식품,C11200002,208,2026-05-31,충청북도,엔에이치 바이오,제천시,"제조,가공",2026-6-0221,식품제조가공업,엔에이치 바이오,제천시 엔에이치 바이오,128.16180080013035,37.15068650111799,2026-6-0221,20210444104,엔에이치 바이오,식품제조가공업,충청북도 제천시,식품
포장육,604,2029-05-28,BIZ047,축산물,78,209,2026-05-29,충청북도,맛있어서 어떡하누,음성군,"제조,가공",2026-6-0220,식육포장처리업,맛있어서 어떡하누,음성군 맛있어서 어떡하누,,,2026-6-0220,20260692113,맛있어서 어떡하누,식육포장처리업,충청북도 음성군,축산물
탄산수,106,2029-05-27,BIZ047,식품,C10100009,211,2026-05-28,충청북도,(주)동원에프앤비 설성공장,음성군,"제조,가공",2026-6-0218,식품제조가공업,동원에프앤비 설성공장,음성군 동원에프앤비 설성공장,,,2026-6-0218,20260692131,(주)동원에프앤비 설성공장,식품제조가공업,충청북도 음성군,식품
냉동식품 중 피자류,106,2029-05-27,BIZ047,식품,C12100001,212,2026-05-28,세종특별자치시,YJFOOD,,"제조,가공",2026-6-0217,식품제조가공업,YJFOOD,,128.55103810048135,35.93255540021562,2026-6-0217,20040257193,YJFOOD,식품제조가공업,세종특별자치시,식품
초콜릿가공품,106,2029-05-27,BIZ047,식품,C09500009,213,2026-05-28,충청북도,주식회사 달담에프앤비,음성군,"제조,가공",2026-6-0216,식품제조가공업,주식회사 달담에프앤비,음성군 주식회사 달담에프앤비,,,2026-6-0216,20260692105,주식회사 달담에프앤비,식품제조가공업,충청북도 음성군,식품
땅콩 또는 견과류가공품,106,2029-05-27,BIZ047,식품,C10700006,214,2026-05-28,충청북도,미림푸드,청주시 흥덕구,"제조,가공",2026-6-0215,식품제조가공업,미림푸드,청주시 흥덕구 미림푸드,127.45129950016714,36.63285590111998,2026-6-0215,20220578057,미림푸드,식품제조가공업,충청북도 청주시 흥덕구,식품
포장육,604,2029-05-27,BIZ047,축산물,78,215,2026-05-28,대전광역시,(주)마블러스푸드,중구,"제조,가공",2026-6-0214,식육포장처리업,마블러스푸드,중구 마블러스푸드,127.40495600007571,36.33115270056848,2026-6-0214,20260333162,(주)마블러스푸드,식육포장처리업,대전광역시 중구,축산물
떡류,106,2029-05-25,BIZ047,식품,C09300005,216,2026-05-26,대전광역시,주식회사 데미엄예푸드,대덕구,"제조,가공",2026-6-0213,식품제조가공업,주식회사 데미엄예푸드,대덕구 주식회사 데미엄예푸드,,,2026-6-0213,20250342129,주식회사 데미엄예푸드,식품제조가공업,대전광역시 대덕구,식품
과자,106,2029-05-21,BIZ047,식품,C09300001,217,2026-05-22,충청북도,듀레베이커리,청주시 흥덕구,"제조,가공",2026-6-0212,식품제조가공업,듀레베이커리,청주시 흥덕구 듀레베이커리,127.42340979998706,36.63501180126252,2026-6-0212,20260651021,듀레베이커리,식품제조가공업,충청북도 청주시 흥덕구,식품
빵류,106,2029-05-21,BIZ047,식품,C09300004,218,2026-05-22,충청북도,듀레베이커리,청주시 흥덕구,"제조,가공",2026-6-0211,식품제조가공업,듀레베이커리,청주시 흥덕구 듀레베이커리,127.42340979998706,36.63501180126252,2026-6-0211,20260651021,듀레베이커리,식품제조가공업,충청북도 청주시 흥덕구,식품
포장육,604,2029-05-21,BIZ047,축산물,78,219,2026-05-22,충청북도,우신푸드,청주시 흥덕구,"제조,가공",2026-6-0210,식육포장처리업,우신푸드,청주시 흥덕구 우신푸드,,,2026-6-0210,20160415038,우신푸드,식육포장처리업,충청북도 청주시 흥덕구,축산물
체중조절용 조제식품,106,2029-05-21,BIZ047,식품,C10200009,220,2026-05-22,충청북도,㈜삼양패키징광혜원공장,진천군,"제조,가공",2026-6-0209,식품제조가공업,㈜삼양패키징광혜원공장,진천군 ㈜삼양패키징광혜원공장,127.42165500028436,36.95056800297354,2026-6-0209,20070443110,(주)삼양패키징광혜원공장,식품제조가공업,충청북도 진천군,식품
즉석섭취식품(운반급식 포함),106,2029-05-21,BIZ047,식품,H03000002,221,2026-05-22,세종특별자치시,주식회사 이츠담,,"제조,가공",2026-6-0208,식품제조가공업,주식회사 이츠담,,128.55103810048135,35.93255540021562,2026-6-0208,20260369285,주식회사 이츠담,식품제조가공업,세종특별자치시,식품
향미유,106,2029-05-21,BIZ047,식품,C09900021,222,2026-05-22,충청북도,(주)후드원,진천군,"제조,가공",2026-6-0207,식품제조가공업,후드원,진천군 후드원,127.48619289965671,36.92774840070647,2026-6-0207,20030445128,(주)후드원,식품제조가공업,충청북도 진천군,식품
액상차,106,2029-05-20,BIZ047,식품,C10100002,223,2026-05-21,충청북도,농업회사법인 관주식품(주) 제2공장,단양군,"제조,가공",2026-6-0206,식품제조가공업,농업회사법인 관주식품 제2공장,단양군 농업회사법인 관주식품 제2공장,,,2026-6-0206,20260695017,농업회사법인 관주식품(주) 제2공장,식품제조가공업,충청북도 단양군,식품
혼합음료,106,2029-05-20,BIZ047,식품,C10100016,224,2026-05-21,충청북도,농업회사법인 관주식품(주) 제2공장,단양군,"제조,가공",2026-6-0205,식품제조가공업,농업회사법인 관주식품 제2공장,단양군 농업회사법인 관주식품 제2공장,,,2026-6-0205,20260695017,농업회사법인 관주식품(주) 제2공장,식품제조가공업,충청북도 단양군,식품
체중조절용 조제식품,106,2029-05-19,BIZ047,식품,C10200009,225,2026-05-20,세종특별자치시,주식회사 에이치이엠파마 세종공장,,"제조,가공",2026-6-0204,식품제조가공업,주식회사 에이치이엠파마 세종공장,,128.55103810048135,35.93255540021562,2026-6-0204,20260369155,주식회사 에이치이엠파마 세종공장,식품제조가공업,세종특별자치시,식품
곡류가공품,106,2029-05-19,BIZ047,식품,C10700011,226,2026-05-20,충청북도,(주)독일에프에스,진천군,"제조,가공",2026-6-0203,식품제조가공업,독일에프에스,진천군 독일에프에스,127.45443430045349,36.84976599570016,2026-6-0203,20130443116,(주)독일에프에스,식품제조가공업,충청북도 진천군,식품
곡류가공품,106,2029-05-19,BIZ047,식품,C10700011,227,2026-05-20,충청북도,(주)독일에프에스,진천군,"제조,가공",2026-6-0202,식품제조가공업,독일에프에스,진천군 독일에프에스,127.45443430045349,36.84976599570016,2026-6-0202,20260688005,(주)독일에프에스,식품제조가공업,충청북도 진천군,식품
커피,106,2029-05-19,BIZ047,식품,C10100004,228,2026-05-20,충청남도,주식회사크레오닉스,천안시 동남구,"제조,가공",2026-6-0201,식품제조가공업,주식회사크레오닉스,천안시 동남구 주식회사크레오닉스,,,2026-6-0201,20250684038,주식회사크레오닉스,식품제조가공업,충청남도 천안시 동남구,식품
서류가공품,106,2029-05-19,BIZ047,식품,C10700013,229,2026-05-20,충청북도,(주)이지푸드,청주시 청원구,"제조,가공",2026-6-0200,식품제조가공업,이지푸드,청주시 청원구 이지푸드,127.34978259958127,36.73141819267399,2026-6-0200,20200424144,(주)이지푸드,식품제조가공업,충청북도 청주시 청원구,식품
포장육,604,2029-05-18,BIZ047,축산물,78,230,2026-05-19,충청북도,주식회사 바른푸드,괴산군,"제조,가공",2026-6-0199,식육포장처리업,주식회사 바른푸드,괴산군 주식회사 바른푸드,,,2026-6-0199,20250674104,주식회사 바른푸드,식육포장처리업,충청북도 괴산군,축산물
과ㆍ채가공품,106,2029-05-18,BIZ047,식품,C10700010,232,2026-05-19,충청북도,주식회사 휴럼,청주시 흥덕구,"제조,가공",2026-6-0197,식품제조가공업,주식회사 휴럼,청주시 흥덕구 주식회사 휴럼,127.30427890018557,36.616988296481374,2026-6-0197,20080415099,주식회사 휴럼,식품제조가공업,충청북도 청주시 흥덕구,식품
식육추출가공품,612,2029-05-17,BIZ047,축산물,89,233,2026-05-18,대전광역시,백온당,중구,"제조,가공",2026-6-0196,축산물가공업-식육가공업,백온당,중구 백온당,,,2026-6-0196,20250324006,백온당,축산물가공업-식육가공업,대전광역시 중구,축산물
냉동식품 중 만두,106,2029-05-17,BIZ047,식품,C12000001,235,2026-05-18,충청북도,한푸드코리아,청주시 청원구,"제조,가공",2026-6-0194,식품제조가공업,한푸드코리아,청주시 청원구 한푸드코리아,,,2026-6-0194,20260651014,한푸드코리아,식품제조가공업,충청북도 청주시 청원구,식품
포장육,604,2029-05-17,BIZ047,축산물,78,236,2026-05-18,대전광역시,삼진식품,동구,"제조,가공",2026-6-0193,식육포장처리업,삼진식품,동구 삼진식품,127.44006759961168,36.34152063691919,2026-6-0193,20260330119,삼진식품,식육포장처리업,대전광역시 동구,축산물
혼합음료,106,2029-05-14,BIZ047,식품,C10100016,237,2026-05-15,충청남도,(주)대한홍삼진흥원,금산군,"제조,가공",2026-6-0192,식품제조가공업,대한홍삼진흥원,금산군 대한홍삼진흥원,127.46512150031496,36.133545501338624,2026-6-0192,20030467230,(주)대한홍삼진흥원,식품제조가공업,충청남도 금산군,식품
"프레스햄,소시지",612,2029-05-14,BIZ047,축산물,"82,80",239,2026-05-15,충청남도,(주)하이푸드텍3공장,금산군,"제조,가공",2026-6-0190,축산물가공업-식육가공업,하이푸드텍3공장,금산군 하이푸드텍3공장,,,2026-6-0190,20260697004,(주)하이푸드텍3공장,축산물가공업-식육가공업,충청남도 금산군,축산물
캔디류,106,2029-05-13,BIZ047,식품,C09300002,240,2026-05-14,충청남도,(주)쌤큐,아산시,"제조,가공",2026-6-0189,식품제조가공업,쌤큐,아산시 쌤큐,126.92935089951588,36.784662801531375,2026-6-0189,20210467708,(주)쌤큐,식품제조가공업,충청남도 아산시,식품
조림류,106,2029-05-13,BIZ047,식품,C10500005,241,2026-05-14,충청남도,농업회사법인 주식회사 한울,청양군,"제조,가공",2026-6-0188,식품제조가공업,농업회사법인 주식회사 한울,청양군 농업회사법인 주식회사 한울,126.75064799946728,36.47183620445819,2026-6-0188,19930472027,농업회사법인 주식회사 한울,식품제조가공업,충청남도 청양군,식품
혼합음료,106,2029-05-13,BIZ047,식품,C10100016,242,2026-05-14,충청북도,주식회사서랑,충주시,"제조,가공",2026-6-0187,식품제조가공업,주식회사서랑,충주시 주식회사서랑,127.81439602747088,37.017255321815824,2026-6-0187,20260674077,주식회사서랑,식품제조가공업,충청북도 충주시,식품
과자,106,2029-05-13,BIZ047,식품,C09300001,243,2026-05-14,충청북도,주식회사서랑,충주시,"제조,가공",2026-6-0186,식품제조가공업,주식회사서랑,충주시 주식회사서랑,127.81439602747088,37.017255321815824,2026-6-0186,20260674077,주식회사서랑,식품제조가공업,충청북도 충주시,식품
식육함유가공품,106,2029-05-13,BIZ047,식품,C10800001,244,2026-05-14,충청북도,주식회사 시즈너FS,괴산군,"제조,가공",2026-6-0185,식품제조가공업,주식회사 시즈너FS,괴산군 주식회사 시즈너FS,127.65500860016324,36.78058730120028,2026-6-0185,20010444002,주식회사 시즈너FS,식품제조가공업,충청북도 괴산군,식품
체중조절용 조제식품,106,2029-05-12,BIZ047,식품,C10200009,245,2026-05-13,충청남도,(주)한미에프쓰리,아산시,"제조,가공",2026-6-0184,식품제조가공업,한미에프쓰리,아산시 한미에프쓰리,127.0349899998292,36.89287551098968,2026-6-0184,19890461032,(주)한미에프쓰리,식품제조가공업,충청남도 아산시,식품
가공소금,106,2029-05-12,BIZ047,식품,C10400018,246,2026-05-13,충청남도,(주)한미에프쓰리,아산시,"제조,가공",2026-6-0183,식품제조가공업,한미에프쓰리,아산시 한미에프쓰리,127.0349899998292,36.89287551098968,2026-6-0183,19890461032,(주)한미에프쓰리,식품제조가공업,충청남도 아산시,식품
"아이스크림믹스,우유,유당분해우유,가공유,발효유,가당연유,치즈",611,2029-05-12,BIZ047,축산물,"C0318010100000,C0318020300000,C0318020400000,C0318040100000,C0318060300000,C0318090100000,C0302020100000",248,2026-05-13,충청남도,농업회사법인 숲이랑 유한회사,천안시 서북구,"제조,가공",2026-6-0181,축산물가공업-유가공업,농업회사법인 숲이랑 유한회사,천안시 서북구 농업회사법인 숲이랑 유한회사,,,2026-6-0181,20250681019,농업회사법인 숲이랑 유한회사,축산물가공업-유가공업,충청남도 천안시 서북구,축산물
포장육,604,2029-05-11,BIZ047,축산물,78,249,2026-05-12,충청남도,농업회사법인 주식회사아성푸드,서산시,"제조,가공",2026-6-0180,식육포장처리업,농업회사법인 주식회사아성푸드,서산시 농업회사법인 주식회사아성푸드,126.5057537004006,36.73399921027104,2026-6-0180,20250705631,농업회사법인 주식회사아성푸드,식육포장처리업,충청남도 서산시,축산물
떡류,106,2029-05-11,BIZ047,식품,C09300005,250,2026-05-12,충청북도,농업법인(주)좋은밭,충주시,"제조,가공",2026-6-0179,식품제조가공업,농업법인좋은밭,충주시 농업법인좋은밭,,,2026-6-0179,20250658984,농업법인(주)좋은밭,식품제조가공업,충청북도 충주시,식품
커피,106,2029-05-10,BIZ047,식품,C10100004,251,2026-05-11,충청북도,주식회사 티프렌,진천군,"제조,가공",2026-6-0178,식품제조가공업,주식회사 티프렌,진천군 주식회사 티프렌,,,2026-6-0178,20130443044,(주)티프렌,식품제조가공업,충청북도 진천군,식품
곡류가공품,106,2029-05-10,BIZ047,식품,C10700011,252,2026-05-11,충청북도,(주)에스와이솔루션 청주지사,청주시 흥덕구,"제조,가공",2026-6-0177,식품제조가공업,에스와이솔루션 청주지사,청주시 흥덕구 에스와이솔루션 청주지사,127.35429079980706,36.65668520106743,2026-6-0177,20240635006,(주)에스와이솔루션 청주지사,식품제조가공업,충청북도 청주시 흥덕구,식품
레토르트식품(소스),106,2029-05-07,BIZ047,식품,C00200001,254,2026-05-08,충청남도,농업회사법인 유한회사 오린,청양군,"제조,가공",2026-6-0175,식품제조가공업,농업회사법인 유한회사 오린,청양군 농업회사법인 유한회사 오린,126.79643480008082,36.42365960066616,2026-6-0175,20200476017,농업회사법인 유한회사 오린,식품제조가공업,충청남도 청양군,식품
식육추출가공품,612,2029-05-07,BIZ047,축산물,89,255,2026-05-08,충청북도,아원,청주시 청원구,"제조,가공",2026-6-0174,축산물가공업-식육가공업,아원,청주시 청원구 아원,127.4091232108766,36.712277783159735,2026-6-0174,20250633023,아원,축산물가공업-식육가공업,충청북도 청주시 청원구,축산물
리큐르,402,2029-05-07,BIZ047,식품,C10600010,256,2026-05-08,충청북도,(주)금강B&F,충주시,"제조,가공",2026-6-0173,식품제조가공업(주류제조),금강B&F,충주시 금강B&F,127.81225859658214,36.98714970061292,2026-6-0173,20260028006,(주)금강B&F,식품제조가공업(주류),충청북도 충주시,식품
일반증류주,402,2029-05-07,BIZ047,식품,C10600009,257,2026-05-08,충청북도,(주)금강B&F,충주시,"제조,가공",2026-6-0172,식품제조가공업(주류제조),금강B&F,충주시 금강B&F,127.81225859658214,36.98714970061292,2026-6-0172,20260028006,(주)금강B&F,식품제조가공업(주류),충청북도 충주시,식품
과자,106,2029-05-07,BIZ047,식품,C09300001,258,2026-05-08,충청남도,프리미엄베이킹컴퍼니,천안시 서북구,"제조,가공",2026-6-0171,식품제조가공업,프리미엄베이킹컴퍼니,천안시 서북구 프리미엄베이킹컴퍼니,,,2026-6-0171,20260699143,프리미엄베이킹컴퍼니,식품제조가공업,충청남도 천안시 서북구,식품
소스,106,2029-05-07,BIZ047,식품,C10400003,259,2026-05-08,대전광역시,농업회사법인다모아식품(주),동구,"제조,가공",2026-6-0170,식품제조가공업,농업회사법인다모아식품,동구 농업회사법인다모아식품,127.46273439996249,36.27117709460198,2026-6-0170,20020233914,농업회사법인다모아식품(주),식품제조가공업,대전광역시 동구,식품
땅콩 또는 견과류가공품,106,2029-05-05,BIZ047,식품,C10700006,260,2026-05-06,충청남도,(주)더기븐,당진시,"제조,가공",2026-6-0168,식품제조가공업,더기븐,당진시 더기븐,126.78295430030164,36.93899491947819,2026-6-0168,20230643432,(주)더기븐,식품제조가공업,충청남도 당진시,식품
곡류가공품,106,2029-05-05,BIZ047,식품,C10700011,261,2026-05-06,충청남도,(주)더기븐,당진시,"제조,가공",2026-6-0167,식품제조가공업,더기븐,당진시 더기븐,126.78295430030164,36.93899491947819,2026-6-0167,20230643432,(주)더기븐,식품제조가공업,충청남도 당진시,식품
땅콩버터,106,2029-05-05,BIZ047,식품,C10700005,262,2026-05-06,충청남도,(주)더기븐,당진시,"제조,가공",2026-6-0166,식품제조가공업,더기븐,당진시 더기븐,126.78295430030164,36.93899491947819,2026-6-0166,20230643432,(주)더기븐,식품제조가공업,충청남도 당진시,식품
캔디류,106,2029-05-05,BIZ047,식품,C09300002,263,2026-05-06,충청북도,(주)에그앤씨드 진천공장,진천군,"제조,가공",2026-6-0165,식품제조가공업,에그앤씨드 진천공장,진천군 에그앤씨드 진천공장,127.51954487430548,36.89238843876168,2026-6-0165,20130443061,(주)에그앤씨드 진천공장,식품제조가공업,충청북도 진천군,식품
포장육,604,2029-05-05,BIZ047,축산물,78,264,2026-05-06,충청남도,화천,천안시 서북구,"제조,가공",2026-6-0164,식육포장처리업,화천,천안시 서북구 화천,127.17783878362285,36.85032653952134,2026-6-0164,20140449059,화천,식육포장처리업,충청남도 천안시 서북구,축산물
기타가공품,106,2029-05-03,BIZ047,식품,C11400002,265,2026-05-04,충청북도,㈜다미푸드텍,음성군,"제조,가공",2026-6-0163,식품제조가공업,㈜다미푸드텍,음성군 ㈜다미푸드텍,127.47335789979292,36.997591010511215,2026-6-0163,20020445130,(주)다미푸드텍,식품제조가공업,충청북도 음성군,식품
즉석조리식품,106,2029-04-29,BIZ047,식품,C11300005,266,2026-04-30,충청북도,(주)동원에프앤비 진천2공장,진천군,"제조,가공",2026-6-0162,식품제조가공업,동원에프앤비 진천2공장,진천군 동원에프앤비 진천2공장,,,2026-6-0162,20250672411,(주)동원에프앤비 진천2공장,식품제조가공업,충청북도 진천군,식품
가공김(조미김 또는 구운김),106,2029-04-29,BIZ047,식품,C11000017,267,2026-04-30,충청북도,(주)하이톡,음성군,"제조,가공",2026-6-0161,식품제조가공업,하이톡,음성군 하이톡,,,2026-6-0161,20200452176,(주)하이톡,식품제조가공업,충청북도 음성군,식품
혼합음료,106,2029-04-28,BIZ047,식품,C10100016,268,2026-04-29,충청북도,(주)코리아바이오,음성군,"제조,가공",2026-6-0160,식품제조가공업,코리아바이오,음성군 코리아바이오,127.48861309968352,36.94247810117697,2026-6-0160,20220619137,(주)코리아바이오,식품제조가공업,충청북도 음성군,식품
기타발효음료,106,2029-04-28,BIZ047,식품,C10100014,269,2026-04-29,충청북도,(주)코리아바이오,음성군,"제조,가공",2026-6-0159,식품제조가공업,코리아바이오,음성군 코리아바이오,127.48861309968352,36.94247810117697,2026-6-0159,20220619137,(주)코리아바이오,식품제조가공업,충청북도 음성군,식품
액상차,106,2029-04-28,BIZ047,식품,C10100002,270,2026-04-29,충청북도,(주)코리아바이오,음성군,"제조,가공",2026-6-0158,식품제조가공업,코리아바이오,음성군 코리아바이오,127.48861309968352,36.94247810117697,2026-6-0158,20220619137,(주)코리아바이오,식품제조가공업,충청북도 음성군,식품
"가공유,발효유",611,2029-04-28,BIZ047,축산물,"C0318040100000,C0318020400000",272,2026-04-29,충청남도,한국산양협동조합,부여군,"제조,가공",2026-6-0156,축산물가공업-유가공업,한국산양협동조합,부여군 한국산양협동조합,,,2026-6-0156,20250681013,한국산양협동조합,축산물가공업-유가공업,충청남도 부여군,축산물
알가열제품,613,2029-04-28,BIZ047,축산물,100,273,2026-04-29,충청남도,아침 주식회사 보령,보령시,"제조,가공",2026-6-0155,축산물가공업-알가공업,아침 주식회사 보령,보령시 아침 주식회사 보령,,,2026-6-0155,20260697005,아침 주식회사 보령,축산물가공업-알가공업,충청남도 보령시,축산물
식품소분업(캔디류),405,2029-04-27,BIZ048,식품,H02200001,274,2026-04-28,충청북도,(주)퍼플아이앤씨,증평군,"유통,판매,조리",2026-6-0154,식품소분업,퍼플아이앤씨,증평군 퍼플아이앤씨,,,2026-6-0154,20260686015,(주)퍼플아이앤씨,식품소분업,충청북도 증평군,식품
향미유,106,2029-04-26,BIZ047,식품,C09900021,275,2026-04-27,충청남도,주식회사 SL푸드원 생태산업단지 3공장,서천군,"제조,가공",2026-6-0153,식품제조가공업,주식회사 SL푸드원 생태산업단지 3공장,서천군 주식회사 SL푸드원 생태산업단지 3공장,,,2026-6-0153,20240716010,주식회사 SL푸드원 생태산업단지 3공장,식품제조가공업,충청남도 서천군,식품
혼합음료,106,2029-04-23,BIZ047,식품,C10100016,276,2026-04-24,충청북도,농업회사법인 넉넉한사람들(주),제천시,"제조,가공",2026-6-0152,식품제조가공업,농업회사법인 넉넉한사람들,제천시 농업회사법인 넉넉한사람들,128.0267001003701,37.143250501189314,2026-6-0152,20170435483,농업회사법인 넉넉한사람들(주),식품제조가공업,충청북도 제천시,식품
캔디류,106,2029-04-23,BIZ047,식품,C09300002,277,2026-04-24,충청북도,농업회사법인 넉넉한사람들(주),제천시,"제조,가공",2026-6-0151,식품제조가공업,농업회사법인 넉넉한사람들,제천시 농업회사법인 넉넉한사람들,128.0267001003701,37.143250501189314,2026-6-0151,20170435483,농업회사법인 넉넉한사람들(주),식품제조가공업,충청북도 제천시,식품
인삼ㆍ홍삼음료,106,2029-04-23,BIZ047,식품,C10100015,278,2026-04-24,충청북도,농업회사법인 넉넉한사람들(주),제천시,"제조,가공",2026-6-0150,식품제조가공업,농업회사법인 넉넉한사람들,제천시 농업회사법인 넉넉한사람들,128.0267001003701,37.143250501189314,2026-6-0150,20170435483,농업회사법인 넉넉한사람들(주),식품제조가공업,충청북도 제천시,식품
음료베이스,106,2029-04-23,BIZ047,식품,C10100017,279,2026-04-24,충청북도,농업회사법인 넉넉한사람들(주),제천시,"제조,가공",2026-6-0149,식품제조가공업,농업회사법인 넉넉한사람들,제천시 농업회사법인 넉넉한사람들,128.0267001003701,37.143250501189314,2026-6-0149,20170435483,농업회사법인 넉넉한사람들(주),식품제조가공업,충청북도 제천시,식품
과자,106,2029-04-23,BIZ047,식품,C09300001,280,2026-04-24,충청남도,최선의 한과,부여군,"제조,가공",2026-6-0148,식품제조가공업,최선의 한과,부여군 최선의 한과,126.9786268996772,36.15919950397683,2026-6-0148,20250714229,최선의 한과,식품제조가공업,충청남도 부여군,식품
양념육,612,2029-04-22,BIZ047,축산물,86,281,2026-04-23,충청남도,(주)대감농수산,논산시,"제조,가공",2026-6-0147,축산물가공업-식육가공업,대감농수산,논산시 대감농수산,,,2026-6-0147,20250681020,(주)대감농수산,축산물가공업-식육가공업,충청남도 논산시,축산물
포장육,604,2029-04-22,BIZ047,축산물,78,282,2026-04-23,충청남도,(주)대감농수산,논산시,"제조,가공",2026-6-0146,식육포장처리업,대감농수산,논산시 대감농수산,,,2026-6-0146,20250707435,(주)대감농수산,식육포장처리업,충청남도 논산시,축산물
과ㆍ채가공품,106,2029-04-21,BIZ047,식품,C10700010,284,2026-04-22,충청남도,농업회사법인 포에버(주),아산시,"제조,가공",2026-6-0144,식품제조가공업,농업회사법인 포에버,아산시 농업회사법인 포에버,126.96581650035807,36.74742014557457,2026-6-0144,20130461399,농업회사법인 포에버(주),식품제조가공업,충청남도 아산시,식품
조림류,106,2029-04-21,BIZ047,식품,C10500005,285,2026-04-22,충청남도,농업회사법인 포에버(주),아산시,"제조,가공",2026-6-0143,식품제조가공업,농업회사법인 포에버,아산시 농업회사법인 포에버,126.96581650035807,36.74742014557457,2026-6-0143,20130461399,농업회사법인 포에버(주),식품제조가공업,충청남도 아산시,식품
과ㆍ채가공품,106,2029-04-16,BIZ047,식품,C10700010,288,2026-04-17,충청남도,주식회사소울네이처푸드,천안시 동남구,"제조,가공",2026-6-0140,식품제조가공업,주식회사소울네이처푸드,천안시 동남구 주식회사소울네이처푸드,127.2305325000836,36.73748829853835,2026-6-0140,20130368349,주식회사소울네이처푸드,식품제조가공업,충청남도 천안시 동남구,식품
기타 농산가공품,106,2029-04-15,BIZ047,식품,C10700014,289,2026-04-16,대전광역시,노아외식산업 주식회사,서구,"제조,가공",2026-6-0139,식품제조가공업,노아외식산업 주식회사,서구 노아외식산업 주식회사,127.36268370048992,36.30598830132364,2026-6-0139,20160237183,노아외식산업 주식회사,식품제조가공업,대전광역시 서구,식품
들기름,106,2029-04-15,BIZ047,식품,C09900007,290,2026-04-16,대전광역시,노아외식산업 주식회사,서구,"제조,가공",2026-6-0138,식품제조가공업,노아외식산업 주식회사,서구 노아외식산업 주식회사,127.36268370048992,36.30598830132364,2026-6-0138,20160237183,노아외식산업 주식회사,식품제조가공업,대전광역시 서구,식품
참기름,106,2029-04-15,BIZ047,식품,C09900005,291,2026-04-16,대전광역시,노아외식산업 주식회사,서구,"제조,가공",2026-6-0137,식품제조가공업,노아외식산업 주식회사,서구 노아외식산업 주식회사,127.36268370048992,36.30598830132364,2026-6-0137,20160237183,노아외식산업 주식회사,식품제조가공업,대전광역시 서구,식품
포장육,604,2029-04-15,BIZ047,축산물,78,292,2026-04-16,충청북도,(주)몬스터지에프앤,음성군,"제조,가공",2026-6-0136,식육포장처리업,몬스터지에프앤,음성군 몬스터지에프앤,,,2026-6-0136,20260692015,(주)몬스터지에프앤,식육포장처리업,충청북도 음성군,축산물
식육추출가공품,612,2029-04-14,BIZ047,축산물,89,293,2026-04-15,충청남도,(주)한국인삼내츄럴,금산군,"제조,가공",2026-6-0135,축산물가공업-식육가공업,한국인삼내츄럴,금산군 한국인삼내츄럴,127.44176519998754,36.16127249053505,2026-6-0135,20260697003,(주)한국인삼내츄럴,축산물가공업-식육가공업,충청남도 금산군,축산물
올리브유,106,2029-04-14,BIZ047,식품,C09900013,295,2026-04-15,충청북도,(주)서흥,청주시 흥덕구,"제조,가공",2026-6-0133,식품제조가공업,서흥,청주시 흥덕구 서흥,127.31786130019624,36.63702464112173,2026-6-0133,19930415013,(주)서흥,식품제조가공업,충청북도 청주시 흥덕구,식품
기타가공품,106,2029-04-13,BIZ047,식품,C11400002,297,2026-04-14,충청남도,경남제약(주),아산시,"제조,가공",2026-6-0131,식품제조가공업,경남제약,아산시 경남제약,126.92953430052977,36.78334355077026,2026-6-0131,20200467543,경남제약(주),식품제조가공업,충청남도 아산시,식품
알가열제품,613,2029-04-13,BIZ047,축산물,100,298,2026-04-14,충청남도,농업회사법인 주식회사 명계,아산시,"제조,가공",2026-6-0130,축산물가공업-알가공업,농업회사법인 주식회사 명계,아산시 농업회사법인 주식회사 명계,126.99457150026976,36.91331019828096,2026-6-0130,20260697002,농업회사법인 주식회사 명계,축산물가공업-알가공업,충청남도 아산시,축산물
올리브유,106,2029-04-12,BIZ047,식품,C09900013,299,2026-04-13,충청북도,(주)서흥헬스케어,청주시 청원구,"제조,가공",2026-6-0129,식품제조가공업,서흥헬스케어,청주시 청원구 서흥헬스케어,127.43658559955826,36.71824170111292,2026-6-0129,20130415052,(주)서흥헬스케어,식품제조가공업,충청북도 청주시 청원구,식품
과ㆍ채가공품,106,2029-04-12,BIZ047,식품,C10700010,300,2026-04-13,충청남도,농업회사법인 주식회사 정담 1공장,서산시,"제조,가공",2026-6-0128,식품제조가공업,농업회사법인 주식회사 정담 1공장,서산시 농업회사법인 주식회사 정담 1공장,,,2026-6-0128,20260721036,농업회사법인 주식회사 정담 1공장,식품제조가공업,충청남도 서산시,식품
식용란수집판매업,635,2029-04-09,BIZ048,축산물,581,301,2026-04-10,충청남도,영일계란,천안시 동남구,"유통,판매,조리",2026-6-0127,축산물판매업-식용란수집판매업,영일계란,천안시 동남구 영일계란,127.14955170760804,36.8097562740306,2026-6-0127,20160450623,영일계란,축산물판매업-식용란수집판매업,충청남도 천안시 동남구,축산물
땅콩버터,106,2029-04-09,BIZ047,식품,C10700005,302,2026-04-10,충청북도,(주)지웰,보은군,"제조,가공",2026-6-0126,식품제조가공업,지웰,보은군 지웰,127.73323769997631,36.42799700046648,2026-6-0126,20170439048,(주)지웰,식품제조가공업,충청북도 보은군,식품
포장육,604,2029-04-09,BIZ047,축산물,78,303,2026-04-10,충청북도,은빛푸드 농업회사법인 주식회사,청주시 청원구,"제조,가공",2026-6-0125,식육포장처리업,은빛푸드 농업회사법인 주식회사,청주시 청원구 은빛푸드 농업회사법인 주식회사,,,2026-6-0125,20250635098,은빛푸드 농업회사법인 주식회사,식육포장처리업,충청북도 청주시 청원구,축산물
양념육,612,2029-04-09,BIZ047,축산물,86,304,2026-04-10,충청북도,조방식품(주)농업회사법인,청주시 흥덕구,"제조,가공",2026-6-0124,축산물가공업-식육가공업,조방식품농업회사법인,청주시 흥덕구 조방식품농업회사법인,,,2026-6-0124,20260649001,조방식품(주)농업회사법인,축산물가공업-식육가공업,충청북도 청주시 흥덕구,축산물
식용란수집판매업,635,2029-04-08,BIZ048,축산물,581,305,2026-04-09,충청북도,에그모아,음성군,"유통,판매,조리",2026-6-0123,축산물판매업-식용란수집판매업,에그모아,음성군 에그모아,127.4960423995346,37.01810870120338,2026-6-0123,20230627319,에그모아,축산물판매업-식용란수집판매업,충청북도 음성군,축산물
캔디류,106,2029-04-08,BIZ047,식품,C09300002,306,2026-04-09,충청북도,도경에프에스,청주시 서원구,"제조,가공",2026-6-0122,식품제조가공업,도경에프에스,청주시 서원구 도경에프에스,,,2026-6-0122,20250635121,도경에프에스,식품제조가공업,충청북도 청주시 서원구,식품
고형차,106,2029-04-08,BIZ047,식품,C10100003,307,2026-04-09,충청남도,대동고려삼(주),금산군,"제조,가공",2026-6-0121,식품제조가공업,대동고려삼,금산군 대동고려삼,127.5297003574123,36.15661448465429,2026-6-0121,20030467108,대동고려삼(주),식품제조가공업,충청남도 금산군,식품
기타 농산가공품,106,2029-04-08,BIZ047,식품,C10700014,308,2026-04-09,충청남도,대동고려삼(주),금산군,"제조,가공",2026-6-0120,식품제조가공업,대동고려삼,금산군 대동고려삼,127.5297003574123,36.15661448465429,2026-6-0120,20030467108,대동고려삼(주),식품제조가공업,충청남도 금산군,식품
추출가공식품,106,2029-04-08,BIZ047,식품,C11100007,309,2026-04-09,충청남도,대동고려삼(주),금산군,"제조,가공",2026-6-0119,식품제조가공업,대동고려삼,금산군 대동고려삼,127.5297003574123,36.15661448465429,2026-6-0119,20030467108,대동고려삼(주),식품제조가공업,충청남도 금산군,식품
당류가공품,106,2029-04-08,BIZ047,식품,C09600012,310,2026-04-09,충청남도,대동고려삼(주),금산군,"제조,가공",2026-6-0118,식품제조가공업,대동고려삼,금산군 대동고려삼,127.5297003574123,36.15661448465429,2026-6-0118,20030467108,대동고려삼(주),식품제조가공업,충청남도 금산군,식품
가공소금,106,2029-04-06,BIZ047,식품,C10400018,311,2026-04-07,충청북도,광동헬스바이오(주) 2공장,청주시 청원구,"제조,가공",2026-6-0117,식품제조가공업,광동헬스바이오 2공장,청주시 청원구 광동헬스바이오 2공장,127.44085849986884,36.71449720069189,2026-6-0117,20190424102,광동헬스바이오(주) 2공장,식품제조가공업,충청북도 청주시 청원구,식품
식육함유가공품,106,2029-04-05,BIZ047,식품,C10800001,314,2026-04-06,충청북도,씨제이푸드빌주식회사,음성군,"제조,가공",2026-6-0114,식품제조가공업,씨제이푸드빌주식회사,음성군 씨제이푸드빌주식회사,127.4586827259602,36.98164108407559,2026-6-0114,19970445144,씨제이푸드빌주식회사,식품제조가공업,충청북도 음성군,식품
가공김(조미김 또는 구운김),106,2029-04-02,BIZ047,식품,C11000017,315,2026-04-03,충청남도,섬김푸드,서천군,"제조,가공",2026-6-0113,식품제조가공업,섬김푸드,서천군 섬김푸드,126.55895430019837,36.160534496929685,2026-6-0113,20180475215,섬김푸드,식품제조가공업,충청남도 서천군,식품
액상차,106,2029-03-31,BIZ047,식품,C10100002,318,2026-04-01,충청남도,한국맥널티주식회사,천안시 서북구,"제조,가공",2026-6-0106,식품제조가공업,한국맥널티주식회사,천안시 서북구 한국맥널티주식회사,127.0997160001162,36.89935420073986,2026-6-0106,20090449018,한국맥널티주식회사,식품제조가공업,충청남도 천안시 서북구,식품
신선편의식품,106,2029-03-30,BIZ047,식품,C11300004,320,2026-03-31,충청북도,농업회사법인 주식회사 올팜푸드,증평군,"제조,가공",2026-6-0104,식품제조가공업,농업회사법인 주식회사 올팜푸드,증평군 농업회사법인 주식회사 올팜푸드,,,2026-6-0104,20260686014,농업회사법인 주식회사 올팜푸드,식품제조가공업,충청북도 증평군,식품
레토르트식품(즉석조리식품),106,2029-03-30,BIZ047,식품,C00200001,321,2026-03-31,충청남도,어업회사법인 대보 주식회사,보령시,"제조,가공",2026-6-0103,식품제조가공업,어업회사법인 대보 주식회사,보령시 어업회사법인 대보 주식회사,126.57377860045824,36.240309701078274,2026-6-0103,20230648302,어업회사법인 대보 주식회사,식품제조가공업,충청남도 보령시,식품
양념육,612,2029-03-29,BIZ047,축산물,86,322,2026-03-30,충청북도,주식회사 몬스터지에프앤,음성군,"제조,가공",2026-6-0102,축산물가공업-식육가공업,주식회사 몬스터지에프앤,음성군 주식회사 몬스터지에프앤,,,2026-6-0102,20260649006,주식회사 몬스터지에프앤,축산물가공업-식육가공업,충청북도 음성군,축산물
포장육,604,2029-03-29,BIZ047,축산물,78,323,2026-03-30,충청북도,청주미트,청주시 청원구,"제조,가공",2026-6-0101,식육포장처리업,청주미트,청주시 청원구 청주미트,127.52814129985514,36.691564200950594,2026-6-0101,20230586022,청주미트,식육포장처리업,충청북도 청주시 청원구,축산물
고형차,106,2029-03-23,BIZ047,식품,C10100003,325,2026-03-24,충청북도,(주)세움바이오텍,음성군,"제조,가공",2026-6-0099,식품제조가공업,세움바이오텍,음성군 세움바이오텍,127.54777780069551,36.975436800494734,2026-6-0099,20020445181,(주)세움바이오텍,식품제조가공업,충청북도 음성군,식품
떡류,106,2029-03-23,BIZ047,식품,C09300005,326,2026-03-24,대전광역시,주식회사 창억대전점,유성구,"제조,가공",2026-6-0098,식품제조가공업,주식회사 창억대전점,유성구 주식회사 창억대전점,,,2026-6-0098,20260342037,주식회사 창억대전점,식품제조가공업,대전광역시 유성구,식품
향미유,106,2029-03-22,BIZ047,식품,C09900021,327,2026-03-23,충청북도,주식회사청정식품(제2공장),충주시,"제조,가공",2026-6-0097,식품제조가공업,주식회사청정식품,충주시 주식회사청정식품,127.92062530059326,37.00236979779141,2026-6-0097,20250658177,주식회사청정식품(제2공장),식품제조가공업,충청북도 충주시,식품
참기름,106,2029-03-22,BIZ047,식품,C09900005,328,2026-03-23,충청북도,주식회사청정식품(제2공장),충주시,"제조,가공",2026-6-0096,식품제조가공업,주식회사청정식품,충주시 주식회사청정식품,127.92062530059326,37.00236979779141,2026-6-0096,20250658177,주식회사청정식품(제2공장),식품제조가공업,충청북도 충주시,식품
두부,106,2029-03-22,BIZ047,식품,C09800001,329,2026-03-23,충청북도,영농조합법인 흰여울,청주시 흥덕구,"제조,가공",2026-6-0095,식품제조가공업,영농조합법인 흰여울,청주시 흥덕구 영농조합법인 흰여울,127.37115410002468,36.645231800543286,2026-6-0095,20240635062,영농조합법인 흰여울,식품제조가공업,충청북도 청주시 흥덕구,식품
기타가공품,106,2029-03-19,BIZ047,식품,C11400002,330,2026-03-20,충청남도,주식회사후레쉬서브천안공장,천안시 동남구,"제조,가공",2026-6-0094,식품제조가공업,주식회사후레쉬서브천안공장,천안시 동남구 주식회사후레쉬서브천안공장,127.29099329966736,36.722862400810016,2026-6-0094,20120449005,주식회사후레쉬서브천안공장,식품제조가공업,충청남도 천안시 동남구,식품
냉동식품 중 면류(숙면),106,2029-03-19,BIZ047,식품,C12200001,331,2026-03-20,충청북도,농업회사법인주식회사묵수남,청주시 청원구,"제조,가공",2026-6-0093,식품제조가공업,농업회사법인주식회사묵수남,청주시 청원구 농업회사법인주식회사묵수남,127.54526800014632,36.7007758007575,2026-6-0093,20250635073,농업회사법인주식회사묵수남,식품제조가공업,충청북도 청주시 청원구,식품
올리브유,106,2029-03-19,BIZ047,식품,C09900013,332,2026-03-20,충청북도,주식회사 노바렉스,청주시 흥덕구,"제조,가공",2026-6-0092,식품제조가공업,주식회사 노바렉스,청주시 흥덕구 주식회사 노바렉스,127.30378989947428,36.62332820099853,2026-6-0092,20030415157,주식회사 노바렉스,식품제조가공업,충청북도 청주시 흥덕구,식품
서류가공품,106,2029-03-19,BIZ047,식품,C10700013,333,2026-03-20,충청북도,흙사랑 제3지점,괴산군,"제조,가공",2026-6-0091,식품제조가공업,흙사랑 제3지점,괴산군 흙사랑 제3지점,127.8171693958388,36.81862460326679,2026-6-0091,20240674178,흙사랑 제3지점,식품제조가공업,충청북도 괴산군,식품
즉석조리식품,106,2029-03-19,BIZ047,식품,C11300005,334,2026-03-20,충청북도,레지나식품농업회사법인주식회사,충주시,"제조,가공",2026-6-0090,식품제조가공업,레지나식품농업회사법인주식회사,충주시 레지나식품농업회사법인주식회사,,,2026-6-0090,20240658387,레지나식품농업회사법인주식회사,식품제조가공업,충청북도 충주시,식품
포장육,604,2029-03-17,BIZ047,축산물,78,335,2026-03-18,대전광역시,대전식품 앤 순대 농업회사법인 주식회사,대덕구,"제조,가공",2026-6-0089,식육포장처리업,대전식품 앤 순대 농업회사법인 주식회사,대덕구 대전식품 앤 순대 농업회사법인 주식회사,127.41650899991748,36.35130370017868,2026-6-0089,20200246043,대전식품 앤 순대 농업회사법인 주식회사,식육포장처리업,대전광역시 대덕구,축산물
들기름,106,2029-03-15,BIZ047,식품,C09900007,336,2026-03-16,충청북도,괴산군조합공동사업법인,괴산군,"제조,가공",2026-6-0088,식품제조가공업,괴산군조합공동사업법인,괴산군 괴산군조합공동사업법인,127.76254940314033,36.77452928457097,2026-6-0088,19950444056,괴산군조합공동사업법인,식품제조가공업,충청북도 괴산군,식품
참기름,106,2029-03-15,BIZ047,식품,C09900005,337,2026-03-16,충청북도,괴산군조합공동사업법인,괴산군,"제조,가공",2026-6-0087,식품제조가공업,괴산군조합공동사업법인,괴산군 괴산군조합공동사업법인,127.76254940314033,36.77452928457097,2026-6-0087,19950444056,괴산군조합공동사업법인,식품제조가공업,충청북도 괴산군,식품
즉석조리식품,106,2029-03-12,BIZ047,식품,C11300005,338,2026-03-13,충청남도,(주)파인냉동,아산시,"제조,가공",2026-6-0086,식품제조가공업,파인냉동,아산시 파인냉동,,,2026-6-0086,20260718170,(주)파인냉동,식품제조가공업,충청남도 아산시,식품
즉석섭취식품,106,2029-03-11,BIZ047,식품,C11300003,339,2026-03-12,충청남도,매일유업(주)아산공장,아산시,"제조,가공",2026-6-0085,식품제조가공업,매일유업아산공장,아산시 매일유업아산공장,126.95219639965336,36.868912788844206,2026-6-0085,20060461020,매일유업(주)아산공장,식품제조가공업,충청남도 아산시,식품
빵류,106,2029-03-11,BIZ047,식품,C09300004,340,2026-03-12,충청북도,주식회사 사계절푸드,옥천군,"제조,가공",2026-6-0084,식품제조가공업,주식회사 사계절푸드,옥천군 주식회사 사계절푸드,,,2026-6-0084,20250666166,주식회사 사계절푸드,식품제조가공업,충청북도 옥천군,식품
식품소분업(곡류가공품),405,2029-03-11,BIZ048,식품,H02200001,341,2026-03-12,충청남도,주식회사 어반파머,논산시,"유통,판매,조리",2026-6-0082,식품소분업,주식회사 어반파머,논산시 주식회사 어반파머,127.15898750005258,36.13315710318977,2026-6-0082,20250707111,주식회사 어반파머,식품소분업,충청남도 논산시,식품
포장육,604,2029-03-10,BIZ047,축산물,78,342,2026-03-11,충청북도,황소축산식품,음성군,"제조,가공",2026-6-0081,식육포장처리업,황소축산식품,음성군 황소축산식품,127.448804800295,36.98960680125201,2026-6-0081,20220619579,황소축산식품,식육포장처리업,충청북도 음성군,축산물
양념육,612,2029-03-10,BIZ047,축산물,86,343,2026-03-11,충청북도,(유)황소축산식품,음성군,"제조,가공",2026-6-0080,축산물가공업-식육가공업,황소축산식품,음성군 황소축산식품,127.448804800295,36.98960680125201,2026-6-0080,20220576020,(유)황소축산식품,축산물가공업-식육가공업,충청북도 음성군,축산물
즉석조리식품(순대),106,2029-03-09,BIZ047,식품,C12500001,344,2026-03-10,세종특별자치시,(주)동방에프앤비,,"제조,가공",2026-6-0079,식품제조가공업,동방에프앤비,,128.55103810048135,35.93255540021562,2026-6-0079,20250366152,(주)동방에프앤비,식품제조가공업,세종특별자치시,식품
"양념육,식육추출가공품",612,2029-03-09,BIZ047,축산물,"86,89",345,2026-03-10,세종특별자치시,(주)동방에프앤비,,"제조,가공",2026-6-0078,축산물가공업-식육가공업,동방에프앤비,,128.55103810048135,35.93255540021562,2026-6-0078,20250366170,(주)동방에프앤비,축산물가공업-식육가공업,세종특별자치시,축산물
기타 농산가공품,106,2029-03-05,BIZ047,식품,C10700014,346,2026-03-06,충청남도,에이치엠오건강드림영농조합법인,태안군,"제조,가공",2026-6-0077,식품제조가공업,에이치엠오건강드림영농조합법인,태안군 에이치엠오건강드림영농조합법인,126.28484860048884,36.72563804492386,2026-6-0077,20180479049,에이치엠오건강드림영농조합법인,식품제조가공업,충청남도 태안군,식품
포장육,604,2029-03-05,BIZ047,축산물,78,347,2026-03-06,대전광역시,(주)장맥,유성구,"제조,가공",2026-6-0076,식육포장처리업,장맥,유성구 장맥,127.38617529966662,36.43778900104523,2026-6-0076,20240339790,(주)장맥,식육포장처리업,대전광역시 유성구,축산물
일반증류주,402,2029-03-04,BIZ047,식품,C10600009,348,2026-03-05,대전광역시,(주)선양소주,서구,"제조,가공",2026-6-0075,식품제조가공업(주류제조),선양소주,서구 선양소주,127.30997330031909,36.22539549813705,2026-6-0075,20130020034,㈜선양소주,식품제조가공업(주류),대전광역시 서구,식품
리큐르,402,2029-03-04,BIZ047,식품,C10600010,349,2026-03-05,대전광역시,(주)선양소주,서구,"제조,가공",2026-6-0074,식품제조가공업(주류제조),선양소주,서구 선양소주,127.30997330031909,36.22539549813705,2026-6-0074,20130020034,㈜선양소주,식품제조가공업(주류),대전광역시 서구,식품
당류가공품,106,2029-02-25,BIZ047,식품,C09600012,351,2026-02-26,충청남도,주식회사 예산농산,예산군,"제조,가공",2026-6-0072,식품제조가공업,주식회사 예산농산,예산군 주식회사 예산농산,126.75025289946652,36.677251200661054,2026-6-0072,19940474147,주식회사 예산농산,식품제조가공업,충청남도 예산군,식품
소스,106,2029-02-24,BIZ047,식품,C10400003,352,2026-02-25,충청남도,올담식품,아산시,"제조,가공",2026-6-0071,식품제조가공업,올담식품,아산시 올담식품,127.08587509970448,36.87381870077644,2026-6-0071,20200467503,올담식품,식품제조가공업,충청남도 아산시,식품
액상차,106,2029-02-23,BIZ047,식품,C10100002,353,2026-02-24,충청북도,보은군산림조합보은대추복합유통센터,보은군,"제조,가공",2026-6-0070,식품제조가공업,보은군산림조합보은대추복합유통센터,보은군 보은군산림조합보은대추복합유통센터,127.70728710053612,36.482422000970296,2026-6-0070,20200446096,보은군산림조합보은대추복합유통센터,식품제조가공업,충청북도 보은군,식품
포장육,604,2029-02-23,BIZ047,축산물,78,354,2026-02-24,대전광역시,한스푸드,서구,"제조,가공",2026-6-0069,식육포장처리업,한스푸드,서구 한스푸드,127.34453570035384,36.296358201014,2026-6-0069,20170233225,한스푸드,식육포장처리업,대전광역시 중구,축산물
"식품소분업(음료베이스, 커피, 고형차, 기타 코코아가공품)",405,2029-02-19,BIZ048,식품,H02200001,355,2026-02-20,충청남도,주식회사크레오닉스,천안시 동남구,"유통,판매,조리",2026-6-0065,식품소분업,주식회사크레오닉스,천안시 동남구 주식회사크레오닉스,,,2026-6-0065,20260699036,주식회사크레오닉스,식품소분업,충청남도 천안시 동남구,식품
기타 코코아가공품,106,2029-02-19,BIZ047,식품,C09500004,356,2026-02-20,충청남도,주식회사소울네이처푸드,천안시 동남구,"제조,가공",2026-6-0064,식품제조가공업,주식회사소울네이처푸드,천안시 동남구 주식회사소울네이처푸드,127.2305325000836,36.73748829853835,2026-6-0064,20130368349,주식회사소울네이처푸드,식품제조가공업,충청남도 천안시 동남구,식품
과자,106,2029-02-19,BIZ047,식품,C09300001,357,2026-02-20,충청남도,주식회사 오늘도,계룡시,"제조,가공",2026-6-0063,식품제조가공업,주식회사 오늘도,계룡시 주식회사 오늘도,,,2026-6-0063,20250710261,주식회사 오늘도,식품제조가공업,충청남도 계룡시,식품
천연향신료,106,2029-02-18,BIZ047,식품,C10400011,358,2026-02-19,충청북도,농업회사법인(주)거북,음성군,"제조,가공",2026-6-0062,식품제조가공업,농업회사법인거북,음성군 농업회사법인거북,127.55919330414544,36.951440852626334,2026-6-0062,20210452023,농업회사법인(주)거북,식품제조가공업,충청북도 음성군,식품
과ㆍ채음료,106,2029-02-18,BIZ047,식품,C10100007,359,2026-02-19,충청북도,농업법인(주)옻가네,제천시,"제조,가공",2026-6-0061,식품제조가공업,농업법인옻가네,제천시 농업법인옻가네,128.1670519016682,37.15345850401586,2026-6-0061,20070435069,농업법인(주)옻가네,식품제조가공업,충청북도 제천시,식품
"우유,농후발효유",611,2029-02-12,BIZ047,축산물,"C0318040200000,C0318010100000",360,2026-02-13,충청북도,학바위목장,청주시 청원구,"제조,가공",2026-6-0059,축산물가공업-유가공업,학바위목장,청주시 청원구 학바위목장,,,2026-6-0059,20250633018,학바위목장,축산물가공업-유가공업,충청북도 청주시 청원구,축산물
과ㆍ채가공품,106,2029-02-12,BIZ047,식품,C10700010,361,2026-02-13,충청남도,예산농협 쪽파동결건조장,예산군,"제조,가공",2026-6-0058,식품제조가공업,예산농협 쪽파동결건조장,예산군 예산농협 쪽파동결건조장,,,2026-6-0058,20250722327,예산농협 쪽파동결건조장,식품제조가공업,충청남도 예산군,식품
과ㆍ채음료,106,2029-02-12,BIZ047,식품,C10100007,362,2026-02-13,충청북도,엔에이치 바이오,제천시,"제조,가공",2026-6-0057,식품제조가공업,엔에이치 바이오,제천시 엔에이치 바이오,128.16180080013035,37.15068650111799,2026-6-0057,20210444104,엔에이치 바이오,식품제조가공업,충청북도 제천시,식품
간편조리세트,106,2029-02-12,BIZ047,식품,C0322020400000,363,2026-02-13,대전광역시,(주)아람,서구,"제조,가공",2026-6-0056,식품제조가공업,아람,서구 아람,126.87984644059374,35.15082802515188,2026-6-0056,20090242118,(주)아람,식품제조가공업,대전광역시 대덕구,식품
즉석조리식품,106,2029-02-11,BIZ047,식품,C11300005,365,2026-02-12,충청북도,(주)비에이치앤바이오,진천군,"제조,가공",2026-6-0054,식품제조가공업,비에이치앤바이오,진천군 비에이치앤바이오,127.4836037001788,36.92704500049899,2026-6-0054,20170443388,(주)비에이치앤바이오,식품제조가공업,충청북도 진천군,식품
커피,106,2029-02-10,BIZ047,식품,C10100004,366,2026-02-11,충청남도,후레쉬 푸드,보령시,"제조,가공",2026-6-0053,식품제조가공업,후레쉬 푸드,보령시 후레쉬 푸드,126.59590449979824,36.359396699117326,2026-6-0053,20250699378,후레쉬 푸드,식품제조가공업,충청남도 보령시,식품
기타가공품,106,2029-02-09,BIZ047,식품,C11400002,367,2026-02-10,충청남도,햇살영농조합법인,청양군,"제조,가공",2026-6-0052,식품제조가공업,햇살영농조합법인,청양군 햇살영농조합법인,126.8238691996938,36.44878849657431,2026-6-0052,20240718103,햇살영농조합법인,식품제조가공업,충청남도 청양군,식품
고춧가루,106,2029-02-09,BIZ047,식품,C10400009,368,2026-02-10,충청남도,햇살영농조합법인,청양군,"제조,가공",2026-6-0051,식품제조가공업,햇살영농조합법인,청양군 햇살영농조합법인,126.8238691996938,36.44878849657431,2026-6-0051,20240718103,햇살영농조합법인,식품제조가공업,충청남도 청양군,식품
기타 농산가공품,106,2029-02-09,BIZ047,식품,C10700014,369,2026-02-10,충청남도,대원헬스케어주식회사2공장,예산군,"제조,가공",2026-6-0050,식품제조가공업,대원헬스케어주식회사2공장,예산군 대원헬스케어주식회사2공장,126.759944600087,36.6726744011815,2026-6-0050,20170474063,대원헬스케어주식회사2공장,식품제조가공업,충청남도 예산군,식품
소스,106,2029-02-09,BIZ047,식품,C10400003,370,2026-02-10,충청남도,대원헬스케어주식회사2공장,예산군,"제조,가공",2026-6-0049,식품제조가공업,대원헬스케어주식회사2공장,예산군 대원헬스케어주식회사2공장,126.759944600087,36.6726744011815,2026-6-0049,20170474063,대원헬스케어주식회사2공장,식품제조가공업,충청남도 예산군,식품
발효식초,106,2029-02-09,BIZ047,식품,C10400001,371,2026-02-10,충청남도,대원헬스케어주식회사2공장,예산군,"제조,가공",2026-6-0048,식품제조가공업,대원헬스케어주식회사2공장,예산군 대원헬스케어주식회사2공장,126.759944600087,36.6726744011815,2026-6-0048,20170474063,대원헬스케어주식회사2공장,식품제조가공업,충청남도 예산군,식품
향미유,106,2029-02-09,BIZ047,식품,C09900021,372,2026-02-10,충청남도,대원헬스케어주식회사2공장,예산군,"제조,가공",2026-6-0047,식품제조가공업,대원헬스케어주식회사2공장,예산군 대원헬스케어주식회사2공장,126.759944600087,36.6726744011815,2026-6-0047,20170474063,대원헬스케어주식회사2공장,식품제조가공업,충청남도 예산군,식품
기타식물성유지,106,2029-02-09,BIZ047,식품,C09900017,373,2026-02-10,충청남도,대원헬스케어주식회사2공장,예산군,"제조,가공",2026-6-0046,식품제조가공업,대원헬스케어주식회사2공장,예산군 대원헬스케어주식회사2공장,126.759944600087,36.6726744011815,2026-6-0046,20170474063,대원헬스케어주식회사2공장,식품제조가공업,충청남도 예산군,식품
올리브유,106,2029-02-09,BIZ047,식품,C09900013,374,2026-02-10,충청남도,대원헬스케어주식회사2공장,예산군,"제조,가공",2026-6-0045,식품제조가공업,대원헬스케어주식회사2공장,예산군 대원헬스케어주식회사2공장,126.759944600087,36.6726744011815,2026-6-0045,20170474063,대원헬스케어주식회사2공장,식품제조가공업,충청남도 예산군,식품
유함유가공품,106,2029-02-09,BIZ047,식품,C0318140000000,375,2026-02-10,충청남도,대원헬스케어주식회사2공장,예산군,"제조,가공",2026-6-0044,식품제조가공업,대원헬스케어주식회사2공장,예산군 대원헬스케어주식회사2공장,126.759944600087,36.6726744011815,2026-6-0044,20170474063,대원헬스케어주식회사2공장,식품제조가공업,충청남도 예산군,식품
고형차,106,2029-02-04,BIZ047,식품,C10100003,377,2026-02-05,충청북도,주식회사유니쎌팜,충주시,"제조,가공",2026-6-0042,식품제조가공업,주식회사유니쎌팜,충주시 주식회사유니쎌팜,127.81527719953937,36.997474000789616,2026-6-0042,19950445017,주식회사유니쎌팜,식품제조가공업,충청북도 충주시,식품
기타 수산물가공품,106,2029-02-04,BIZ047,식품,C11000016,378,2026-02-05,충청북도,주식회사 조흥,음성군,"제조,가공",2026-6-0041,식품제조가공업,주식회사 조흥,음성군 주식회사 조흥,127.46382499951685,36.96838380066654,2026-6-0041,20220619309,주식회사 조흥,식품제조가공업,충청북도 음성군,식품
포장육,604,2029-02-03,BIZ047,축산물,78,379,2026-02-04,충청북도,달 K-Food,청주시 흥덕구,"제조,가공",2026-6-0040,식육포장처리업,달 K-Food,청주시 흥덕구 달 K-Food,,,2026-6-0040,20240635114,달 K-Food,식육포장처리업,충청북도 청주시 흥덕구,축산물
양념젓갈,106,2029-02-03,BIZ047,식품,C11000008,380,2026-02-04,충청남도,보령식품영어조합법인,보령시,"제조,가공",2026-6-0039,식품제조가공업,보령식품영어조합법인,보령시 보령식품영어조합법인,126.495445800082,36.39203390288225,2026-6-0039,19960459165,보령식품영어조합법인,식품제조가공업,충청남도 보령시,식품
절임식품,106,2029-02-03,BIZ047,식품,C10500003,381,2026-02-04,충청북도,주식회사 담김,청주시 청원구,"제조,가공",2026-6-0038,식품제조가공업,주식회사 담김,청주시 청원구 주식회사 담김,127.4492973001912,36.71738829970961,2026-6-0038,20120415012,주식회사 담김,식품제조가공업,충청북도 청주시 청원구,식품
김치(기타김치),106,2029-02-03,BIZ047,식품,C10500002,382,2026-02-04,충청북도,주식회사 담김,청주시 청원구,"제조,가공",2026-6-0037,식품제조가공업,주식회사 담김,청주시 청원구 주식회사 담김,127.4492973001912,36.71738829970961,2026-6-0037,20120415012,주식회사 담김,식품제조가공업,충청북도 청주시 청원구,식품
김칫속,106,2029-02-03,BIZ047,식품,C10500001,383,2026-02-04,충청북도,주식회사 담김,청주시 청원구,"제조,가공",2026-6-0036,식품제조가공업,주식회사 담김,청주시 청원구 주식회사 담김,127.4492973001912,36.71738829970961,2026-6-0036,20120415012,주식회사 담김,식품제조가공업,충청북도 청주시 청원구,식품
즉석조리식품,106,2029-02-03,BIZ047,식품,C11300005,385,2026-02-04,충청북도,에쓰푸드(주),음성군,"제조,가공",2026-6-0034,식품제조가공업,에쓰푸드,음성군 에쓰푸드,127.68103480036262,36.89257310061088,2026-6-0034,20150199948,에쓰푸드(주),식품제조가공업,인천광역시 남동구,식품
기타가공품,106,2029-01-29,BIZ047,식품,C11400002,387,2026-01-30,충청남도,(주)웰비온에프티,서산시,"제조,가공",2026-6-0032,식품제조가공업,웰비온에프티,서산시 웰비온에프티,,,2026-6-0032,20250705620,(주)웰비온에프티,식품제조가공업,충청남도 서산시,식품
과자,106,2029-01-29,BIZ047,식품,C09300001,388,2026-01-30,충청남도,(주)웰비온에프티,서산시,"제조,가공",2026-6-0031,식품제조가공업,웰비온에프티,서산시 웰비온에프티,,,2026-6-0031,20250705620,(주)웰비온에프티,식품제조가공업,충청남도 서산시,식품
기타 농산가공품,106,2029-01-29,BIZ047,식품,C10700014,390,2026-01-30,충청북도,영농조합법인 녹색원,청주시 청원구,"제조,가공",2026-6-0029,식품제조가공업,영농조합법인 녹색원,청주시 청원구 영농조합법인 녹색원,127.55092359982166,36.72846030090968,2026-6-0029,20180424046,영농조합법인 녹색원,식품제조가공업,충청북도 청주시 청원구,식품
과ㆍ채가공품,106,2029-01-29,BIZ047,식품,C10700010,391,2026-01-30,충청북도,영농조합법인 녹색원,청주시 청원구,"제조,가공",2026-6-0028,식품제조가공업,영농조합법인 녹색원,청주시 청원구 영농조합법인 녹색원,127.55092359982166,36.72846030090968,2026-6-0028,20180424046,영농조합법인 녹색원,식품제조가공업,충청북도 청주시 청원구,식품
기타가공품,106,2029-01-28,BIZ047,식품,C11400002,392,2026-01-29,충청북도,(주)팔도,진천군,"제조,가공",2026-6-0027,식품제조가공업,팔도,진천군 팔도,127.43917269981424,36.9844873974408,2026-6-0027,19920443003,(주)팔도,식품제조가공업,충청북도 진천군,식품
빵류,106,2029-01-27,BIZ047,식품,C09300004,393,2026-01-28,충청북도,(주)사옹원,음성군,"제조,가공",2026-6-0026,식품제조가공업,사옹원,음성군 사옹원,127.5595095055368,36.91329686823138,2026-6-0026,20210452332,(주)사옹원,식품제조가공업,충청북도 음성군,식품
양념육,612,2029-01-25,BIZ047,축산물,86,396,2026-01-26,충청남도,평온함푸드,천안시 서북구,"제조,가공",2026-6-0023,축산물가공업-식육가공업,평온함푸드,천안시 서북구 평온함푸드,127.20112509987996,36.906805699928775,2026-6-0023,20250681012,평온함푸드,축산물가공업-식육가공업,충청남도 천안시 서북구,축산물
포장육,604,2029-01-22,BIZ047,축산물,78,397,2026-01-23,충청북도,주식회사 백로에프앤비,청주시 흥덕구,"제조,가공",2026-6-0022,식육포장처리업,주식회사 백로에프앤비,청주시 흥덕구 주식회사 백로에프앤비,,,2026-6-0022,20160415020,주식회사 백로에프앤비,식육포장처리업,충청북도 청주시 흥덕구,축산물
땅콩 또는 견과류가공품,106,2029-01-22,BIZ047,식품,C10700006,398,2026-01-23,충청남도,올담식품,아산시,"제조,가공",2026-6-0021,식품제조가공업,올담식품,아산시 올담식품,127.08587509970448,36.87381870077644,2026-6-0021,20200467503,올담식품,식품제조가공업,충청남도 아산시,식품
과ㆍ채가공품,106,2029-01-21,BIZ047,식품,C10700010,399,2026-01-22,충청남도,주식회사 SL푸드원 생태산업단지 3공장,서천군,"제조,가공",2026-6-0020,식품제조가공업,주식회사 SL푸드원 생태산업단지 3공장,서천군 주식회사 SL푸드원 생태산업단지 3공장,,,2026-6-0020,20240716010,주식회사 SL푸드원 생태산업단지 3공장,식품제조가공업,충청남도 서천군,식품
준초콜릿,106,2029-01-20,BIZ047,식품,C09500008,401,2026-01-21,충청북도,(주)원일식품,진천군,"제조,가공",2026-6-0018,식품제조가공업,원일식품,진천군 원일식품,127.44304550052266,36.87420890152093,2026-6-0018,20000443042,(주)원일식품,식품제조가공업,충청북도 진천군,식품
식품소분업(당류가공품),405,2029-01-20,BIZ048,식품,H02200001,402,2026-01-21,충청남도,재단법인 청양군 지역활성화재단,청양군,"유통,판매,조리",2026-6-0017,식품소분업,재단법인 청양군 지역활성화재단,청양군 재단법인 청양군 지역활성화재단,126.8219008003217,36.445876908642006,2026-6-0017,20240718019,재단법인 청양군지역활성화재단,식품소분업,충청남도 청양군,식품
과자,106,2029-01-20,BIZ047,식품,C09300001,403,2026-01-21,세종특별자치시,베리웰 사회적협동조합,,"제조,가공",2026-6-0016,식품제조가공업,베리웰 사회적협동조합,,128.55103810048135,35.93255540021562,2026-6-0016,20250366172,베리웰 사회적협동조합,식품제조가공업,세종특별자치시,식품
신장질환자용 영양조제식품,106,2029-01-19,BIZ047,식품,C0324010300000,404,2026-01-20,충청북도,(주)퓨럽,옥천군,"제조,가공",2026-6-0015,식품제조가공업,퓨럽,옥천군 퓨럽,127.62278789997998,36.27822360064145,2026-6-0015,19940440030,(주)퓨럽,식품제조가공업,충청북도 옥천군,식품
식육함유가공품,106,2029-01-15,BIZ047,식품,C10800001,405,2026-01-16,충청북도,주식회사 그린푸드,충주시,"제조,가공",2026-6-0014,식품제조가공업,주식회사 그린푸드,충주시 주식회사 그린푸드,127.93668520326894,37.083276403404746,2026-6-0014,20240548647,주식회사 그린푸드,식품제조가공업,충청북도 충주시,식품
양념육,612,2029-01-15,BIZ047,축산물,86,406,2026-01-16,대전광역시,주식회사 정안식품,대덕구,"제조,가공",2026-6-0013,축산물가공업-식육가공업,주식회사 정안식품,대덕구 주식회사 정안식품,127.41389690046417,36.355260097526845,2026-6-0013,20180233008,주식회사 정안식품,축산물가공업-식육가공업,대전광역시 대덕구,축산물
포장육,604,2029-01-15,BIZ047,축산물,78,407,2026-01-16,대전광역시,(주)정안식품,대덕구,"제조,가공",2026-6-0012,식육포장처리업,정안식품,대덕구 정안식품,127.41389690046417,36.355260097526845,2026-6-0012,20180246168,(주)정안식품,식육포장처리업,대전광역시 대덕구,축산물
유산균음료,106,2029-01-15,BIZ047,식품,C10100012,408,2026-01-16,세종특별자치시,(주)스위트바이오,,"제조,가공",2026-6-0011,식품제조가공업,스위트바이오,,128.55103810048135,35.93255540021562,2026-6-0011,20250365215,(주)스위트바이오,식품제조가공업,세종특별자치시,식품
포장육,604,2029-01-15,BIZ047,축산물,78,409,2026-01-16,충청북도,한우연구소,옥천군,"제조,가공",2026-6-0010,식육포장처리업,한우연구소,옥천군 한우연구소,,,2026-6-0010,20210447158,한우연구소,식육포장처리업,충청북도 옥천군,축산물
식육추출가공품,612,2029-01-15,BIZ047,축산물,89,410,2026-01-16,충청북도,더한비코리아 영농조합법인,옥천군,"제조,가공",2026-6-0009,축산물가공업-식육가공업,더한비코리아 영농조합법인,옥천군 더한비코리아 영농조합법인,127.57970319515476,36.310732370766914,2026-6-0009,20220576008,한우연구소,축산물가공업-식육가공업,충청북도 옥천군,축산물
포장육,604,2029-01-14,BIZ047,축산물,78,411,2026-01-15,충청남도,주식회사 천안중앙유통,천안시 동남구,"제조,가공",2026-6-0008,식육포장처리업,주식회사 천안중앙유통,천안시 동남구 주식회사 천안중앙유통,127.23638550001029,36.786628700495584,2026-6-0008,20230634445,주식회사 천안중앙유통,식육포장처리업,충청남도 천안시 동남구,축산물
두류가공품,106,2029-01-13,BIZ047,식품,C10700012,412,2026-01-14,충청북도,(주)이노하스,제천시,"제조,가공",2026-6-0007,식품제조가공업,이노하스,제천시 이노하스,128.1461907050917,37.14226242651593,2026-6-0007,20240661075,(주)이노하스,식품제조가공업,충청북도 제천시,식품
식용란선별포장업,009,2029-01-13,BIZ048,축산물,901,413,2026-01-14,충청북도,농업회사법인(주)굿에그,충주시,"유통,판매,조리",2026-6-0006,식용란선별포장업,농업회사법인굿에그,충주시 농업회사법인굿에그,,,2026-6-0006,20250633020,농업회사법인(주)굿에그,식용란선별포장업,충청북도 충주시,축산물
가공김(조미김 또는 구운김),106,2029-01-08,BIZ047,식품,C11000017,414,2026-01-09,충청북도,주식회사 하늘비,청주시 흥덕구,"제조,가공",2026-6-0005,식품제조가공업,주식회사 하늘비,청주시 흥덕구 주식회사 하늘비,127.3695051004536,36.600373100660505,2026-6-0005,20180424087,주식회사 하늘비,식품제조가공업,충청북도 청주시 흥덕구,식품
올리고당,106,2029-01-08,BIZ047,식품,C09600004,415,2026-01-09,충청북도,한올바이오 주식회사,음성군,"제조,가공",2026-6-0004,식품제조가공업,한올바이오 주식회사,음성군 한올바이오 주식회사,,,2026-6-0004,20250676251,한올바이오 주식회사,식품제조가공업,충청북도 음성군,식품
식용란수집판매업,635,2029-01-06,BIZ048,축산물,581,416,2026-01-07,충청북도,오리상회(중앙점),영동군,"유통,판매,조리",2026-6-0003,축산물판매업-식용란수집판매업,오리상회,영동군 오리상회,127.77213577754816,36.17785060228872,2026-6-0003,20250668123,오리상회(중앙점),축산물판매업-식용란수집판매업,충청북도 영동군,축산물
어묵,106,2029-01-05,BIZ047,식품,C11000004,417,2026-01-06,충청북도,(주)동원에프앤비 진천2공장,진천군,"제조,가공",2026-6-0002,식품제조가공업,동원에프앤비 진천2공장,진천군 동원에프앤비 진천2공장,,,2026-6-0002,20250672411,(주)동원에프앤비 진천2공장,식품제조가공업,충청북도 진천군,식품
기타가공품,106,2029-01-04,BIZ047,식품,C11400002,418,2026-01-05,충청남도,(주)푸른솔,논산시,"제조,가공",2026-6-0001,식품제조가공업,푸른솔,논산시 푸른솔,127.1003785822512,36.18421583357341,2026-6-0001,19890464032,(주)푸른솔,식품제조가공업,충청남도 논산시,식품
김치(배추김치),106,2029-09-10,BIZ047,식품,C12300001,427,2026-09-11,전남광주통합특별시,햇채원,동구,"제조,가공",2026-5-0338,식품제조가공업,햇채원,동구 햇채원,126.91687479978172,35.15342100105973,2026-5-0338,20180217277,햇채원,식품제조가공업,전남광주통합특별시 동구,식품
절임식품,106,2029-09-10,BIZ047,식품,C10500003,428,2026-09-11,전남광주통합특별시,햇채원,동구,"제조,가공",2026-5-0337,식품제조가공업,햇채원,동구 햇채원,126.91687479978172,35.15342100105973,2026-5-0337,20180217277,햇채원,식품제조가공업,전남광주통합특별시 동구,식품
김치(기타김치),106,2029-09-10,BIZ047,식품,C10500002,429,2026-09-11,전남광주통합특별시,햇채원,동구,"제조,가공",2026-5-0336,식품제조가공업,햇채원,동구 햇채원,126.91687479978172,35.15342100105973,2026-5-0336,20180217277,햇채원,식품제조가공업,전남광주통합특별시 동구,식품
기타엿,106,2029-09-10,BIZ047,식품,C09600010,430,2026-09-11,전북특별자치도,(주)미당,정읍시,"제조,가공",2026-5-0335,식품제조가공업,미당,정읍시 미당,,,2026-5-0335,20250746301,(주)미당,식품제조가공업,전북특별자치도 정읍시,식품
과자,106,2029-09-10,BIZ047,식품,C09300001,431,2026-09-11,전북특별자치도,(주)미당,정읍시,"제조,가공",2026-5-0334,식품제조가공업,미당,정읍시 미당,,,2026-5-0334,20250746301,(주)미당,식품제조가공업,전북특별자치도 정읍시,식품
당절임,106,2029-09-10,BIZ047,식품,C10500004,432,2026-09-11,전남광주통합특별시,지리산피아골 식품영농조합법인,구례군,"제조,가공",2026-5-0333,식품제조가공업,지리산피아골 식품영농조합법인,구례군 지리산피아골 식품영농조합법인,127.58376100001112,35.26491520572709,2026-5-0333,20110517025,지리산피아골식품 영농조합법인,식품제조가공업,전남광주통합특별시 구례군,식품
땅콩버터,106,2029-09-08,BIZ047,식품,C10700005,434,2026-09-09,전북특별자치도,래미에프앤비,무주군,"제조,가공",2026-5-0331,식품제조가공업,래미에프앤비,무주군 래미에프앤비,127.64994019960926,35.99879780101111,2026-5-0331,20190500071,래미에프앤비,식품제조가공업,전북특별자치도 무주군,식품
포장육,604,2029-09-07,BIZ047,축산물,78,435,2026-09-08,제주특별자치도,주식회사 두원식품,제주시,"제조,가공",2026-5-0330,식육포장처리업,주식회사 두원식품,제주시 주식회사 두원식품,126.2698854998317,33.41942070065024,2026-5-0330,20230906131,주식회사 두원식품,식육포장처리업,제주특별자치도 제주시,축산물
즉석조리식품,106,2029-09-07,BIZ047,식품,C11300005,436,2026-09-08,전북특별자치도,주식회사 지티지푸드,순창군,"제조,가공",2026-5-0329,식품제조가공업,주식회사 지티지푸드,순창군 주식회사 지티지푸드,127.1354750004807,35.43177390081523,2026-5-0329,20250763167,주식회사 지티지푸드,식품제조가공업,전북특별자치도 순창군,식품
식품접객업(휴게음식점),408,2029-09-07,BIZ048,식품,H02500001,437,2026-09-08,전북특별자치도,사조푸디스트(주)덕유산상행휴게소점(투썸플레이스),무주군,"유통,판매,조리",2026-5-0328,식품접객업(휴게음식점),사조푸디스트덕유산상행휴게소점,무주군 사조푸디스트덕유산상행휴게소점,,,2026-5-0328,20250757117,사조푸디스트(주)덕유산상행휴게소점(투썸플레이스),휴게음식점,전북특별자치도 무주군,식품
가공두부,106,2029-09-03,BIZ047,식품,C09800003,438,2026-09-04,전북특별자치도,농업회사법인 주식회사 윤율 제2공장,익산시,"제조,가공",2026-5-0327,식품제조가공업,농업회사법인 주식회사 윤율 제2공장,익산시 농업회사법인 주식회사 윤율 제2공장,,,2026-5-0327,20250742631,농업회사법인 주식회사 윤율 제2공장,식품제조가공업,전북특별자치도 익산시,식품
포장육,604,2029-09-01,BIZ047,축산물,78,439,2026-09-02,제주특별자치도,푸른축산유통,제주시,"제조,가공",2026-5-0326,식육포장처리업,푸른축산유통,제주시 푸른축산유통,126.51078899951654,33.48800730041516,2026-5-0326,20090628114,푸른축산유통,식육포장처리업,제주특별자치도 제주시,축산물
포장육,604,2029-09-01,BIZ047,축산물,78,441,2026-09-02,전남광주통합특별시,홍일식품,목포시,"제조,가공",2026-5-0324,식육포장처리업,홍일식품,목포시 홍일식품,126.43100470030195,34.79680350067101,2026-5-0324,20260787328,홍일식품,식육포장처리업,전남광주통합특별시 목포시,축산물
"식품소분업(벌꿀, 사양벌꿀)",405,2029-09-01,BIZ048,식품,H02200001,442,2026-09-02,제주특별자치도,농업회사법인(주)제주자연식품,제주시,"유통,판매,조리",2026-5-0323,식품소분업,농업회사법인제주자연식품,제주시 농업회사법인제주자연식품,,,2026-5-0323,19900627290,농업회사법인(주)제주자연식품,식품소분업,제주특별자치도 제주시,식품
고춧가루,106,2029-09-01,BIZ047,식품,C10400009,443,2026-09-02,전북특별자치도,다라온식품,익산시,"제조,가공",2026-5-0322,식품제조가공업,다라온식품,익산시 다라온식품,,,2026-5-0322,20260758499,다라온식품,식품제조가공업,전북특별자치도 익산시,식품
기타 수산물가공품 중 냉동어류,106,2029-09-01,BIZ047,식품,C11700001,444,2026-09-02,제주특별자치도,바당담은에프엔비주식회사(F&B),제주시,"제조,가공",2026-5-0321,식품제조가공업,바당담은에프엔비주식회사,제주시 바당담은에프엔비주식회사,,,2026-5-0321,20260971792,바당담은에프엔비주식회사(F&B),식품제조가공업,제주특별자치도 제주시,식품
간편조리세트,106,2029-09-01,BIZ047,식품,C0322020400000,445,2026-09-02,제주특별자치도,바당담은에프엔비주식회사(F&B),제주시,"제조,가공",2026-5-0320,식품제조가공업,바당담은에프엔비주식회사,제주시 바당담은에프엔비주식회사,,,2026-5-0320,20260971792,바당담은에프엔비주식회사(F&B),식품제조가공업,제주특별자치도 제주시,식품
기타 수산물가공품 중 냉동어류,106,2029-08-27,BIZ047,식품,C11700001,447,2026-08-28,전남광주통합특별시,해담,영광군,"제조,가공",2026-5-0318,식품제조가공업,해담,영광군 해담,126.46006879949744,35.36419687187158,2026-5-0318,20160527015,해담,식품제조가공업,전남광주통합특별시 영광군,식품
개량메주,106,2029-08-27,BIZ047,식품,C10300002,448,2026-08-28,전남광주통합특별시,두미원,해남군,"제조,가공",2026-5-0317,식품제조가공업,두미원,해남군 두미원,126.61632069949523,34.502575902679,2026-5-0317,20050523039,두미원,식품제조가공업,전남광주통합특별시 해남군,식품
양념육,612,2029-08-27,BIZ047,축산물,86,449,2026-08-28,전라남도,MDSC,담양군,"제조,가공",2026-5-0316,축산물가공업-식육가공업,MDSC,담양군 MDSC,126.97826330032548,35.22091162326684,2026-5-0316,20200506066,MDSC,축산물가공업-식육가공업,전남광주통합특별시 담양군,축산물
혼합음료,106,2029-08-26,BIZ047,식품,C10100016,450,2026-08-27,전남광주통합특별시,(주)보라수바이오,나주시,"제조,가공",2026-5-0315,식품제조가공업,보라수바이오,나주시 보라수바이오,,,2026-5-0315,20260799275,(주)보라수바이오,식품제조가공업,전남광주통합특별시 나주시,식품
포장육,604,2029-08-26,BIZ047,축산물,78,451,2026-08-27,전남광주통합특별시,농업회사법인 유자골고흥한우 주식회사,고흥군,"제조,가공",2026-5-0314,식육포장처리업,농업회사법인 유자골고흥한우 주식회사,고흥군 농업회사법인 유자골고흥한우 주식회사,,,2026-5-0314,20260810107,농업회사법인 유자골고흥한우 주식회사,식육포장처리업,전남광주통합특별시 고흥군,축산물
과ㆍ채가공품,106,2029-08-26,BIZ047,식품,C10700010,452,2026-08-27,전북특별자치도,농업회사법인 (유)휴먼에노스,완주군,"제조,가공",2026-5-0313,식품제조가공업,농업회사법인 휴먼에노스,완주군 농업회사법인 휴먼에노스,127.25145320013718,35.86842500094959,2026-5-0313,20200498027,농업회사법인 (유)휴먼에노스,식품제조가공업,전북특별자치도 완주군,식품
액상차,106,2029-08-26,BIZ047,식품,C10100002,453,2026-08-27,전북특별자치도,농업회사법인 (유)휴먼에노스,완주군,"제조,가공",2026-5-0312,식품제조가공업,농업회사법인 휴먼에노스,완주군 농업회사법인 휴먼에노스,127.25145320013718,35.86842500094959,2026-5-0312,20200498027,농업회사법인 (유)휴먼에노스,식품제조가공업,전북특별자치도 완주군,식품
기타가공품,106,2029-08-26,BIZ047,식품,C11400002,454,2026-08-27,전북특별자치도,농업회사법인 (유)휴먼에노스,완주군,"제조,가공",2026-5-0311,식품제조가공업,농업회사법인 휴먼에노스,완주군 농업회사법인 휴먼에노스,127.25145320013718,35.86842500094959,2026-5-0311,20200498027,농업회사법인 (유)휴먼에노스,식품제조가공업,전북특별자치도 완주군,식품
천일염,106,2029-08-26,BIZ047,식품,C10400013,455,2026-08-27,전라남도,하늘이 준 선물 주식회사어업회사법인,영광군,"제조,가공",2026-5-0310,식품제조가공업,하늘이 준 선물 주식회사어업회사법인,영광군 하늘이 준 선물 주식회사어업회사법인,,,2026-5-0310,20190535050,하늘이 준 선물 주식회사어업회사법인,식품제조가공업,전남광주통합특별시 신안군,식품
재제소금(재제조소금),106,2029-08-26,BIZ047,식품,C10400014,456,2026-08-27,전라남도,하늘이 준 선물 주식회사어업회사법인,영광군,"제조,가공",2026-5-0309,식품제조가공업,하늘이 준 선물 주식회사어업회사법인,영광군 하늘이 준 선물 주식회사어업회사법인,,,2026-5-0309,20190535050,하늘이 준 선물 주식회사어업회사법인,식품제조가공업,전남광주통합특별시 신안군,식품
기타 농산가공품,106,2029-08-25,BIZ047,식품,C10700014,457,2026-08-26,제주특별자치도,진생영농조합법인,제주시,"제조,가공",2026-5-0308,식품제조가공업,진생영농조합법인,제주시 진생영농조합법인,126.5790166996188,33.50800354832785,2026-5-0308,19990627081,진생영농조합법인,식품제조가공업,제주특별자치도 제주시,식품
기타가공품,106,2029-08-25,BIZ047,식품,C11400002,458,2026-08-26,전남광주통합특별시,정남진장흥농협 농산물산지유통센터,장흥군,"제조,가공",2026-5-0307,식품제조가공업,정남진장흥농협 농산물산지유통센터,장흥군 정남진장흥농협 농산물산지유통센터,126.90021070012406,34.68826080175453,2026-5-0307,20090521018,정남진장흥농협 농산물산지유통센터,식품제조가공업,전남광주통합특별시 장흥군,식품
음료베이스,106,2029-08-25,BIZ047,식품,C10100017,459,2026-08-26,전북특별자치도,(주)케비젠,전주시 덕진구,"제조,가공",2026-5-0306,식품제조가공업,케비젠,전주시 덕진구 케비젠,127.08790740043848,35.85747260045161,2026-5-0306,20150481214,(주)케비젠,식품제조가공업,전북특별자치도 전주시 덕진구,식품
고형차,106,2029-08-25,BIZ047,식품,C10100003,460,2026-08-26,전북특별자치도,(주)케비젠,전주시 덕진구,"제조,가공",2026-5-0305,식품제조가공업,케비젠,전주시 덕진구 케비젠,127.08790740043848,35.85747260045161,2026-5-0305,20150481214,(주)케비젠,식품제조가공업,전북특별자치도 전주시 덕진구,식품
액상차,106,2029-08-25,BIZ047,식품,C10100002,461,2026-08-26,전북특별자치도,농업회사법인 천삼다초(주),무주군,"제조,가공",2026-5-0304,식품제조가공업,농업회사법인 천삼다초,무주군 농업회사법인 천삼다초,127.79285349849648,35.98366366760076,2026-5-0304,20150496060,농업회사법인 천삼다초(주),식품제조가공업,전북특별자치도 무주군,식품
기타 수산물가공품,106,2029-08-24,BIZ047,식품,C11000016,462,2026-08-25,전북특별자치도,농업회사법인(유)웅치마을영농회,남원시,"제조,가공",2026-5-0303,식품제조가공업,농업회사법인웅치마을영농회,남원시 농업회사법인웅치마을영농회,,,2026-5-0303,20190496172,농업회사법인(유)웅치마을영농회,식품제조가공업,전북특별자치도 남원시,식품
식용란수집판매업,635,2029-08-24,BIZ048,축산물,581,463,2026-08-25,전북특별자치도,신화축산,완주군,"유통,판매,조리",2026-5-0302,축산물판매업-식용란수집판매업,신화축산,완주군 신화축산,,,2026-5-0302,20260769194,신화축산,축산물판매업-식용란수집판매업,전북특별자치도 완주군,축산물
양념육,612,2029-08-24,BIZ047,축산물,86,464,2026-08-25,전남광주통합특별시,농업회사법인(주)에프앤이글로벌,담양군,"제조,가공",2026-5-0301,축산물가공업-식육가공업,농업회사법인에프앤이글로벌,담양군 농업회사법인에프앤이글로벌,126.97560240013208,35.333661897471465,2026-5-0301,20260785004,농업회사법인(주)에프앤이글로벌,축산물가공업-식육가공업,전남광주통합특별시 담양군,축산물
김치(배추김치),106,2029-08-23,BIZ047,식품,C12300001,465,2026-08-24,전남광주통합특별시,이슬촌생명영농조합법인,나주시,"제조,가공",2026-5-0300,식품제조가공업,이슬촌생명영농조합법인,나주시 이슬촌생명영농조합법인,126.67833070005908,35.10371000028215,2026-5-0300,20110512029,이슬촌생명영농조합법인,식품제조가공업,전남광주통합특별시 나주시,식품
고춧가루,106,2029-08-23,BIZ047,식품,C10400009,466,2026-08-24,전북특별자치도,(재)군산먹거리통합지원센터,군산시,"제조,가공",2026-5-0299,식품제조가공업,군산먹거리통합지원센터,군산시 군산먹거리통합지원센터,126.8181217002808,35.979224900891296,2026-5-0299,20220679334,(재)군산먹거리통합지원센터,식품제조가공업,전북특별자치도 군산시,식품
가공김(조미김 또는 구운김),106,2029-08-23,BIZ047,식품,C11000017,467,2026-08-24,전남광주통합특별시,어업회사법인 해남별 주식회사,해남군,"제조,가공",2026-5-0298,식품제조가공업,어업회사법인 해남별 주식회사,해남군 어업회사법인 해남별 주식회사,,,2026-5-0298,20260820078,어업회사법인 해남별 주식회사,식품제조가공업,전남광주통합특별시 해남군,식품
신선편의식품,106,2029-08-20,BIZ047,식품,C11300004,468,2026-08-21,전북특별자치도,주식회사 밀투고,익산시,"제조,가공",2026-5-0297,식품제조가공업,주식회사 밀투고,익산시 주식회사 밀투고,,,2026-5-0297,20260758475,주식회사 밀투고,식품제조가공업,전북특별자치도 익산시,식품
즉석섭취식품,106,2029-08-20,BIZ047,식품,C11300003,469,2026-08-21,전북특별자치도,주식회사 밀투고,익산시,"제조,가공",2026-5-0296,식품제조가공업,주식회사 밀투고,익산시 주식회사 밀투고,,,2026-5-0296,20260758475,주식회사 밀투고,식품제조가공업,전북특별자치도 익산시,식품
소스,106,2029-08-20,BIZ047,식품,C10400003,470,2026-08-21,전라남도,더나음 협동조합,강진군,"제조,가공",2026-5-0295,식품제조가공업,더나음 협동조합,강진군 더나음 협동조합,,,2026-5-0295,20170525117,더나음 협동조합,식품제조가공업,전남광주통합특별시 무안군,식품
포장육,604,2029-08-19,BIZ047,축산물,78,471,2026-08-20,전북특별자치도,다이로운 식품,전주시 덕진구,"제조,가공",2026-5-0294,식육포장처리업,다이로운 식품,전주시 덕진구 다이로운 식품,127.06188360050992,35.8398984009662,2026-5-0294,20260744027,다이로운 식품,식육포장처리업,전북특별자치도 전주시 덕진구,축산물
"햄,양념육",612,2029-08-19,BIZ047,축산물,"79,86",472,2026-08-20,전북특별자치도,다이로운식품,전주시 덕진구,"제조,가공",2026-5-0293,축산물가공업-식육가공업,다이로운식품,전주시 덕진구 다이로운식품,,,2026-5-0293,20260742007,다이로운식품,축산물가공업-식육가공업,전북특별자치도 전주시 덕진구,축산물
즉석조리식품,106,2029-08-19,BIZ047,식품,C11300005,473,2026-08-20,전남광주통합특별시,(주)향아식품,목포시,"제조,가공",2026-5-0292,식품제조가공업,향아식품,목포시 향아식품,126.37457250018484,34.81377306927193,2026-5-0292,20260787400,(주)향아식품,식품제조가공업,전남광주통합특별시 목포시,식품
기타 수산물가공품,106,2029-08-19,BIZ047,식품,C11000016,474,2026-08-20,전남광주통합특별시,(주)향아식품,목포시,"제조,가공",2026-5-0291,식품제조가공업,향아식품,목포시 향아식품,126.37457250018484,34.81377306927193,2026-5-0291,20260787400,(주)향아식품,식품제조가공업,전남광주통합특별시 목포시,식품
양념육,612,2029-08-12,BIZ047,축산물,86,475,2026-08-13,전남광주통합특별시,곱창드림,나주시,"제조,가공",2026-5-0290,축산물가공업-식육가공업,곱창드림,나주시 곱창드림,,,2026-5-0290,20260785003,곱창드림,축산물가공업-식육가공업,전남광주통합특별시 나주시,축산물
양념육,612,2029-08-11,BIZ047,축산물,86,476,2026-08-12,전북특별자치도,주식회사 진민푸드,완주군,"제조,가공",2026-5-0289,축산물가공업-식육가공업,주식회사 진민푸드,완주군 주식회사 진민푸드,127.17246509969732,35.87305038502258,2026-5-0289,20210480001,주식회사 진민푸드,축산물가공업-식육가공업,전북특별자치도 완주군,축산물
포장육,604,2029-08-11,BIZ047,축산물,78,477,2026-08-12,전남광주통합특별시,진성한우(주),광산구,"제조,가공",2026-5-0288,식육포장처리업,진성한우,광산구 진성한우,126.75852989948524,35.122226201057906,2026-5-0288,20250320325,진성한우(주),식육포장처리업,전남광주통합특별시 광산구,축산물
포장육,604,2029-08-11,BIZ047,축산물,78,478,2026-08-12,전남광주통합특별시,(유한회사)남도축산,순천시,"제조,가공",2026-5-0287,식육포장처리업,남도축산,순천시 남도축산,127.50588880045537,34.94855330094592,2026-5-0287,20130509700,(유한회사)남도축산,식육포장처리업,전남광주통합특별시 순천시,축산물
기타잼,106,2029-08-09,BIZ047,식품,C09700002,479,2026-08-10,전남광주통합특별시,녹차원(주),고흥군,"제조,가공",2026-5-0286,식품제조가공업,녹차원,고흥군 녹차원,127.34615289989044,34.80831300117108,2026-5-0286,20160518117,녹차원(주),식품제조가공업,전남광주통합특별시 고흥군,식품
포장육,604,2029-08-06,BIZ047,축산물,78,481,2026-08-07,전남광주통합특별시,다온FS,남구,"제조,가공",2026-5-0284,식육포장처리업,다온FS,남구 다온FS,,,2026-5-0284,20260314249,다온FS,식육포장처리업,전남광주통합특별시 남구,축산물
포장육,604,2029-08-06,BIZ047,축산물,78,482,2026-08-07,전남광주통합특별시,황도푸드 시스템,남구,"제조,가공",2026-5-0283,식육포장처리업,황도푸드 시스템,남구 황도푸드 시스템,,,2026-5-0283,20260314248,황도푸드 시스템,식육포장처리업,전남광주통합특별시 남구,축산물
기타 수산물가공품,106,2029-08-06,BIZ047,식품,C11000016,485,2026-08-07,전남광주통합특별시,정남진장흥매생이(주),장흥군,"제조,가공",2026-5-0280,식품제조가공업,정남진장흥매생이,장흥군 정남진장흥매생이,126.87336810041586,34.451711001312816,2026-5-0280,20170521099,정남진장흥매생이(주),식품제조가공업,전남광주통합특별시 장흥군,식품
식품소분업(기타수산물가공품),405,2029-08-06,BIZ048,식품,H02200001,486,2026-08-07,전남광주통합특별시,정남진장흥매생이(주),장흥군,"유통,판매,조리",2026-5-0279,식품소분업,정남진장흥매생이,장흥군 정남진장흥매생이,126.87336810041586,34.451711001312816,2026-5-0279,20220741084,정남진장흥매생이(주),식품소분업,전남광주통합특별시 장흥군,식품
포장육,604,2029-08-02,BIZ047,축산물,78,488,2026-08-03,전남광주통합특별시,대운식품,광산구,"제조,가공",2026-5-0277,식육포장처리업,대운식품,광산구 대운식품,,,2026-5-0277,20260324529,대운식품,식육포장처리업,전남광주통합특별시 광산구,축산물
포장육,604,2029-08-02,BIZ047,축산물,78,489,2026-08-03,전남광주통합특별시,진성미트,광산구,"제조,가공",2026-5-0276,식육포장처리업,진성미트,광산구 진성미트,,,2026-5-0276,20260324531,진성미트,식육포장처리업,전남광주통합특별시 광산구,축산물
두부,106,2029-08-02,BIZ047,식품,C09800001,490,2026-08-03,전북특별자치도,(주)바른마루,김제시,"제조,가공",2026-5-0275,식품제조가공업,바른마루,김제시 바른마루,,,2026-5-0275,20260767181,(주)바른마루,식품제조가공업,전북특별자치도 김제시,식품
김치(배추김치),106,2029-07-29,BIZ047,식품,C12300001,492,2026-07-30,전남광주통합특별시,더담김치,광산구,"제조,가공",2026-5-0273,식품제조가공업,더담김치,광산구 더담김치,,,2026-5-0273,20260324343,더담김치,식품제조가공업,전남광주통합특별시 광산구,식품
어묵,106,2029-07-28,BIZ047,식품,C11000004,494,2026-07-29,전남광주통합특별시,(주)지에프티식품,목포시,"제조,가공",2026-5-0271,식품제조가공업,지에프티식품,목포시 지에프티식품,,,2026-5-0271,20260787238,(주)지에프티식품,식품제조가공업,전남광주통합특별시 목포시,식품
어묵,106,2029-07-28,BIZ047,식품,C11000004,495,2026-07-29,전남광주통합특별시,왕가어업회사법인,목포시,"제조,가공",2026-5-0270,식품제조가공업,왕가어업회사법인,목포시 왕가어업회사법인,,,2026-5-0270,20260787256,왕가어업회사법인,식품제조가공업,전남광주통합특별시 목포시,식품
포장육,604,2029-07-27,BIZ047,축산물,78,497,2026-07-28,전남광주통합특별시,서윤푸드,북구,"제조,가공",2026-5-0268,식육포장처리업,서윤푸드,북구 서윤푸드,,,2026-5-0268,20260317212,서윤푸드,식육포장처리업,전남광주통합특별시 북구,축산물
기타 농산가공품,106,2029-07-27,BIZ047,식품,C10700014,498,2026-07-28,전북특별자치도,농업회사법인유한회사 한우물,정읍시,"제조,가공",2026-5-0267,식품제조가공업,농업회사법인유한회사 한우물,정읍시 농업회사법인유한회사 한우물,,,2026-5-0267,20250746257,농업회사법인유한회사 한우물,식품제조가공업,전북특별자치도 정읍시,식품
캔디류,106,2029-07-27,BIZ047,식품,C09300002,499,2026-07-28,전북특별자치도,농업회사법인유한회사 한우물,정읍시,"제조,가공",2026-5-0266,식품제조가공업,농업회사법인유한회사 한우물,정읍시 농업회사법인유한회사 한우물,,,2026-5-0266,20250746257,농업회사법인유한회사 한우물,식품제조가공업,전북특별자치도 정읍시,식품
빵류,106,2029-07-23,BIZ047,식품,C09300004,500,2026-07-24,전북특별자치도,(주)로엔티크,전주시 덕진구,"제조,가공",2026-5-0265,식품제조가공업,로엔티크,전주시 덕진구 로엔티크,,,2026-5-0265,20260750308,(주)로엔티크,식품제조가공업,전북특별자치도 전주시 덕진구,식품
과자,106,2029-07-23,BIZ047,식품,C09300001,501,2026-07-24,전북특별자치도,(주)로엔티크,전주시 덕진구,"제조,가공",2026-5-0264,식품제조가공업,로엔티크,전주시 덕진구 로엔티크,,,2026-5-0264,20260750308,(주)로엔티크,식품제조가공업,전북특별자치도 전주시 덕진구,식품
떡류,106,2029-07-23,BIZ047,식품,C09300005,502,2026-07-24,전북특별자치도,주식회사 미지푸드,임실군,"제조,가공",2026-5-0263,식품제조가공업,주식회사 미지푸드,임실군 주식회사 미지푸드,,,2026-5-0263,20180352672,주식회사 미지푸드,식품제조가공업,전북특별자치도 임실군,식품
포장육,604,2029-07-22,BIZ047,축산물,78,505,2026-07-23,전북특별자치도,진솔식품,완주군,"제조,가공",2026-5-0260,식육포장처리업,진솔식품,완주군 진솔식품,127.09142800036406,35.913026496662816,2026-5-0260,20240753280,진솔식품,식육포장처리업,전북특별자치도 완주군,축산물
음료베이스,106,2029-07-22,BIZ047,식품,C10100017,506,2026-07-23,전북특별자치도,주식회사 델탑,익산시,"제조,가공",2026-5-0259,식품제조가공업,주식회사 델탑,익산시 주식회사 델탑,,,2026-5-0259,20260758170,주식회사 델탑,식품제조가공업,전북특별자치도 익산시,식품
혼합음료,106,2029-07-22,BIZ047,식품,C10100016,507,2026-07-23,전북특별자치도,주식회사 델탑,익산시,"제조,가공",2026-5-0258,식품제조가공업,주식회사 델탑,익산시 주식회사 델탑,,,2026-5-0258,20260758170,주식회사 델탑,식품제조가공업,전북특별자치도 익산시,식품
과ㆍ채음료,106,2029-07-22,BIZ047,식품,C10100007,508,2026-07-23,전북특별자치도,주식회사 델탑,익산시,"제조,가공",2026-5-0257,식품제조가공업,주식회사 델탑,익산시 주식회사 델탑,,,2026-5-0257,20260758170,주식회사 델탑,식품제조가공업,전북특별자치도 익산시,식품
당류가공품,106,2029-07-22,BIZ047,식품,C09600012,509,2026-07-23,전북특별자치도,주식회사 델탑,익산시,"제조,가공",2026-5-0256,식품제조가공업,주식회사 델탑,익산시 주식회사 델탑,,,2026-5-0256,20260758170,주식회사 델탑,식품제조가공업,전북특별자치도 익산시,식품
기타 수산물가공품 중 냉동어류,106,2029-07-19,BIZ047,식품,C11700001,510,2026-07-20,전북특별자치도,유한회사 태우,군산시,"제조,가공",2026-5-0255,식품제조가공업,유한회사 태우,군산시 유한회사 태우,126.69032200010732,35.93800780079614,2026-5-0255,20260754132,유한회사 태우,식품제조가공업,전북특별자치도 군산시,식품
떡류,106,2029-07-19,BIZ047,식품,C09300005,511,2026-07-20,전북특별자치도,익산농협 식품사업소,익산시,"제조,가공",2026-5-0254,식품제조가공업,익산농협 식품사업소,익산시 익산농협 식품사업소,,,2026-5-0254,20260758179,익산농협 식품사업소,식품제조가공업,전북특별자치도 익산시,식품
고추장,106,2029-07-19,BIZ047,식품,C10300010,512,2026-07-20,전북특별자치도,익산농협 식품사업소,익산시,"제조,가공",2026-5-0253,식품제조가공업,익산농협 식품사업소,익산시 익산농협 식품사업소,,,2026-5-0253,20260758179,익산농협 식품사업소,식품제조가공업,전북특별자치도 익산시,식품
어묵,106,2029-07-19,BIZ047,식품,C11000004,513,2026-07-20,전북특별자치도,푸른바다 어묵,정읍시,"제조,가공",2026-5-0252,식품제조가공업,푸른바다 어묵,정읍시 푸른바다 어묵,126.88375099996732,35.545086303532294,2026-5-0252,20250746153,푸른바다 어묵,식품제조가공업,전북특별자치도 정읍시,식품
기타가공품,106,2029-07-15,BIZ047,식품,C11400002,514,2026-07-16,전북특별자치도,매일유업(주)상하공장,고창군,"제조,가공",2026-5-0251,식품제조가공업,매일유업상하공장,고창군 매일유업상하공장,126.45143400021334,35.4431991036032,2026-5-0251,20070500091,매일유업(주)상하공장,식품제조가공업,전북특별자치도 고창군,식품
떡류,106,2029-07-15,BIZ047,식품,C09300005,515,2026-07-16,전남광주통합특별시,마파도 떡집,영광군,"제조,가공",2026-5-0250,식품제조가공업,마파도 떡집,영광군 마파도 떡집,126.443849099838,35.35914420059458,2026-5-0250,20210531152,마파도 떡집,식품제조가공업,전남광주통합특별시 영광군,식품
포장육,604,2029-07-15,BIZ047,축산물,78,516,2026-07-16,전북특별자치도,장수한우특별시사업단,장수군,"제조,가공",2026-5-0249,식육포장처리업,장수한우특별시사업단,장수군 장수한우특별시사업단,127.51946239688796,35.64761159753625,2026-5-0249,20240759006,장수한우특별시사업단,식육포장처리업,전북특별자치도 장수군,축산물
기타 수산물가공품 중 냉동어류,106,2029-07-12,BIZ047,식품,C11700001,517,2026-07-13,제주특별자치도,영어조합법인제주창해수산도두지점,제주시,"제조,가공",2026-5-0248,식품제조가공업,영어조합법인제주창해수산도두지점,제주시 영어조합법인제주창해수산도두지점,,,2026-5-0248,20250957397,영어조합법인제주창해수산도두지점,식품제조가공업,제주특별자치도 제주시,식품
포장육,604,2029-07-12,BIZ047,축산물,78,518,2026-07-13,전북특별자치도,현대식품,전주시 덕진구,"제조,가공",2026-5-0247,식육포장처리업,현대식품,전주시 덕진구 현대식품,127.16526889995504,35.84415630083395,2026-5-0247,20110477012,현대식품,식육포장처리업,전북특별자치도 전주시 덕진구,축산물
준초콜릿,106,2029-07-09,BIZ047,식품,C09500008,520,2026-07-10,제주특별자치도,(주)한라1950,제주시,"제조,가공",2026-5-0245,식품제조가공업,한라1950,제주시 한라1950,126.47316710037865,33.484058497497,2026-5-0245,20250955472,(주)한라1950,식품제조가공업,제주특별자치도 제주시,식품
초콜릿,106,2029-07-09,BIZ047,식품,C09500005,521,2026-07-10,제주특별자치도,(주)한라1950,제주시,"제조,가공",2026-5-0244,식품제조가공업,한라1950,제주시 한라1950,126.47316710037865,33.484058497497,2026-5-0244,20250955472,(주)한라1950,식품제조가공업,제주특별자치도 제주시,식품
기타 코코아가공품,106,2029-07-09,BIZ047,식품,C09500004,522,2026-07-10,제주특별자치도,(주)한라1950,제주시,"제조,가공",2026-5-0243,식품제조가공업,한라1950,제주시 한라1950,126.47316710037865,33.484058497497,2026-5-0243,20250955472,(주)한라1950,식품제조가공업,제주특별자치도 제주시,식품
과자,106,2029-07-09,BIZ047,식품,C09300001,523,2026-07-10,제주특별자치도,(주)한라1950,제주시,"제조,가공",2026-5-0242,식품제조가공업,한라1950,제주시 한라1950,126.47316710037865,33.484058497497,2026-5-0242,20250955472,(주)한라1950,식품제조가공업,제주특별자치도 제주시,식품
기타잼,106,2029-07-08,BIZ047,식품,C09700002,524,2026-07-09,전북특별자치도,순창군 제2농산물종합가공센터,순창군,"제조,가공",2026-5-0241,식품제조가공업,순창군 제2농산물종합가공센터,순창군 순창군 제2농산물종합가공센터,127.16310589965764,35.37847250112931,2026-5-0241,20240763063,순창군 제2농산물종합가공센터,식품제조가공업,전북특별자치도 순창군,식품
커피,106,2029-07-07,BIZ047,식품,C10100004,525,2026-07-08,전남광주통합특별시,주식회사 다인음료,장흥군,"제조,가공",2026-5-0240,식품제조가공업,주식회사 다인음료,장흥군 주식회사 다인음료,126.93545869972492,34.69306620085756,2026-5-0240,20210525076,주식회사 다인음료,식품제조가공업,전남광주통합특별시 장흥군,식품
빙과,106,2029-07-06,BIZ047,식품,C09400001,526,2026-07-07,전북특별자치도,주식회사 케이에스식품,임실군,"제조,가공",2026-5-0239,식품제조가공업,주식회사 케이에스식품,임실군 주식회사 케이에스식품,,,2026-5-0239,20050498010,주식회사 케이에스식품,식품제조가공업,전북특별자치도 임실군,식품
가공김(조미김 또는 구운김),106,2029-07-06,BIZ047,식품,C11000017,527,2026-07-07,전남광주통합특별시,맛나푸드 주식회사 2공장,함평군,"제조,가공",2026-5-0238,식품제조가공업,맛나푸드 주식회사 2공장,함평군 맛나푸드 주식회사 2공장,,,2026-5-0238,20260826023,맛나푸드 주식회사 2공장,식품제조가공업,전남광주통합특별시 함평군,식품
혼합장,106,2029-07-06,BIZ047,식품,C10300013,529,2026-07-07,전북특별자치도,궁중음식본가주식회사농업회사법인,순창군,"제조,가공",2026-5-0236,식품제조가공업,궁중음식본가주식회사농업회사법인,순창군 궁중음식본가주식회사농업회사법인,127.261643899855,35.470465484131545,2026-5-0236,20080499006,궁중음식본가주식회사농업회사법인,식품제조가공업,전북특별자치도 순창군,식품
청국장,106,2029-07-06,BIZ047,식품,C10300012,530,2026-07-07,전북특별자치도,궁중음식본가주식회사농업회사법인,순창군,"제조,가공",2026-5-0235,식품제조가공업,궁중음식본가주식회사농업회사법인,순창군 궁중음식본가주식회사농업회사법인,127.261643899855,35.470465484131545,2026-5-0235,20080499006,궁중음식본가주식회사농업회사법인,식품제조가공업,전북특별자치도 순창군,식품
고추장,106,2029-07-06,BIZ047,식품,C10300010,531,2026-07-07,전북특별자치도,궁중음식본가주식회사농업회사법인,순창군,"제조,가공",2026-5-0234,식품제조가공업,궁중음식본가주식회사농업회사법인,순창군 궁중음식본가주식회사농업회사법인,127.261643899855,35.470465484131545,2026-5-0234,20080499006,궁중음식본가주식회사농업회사법인,식품제조가공업,전북특별자치도 순창군,식품
한식된장,106,2029-07-06,BIZ047,식품,C10300008,532,2026-07-07,전북특별자치도,궁중음식본가주식회사농업회사법인,순창군,"제조,가공",2026-5-0233,식품제조가공업,궁중음식본가주식회사농업회사법인,순창군 궁중음식본가주식회사농업회사법인,127.261643899855,35.470465484131545,2026-5-0233,20080499006,궁중음식본가주식회사농업회사법인,식품제조가공업,전북특별자치도 순창군,식품
한식간장,106,2029-07-06,BIZ047,식품,C10300003,533,2026-07-07,전북특별자치도,궁중음식본가주식회사농업회사법인,순창군,"제조,가공",2026-5-0232,식품제조가공업,궁중음식본가주식회사농업회사법인,순창군 궁중음식본가주식회사농업회사법인,127.261643899855,35.470465484131545,2026-5-0232,20080499006,궁중음식본가주식회사농업회사법인,식품제조가공업,전북특별자치도 순창군,식품
양조간장,106,2029-07-06,BIZ047,식품,C10300004,534,2026-07-07,전북특별자치도,순창성가정식품(주),순창군,"제조,가공",2026-5-0231,식품제조가공업,순창성가정식품,순창군 순창성가정식품,127.16366989988433,35.38450256910768,2026-5-0231,20190503003,순창성가정식품(주),식품제조가공업,전북특별자치도 순창군,식품
리큐르,402,2029-07-06,BIZ047,식품,C10600010,536,2026-07-07,,오비맥주㈜광주공장,,"제조,가공",2026-5-0229,식품제조가공업(주류제조),오비맥주㈜광주공장,,128.55103810048135,35.93255540021562,2026-5-0229,20130019216,오비맥주㈜광주공장,식품제조가공업(주류),전남광주통합특별시 북구,식품
액상차,106,2029-07-05,BIZ047,식품,C10100002,537,2026-07-06,전남광주통합특별시,까띠끌레융바이오,장성군,"제조,가공",2026-5-0228,식품제조가공업,까띠끌레융바이오,장성군 까띠끌레융바이오,126.83715115787597,35.24514571511801,2026-5-0228,20130221557,까띠끌레융바이오,식품제조가공업,전남광주통합특별시 북구,식품
혼합음료,106,2029-07-05,BIZ047,식품,C10100016,538,2026-07-06,전남광주통합특별시,유한회사 가온누리,영광군,"제조,가공",2026-5-0227,식품제조가공업,유한회사 가온누리,영광군 유한회사 가온누리,126.5784708000888,35.28181563057889,2026-5-0227,20180529040,유한회사 가온누리,식품제조가공업,전남광주통합특별시 영광군,식품
땅콩기름(낙화생유),106,2029-07-01,BIZ047,식품,C09900012,539,2026-07-02,전남광주통합특별시,크레이지피넛,신안군,"제조,가공",2026-5-0226,식품제조가공업,크레이지피넛,신안군 크레이지피넛,,,2026-5-0226,20260836002,크레이지피넛,식품제조가공업,전남광주통합특별시 신안군,식품
땅콩 또는 견과류가공품,106,2029-07-01,BIZ047,식품,C10700006,540,2026-07-02,전남광주통합특별시,크레이지피넛,신안군,"제조,가공",2026-5-0225,식품제조가공업,크레이지피넛,신안군 크레이지피넛,,,2026-5-0225,20260836002,크레이지피넛,식품제조가공업,전남광주통합특별시 신안군,식품
땅콩버터,106,2029-07-01,BIZ047,식품,C10700005,541,2026-07-02,전남광주통합특별시,크레이지피넛,신안군,"제조,가공",2026-5-0224,식품제조가공업,크레이지피넛,신안군 크레이지피넛,,,2026-5-0224,20260836002,크레이지피넛,식품제조가공업,전남광주통합특별시 신안군,식품
포장육,604,2029-06-30,BIZ047,축산물,78,543,2026-07-01,전남광주통합특별시,재이식품,북구,"제조,가공",2026-5-0222,식육포장처리업,재이식품,북구 재이식품,129.34264800252845,36.03028732872447,2026-5-0222,20260317318,재이식품,식육포장처리업,전남광주통합특별시 북구,축산물
어묵,106,2029-06-28,BIZ047,식품,C11000004,544,2026-06-29,전남광주통합특별시,이인옥푸드,여수시,"제조,가공",2026-5-0221,식품제조가공업,이인옥푸드,여수시 이인옥푸드,,,2026-5-0221,20260791038,이인옥푸드,식품제조가공업,전남광주통합특별시 여수시,식품
식용란선별포장업,009,2029-06-28,BIZ048,축산물,901,545,2026-06-29,전북특별자치도,에그팩토리,남원시,"유통,판매,조리",2026-5-0220,식용란선별포장업,에그팩토리,남원시 에그팩토리,,,2026-5-0220,20260742005,에그팩토리,식용란선별포장업,전북특별자치도 남원시,축산물
캔디류,106,2029-06-28,BIZ047,식품,C09300002,546,2026-06-29,전남광주통합특별시,이든식품,광산구,"제조,가공",2026-5-0219,식품제조가공업,이든식품,광산구 이든식품,126.77149720019597,35.120725300636146,2026-5-0219,20160219251,이든식품,식품제조가공업,전남광주통합특별시 남구,식품
과자,106,2029-06-28,BIZ047,식품,C09300001,547,2026-06-29,전북특별자치도,농업회사법인유한회사 긍정농부차씨,김제시,"제조,가공",2026-5-0218,식품제조가공업,농업회사법인유한회사 긍정농부차씨,김제시 농업회사법인유한회사 긍정농부차씨,,,2026-5-0218,20260767137,농업회사법인유한회사 긍정농부차씨,식품제조가공업,전북특별자치도 김제시,식품
양념육,612,2029-06-25,BIZ047,축산물,86,548,2026-06-26,전북특별자치도,퍼지에프앤비 주식회사,군산시,"제조,가공",2026-5-0217,축산물가공업-식육가공업,퍼지에프앤비 주식회사,군산시 퍼지에프앤비 주식회사,,,2026-5-0217,20260742002,퍼지에프앤비주식회사,축산물가공업-식육가공업,전북특별자치도 군산시,축산물
포장육,604,2029-06-25,BIZ047,축산물,78,549,2026-06-26,전북특별자치도,효성식품,전주시 덕진구,"제조,가공",2026-5-0216,식육포장처리업,효성식품,전주시 덕진구 효성식품,127.07672050027035,35.87540970104225,2026-5-0216,20090477002,효성식품,식육포장처리업,전라북도 전주시 덕진구,축산물
기타 수산물가공품 중 냉동어류,106,2029-06-24,BIZ047,식품,C11700001,550,2026-06-25,제주특별자치도,주식회사 제주해본,서귀포시,"제조,가공",2026-5-0215,식품제조가공업,주식회사 제주해본,서귀포시 주식회사 제주해본,,,2026-5-0215,20260978270,주식회사 제주해본,식품제조가공업,제주특별자치도 서귀포시,식품
떡류,106,2029-06-23,BIZ047,식품,C09300005,551,2026-06-24,전남광주통합특별시,호재당,담양군,"제조,가공",2026-5-0214,식품제조가공업,호재당,담양군 호재당,,,2026-5-0214,20260804047,호재당,식품제조가공업,전남광주통합특별시 담양군,식품
식용란수집판매업,635,2029-06-23,BIZ048,축산물,581,552,2026-06-24,전북특별자치도,신선한계란할인마트,군산시,"유통,판매,조리",2026-5-0213,축산물판매업-식용란수집판매업,신선한계란할인마트,군산시 신선한계란할인마트,,,2026-5-0213,20250738732,신선한계란할인마트,축산물판매업-식용란수집판매업,전북특별자치도 군산시,축산물
김칫속,106,2029-06-22,BIZ047,식품,C10500001,553,2026-06-23,전남광주통합특별시,빛고을김치 영농조합법인,광산구,"제조,가공",2026-5-0212,식품제조가공업,빛고을김치 영농조합법인,광산구 빛고을김치 영농조합법인,126.7740253996334,35.11351043084367,2026-5-0212,20050227625,빛고을김치 영농조합법인,식품제조가공업,전남광주통합특별시 광산구,식품
레토르트식품(즉석조리식품),106,2029-06-21,BIZ047,식품,C00200001,554,2026-06-22,전남광주통합특별시,어업회사법인 해스레 유한회사,완도군,"제조,가공",2026-5-0211,식품제조가공업,어업회사법인 해스레 유한회사,완도군 어업회사법인 해스레 유한회사,126.6467590999204,34.38496888936545,2026-5-0211,20200533079,어업회사법인 해스레 유한회사,식품제조가공업,전남광주통합특별시 완도군,식품
과ㆍ채음료,106,2029-06-18,BIZ047,식품,C10100007,556,2026-06-19,전북특별자치도,완주로컬푸드과실생산자협동조합,완주군,"제조,가공",2026-5-0209,식품제조가공업,완주로컬푸드과실생산자협동조합,완주군 완주로컬푸드과실생산자협동조합,127.17224549986295,35.95287983290656,2026-5-0209,20170494010,완주로컬푸드과실생산자협동조합,식품제조가공업,전북특별자치도 완주군,식품
빵류,106,2029-06-18,BIZ047,식품,C09300004,559,2026-06-19,전남광주통합특별시,주식회사 남도제과,목포시,"제조,가공",2026-5-0206,식품제조가공업,주식회사 남도제과,목포시 주식회사 남도제과,126.38460179985609,34.78295960074733,2026-5-0206,20260787071,주식회사 남도제과,식품제조가공업,전남광주통합특별시 목포시,식품
김치(배추김치),106,2029-06-18,BIZ047,식품,C12300001,561,2026-06-19,전남광주통합특별시,땅숨김치,해남군,"제조,가공",2026-5-0204,식품제조가공업,땅숨김치,해남군 땅숨김치,,,2026-5-0204,20260820034,땅숨김치,식품제조가공업,전남광주통합특별시 해남군,식품
탄산음료,106,2029-06-15,BIZ047,식품,C10100008,563,2026-06-16,전북특별자치도,하이트진로(주),완주군,"제조,가공",2026-5-0202,식품제조가공업,하이트진로,완주군 하이트진로,127.17639479962588,35.91866810324577,2026-5-0202,19840597092,하이트진로(주),식품제조가공업,전북특별자치도 완주군,식품
포장육,604,2029-06-15,BIZ047,축산물,78,564,2026-06-16,전남광주통합특별시,(유)나산,광산구,"제조,가공",2026-5-0201,식육포장처리업,나산,광산구 나산,126.7988219996155,35.13411959727091,2026-5-0201,20260324334,(유)나산,식육포장처리업,전남광주통합특별시 광산구,축산물
가공김(조미김 또는 구운김),106,2029-06-14,BIZ047,식품,C11000017,566,2026-06-15,전남광주통합특별시,대천맛김주식회사,목포시,"제조,가공",2026-5-0198,식품제조가공업,대천맛김주식회사,목포시 대천맛김주식회사,,,2026-5-0198,20250771747,대천맛김주식회사,식품제조가공업,전남광주통합특별시 목포시,식품
양념육,612,2029-06-14,BIZ047,축산물,86,567,2026-06-15,전남광주통합특별시,갈비정복,담양군,"제조,가공",2026-5-0197,축산물가공업-식육가공업,갈비정복,담양군 갈비정복,,,2026-5-0197,20260785001,갈비정복,축산물가공업-식육가공업,전남광주통합특별시 담양군,축산물
캔디류,106,2029-06-11,BIZ047,식품,C09300002,568,2026-06-12,전북특별자치도,주)남양에이치앤비파일럿플랜트공장,익산시,"제조,가공",2026-5-0196,식품제조가공업,주)남양에이치앤비파일럿플랜트공장,익산시 주)남양에이치앤비파일럿플랜트공장,,,2026-5-0196,20250742860,주)남양에이치앤비파일럿플랜트공장,식품제조가공업,전북특별자치도 익산시,식품
김칫속,106,2029-06-10,BIZ047,식품,C10500001,569,2026-06-11,전남광주통합특별시,새벽팜 1공장,장성군,"제조,가공",2026-5-0195,식품제조가공업,새벽팜 1공장,장성군 새벽팜 1공장,126.83523849977526,35.24541399702112,2026-5-0195,20130227084,(주)새벽(1공장),식품제조가공업,전남광주통합특별시 광산구,식품
들기름,106,2029-06-09,BIZ047,식품,C09900007,570,2026-06-10,전남광주통합특별시,농업회사법인 (주) 더바른,함평군,"제조,가공",2026-5-0194,식품제조가공업,농업회사법인  더바른,함평군 농업회사법인  더바른,126.60768760024592,35.119021100560296,2026-5-0194,20200530024,농업회사법인 (주) 더바른,식품제조가공업,전남광주통합특별시 함평군,식품
참기름,106,2029-06-09,BIZ047,식품,C09900005,571,2026-06-10,전남광주통합특별시,농업회사법인 (주) 더바른,함평군,"제조,가공",2026-5-0193,식품제조가공업,농업회사법인  더바른,함평군 농업회사법인  더바른,126.60768760024592,35.119021100560296,2026-5-0193,20200530024,농업회사법인 (주) 더바른,식품제조가공업,전남광주통합특별시 함평군,식품
가공김(조미김 또는 구운김),106,2029-06-09,BIZ047,식품,C11000017,572,2026-06-10,전남광주통합특별시,김굽는마을,무안군,"제조,가공",2026-5-0184,식품제조가공업,김굽는마을,무안군 김굽는마을,126.40492029944208,34.95173632330604,2026-5-0184,20200529156,김굽는마을,식품제조가공업,전남광주통합특별시 무안군,식품
참기름,106,2029-06-07,BIZ047,식품,C09900005,573,2026-06-08,전남광주통합특별시,광양꼬수미,광양시,"제조,가공",2026-5-0183,식품제조가공업,광양꼬수미,광양시 광양꼬수미,127.57668395889036,34.97891918870788,2026-5-0183,20260801057,광양꼬수미,식품제조가공업,전남광주통합특별시 광양시,식품
두부,106,2029-06-07,BIZ047,식품,C09800001,574,2026-06-08,전남광주통합특별시,광양꼬수미,광양시,"제조,가공",2026-5-0182,식품제조가공업,광양꼬수미,광양시 광양꼬수미,127.57668395889036,34.97891918870788,2026-5-0182,20260801057,광양꼬수미,식품제조가공업,전남광주통합특별시 광양시,식품
추출가공식품,106,2029-06-07,BIZ047,식품,C11100007,575,2026-06-08,전남광주통합특별시,팜앤조이,화순군,"제조,가공",2026-5-0181,식품제조가공업,팜앤조이,화순군 팜앤조이,126.95601960006422,34.99251909795953,2026-5-0181,20200524134,팜앤조이,식품제조가공업,전남광주통합특별시 화순군,식품
포장육,604,2029-06-03,BIZ047,축산물,78,576,2026-06-04,제주특별자치도,(주)우영미트,제주시,"제조,가공",2026-5-0180,식육포장처리업,우영미트,제주시 우영미트,126.29842590049462,33.34991664741772,2026-5-0180,20200620926,(주)우영미트,식육포장처리업,제주특별자치도 제주시,축산물
포장육,604,2029-05-31,BIZ047,축산물,78,579,2026-06-01,전남광주통합특별시,주식회사태자유통,북구,"제조,가공",2026-5-0177,식육포장처리업,주식회사태자유통,북구 주식회사태자유통,126.91722439968738,35.251874601279816,2026-5-0177,20170221759,주식회사태자유통,식육포장처리업,전남광주통합특별시 북구,축산물
김치(배추김치),106,2029-05-28,BIZ047,식품,C12300001,580,2026-05-29,전북특별자치도,지니식품(주),장수군,"제조,가공",2026-5-0176,식품제조가공업,지니식품,장수군 지니식품,,,2026-5-0176,20260775004,지니식품(주),식품제조가공업,전북특별자치도 장수군,식품
떡류,106,2029-05-27,BIZ047,식품,C09300005,581,2026-05-28,전남광주통합특별시,백년떡집,담양군,"제조,가공",2026-5-0175,식품제조가공업,백년떡집,담양군 백년떡집,,,2026-5-0175,20260804023,주식회사 백년,식품제조가공업,전남광주통합특별시 담양군,식품
액상차,106,2029-05-21,BIZ047,식품,C10100002,583,2026-05-22,제주특별자치도,(주)삼다올레,제주시,"제조,가공",2026-5-0173,식품제조가공업,삼다올레,제주시 삼다올레,126.80427650045516,33.54745639867345,2026-5-0173,20070627457,(주)삼다올레,식품제조가공업,제주특별자치도 제주시,식품
식육추출가공품,612,2029-05-21,BIZ047,축산물,89,584,2026-05-22,제주특별자치도,(주)삼다올레,제주시,"제조,가공",2026-5-0172,축산물가공업-식육가공업,삼다올레,제주시 삼다올레,126.80427650045516,33.54745639867345,2026-5-0172,20230904005,(주)삼다올레,축산물가공업-식육가공업,제주특별자치도 제주시,축산물
절임식품,106,2029-05-20,BIZ047,식품,C10500003,585,2026-05-21,전남광주통합특별시,팔팔씨푸드,무안군,"제조,가공",2026-5-0171,식품제조가공업,팔팔씨푸드,무안군 팔팔씨푸드,126.47105060032536,34.80804586229874,2026-5-0171,20200529041,팔팔씨푸드,식품제조가공업,전남광주통합특별시 무안군,식품
기타 수산물가공품,106,2029-05-20,BIZ047,식품,C11000016,586,2026-05-21,전남광주통합특별시,팔팔씨푸드,무안군,"제조,가공",2026-5-0170,식품제조가공업,팔팔씨푸드,무안군 팔팔씨푸드,126.47105060032536,34.80804586229874,2026-5-0170,20200529041,팔팔씨푸드,식품제조가공업,전남광주통합특별시 무안군,식품
고춧가루,106,2029-05-18,BIZ047,식품,C10400009,588,2026-05-19,전북특별자치도,더담은농업회사법인유한회사,정읍시,"제조,가공",2026-5-0168,식품제조가공업,더담은농업회사법인유한회사,정읍시 더담은농업회사법인유한회사,126.81224229956251,35.58979289568126,2026-5-0168,20240746296,더담은농업회사법인유한회사,식품제조가공업,전북특별자치도 정읍시,식품
즉석조리식품,106,2029-05-18,BIZ047,식품,C11300005,589,2026-05-19,전남광주통합특별시,구이푸드,광산구,"제조,가공",2026-5-0167,식품제조가공업,구이푸드,광산구 구이푸드,126.75494199956222,35.135718403339965,2026-5-0167,20170528132,구이푸드,식품제조가공업,전남광주통합특별시 장성군,식품
떡류,106,2029-05-17,BIZ047,식품,C09300005,590,2026-05-18,전남광주통합특별시,거문도해풍쑥영농조합법인,여수시,"제조,가공",2026-5-0166,식품제조가공업,거문도해풍쑥영농조합법인,여수시 거문도해풍쑥영농조합법인,127.7280511997246,34.633493201070834,2026-5-0166,20130506230,거문도해풍쑥영농조합법인,식품제조가공업,전남광주통합특별시 여수시,식품
김치(기타김치),106,2029-05-14,BIZ047,식품,C10500002,591,2026-05-15,전남광주통합특별시,유제,여수시,"제조,가공",2026-5-0165,식품제조가공업,유제,여수시 유제,127.67014090037384,34.76148410103261,2026-5-0165,20260791036,유제,식품제조가공업,전남광주통합특별시 여수시,식품
김치(배추김치),106,2029-05-14,BIZ047,식품,C12300001,592,2026-05-15,전남광주통합특별시,유제,여수시,"제조,가공",2026-5-0164,식품제조가공업,유제,여수시 유제,127.67014090037384,34.76148410103261,2026-5-0164,20260791036,유제,식품제조가공업,전남광주통합특별시 여수시,식품
절임식품,106,2029-05-11,BIZ047,식품,C10500003,596,2026-05-12,전남광주통합특별시,삼성식품(주),영암군,"제조,가공",2026-5-0160,식품제조가공업,삼성식품,영암군 삼성식품,126.44989870006717,34.75745972032068,2026-5-0160,20090524104,삼성식품(주),식품제조가공업,전남광주통합특별시 영암군,식품
소스,106,2029-05-10,BIZ047,식품,C10400003,597,2026-05-11,전북특별자치도,주)다고내푸드,익산시,"제조,가공",2026-5-0159,식품제조가공업,주)다고내푸드,익산시 주)다고내푸드,,,2026-5-0159,20020487091,주)다고내푸드,식품제조가공업,전북특별자치도 익산시,식품
소스,106,2029-05-07,BIZ047,식품,C10400003,598,2026-05-08,전북특별자치도,지리산맑은물춘향골영농조합법인,남원시,"제조,가공",2026-5-0158,식품제조가공업,지리산맑은물춘향골영농조합법인,남원시 지리산맑은물춘향골영농조합법인,127.44789849954076,35.389230373383306,2026-5-0158,20090492133,지리산맑은물춘향골영농조합법인,식품제조가공업,전북특별자치도 남원시,식품
양념육,612,2029-05-05,BIZ047,축산물,86,599,2026-05-06,전북특별자치도,(유)평화축산에스디에프앤씨,익산시,"제조,가공",2026-5-0157,축산물가공업-식육가공업,평화축산에스디에프앤씨,익산시 평화축산에스디에프앤씨,127.0409717002001,35.98323870367976,2026-5-0157,20250726002,(유)평화축산에스디에프앤씨,축산물가공업-식육가공업,전북특별자치도 익산시,축산물
포장육,604,2029-05-05,BIZ047,축산물,78,600,2026-05-06,제주특별자치도,유성푸드,제주시,"제조,가공",2026-5-0156,식육포장처리업,유성푸드,제주시 유성푸드,,,2026-5-0156,20260971263,유성푸드,식육포장처리업,제주특별자치도 제주시,축산물
과ㆍ채주스,106,2029-05-03,BIZ047,식품,C10100006,601,2026-05-04,전북특별자치도,장수융복합가공지원센터,장수군,"제조,가공",2026-5-0155,식품제조가공업,장수융복합가공지원센터,장수군 장수융복합가공지원센터,127.5232477003971,35.64107220046239,2026-5-0155,20260775010,장수융복합가공지원센터,식품제조가공업,전북특별자치도 장수군,식품
액상차,106,2029-05-03,BIZ047,식품,C10100002,602,2026-05-04,전북특별자치도,장수융복합가공지원센터,장수군,"제조,가공",2026-5-0154,식품제조가공업,장수융복합가공지원센터,장수군 장수융복합가공지원센터,127.5232477003971,35.64107220046239,2026-5-0154,20260775010,장수융복합가공지원센터,식품제조가공업,전북특별자치도 장수군,식품
혼합음료,106,2029-04-29,BIZ047,식품,C10100016,603,2026-04-30,전북특별자치도,(주)케비젠,전주시 덕진구,"제조,가공",2026-5-0153,식품제조가공업,케비젠,전주시 덕진구 케비젠,127.08790740043848,35.85747260045161,2026-5-0153,20150481214,(주)케비젠,식품제조가공업,전북특별자치도 전주시 덕진구,식품
효소식품,106,2029-04-29,BIZ047,식품,C10700009,604,2026-04-30,전북특별자치도,(주)케비젠,전주시 덕진구,"제조,가공",2026-5-0152,식품제조가공업,케비젠,전주시 덕진구 케비젠,127.08790740043848,35.85747260045161,2026-5-0152,20150481214,(주)케비젠,식품제조가공업,전북특별자치도 전주시 덕진구,식품
포장육,604,2029-04-29,BIZ047,축산물,78,605,2026-04-30,전남광주통합특별시,약산흑염소 영농조합법인,완도군,"제조,가공",2026-5-0151,식육포장처리업,약산흑염소 영농조합법인,완도군 약산흑염소 영농조합법인,126.9285960000129,34.38488180379415,2026-5-0151,20170529022,약산흑염소 영농조합법인,식육포장처리업,전남광주통합특별시 완도군,축산물
"분쇄가공육제품,식육추출가공품",612,2029-04-29,BIZ047,축산물,"87,89",606,2026-04-30,전남광주통합특별시,약산흑염소 영농조합법인,완도군,"제조,가공",2026-5-0150,축산물가공업-식육가공업,약산흑염소 영농조합법인,완도군 약산흑염소 영농조합법인,126.9285960000129,34.38488180379415,2026-5-0150,20200506041,약산흑염소 영농조합법인,축산물가공업-식육가공업,전남광주통합특별시 완도군,축산물
떡류,106,2029-04-28,BIZ047,식품,C09300005,607,2026-04-29,전남광주통합특별시,희망이 샘솟는 떡집,영광군,"제조,가공",2026-5-0149,식품제조가공업,희망이 샘솟는 떡집,영광군 희망이 샘솟는 떡집,126.46509479842332,35.26245013158034,2026-5-0149,20110527075,희망이 샘솟는 떡집,식품제조가공업,전남광주통합특별시 영광군,식품
잼,106,2029-04-27,BIZ047,식품,C09700001,608,2026-04-28,제주특별자치도,헤스티아,제주시,"제조,가공",2026-5-0148,식품제조가공업,헤스티아,제주시 헤스티아,126.52989328980313,33.48437254346427,2026-5-0148,20250963148,헤스티아,식품제조가공업,제주특별자치도 서귀포시,식품
과ㆍ채음료,106,2029-04-27,BIZ047,식품,C10100007,610,2026-04-28,전북특별자치도,임실따담영농조합법인,임실군,"제조,가공",2026-5-0146,식품제조가공업,임실따담영농조합법인,임실군 임실따담영농조합법인,127.32220110027052,35.602713301009814,2026-5-0146,20210502052,임실따담영농조합법인,식품제조가공업,전북특별자치도 임실군,식품
포장육,604,2029-04-26,BIZ047,축산물,78,611,2026-04-27,전남광주통합특별시,대광축산,광산구,"제조,가공",2026-5-0145,식육포장처리업,대광축산,광산구 대광축산,126.7576948994852,35.140370301014244,2026-5-0145,20150227710,대광축산,식육포장처리업,전남광주통합특별시 광산구,축산물
당류가공품,106,2029-04-21,BIZ047,식품,C09600012,612,2026-04-22,전남광주통합특별시,어업회사법인케이솔트(주),무안군,"제조,가공",2026-5-0144,식품제조가공업,어업회사법인케이솔트,무안군 어업회사법인케이솔트,126.43113209958636,34.934815777204165,2026-5-0144,20140525068,어업회사법인케이솔트(주),식품제조가공업,전남광주통합특별시 무안군,식품
액상차,106,2029-04-21,BIZ047,식품,C10100002,613,2026-04-22,제주특별자치도,제주농산주식회사,서귀포시,"제조,가공",2026-5-0143,식품제조가공업,제주농산주식회사,서귀포시 제주농산주식회사,,,2026-5-0143,19850631026,제주농산주식회사,식품제조가공업,제주특별자치도 서귀포시,식품
햄,612,2029-04-21,BIZ047,축산물,79,614,2026-04-22,전북특별자치도,모락식품,전주시 덕진구,"제조,가공",2026-5-0142,축산물가공업-식육가공업,모락식품,전주시 덕진구 모락식품,,,2026-5-0142,20260742001,모락식품,축산물가공업-식육가공업,전북특별자치도 전주시 덕진구,축산물
신선편의식품,106,2029-04-21,BIZ047,식품,C11300004,615,2026-04-22,전남광주통합특별시,팜에이트,광산구,"제조,가공",2026-5-0141,식품제조가공업,팜에이트,광산구 팜에이트,126.67942210021488,35.12324120104572,2026-5-0141,20220299954,팜에이트,식품제조가공업,전남광주통합특별시 광산구,식품
식품소분업(곡류가공품),405,2029-04-16,BIZ048,식품,H02200001,617,2026-04-17,전남광주통합특별시,석곡농협 누룽지 가공사업소,곡성군,"유통,판매,조리",2026-5-0139,식품소분업,석곡농협 누룽지 가공사업소,곡성군 석곡농협 누룽지 가공사업소,127.26039590023544,35.12924860130166,2026-5-0139,20250790150,석곡농협 누룽지 가공사업소,식품소분업,전남광주통합특별시 곡성군,식품
절임식품,106,2029-04-16,BIZ047,식품,C10500003,618,2026-04-17,전남광주통합특별시,영산홍어㈜,나주시,"제조,가공",2026-5-0138,식품제조가공업,영산홍어㈜,나주시 영산홍어㈜,126.709840419175,34.999400162191684,2026-5-0138,20010512058,영산홍어(주),식품제조가공업,전남광주통합특별시 나주시,식품
캔디류,106,2029-04-16,BIZ047,식품,C09300002,619,2026-04-17,전남광주통합특별시,덕동원영농조합법인,순천시,"제조,가공",2026-5-0137,식품제조가공업,덕동원영농조합법인,순천시 덕동원영농조합법인,127.247949500048,34.97117060063296,2026-5-0137,20060509421,덕동원영농조합법인,식품제조가공업,전남광주통합특별시 순천시,식품
효소식품,106,2029-04-15,BIZ047,식품,C10700009,621,2026-04-16,전북특별자치도,주식회사 에이브바이오랩스,익산시,"제조,가공",2026-5-0135,식품제조가공업,주식회사 에이브바이오랩스,익산시 주식회사 에이브바이오랩스,,,2026-5-0135,20220683473,주식회사 에이브바이오랩스,식품제조가공업,전북특별자치도 익산시,식품
음료베이스,106,2029-04-15,BIZ047,식품,C10100017,622,2026-04-16,전북특별자치도,주식회사 에이브바이오랩스,익산시,"제조,가공",2026-5-0134,식품제조가공업,주식회사 에이브바이오랩스,익산시 주식회사 에이브바이오랩스,,,2026-5-0134,20220683473,주식회사 에이브바이오랩스,식품제조가공업,전북특별자치도 익산시,식품
당류가공품,106,2029-04-15,BIZ047,식품,C09600012,623,2026-04-16,전북특별자치도,주식회사 에이브바이오랩스,익산시,"제조,가공",2026-5-0133,식품제조가공업,주식회사 에이브바이오랩스,익산시 주식회사 에이브바이오랩스,,,2026-5-0133,20220683473,주식회사 에이브바이오랩스,식품제조가공업,전북특별자치도 익산시,식품
포장육,604,2029-04-14,BIZ047,축산물,78,624,2026-04-15,전남광주통합특별시,(주)해온푸드,나주시,"제조,가공",2026-5-0132,식육포장처리업,해온푸드,나주시 해온푸드,126.75360569991592,35.03569310011433,2026-5-0132,20250783537,(주)해온푸드,식육포장처리업,전남광주통합특별시 나주시,축산물
청국장,106,2029-04-13,BIZ047,식품,C10300012,625,2026-04-14,전북특별자치도,서스팜,익산시,"제조,가공",2026-5-0131,식품제조가공업,서스팜,익산시 서스팜,,,2026-5-0131,20260758087,서스팜,식품제조가공업,전북특별자치도 익산시,식품
절임식품,106,2029-04-12,BIZ047,식품,C10500003,626,2026-04-13,전남광주통합특별시,농업회사법인(주) 황금마을,해남군,"제조,가공",2026-5-0130,식품제조가공업,농업회사법인 황금마을,해남군 농업회사법인 황금마을,,,2026-5-0130,20140523035,농업회사법인(주) 황금마을,식품제조가공업,전남광주통합특별시 해남군,식품
포장육,604,2029-04-09,BIZ047,축산물,78,627,2026-04-10,전북특별자치도,구르미,익산시,"제조,가공",2026-5-0129,식육포장처리업,구르미,익산시 구르미,126.95544409995208,36.08599910117463,2026-5-0129,20260758084,구르미,식육포장처리업,전북특별자치도 익산시,축산물
떡류,106,2029-04-09,BIZ047,식품,C09300005,628,2026-04-10,전남광주통합특별시,주식회사큰나무,순천시,"제조,가공",2026-5-0128,식품제조가공업,주식회사큰나무,순천시 주식회사큰나무,,,2026-5-0128,20250779936,주식회사큰나무,식품제조가공업,전남광주통합특별시 순천시,식품
포장육,604,2029-04-08,BIZ047,축산물,78,629,2026-04-09,전남광주통합특별시,(주)디에스팜,북구,"제조,가공",2026-5-0127,식육포장처리업,디에스팜,북구 디에스팜,,,2026-5-0127,20250314025,(주)디에스팜,식육포장처리업,전남광주통합특별시 북구,축산물
포장육,604,2029-04-07,BIZ047,축산물,78,630,2026-04-08,전남광주통합특별시,청정마을,북구,"제조,가공",2026-5-0126,식육포장처리업,청정마을,북구 청정마을,126.88006989960522,35.19457740044088,2026-5-0126,20170221590,청정마을,식육포장처리업,전남광주통합특별시 북구,축산물
포장육,604,2029-04-07,BIZ047,축산물,78,631,2026-04-08,전남광주통합특별시,(주)해지천,여수시,"제조,가공",2026-5-0125,식육포장처리업,해지천,여수시 해지천,127.65398010051156,34.77354200096181,2026-5-0125,20250775508,(주)해지천,식육포장처리업,전남광주통합특별시 여수시,축산물
기타 수산물가공품 중 냉동연체류,106,2029-04-07,BIZ047,식품,C11800001,632,2026-04-08,전남광주통합특별시,수산물을 사랑하는 사람들,여수시,"제조,가공",2026-5-0124,식품제조가공업,수산물을 사랑하는 사람들,여수시 수산물을 사랑하는 사람들,,,2026-5-0124,20260791047,수산물을 사랑하는 사람들,식품제조가공업,전남광주통합특별시 여수시,식품
기타 수산물가공품 중 냉동어류,106,2029-04-07,BIZ047,식품,C11700001,633,2026-04-08,전남광주통합특별시,수산물을 사랑하는 사람들,여수시,"제조,가공",2026-5-0123,식품제조가공업,수산물을 사랑하는 사람들,여수시 수산물을 사랑하는 사람들,,,2026-5-0123,20260791047,수산물을 사랑하는 사람들,식품제조가공업,전남광주통합특별시 여수시,식품
기타 수산물가공품,106,2029-04-07,BIZ047,식품,C11000016,634,2026-04-08,전남광주통합특별시,수산물을 사랑하는 사람들,여수시,"제조,가공",2026-5-0122,식품제조가공업,수산물을 사랑하는 사람들,여수시 수산물을 사랑하는 사람들,,,2026-5-0122,20260791047,수산물을 사랑하는 사람들,식품제조가공업,전남광주통합특별시 여수시,식품
"양념육,분쇄가공육제품,갈비가공품,식육추출가공품",612,2029-04-06,BIZ047,축산물,"86,87,88,89",635,2026-04-07,전남광주통합특별시,주식회사 성도에프엠,화순군,"제조,가공",2026-5-0121,축산물가공업-식육가공업,주식회사 성도에프엠,화순군 주식회사 성도에프엠,,,2026-5-0121,20250769011,주식회사 성도에프엠,축산물가공업-식육가공업,전남광주통합특별시 화순군,축산물
기타 수산물가공품,106,2029-04-02,BIZ047,식품,C11000016,636,2026-04-03,전남광주통합특별시,해초식품,광산구,"제조,가공",2026-5-0120,식품제조가공업,해초식품,광산구 해초식품,126.81460569970592,35.15379889953416,2026-5-0120,20010227987,해초식품,식품제조가공업,전남광주통합특별시 광산구,식품
절임식품,106,2029-04-02,BIZ047,식품,C10500003,637,2026-04-03,전북특별자치도,농업회사법인 유한회사 유연,순창군,"제조,가공",2026-5-0119,식품제조가공업,농업회사법인 유한회사 유연,순창군 농업회사법인 유한회사 유연,,,2026-5-0119,20250763072,농업회사법인 유한회사 유연,식품제조가공업,전북특별자치도 순창군,식품
즉석조리식품,106,2029-04-02,BIZ047,식품,C11300005,638,2026-04-03,전남광주통합특별시,(재)전남바이오진흥원,화순군,"제조,가공",2026-5-0118,식품제조가공업,전남바이오진흥원,화순군 전남바이오진흥원,,,2026-5-0118,20260814005,(재)전남바이오진흥원,식품제조가공업,전남광주통합특별시 화순군,식품
양념육,612,2029-04-02,BIZ047,축산물,86,639,2026-04-03,전북특별자치도,농업회사법인 유한회사 해찬식품(익산지점),익산시,"제조,가공",2026-5-0117,축산물가공업-식육가공업,농업회사법인 유한회사 해찬식품,익산시 농업회사법인 유한회사 해찬식품,127.02633150007073,36.076157797491774,2026-5-0117,20250726013,농업회사법인 유한회사 해찬식품(익산지점),축산물가공업-식육가공업,전북특별자치도 익산시,축산물
포장육,604,2029-04-01,BIZ047,축산물,78,640,2026-04-02,전남광주통합특별시,올푸드 시스템,남구,"제조,가공",2026-5-0116,식육포장처리업,올푸드 시스템,남구 올푸드 시스템,126.81715950004237,35.05666150053321,2026-5-0116,20260314050,올푸드 시스템,식육포장처리업,전남광주통합특별시 남구,축산물
떡류,106,2029-04-01,BIZ047,식품,C09300005,641,2026-04-02,전남광주통합특별시,명진식품,광양시,"제조,가공",2026-5-0115,식품제조가공업,명진식품,광양시 명진식품,127.7171828951353,35.01667715410021,2026-5-0115,20250785549,명진식품,식품제조가공업,전남광주통합특별시 광양시,식품
포장육,604,2029-04-01,BIZ047,축산물,78,642,2026-04-02,전남광주통합특별시,조에푸드 시스템,남구,"제조,가공",2026-5-0114,식육포장처리업,조에푸드 시스템,남구 조에푸드 시스템,126.81715950004237,35.05666150053321,2026-5-0114,20260314049,조에푸드 시스템,식육포장처리업,전남광주통합특별시 남구,축산물
기타 농산가공품,106,2029-04-01,BIZ047,식품,C10700014,643,2026-04-02,전남광주통합특별시,농업회사법인 (주) 더바른,함평군,"제조,가공",2026-5-0113,식품제조가공업,농업회사법인  더바른,함평군 농업회사법인  더바른,126.60768760024592,35.119021100560296,2026-5-0113,20200530024,농업회사법인 (주) 더바른,식품제조가공업,전남광주통합특별시 함평군,식품
양념육,612,2029-03-31,BIZ047,축산물,86,644,2026-04-01,전북특별자치도,주식회사 유피에프앤비 농업회사법인,김제시,"제조,가공",2026-5-0112,축산물가공업-식육가공업,주식회사 유피에프앤비 농업회사법인,김제시 주식회사 유피에프앤비 농업회사법인,,,2026-5-0112,20150476040,주식회사 유피에프앤비 농업회사법인,축산물가공업-식육가공업,전북특별자치도 김제시,축산물
포장육,604,2029-03-31,BIZ047,축산물,78,645,2026-04-01,전북특별자치도,주식회사 유피에프앤비 농업회사법인,김제시,"제조,가공",2026-5-0111,식육포장처리업,주식회사 유피에프앤비 농업회사법인,김제시 주식회사 유피에프앤비 농업회사법인,,,2026-5-0111,20070493136,주식회사 유피에프앤비 농업회사법인,식육포장처리업,전북특별자치도 김제시,축산물
액상차,106,2029-03-30,BIZ047,식품,C10100002,646,2026-03-31,전북특별자치도,(주)함소아제약 익산공장,익산시,"제조,가공",2026-5-0110,식품제조가공업,함소아제약 익산공장,익산시 함소아제약 익산공장,126.992722000171,36.03624670098836,2026-5-0110,20220683129,(주)함소아제약 익산공장,식품제조가공업,전북특별자치도 익산시,식품
고추장,106,2029-03-30,BIZ047,식품,C10300010,647,2026-03-31,전북특별자치도,(주)참고을 지평선제2공장,김제시,"제조,가공",2026-5-0109,식품제조가공업,참고을 지평선제2공장,김제시 참고을 지평선제2공장,126.87961340045028,35.841855000666015,2026-5-0109,20230700242,(주)참고을 지평선제2공장,식품제조가공업,전북특별자치도 김제시,식품
당류가공품,106,2029-03-30,BIZ047,식품,C09600012,648,2026-03-31,전북특별자치도,(주)참고을 지평선제2공장,김제시,"제조,가공",2026-5-0108,식품제조가공업,참고을 지평선제2공장,김제시 참고을 지평선제2공장,126.87961340045028,35.841855000666015,2026-5-0108,20230700242,(주)참고을 지평선제2공장,식품제조가공업,전북특별자치도 김제시,식품
된장,106,2029-03-30,BIZ047,식품,C10300009,649,2026-03-31,전북특별자치도,(주)참고을 지평선제2공장,김제시,"제조,가공",2026-5-0107,식품제조가공업,참고을 지평선제2공장,김제시 참고을 지평선제2공장,126.87961340045028,35.841855000666015,2026-5-0107,20230700242,(주)참고을 지평선제2공장,식품제조가공업,전북특별자치도 김제시,식품
김치(배추김치),106,2029-03-30,BIZ047,식품,C12300001,650,2026-03-31,전남광주통합특별시,한가람식품(주)2공장,장성군,"제조,가공",2026-5-0106,식품제조가공업,한가람식품2공장,장성군 한가람식품2공장,,,2026-5-0106,20260830008,한가람식품(주)2공장,식품제조가공업,전남광주통합특별시 장성군,식품
포장육,604,2029-03-30,BIZ047,축산물,78,651,2026-03-31,전남광주통합특별시,큰빛유통,광산구,"제조,가공",2026-5-0105,식육포장처리업,큰빛유통,광산구 큰빛유통,,,2026-5-0105,20260324121,큰빛유통,식육포장처리업,전남광주통합특별시 광산구,축산물
향미유,106,2029-03-29,BIZ047,식품,C09900021,652,2026-03-30,전북특별자치도,동방제유 주식회사,장수군,"제조,가공",2026-5-0104,식품제조가공업,동방제유 주식회사,장수군 동방제유 주식회사,127.51723459910728,35.62648903367216,2026-5-0104,20170497031,동방제유 주식회사,식품제조가공업,전북특별자치도 장수군,식품
올리브유,106,2029-03-29,BIZ047,식품,C09900013,653,2026-03-30,전북특별자치도,동방제유 주식회사,장수군,"제조,가공",2026-5-0103,식품제조가공업,동방제유 주식회사,장수군 동방제유 주식회사,127.51723459910728,35.62648903367216,2026-5-0103,20170497031,동방제유 주식회사,식품제조가공업,전북특별자치도 장수군,식품
김치(배추김치),106,2029-03-29,BIZ047,식품,C12300001,654,2026-03-30,전남광주통합특별시,수진이네 묵은지,함평군,"제조,가공",2026-5-0102,식품제조가공업,수진이네 묵은지,함평군 수진이네 묵은지,,,2026-5-0102,20250810105,수진이네 묵은지,식품제조가공업,전남광주통합특별시 함평군,식품
즉석조리식품,106,2029-03-26,BIZ047,식품,C11300005,655,2026-03-27,제주특별자치도,(재)제주테크노파크용암해수센터3호관,제주시,"제조,가공",2026-5-0101,식품제조가공업,제주테크노파크용암해수센터3호관,제주시 제주테크노파크용암해수센터3호관,,,2026-5-0101,20260971110,(재)제주테크노파크용암해수센터3호관,식품제조가공업,제주특별자치도 제주시,식품
기타 농산가공품,106,2029-03-25,BIZ047,식품,C10700014,656,2026-03-26,전북특별자치도,진보기업,군산시,"제조,가공",2026-5-0100,식품제조가공업,진보기업,군산시 진보기업,,,2026-5-0100,20190488664,진보기업,식품제조가공업,전북특별자치도 군산시,식품
기타식물성유지,106,2029-03-25,BIZ047,식품,C09900017,657,2026-03-26,전북특별자치도,진보기업,군산시,"제조,가공",2026-5-0099,식품제조가공업,진보기업,군산시 진보기업,,,2026-5-0099,20190488664,진보기업,식품제조가공업,전북특별자치도 군산시,식품
가공김(조미김 또는 구운김),106,2029-03-24,BIZ047,식품,C11000017,658,2026-03-25,전남광주통합특별시,어업회사법인(주)예원,강진군,"제조,가공",2026-5-0098,식품제조가공업,어업회사법인예원,강진군 어업회사법인예원,126.78783890441346,34.58982481185652,2026-5-0098,20200526043,어업회사법인(주)예원,식품제조가공업,전남광주통합특별시 강진군,식품
포장육,604,2029-03-24,BIZ047,축산물,78,659,2026-03-25,전남광주통합특별시,(주) 체리부로 수옥지점,장성군,"제조,가공",2026-5-0097,식육포장처리업,체리부로 수옥지점,장성군  체리부로 수옥지점,126.69604720033792,35.27160290414045,2026-5-0097,20250814021,(주) 체리부로 수옥지점,식육포장처리업,전남광주통합특별시 장성군,축산물
당류가공품,106,2029-03-24,BIZ047,식품,C09600012,660,2026-03-25,전북특별자치도,(주)용문농업회사법인,전주시 덕진구,"제조,가공",2026-5-0096,식품제조가공업,용문농업회사법인,전주시 덕진구 용문농업회사법인,127.03622900036798,35.8788389011092,2026-5-0096,20230683091,"(주)용문농업회사법인(YONGMUN Agricultural Co.,Ltd.)",식품제조가공업,전북특별자치도 전주시 덕진구,식품
과자,106,2029-03-24,BIZ047,식품,C09300001,661,2026-03-25,전북특별자치도,(주)용문농업회사법인,전주시 덕진구,"제조,가공",2026-5-0095,식품제조가공업,용문농업회사법인,전주시 덕진구 용문농업회사법인,127.03622900036798,35.8788389011092,2026-5-0095,20230683091,"(주)용문농업회사법인(YONGMUN Agricultural Co.,Ltd.)",식품제조가공업,전북특별자치도 전주시 덕진구,식품
침출차,106,2029-03-22,BIZ047,식품,C10100001,663,2026-03-23,전남광주통합특별시,또또아랑 뻥이 터졌다!,화순군,"제조,가공",2026-5-0093,식품제조가공업,또또아랑 뻥이 터졌다!,화순군 또또아랑 뻥이 터졌다!,,,2026-5-0093,20150520157,또또아랑 뻥이 터졌다!,식품제조가공업,전남광주통합특별시 화순군,식품
과ㆍ채가공품,106,2029-03-22,BIZ047,식품,C10700010,664,2026-03-23,전남광주통합특별시,엔피케이(주) 2공장,담양군,"제조,가공",2026-5-0092,식품제조가공업,엔피케이 2공장,담양군 엔피케이 2공장,127.0032467004637,35.34089170049007,2026-5-0092,20210519071,엔피케이(주) 2공장,식품제조가공업,전남광주통합특별시 담양군,식품
들기름,106,2029-03-22,BIZ047,식품,C09900007,665,2026-03-23,전북특별자치도,만복보호작업장,정읍시,"제조,가공",2026-5-0091,식품제조가공업,만복보호작업장,정읍시 만복보호작업장,126.98798740049104,35.6986213008726,2026-5-0091,20150490158,만복보호작업장,식품제조가공업,전북특별자치도 정읍시,식품
참기름,106,2029-03-22,BIZ047,식품,C09900005,666,2026-03-23,전북특별자치도,만복보호작업장,정읍시,"제조,가공",2026-5-0090,식품제조가공업,만복보호작업장,정읍시 만복보호작업장,126.98798740049104,35.6986213008726,2026-5-0090,20150490158,만복보호작업장,식품제조가공업,전북특별자치도 정읍시,식품
김치(배추김치),106,2029-03-17,BIZ047,식품,C12300001,667,2026-03-18,전북특별자치도,농업회사법인 유한회사 굿푸드,익산시,"제조,가공",2026-5-0089,식품제조가공업,농업회사법인 유한회사 굿푸드,익산시 농업회사법인 유한회사 굿푸드,,,2026-5-0089,20170487795,농업회사법인 유한회사 굿푸드,식품제조가공업,전북특별자치도 익산시,식품
기타 수산물가공품 중 냉동어류,106,2029-03-17,BIZ047,식품,C11700001,668,2026-03-18,전남광주통합특별시,주식회사 제일홍어,나주시,"제조,가공",2026-5-0088,식품제조가공업,주식회사 제일홍어,나주시 주식회사 제일홍어,,,2026-5-0088,20190516053,주식회사 제일홍어,식품제조가공업,전남광주통합특별시 나주시,식품
혼합장,106,2029-03-17,BIZ047,식품,C10300013,669,2026-03-18,전남광주통합특별시,주식회사 제일홍어,나주시,"제조,가공",2026-5-0087,식품제조가공업,주식회사 제일홍어,나주시 주식회사 제일홍어,,,2026-5-0087,20190516053,주식회사 제일홍어,식품제조가공업,전남광주통합특별시 나주시,식품
과ㆍ채가공품,106,2029-03-17,BIZ047,식품,C10700010,670,2026-03-18,전남광주통합특별시,주식회사 제일홍어,나주시,"제조,가공",2026-5-0086,식품제조가공업,주식회사 제일홍어,나주시 주식회사 제일홍어,,,2026-5-0086,20190516053,주식회사 제일홍어,식품제조가공업,전남광주통합특별시 나주시,식품
기타 수산물가공품,106,2029-03-17,BIZ047,식품,C11000016,671,2026-03-18,전남광주통합특별시,주식회사 제일홍어,나주시,"제조,가공",2026-5-0085,식품제조가공업,주식회사 제일홍어,나주시 주식회사 제일홍어,,,2026-5-0085,20190516053,주식회사 제일홍어,식품제조가공업,전남광주통합특별시 나주시,식품
기타 수산물가공품,106,2029-03-15,BIZ047,식품,C11000016,672,2026-03-16,전남광주통합특별시,주)현대푸드 장흥1공장,장흥군,"제조,가공",2026-5-0084,식품제조가공업,주)현대푸드 장흥1공장,장흥군 주)현대푸드 장흥1공장,,,2026-5-0084,20250800113,주)현대푸드 장흥1공장,식품제조가공업,전남광주통합특별시 장흥군,식품
양념육,612,2029-03-11,BIZ047,축산물,86,673,2026-03-12,전남광주통합특별시,(주)빨간목장,고흥군,"제조,가공",2026-5-0083,축산물가공업-식육가공업,빨간목장,고흥군 빨간목장,127.3357201998969,34.77041370086178,2026-5-0083,20240769011,(주)빨간목장,축산물가공업-식육가공업,전남광주통합특별시 고흥군,축산물
과자,106,2029-03-09,BIZ047,식품,C09300001,675,2026-03-10,전남광주통합특별시,(주)최고의순간,광산구,"제조,가공",2026-5-0081,식품제조가공업,최고의순간,광산구 최고의순간,126.84297670034296,35.21683270106586,2026-5-0081,20250320410,(주)최고의순간,식품제조가공업,전남광주통합특별시 광산구,식품
빵류,106,2029-03-09,BIZ047,식품,C09300004,676,2026-03-10,전남광주통합특별시,(주)최고의순간,광산구,"제조,가공",2026-5-0080,식품제조가공업,최고의순간,광산구 최고의순간,126.84297670034296,35.21683270106586,2026-5-0080,20250320410,(주)최고의순간,식품제조가공업,전남광주통합특별시 광산구,식품
포장육,604,2029-03-09,BIZ047,축산물,78,677,2026-03-10,제주특별자치도,(주)우정축산,제주시,"제조,가공",2026-5-0079,식육포장처리업,우정축산,제주시 우정축산,126.43242839994365,33.4863280007137,2026-5-0079,20250956696,(주)우정축산,식육포장처리업,제주특별자치도 제주시,축산물
캔디류,106,2029-03-08,BIZ047,식품,C09300002,678,2026-03-09,전북특별자치도,주)남양에이치앤비식품벤처센터공장,익산시,"제조,가공",2026-5-0078,식품제조가공업,주)남양에이치앤비식품벤처센터공장,익산시 주)남양에이치앤비식품벤처센터공장,,,2026-5-0078,20250742859,주)남양에이치앤비식품벤처센터공장,식품제조가공업,전북특별자치도 익산시,식품
포장육,604,2029-03-05,BIZ047,축산물,78,679,2026-03-06,전남광주통합특별시,참유통 주식회사,담양군,"제조,가공",2026-5-0077,식육포장처리업,참유통 주식회사,담양군 참유통 주식회사,,,2026-5-0077,20250788337,참유통 주식회사,식육포장처리업,전남광주통합특별시 담양군,축산물
포장육,604,2029-03-05,BIZ047,축산물,78,680,2026-03-06,전남광주통합특별시,청담,광산구,"제조,가공",2026-5-0075,식육포장처리업,청담,광산구 청담,126.82649029981388,35.19139499972584,2026-5-0075,20260324020,청담,식육포장처리업,전남광주통합특별시 광산구,축산물
복합조미식품,106,2029-03-05,BIZ047,식품,C10400006,681,2026-03-06,전북특별자치도,(주)삼익유가공,익산시,"제조,가공",2026-5-0074,식품제조가공업,삼익유가공,익산시 삼익유가공,127.0816766004381,35.97165140122977,2026-5-0074,20210491596,(주)삼익유가공,식품제조가공업,전북특별자치도 익산시,식품
기타 수산물가공품 중 냉동연체류,106,2029-03-05,BIZ047,식품,C11800001,682,2026-03-06,전북특별자치도,(유)피쉬아트,군산시,"제조,가공",2026-5-0073,식품제조가공업,피쉬아트,군산시 피쉬아트,,,2026-5-0073,20180488090,(유)피쉬아트,식품제조가공업,전북특별자치도 군산시,식품
기타 수산물가공품 중 냉동어류,106,2029-03-05,BIZ047,식품,C11700001,683,2026-03-06,전북특별자치도,(유)피쉬아트,군산시,"제조,가공",2026-5-0072,식품제조가공업,피쉬아트,군산시 피쉬아트,,,2026-5-0072,20180488090,(유)피쉬아트,식품제조가공업,전북특별자치도 군산시,식품
커피,106,2029-03-02,BIZ047,식품,C10100004,684,2026-03-03,제주특별자치도,주식회사제주바솔트지점(1공장),제주시,"제조,가공",2026-5-0071,식품제조가공업,주식회사제주바솔트지점,제주시 주식회사제주바솔트지점,126.57234699987644,33.453736001229075,2026-5-0071,20210621124,주식회사제주바솔트지점(1공장),식품제조가공업,제주특별자치도 제주시,식품
소스,106,2029-02-26,BIZ047,식품,C10400003,685,2026-02-27,전남광주통합특별시,해오름 농업회사법인 유한회사,무안군,"제조,가공",2026-5-0070,식품제조가공업,해오름 농업회사법인 유한회사,무안군 해오름 농업회사법인 유한회사,126.4539054000932,35.00971429471282,2026-5-0070,20200529037,해오름 농업회사법인 유한회사,식품제조가공업,전남광주통합특별시 무안군,식품
잼,106,2029-02-26,BIZ047,식품,C09700001,686,2026-02-27,전남광주통합특별시,해오름 농업회사법인 유한회사,무안군,"제조,가공",2026-5-0069,식품제조가공업,해오름 농업회사법인 유한회사,무안군 해오름 농업회사법인 유한회사,126.4539054000932,35.00971429471282,2026-5-0069,20200529037,해오름 농업회사법인 유한회사,식품제조가공업,전남광주통합특별시 무안군,식품
레토르트식품(조림류),106,2029-02-26,BIZ047,식품,C00200001,687,2026-02-27,전북특별자치도,(주)하림,익산시,"제조,가공",2026-5-0068,식품제조가공업,하림,익산시 하림,127.03504589976797,36.074233900912034,2026-5-0068,19920487292,(주)하림,식품제조가공업,전북특별자치도 익산시,식품
분쇄가공육제품,612,2029-02-25,BIZ047,축산물,87,689,2026-02-26,전북특별자치도,주식회사 솜리에프앤비,익산시,"제조,가공",2026-5-0066,축산물가공업-식육가공업,주식회사 솜리에프앤비,익산시 주식회사 솜리에프앤비,,,2026-5-0066,20250726012,주식회사 솜리에프앤비,축산물가공업-식육가공업,전북특별자치도 익산시,축산물
포장육,604,2029-02-24,BIZ047,축산물,78,690,2026-02-25,전남광주통합특별시,푸드스타,광산구,"제조,가공",2026-5-0065,식육포장처리업,푸드스타,광산구 푸드스타,,,2026-5-0065,20260324092,푸드스타,식육포장처리업,전남광주통합특별시 광산구,축산물
포장육,604,2029-02-24,BIZ047,축산물,78,691,2026-02-25,전남광주통합특별시,에스에이치푸드,광산구,"제조,가공",2026-5-0064,식육포장처리업,에스에이치푸드,광산구 에스에이치푸드,126.7953831003628,35.15620470075384,2026-5-0064,20260324093,에스에이치푸드,식육포장처리업,전남광주통합특별시 광산구,축산물
과ㆍ채음료,106,2029-02-24,BIZ047,식품,C10100007,692,2026-02-25,전남광주통합특별시,㈜참든건강과학 농업회사법인,장성군,"제조,가공",2026-5-0063,식품제조가공업,㈜참든건강과학 농업회사법인,장성군 ㈜참든건강과학 농업회사법인,126.83393829976887,35.24278400044222,2026-5-0063,20170528127,(주)참든건강과학 농업회사법인,식품제조가공업,전남광주통합특별시 장성군,식품
곡류가공품,106,2029-02-24,BIZ047,식품,C10700011,693,2026-02-25,제주특별자치도,유제이플러스,제주시,"제조,가공",2026-5-0062,식품제조가공업,유제이플러스,제주시 유제이플러스,,,2026-5-0062,20250956895,유제이플러스,식품제조가공업,제주특별자치도 제주시,식품
과ㆍ채가공품,106,2029-02-24,BIZ047,식품,C10700010,694,2026-02-25,제주특별자치도,유제이플러스,제주시,"제조,가공",2026-5-0061,식품제조가공업,유제이플러스,제주시 유제이플러스,,,2026-5-0061,20250956895,유제이플러스,식품제조가공업,제주특별자치도 제주시,식품
포장육,604,2029-02-24,BIZ047,축산물,78,695,2026-02-25,제주특별자치도,제주청년포크,제주시,"제조,가공",2026-5-0060,식육포장처리업,제주청년포크,제주시 제주청년포크,126.75453969964931,33.55404281697097,2026-5-0060,20240955547,제주청년포크,식육포장처리업,제주특별자치도 제주시,축산물
기타가공품,106,2029-02-19,BIZ047,식품,C11400002,696,2026-02-20,전북특별자치도,유한회사 정푸드,군산시,"제조,가공",2026-5-0057,식품제조가공업,유한회사 정푸드,군산시 유한회사 정푸드,,,2026-5-0057,20120487159,정푸드,식품제조가공업,전북특별자치도 익산시,식품
들기름,106,2029-02-19,BIZ047,식품,C09900007,697,2026-02-20,전북특별자치도,유한회사 정푸드,군산시,"제조,가공",2026-5-0056,식품제조가공업,유한회사 정푸드,군산시 유한회사 정푸드,,,2026-5-0056,20120487159,유한회사 정푸드,식품제조가공업,전북특별자치도 군산시,식품
참기름,106,2029-02-19,BIZ047,식품,C09900005,698,2026-02-20,전북특별자치도,유한회사 정푸드,군산시,"제조,가공",2026-5-0055,식품제조가공업,유한회사 정푸드,군산시 유한회사 정푸드,,,2026-5-0055,20120487159,유한회사 정푸드,식품제조가공업,전북특별자치도 군산시,식품
두부,106,2029-02-18,BIZ047,식품,C09800001,699,2026-02-19,전남광주통합특별시,농업회사법인 주식회사 농부생각,함평군,"제조,가공",2026-5-0054,식품제조가공업,농업회사법인 주식회사 농부생각,함평군 농업회사법인 주식회사 농부생각,126.46670369962136,35.11189850123366,2026-5-0054,20250810010,농업회사법인 주식회사 농부생각,식품제조가공업,전남광주통합특별시 함평군,식품
빵류,106,2029-02-12,BIZ047,식품,C09300004,700,2026-02-13,제주특별자치도,주식회사우무,제주시,"제조,가공",2026-5-0053,식품제조가공업,주식회사우무,제주시 주식회사우무,126.559758600349,33.44596400054037,2026-5-0053,20210621779,주식회사우무,식품제조가공업,제주특별자치도 제주시,식품
포장육,604,2029-02-12,BIZ047,축산물,78,701,2026-02-13,제주특별자치도,대명축산유통,제주시,"제조,가공",2026-5-0052,식육포장처리업,대명축산유통,제주시 대명축산유통,126.39608609975107,33.425324797046784,2026-5-0052,20250955011,대명축산유통,식육포장처리업,제주특별자치도 제주시,축산물
고춧가루,106,2029-02-12,BIZ047,식품,C10400009,702,2026-02-13,전북특별자치도,(주)에이치엔지에프 익산지점,익산시,"제조,가공",2026-5-0051,식품제조가공업,에이치엔지에프 익산지점,익산시 에이치엔지에프 익산지점,,,2026-5-0051,20250742635,(주)에이치엔지에프 익산지점,식품제조가공업,전북특별자치도 익산시,식품
과자,106,2029-02-11,BIZ047,식품,C09300001,703,2026-02-12,제주특별자치도,농업회사법인제주오라(유),제주시,"제조,가공",2026-5-0050,식품제조가공업,농업회사법인제주오라,제주시 농업회사법인제주오라,126.5431718995052,33.49786750130609,2026-5-0050,20240955321,농업회사법인제주오라(유),식품제조가공업,제주특별자치도 제주시,식품
포장육,604,2029-02-11,BIZ047,축산물,78,704,2026-02-12,전남광주통합특별시,거성미트,나주시,"제조,가공",2026-5-0049,식육포장처리업,거성미트,나주시 거성미트,126.69326950046757,34.97277020364643,2026-5-0049,20240783189,거성미트,식육포장처리업,전남광주통합특별시 나주시,축산물
김치(기타김치),106,2029-02-11,BIZ047,식품,C10500002,705,2026-02-12,전남광주통합특별시,주식회사 리앤유커머스,무안군,"제조,가공",2026-5-0048,식품제조가공업,주식회사 리앤유커머스,무안군 주식회사 리앤유커머스,,,2026-5-0048,20250808352,주식회사 리앤유커머스,식품제조가공업,전남광주통합특별시 무안군,식품
액상차,106,2029-02-11,BIZ047,식품,C10100002,706,2026-02-12,전남광주통합특별시,진천유자영농조합법인,고흥군,"제조,가공",2026-5-0047,식품제조가공업,진천유자영농조합법인,고흥군 진천유자영농조합법인,,,2026-5-0047,19980518131,진천유자영농조합법인,식품제조가공업,전남광주통합특별시 고흥군,식품
복합조미식품,106,2029-02-11,BIZ047,식품,C10400006,707,2026-02-12,전북특별자치도,㈜ 더 젓갈,진안군,"제조,가공",2026-5-0046,식품제조가공업,㈜ 더 젓갈,진안군 ㈜ 더 젓갈,127.43479409946951,35.76814996963603,2026-5-0046,20190499026,(주) 더 젓갈,식품제조가공업,전북특별자치도 진안군,식품
포장육,604,2029-02-11,BIZ047,축산물,78,708,2026-02-12,전남광주통합특별시,대산푸드,광산구,"제조,가공",2026-5-0045,식육포장처리업,대산푸드,광산구 대산푸드,,,2026-5-0045,20250321204,대산푸드,식육포장처리업,전남광주통합특별시 광산구,축산물
김칫속,106,2029-02-08,BIZ047,식품,C10500001,709,2026-02-09,전남광주통합특별시,농업회사법인 주식회사 옐로우푸드,장성군,"제조,가공",2026-5-0044,식품제조가공업,농업회사법인 주식회사 옐로우푸드,장성군 농업회사법인 주식회사 옐로우푸드,126.75710650011776,35.29376120098636,2026-5-0044,20190532154,농업회사법인 주식회사 옐로우푸드,식품제조가공업,전남광주통합특별시 장성군,식품
기타 수산물가공품 중 냉동어류,106,2029-02-05,BIZ047,식품,C11700001,710,2026-02-06,전남광주통합특별시,주식회사경영푸드,목포시,"제조,가공",2026-5-0043,식품제조가공업,주식회사경영푸드,목포시 주식회사경영푸드,126.37621330044637,34.80376181492811,2026-5-0043,20250771474,주식회사경영푸드,식품제조가공업,전남광주통합특별시 목포시,식품
기타 수산물가공품,106,2029-02-05,BIZ047,식품,C11000016,711,2026-02-06,전남광주통합특별시,주식회사경영푸드,목포시,"제조,가공",2026-5-0042,식품제조가공업,주식회사경영푸드,목포시 주식회사경영푸드,126.37621330044637,34.80376181492811,2026-5-0042,20250771474,주식회사경영푸드,식품제조가공업,전남광주통합특별시 목포시,식품
절임식품,106,2029-02-05,BIZ047,식품,C10500003,712,2026-02-06,전남광주통합특별시,주식회사경영푸드,목포시,"제조,가공",2026-5-0041,식품제조가공업,주식회사경영푸드,목포시 주식회사경영푸드,126.37621330044637,34.80376181492811,2026-5-0041,20250771474,주식회사경영푸드,식품제조가공업,전남광주통합특별시 목포시,식품
"식품소분업(과채가공품, 기타가공품)",405,2029-02-05,BIZ048,식품,H02200001,713,2026-02-06,전북특별자치도,(주)에이치온,완주군,"유통,판매,조리",2026-5-0040,식품소분업,에이치온,완주군 에이치온,127.00930010008632,35.81868010156904,2026-5-0040,20250753053,(주)에이치온,식품소분업,전북특별자치도 완주군,식품
포장육,604,2029-02-01,BIZ047,축산물,78,717,2026-02-02,전북특별자치도,다온미트,전주시 덕진구,"제조,가공",2026-5-0036,식육포장처리업,다온미트,전주시 덕진구 다온미트,,,2026-5-0036,20250728043,다온미트,식육포장처리업,전북특별자치도 전주시 덕진구,축산물
절임식품,106,2029-01-29,BIZ047,식품,C10500003,718,2026-01-30,전남광주통합특별시,농업회사법인 해남원 주식회사,해남군,"제조,가공",2026-5-0035,식품제조가공업,농업회사법인 해남원 주식회사,해남군 농업회사법인 해남원 주식회사,126.4754672997816,34.58693043427814,2026-5-0035,20250804189,농업회사법인 해남원 주식회사,식품제조가공업,전남광주통합특별시 해남군,식품
포장육,604,2029-01-28,BIZ047,축산물,78,719,2026-01-29,전북특별자치도,유한회사 더원푸드빌,익산시,"제조,가공",2026-5-0034,식육포장처리업,유한회사 더원푸드빌,익산시 유한회사 더원푸드빌,126.9164376999973,35.93907700116716,2026-5-0034,20230691566,유한회사 더원푸드빌,식육포장처리업,전북특별자치도 익산시,축산물
양념육,612,2029-01-28,BIZ047,축산물,86,720,2026-01-29,전북특별자치도,유한회사 더원푸드빌,익산시,"제조,가공",2026-5-0033,축산물가공업-식육가공업,유한회사 더원푸드빌,익산시 유한회사 더원푸드빌,126.9164376999973,35.93907700116716,2026-5-0033,20220667014,유한회사 더원푸드빌,축산물가공업-식육가공업,전북특별자치도 익산시,축산물
기타가공품,106,2029-01-28,BIZ047,식품,C11400002,721,2026-01-29,전남광주통합특별시,파머스에프 유한회사,장성군,"제조,가공",2026-5-0032,식품제조가공업,파머스에프 유한회사,장성군 파머스에프 유한회사,126.7371768005566,35.28755379789903,2026-5-0032,20240814112,파머스에프 유한회사,식품제조가공업,전남광주통합특별시 장성군,식품
곤충가공식품,106,2029-01-27,BIZ047,식품,C11100003,722,2026-01-28,제주특별자치도,(주)제주바이오월드,제주시,"제조,가공",2026-5-0031,식품제조가공업,제주바이오월드,제주시 제주바이오월드,126.6089849999994,33.462950100870515,2026-5-0031,20210622684,(주)제주바이오월드,식품제조가공업,제주특별자치도 제주시,식품
액상차,106,2029-01-27,BIZ047,식품,C10100002,723,2026-01-28,전북특별자치도,래미에프앤비,무주군,"제조,가공",2026-5-0030,식품제조가공업,래미에프앤비,무주군 래미에프앤비,127.64994019960926,35.99879780101111,2026-5-0030,20190500071,래미에프앤비,식품제조가공업,전북특별자치도 무주군,식품
혼합음료,106,2029-01-27,BIZ047,식품,C10100016,724,2026-01-28,전남광주통합특별시,농업회사법인 주식회사 단물,무안군,"제조,가공",2026-5-0029,식품제조가공업,농업회사법인 주식회사 단물,무안군 농업회사법인 주식회사 단물,126.4721305003814,34.80803430380917,2026-5-0029,20240808339,농업회사법인 주식회사 단물,식품제조가공업,전남광주통합특별시 무안군,식품
과ㆍ채음료,106,2029-01-27,BIZ047,식품,C10100007,725,2026-01-28,전남광주통합특별시,농업회사법인 주식회사 단물,무안군,"제조,가공",2026-5-0028,식품제조가공업,농업회사법인 주식회사 단물,무안군 농업회사법인 주식회사 단물,126.4721305003814,34.80803430380917,2026-5-0028,20240808339,농업회사법인 주식회사 단물,식품제조가공업,전남광주통합특별시 무안군,식품
아이스밀크,611,2029-01-27,BIZ047,축산물,C0302010300000,726,2026-01-28,전남광주통합특별시,농업회사법인(주)단물,무안군,"제조,가공",2026-5-0027,축산물가공업-유가공업,농업회사법인단물,무안군 농업회사법인단물,126.4721305003814,34.80803430380917,2026-5-0027,20250769013,농업회사법인(주)단물,축산물가공업-유가공업,전남광주통합특별시 무안군,축산물
빵류,106,2029-01-27,BIZ047,식품,C09300004,727,2026-01-28,전북특별자치도,주식회사 쏘해피,전주시 완산구,"제조,가공",2026-5-0026,식품제조가공업,주식회사 쏘해피,전주시 완산구 주식회사 쏘해피,127.14843340029464,35.81766995897954,2026-5-0026,20250730943,주식회사 쏘해피,식품제조가공업,전북특별자치도 전주시 완산구,식품
과자,106,2029-01-27,BIZ047,식품,C09300001,728,2026-01-28,전북특별자치도,주식회사 쏘해피,전주시 완산구,"제조,가공",2026-5-0025,식품제조가공업,주식회사 쏘해피,전주시 완산구 주식회사 쏘해피,127.14843340029464,35.81766995897954,2026-5-0025,20250730943,주식회사 쏘해피,식품제조가공업,전북특별자치도 전주시 완산구,식품
기타가공품,106,2029-01-25,BIZ047,식품,C11400002,730,2026-01-26,전북특별자치도,(주)뉴트라코어,임실군,"제조,가공",2026-5-0023,식품제조가공업,뉴트라코어,임실군 뉴트라코어,,,2026-5-0023,20250761136,(주)뉴트라코어,식품제조가공업,전북특별자치도 임실군,식품
액상차,106,2029-01-25,BIZ047,식품,C10100002,731,2026-01-26,전북특별자치도,(주)뉴트라코어,임실군,"제조,가공",2026-5-0022,식품제조가공업,뉴트라코어,임실군 뉴트라코어,,,2026-5-0022,20250761136,(주)뉴트라코어,식품제조가공업,전북특별자치도 임실군,식품
식용란수집판매업,635,2029-01-24,BIZ048,축산물,581,732,2026-01-25,전남광주통합특별시,진미계란유통,순천시,"유통,판매,조리",2026-5-0021,축산물판매업-식용란수집판매업,진미계란유통,순천시 진미계란유통,,,2026-5-0021,20250779885,진미계란유통,축산물판매업-식용란수집판매업,전남광주통합특별시 순천시,축산물
즉석섭취식품,106,2029-01-22,BIZ047,식품,C11300003,733,2026-01-23,전북특별자치도,농업회사법인 주식회사 한우물,김제시,"제조,가공",2026-5-0020,식품제조가공업,농업회사법인 주식회사 한우물,김제시 농업회사법인 주식회사 한우물,126.99389099991718,35.82152730086706,2026-5-0020,20080493074,농업회사법인 주식회사 한우물,식품제조가공업,전북특별자치도 김제시,식품
빵류,106,2029-01-20,BIZ047,식품,C09300004,734,2026-01-21,전남광주통합특별시,찰보리생과방,나주시,"제조,가공",2026-5-0019,식품제조가공업,찰보리생과방,나주시 찰보리생과방,126.76140590036738,35.046021795606094,2026-5-0019,20240783255,찰보리생과방,식품제조가공업,전남광주통합특별시 나주시,식품
양념젓갈,106,2029-01-20,BIZ047,식품,C11000008,735,2026-01-21,전남광주통합특별시,천양,신안군,"제조,가공",2026-5-0018,식품제조가공업,천양,신안군 천양,126.05512089985984,35.09847009699013,2026-5-0018,20250820062,천양,식품제조가공업,전남광주통합특별시 신안군,식품
젓갈,106,2029-01-20,BIZ047,식품,C11000007,736,2026-01-21,전남광주통합특별시,천양,신안군,"제조,가공",2026-5-0017,식품제조가공업,천양,신안군 천양,126.05512089985984,35.09847009699013,2026-5-0017,20250820062,천양,식품제조가공업,전남광주통합특별시 신안군,식품
가공김(조미김 또는 구운김),106,2029-01-19,BIZ047,식품,C11000017,737,2026-01-20,전남광주통합특별시,산유푸드,나주시,"제조,가공",2026-5-0016,식품제조가공업,산유푸드,나주시 산유푸드,126.68434420029064,34.98750319625131,2026-5-0016,20240783452,산유푸드,식품제조가공업,전남광주통합특별시 나주시,식품
가공소금,106,2029-01-19,BIZ047,식품,C10400018,738,2026-01-20,전남광주통합특별시,주식회사 신영,함평군,"제조,가공",2026-5-0015,식품제조가공업,주식회사 신영,함평군 주식회사 신영,126.54813840032546,35.05998400106556,2026-5-0015,20190530013,주식회사 신영,식품제조가공업,전남광주통합특별시 함평군,식품
태움ㆍ용융소금,106,2029-01-19,BIZ047,식품,C10400015,739,2026-01-20,전남광주통합특별시,주식회사 신영,함평군,"제조,가공",2026-5-0014,식품제조가공업,주식회사 신영,함평군 주식회사 신영,126.54813840032546,35.05998400106556,2026-5-0014,20190530013,주식회사 신영,식품제조가공업,전남광주통합특별시 함평군,식품
과ㆍ채주스,106,2029-01-15,BIZ047,식품,C10100006,740,2026-01-16,전남광주통합특별시,(주)에코월드팜,담양군,"제조,가공",2026-5-0013,식품제조가공업,에코월드팜,담양군 에코월드팜,127.01243409959584,35.34259580050242,2026-5-0013,20240788009,(주)에코월드팜,식품제조가공업,전남광주통합특별시 담양군,식품
양념육,612,2029-01-15,BIZ047,축산물,86,741,2026-01-16,전북특별자치도,유한회사 돈두사랑,전주시 완산구,"제조,가공",2026-5-0012,축산물가공업-식육가공업,유한회사 돈두사랑,전주시 완산구 유한회사 돈두사랑,127.08112549987948,35.78758439205931,2026-5-0012,20140476012,유한회사 돈두사랑,축산물가공업-식육가공업,전북특별자치도 전주시 완산구,축산물
절임식품,106,2029-01-14,BIZ047,식품,C10500003,742,2026-01-15,전남광주통합특별시,농가푸드영농조합법인,해남군,"제조,가공",2026-5-0011,식품제조가공업,농가푸드영농조합법인,해남군 농가푸드영농조합법인,126.5537579999094,34.59210957764163,2026-5-0011,20250804190,농가푸드영농조합법인,식품제조가공업,전남광주통합특별시 해남군,식품
과ㆍ채가공품,106,2029-01-14,BIZ047,식품,C10700010,743,2026-01-15,제주특별자치도,제주농산주식회사,서귀포시,"제조,가공",2026-5-0010,식품제조가공업,제주농산주식회사,서귀포시 제주농산주식회사,,,2026-5-0010,19850631026,제주농산주식회사,식품제조가공업,제주특별자치도 서귀포시,식품
당절임,106,2029-01-14,BIZ047,식품,C10500004,744,2026-01-15,제주특별자치도,제주농산주식회사,서귀포시,"제조,가공",2026-5-0009,식품제조가공업,제주농산주식회사,서귀포시 제주농산주식회사,,,2026-5-0009,19850631026,제주농산주식회사,식품제조가공업,제주특별자치도 서귀포시,식품
천연향신료,106,2029-01-14,BIZ047,식품,C10400011,745,2026-01-15,제주특별자치도,제주농산주식회사,서귀포시,"제조,가공",2026-5-0008,식품제조가공업,제주농산주식회사,서귀포시 제주농산주식회사,,,2026-5-0008,19850631026,제주농산주식회사,식품제조가공업,제주특별자치도 서귀포시,식품
침출차,106,2029-01-14,BIZ047,식품,C10100001,746,2026-01-15,제주특별자치도,제주농산주식회사,서귀포시,"제조,가공",2026-5-0007,식품제조가공업,제주농산주식회사,서귀포시 제주농산주식회사,,,2026-5-0007,19850631026,제주농산주식회사,식품제조가공업,제주특별자치도 서귀포시,식품
포장육,604,2029-01-12,BIZ047,축산물,78,747,2026-01-13,전남광주통합특별시,리치,광산구,"제조,가공",2026-5-0003,식육포장처리업,리치,광산구 리치,126.66781468187824,35.167582692441925,2026-5-0003,20250321121,리치,식육포장처리업,전남광주통합특별시 광산구,축산물
초콜릿가공품,106,2029-01-05,BIZ047,식품,C09500009,748,2026-01-06,전남광주통합특별시,주식회사 굿푸드,나주시,"제조,가공",2026-5-0002,식품제조가공업,주식회사 굿푸드,나주시 주식회사 굿푸드,126.68776050038764,34.986453302837326,2026-5-0002,20120512032,주식회사 굿푸드,식품제조가공업,전남광주통합특별시 나주시,식품
즉석섭취식품(운반급식 포함),106,2029-01-04,BIZ047,식품,H03000002,749,2026-01-05,전북특별자치도,올담푸드,군산시,"제조,가공",2026-5-0001,식품제조가공업,올담푸드,군산시 올담푸드,,,2026-5-0001,20250738914,올담푸드,식품제조가공업,전북특별자치도 군산시,식품
포장육,604,2029-09-10,BIZ047,축산물,78,755,2026-09-11,대구광역시,고고축산,서구,"제조,가공",2026-4-0209,식육포장처리업,고고축산,서구 고고축산,128.56430189877128,35.88663730044816,2026-4-0209,20260226263,고고축산,식육포장처리업,대구광역시 서구,축산물
포장육,604,2029-09-10,BIZ047,축산물,78,756,2026-09-11,경상북도,오케이(OK)유통,구미시,"제조,가공",2026-4-0208,식육포장처리업,오케이유통,구미시 오케이유통,128.3112333000782,36.14251220118526,2026-4-0208,20060548973,오케이(OK)유통,식육포장처리업,경상북도 구미시,축산물
포장육,604,2029-09-08,BIZ047,축산물,78,757,2026-09-09,경상북도,주식회사 제이엠미트,성주군,"제조,가공",2026-4-0207,식육포장처리업,주식회사 제이엠미트,성주군 주식회사 제이엠미트,,,2026-4-0207,20250877058,주식회사 제이엠미트,식육포장처리업,경상북도 성주군,축산물
들기름,106,2029-09-07,BIZ047,식품,C09900007,758,2026-09-08,경상북도,동방제유(주) 2공장,영천시,"제조,가공",2026-4-0206,식품제조가공업,동방제유 2공장,영천시 동방제유 2공장,,,2026-4-0206,20260870149,동방제유(주) 2공장,식품제조가공업,경상북도 영천시,식품
참기름,106,2029-09-07,BIZ047,식품,C09900005,759,2026-09-08,경상북도,동방제유(주) 2공장,영천시,"제조,가공",2026-4-0205,식품제조가공업,동방제유 2공장,영천시 동방제유 2공장,,,2026-4-0205,20260870149,동방제유(주) 2공장,식품제조가공업,경상북도 영천시,식품
포장육,604,2029-09-07,BIZ047,축산물,78,760,2026-09-08,대구광역시,신천농원,달성군,"제조,가공",2026-4-0204,식육포장처리업,신천농원,달성군 신천농원,128.6483174996105,35.79033700100161,2026-4-0204,20060188223,신천농원,식육포장처리업,대구광역시 달성군,축산물
기타가공품,106,2029-09-06,BIZ047,식품,C11400002,761,2026-09-07,경상북도,동원바이오 주식회사,경산시,"제조,가공",2026-4-0203,식품제조가공업,동원바이오 주식회사,경산시 동원바이오 주식회사,,,2026-4-0203,20260878382,동원바이오 주식회사,식품제조가공업,경상북도 경산시,식품
효소식품,106,2029-09-06,BIZ047,식품,C10700009,762,2026-09-07,경상북도,동원바이오 주식회사,경산시,"제조,가공",2026-4-0202,식품제조가공업,동원바이오 주식회사,경산시 동원바이오 주식회사,,,2026-4-0202,20260878382,동원바이오 주식회사,식품제조가공업,경상북도 경산시,식품
고형차,106,2029-09-06,BIZ047,식품,C10100003,763,2026-09-07,경상북도,동원바이오 주식회사,경산시,"제조,가공",2026-4-0201,식품제조가공업,동원바이오 주식회사,경산시 동원바이오 주식회사,,,2026-4-0201,20260878382,동원바이오 주식회사,식품제조가공업,경상북도 경산시,식품
곡류가공품,106,2029-09-03,BIZ047,식품,C10700011,764,2026-09-04,경상북도,한울 농업회사법인 주식회사,영천시,"제조,가공",2026-4-0200,식품제조가공업,한울 농업회사법인 주식회사,영천시 한울 농업회사법인 주식회사,128.80914909950852,35.98016370071004,2026-4-0200,20220795165,한울 농업회사법인 주식회사,식품제조가공업,경상북도 영천시,식품
기타 농산가공품,106,2029-09-02,BIZ047,식품,C10700014,765,2026-09-03,경상북도,동방제유(주) 2공장,영천시,"제조,가공",2026-4-0199,식품제조가공업,동방제유 2공장,영천시 동방제유 2공장,,,2026-4-0199,20260870149,동방제유(주) 2공장,식품제조가공업,경상북도 영천시,식품
포장육,604,2029-09-02,BIZ047,축산물,78,766,2026-09-03,대구광역시,성경고기나라,북구,"제조,가공",2026-4-0198,식육포장처리업,성경고기나라,북구 성경고기나라,128.56673100035698,35.94902440108774,2026-4-0198,20170168511,성경고기나라,식육포장처리업,대구광역시 북구,축산물
식육판매업,630,2029-08-31,BIZ048,축산물,176,769,2026-09-01,대구광역시,스마일축산,북구,"유통,판매,조리",2026-4-0195,축산물판매업-식육판매업,스마일축산,북구 스마일축산,126.89591329951092,35.17715650397614,2026-4-0195,20260233520,스마일축산,축산물판매업-식육판매업,대구광역시 북구,축산물
절임식품,106,2029-08-31,BIZ047,식품,C10500003,770,2026-09-01,대구광역시,영농조합법인 팔공김치,동구,"제조,가공",2026-4-0194,식품제조가공업,영농조합법인 팔공김치,동구 영농조합법인 팔공김치,128.6291670975114,35.877704301997795,2026-4-0194,20080160438,영농조합법인 팔공김치,식품제조가공업,대구광역시 동구,식품
빵류,106,2029-08-31,BIZ047,식품,C09300004,771,2026-09-01,대구광역시,홍원식품,달서구,"제조,가공",2026-4-0193,식품제조가공업,홍원식품,달서구 홍원식품,128.5030876001387,35.860271271150545,2026-4-0193,20000188013,홍원식품,식품제조가공업,대구광역시 달서구,식품
포장육,604,2029-08-30,BIZ047,축산물,78,774,2026-08-31,경상북도,상계유지,안동시,"제조,가공",2026-4-0190,식육포장처리업,상계유지,안동시 상계유지,,,2026-4-0190,20260855074,상계유지,식육포장처리업,경상북도 안동시,축산물
양념육,612,2029-08-30,BIZ047,축산물,86,775,2026-08-31,경상북도,상계유지,안동시,"제조,가공",2026-4-0189,축산물가공업-식육가공업,상계유지,안동시 상계유지,,,2026-4-0189,20260838005,상계유지,축산물가공업-식육가공업,경상북도 안동시,축산물
양념육,612,2029-08-30,BIZ047,축산물,86,776,2026-08-31,대구광역시,주식회사 시우코리아,동구,"제조,가공",2026-4-0188,축산물가공업-식육가공업,주식회사 시우코리아,동구 주식회사 시우코리아,,,2026-4-0188,20260217003,주식회사 시우코리아,축산물가공업-식육가공업,대구광역시 동구,축산물
포장육,604,2029-08-30,BIZ047,축산물,78,777,2026-08-31,대구광역시,주식회사 시우코리아,동구,"제조,가공",2026-4-0187,식육포장처리업,주식회사 시우코리아,동구 주식회사 시우코리아,,,2026-4-0187,20260222637,주식회사 시우코리아,식육포장처리업,대구광역시 동구,축산물
기타가공품,106,2029-08-27,BIZ047,식품,C11400002,778,2026-08-28,경상북도,주식회사 도투락,영천시,"제조,가공",2026-4-0186,식품제조가공업,주식회사 도투락,영천시 주식회사 도투락,128.8562695015977,36.021651634141264,2026-4-0186,20130555108,주식회사 도투락,식품제조가공업,경상북도 영천시,식품
빵류,106,2029-08-26,BIZ047,식품,C09300004,779,2026-08-27,대구광역시,(주)홍두당 푸드테크,달서구,"제조,가공",2026-4-0185,식품제조가공업,홍두당 푸드테크,달서구 홍두당 푸드테크,,,2026-4-0185,20260248764,(주)홍두당 푸드테크,식품제조가공업,대구광역시 달서구,식품
과자,106,2029-08-26,BIZ047,식품,C09300001,780,2026-08-27,대구광역시,(주)홍두당 푸드테크,달서구,"제조,가공",2026-4-0184,식품제조가공업,홍두당 푸드테크,달서구 홍두당 푸드테크,,,2026-4-0184,20260248764,(주)홍두당 푸드테크,식품제조가공업,대구광역시 달서구,식품
액상차,106,2029-08-26,BIZ047,식품,C10100002,781,2026-08-27,경상북도,주식회사 농업회사법인 의성내고향흑마늘,의성군,"제조,가공",2026-4-0183,식품제조가공업,주식회사 농업회사법인 의성내고향흑마늘,의성군 주식회사 농업회사법인 의성내고향흑마늘,128.68135939777568,36.44226080281717,2026-4-0183,20080563004,주식회사 농업회사법인 의성내고향흑마늘,식품제조가공업,경상북도 의성군,식품
빵류,106,2029-08-25,BIZ047,식품,C09300004,782,2026-08-26,대구광역시,주식회사 리안에프앤비,중구,"제조,가공",2026-4-0182,식품제조가공업,주식회사 리안에프앤비,중구 주식회사 리안에프앤비,,,2026-4-0182,20250219860,주식회사 리안에프앤비,식품제조가공업,대구광역시 중구,식품
식육판매업,630,2029-08-25,BIZ048,축산물,176,783,2026-08-26,대구광역시,금백축산,북구,"유통,판매,조리",2026-4-0181,축산물판매업-식육판매업,금백축산,북구 금백축산,,,2026-4-0181,20260233651,금백축산,축산물판매업-식육판매업,대구광역시 북구,축산물
식육판매업,630,2029-08-25,BIZ048,축산물,176,784,2026-08-26,대구광역시,천금미트,북구,"유통,판매,조리",2026-4-0180,축산물판매업-식육판매업,천금미트,북구 천금미트,,,2026-4-0180,20260233648,천금미트,축산물판매업-식육판매업,대구광역시 북구,축산물
기타 수산물가공품 중 냉동어류,106,2029-08-23,BIZ047,식품,C11700001,785,2026-08-24,경상북도,(주)더조은에프엔비,포항시 남구,"제조,가공",2026-4-0179,식품제조가공업,더조은에프엔비,포항시 남구 더조은에프엔비,129.52352790034348,35.90849170125603,2026-4-0179,20200537070,(주)더조은에프엔비,식품제조가공업,경상북도 포항시 남구,식품
기타 수산물가공품 중 냉동연체류,106,2029-08-23,BIZ047,식품,C11800001,786,2026-08-24,경상북도,(주)더조은에프엔비,포항시 남구,"제조,가공",2026-4-0178,식품제조가공업,더조은에프엔비,포항시 남구 더조은에프엔비,129.52352790034348,35.90849170125603,2026-4-0178,20200537070,(주)더조은에프엔비,식품제조가공업,경상북도 포항시 남구,식품
기타가공품,106,2029-08-23,BIZ047,식품,C11400002,787,2026-08-24,경상북도,다원바이오,경산시,"제조,가공",2026-4-0177,식품제조가공업,다원바이오,경산시 다원바이오,128.8453731994988,35.8610754007484,2026-4-0177,20240862340,다원바이오,식품제조가공업,경상북도 경산시,식품
체중조절용 조제식품,106,2029-08-23,BIZ047,식품,C10200009,788,2026-08-24,경상북도,다원바이오,경산시,"제조,가공",2026-4-0176,식품제조가공업,다원바이오,경산시 다원바이오,128.8453731994988,35.8610754007484,2026-4-0176,20240862340,다원바이오,식품제조가공업,경상북도 경산시,식품
포장육,604,2029-08-19,BIZ047,축산물,78,789,2026-08-20,대구광역시,나이스투미트,동구,"제조,가공",2026-4-0175,식육포장처리업,나이스투미트,동구 나이스투미트,128.7311639001476,35.86870470101419,2026-4-0175,20200161246,나이스투미트,식육포장처리업,대구광역시 동구,축산물
양념육,612,2029-08-17,BIZ047,축산물,86,790,2026-08-18,경상북도,H&K(에이치앤케이)푸드,고령군,"제조,가공",2026-4-0174,축산물가공업-식육가공업,H&K푸드,고령군 H&K푸드,,,2026-4-0174,20240822017,H&K(에이치앤케이)푸드,축산물가공업-식육가공업,경상북도 고령군,축산물
식육판매업,630,2029-08-17,BIZ048,축산물,176,791,2026-08-18,대구광역시,경북대구한우협동조합 한우왕 한우전문판매점,북구,"유통,판매,조리",2026-4-0173,축산물판매업-식육판매업,경북대구한우협동조합 한우왕 한우전문판매점,북구 경북대구한우협동조합 한우왕 한우전문판매점,128.61533560163795,35.90679144059953,2026-4-0173,20200170033,경북대구한우협동조합 한우왕 한우전문판매점,축산물판매업-식육판매업,대구광역시 북구,축산물
식용란수집판매업,635,2029-08-12,BIZ048,축산물,581,792,2026-08-13,대구광역시,행복축산,달성군,"유통,판매,조리",2026-4-0172,축산물판매업-식용란수집판매업,행복축산,달성군 행복축산,,,2026-4-0172,20260256343,행복축산,축산물판매업-식용란수집판매업,대구광역시 달성군,축산물
빵류,106,2029-08-11,BIZ047,식품,C09300004,794,2026-08-12,경상북도,농업회사법인주식회사구수한,구미시,"제조,가공",2026-4-0170,식품제조가공업,농업회사법인주식회사구수한,구미시 농업회사법인주식회사구수한,128.3588344030429,36.11051560197709,2026-4-0170,20240845844,농업회사법인주식회사구수한,식품제조가공업,경상북도 구미시,식품
즉석조리식품(순대),106,2029-08-05,BIZ047,식품,C12500001,795,2026-08-06,경상북도,에이비아이푸드,구미시,"제조,가공",2026-4-0169,식품제조가공업,에이비아이푸드,구미시 에이비아이푸드,,,2026-4-0169,20260861407,에이비아이푸드,식품제조가공업,경상북도 구미시,식품
소스,106,2029-08-05,BIZ047,식품,C10400003,796,2026-08-06,경상북도,에이비아이푸드,구미시,"제조,가공",2026-4-0168,식품제조가공업,에이비아이푸드,구미시 에이비아이푸드,,,2026-4-0168,20260861407,에이비아이푸드,식품제조가공업,경상북도 구미시,식품
"양념육,식육추출가공품",612,2029-08-05,BIZ047,축산물,"86,89",797,2026-08-06,경상북도,에이비아이푸드(ABI FOOD),구미시,"제조,가공",2026-4-0167,축산물가공업-식육가공업,에이비아이푸드,구미시 에이비아이푸드,,,2026-4-0167,20260838004,에이비아이푸드(ABI FOOD),축산물가공업-식육가공업,경상북도 구미시,축산물
포장육,604,2029-08-04,BIZ047,축산물,78,798,2026-08-05,경상북도,주식회사 한우의정석,칠곡군,"제조,가공",2026-4-0166,식육포장처리업,주식회사 한우의정석,칠곡군 주식회사 한우의정석,,,2026-4-0166,20260895185,주식회사 한우의정석,식육포장처리업,경상북도 칠곡군,축산물
양념육,612,2029-08-04,BIZ047,축산물,86,799,2026-08-05,대구광역시,농업회사법인주식회사엠비케이푸드,북구,"제조,가공",2026-4-0165,축산물가공업-식육가공업,농업회사법인주식회사엠비케이푸드,북구 농업회사법인주식회사엠비케이푸드,,,2026-4-0165,20250217025,농업회사법인주식회사엠비케이푸드,축산물가공업-식육가공업,대구광역시 북구,축산물
조미건어포,106,2029-07-27,BIZ047,식품,C11000011,800,2026-07-28,경상북도,주식회사 와이푸드,포항시 북구,"제조,가공",2026-4-0164,식품제조가공업,주식회사 와이푸드,포항시 북구 주식회사 와이푸드,,,2026-4-0164,20260840013,주식회사 와이푸드,식품제조가공업,경상북도 포항시 북구,식품
소스,106,2029-07-26,BIZ047,식품,C10400003,801,2026-07-27,경상북도,(주)케이티앤에프,상주시,"제조,가공",2026-4-0163,식품제조가공업,케이티앤에프,상주시 케이티앤에프,128.1135668996864,36.28494218055868,2026-4-0163,20070556148,(주)케이티앤에프,식품제조가공업,경상북도 상주시,식품
당류가공품,106,2029-07-26,BIZ047,식품,C09600012,802,2026-07-27,경상북도,(주)케이티앤에프,상주시,"제조,가공",2026-4-0162,식품제조가공업,케이티앤에프,상주시 케이티앤에프,128.1135668996864,36.28494218055868,2026-4-0162,20070556148,(주)케이티앤에프,식품제조가공업,경상북도 상주시,식품
포장육,604,2029-07-26,BIZ047,축산물,78,803,2026-07-27,경상북도,농업회사법인 (주)참품한우,안동시,"제조,가공",2026-4-0161,식육포장처리업,농업회사법인 참품한우,안동시 농업회사법인 참품한우,,,2026-4-0161,20260855216,농업회사법인(주)참품한우 육가공공장,식육포장처리업,경상북도 안동시,축산물
양념육,612,2029-07-05,BIZ047,축산물,86,806,2026-07-06,대구광역시,DY클린푸드,동구,"제조,가공",2026-4-0158,축산물가공업-식육가공업,DY클린푸드,동구 DY클린푸드,,,2026-4-0158,20160157016,DY클린푸드,축산물가공업-식육가공업,대구광역시 동구,축산물
복합조미식품,106,2029-07-15,BIZ047,식품,C10400006,807,2026-07-16,대구광역시,농업회사법인(주)별난사람들,수성구,"제조,가공",2026-4-0157,식품제조가공업,농업회사법인별난사람들,수성구 농업회사법인별난사람들,,,2026-4-0157,20150174569,주식회사별난사람들,식품제조가공업,대구광역시 수성구,식품
소스,106,2029-07-15,BIZ047,식품,C10400003,808,2026-07-16,대구광역시,농업회사법인(주)별난사람들,수성구,"제조,가공",2026-4-0156,식품제조가공업,농업회사법인별난사람들,수성구 농업회사법인별난사람들,,,2026-4-0156,20150174569,주식회사별난사람들,식품제조가공업,대구광역시 수성구,식품
과자,106,2029-07-12,BIZ047,식품,C09300001,809,2026-07-13,경상북도,송정영농조합법인,포항시 북구,"제조,가공",2026-4-0155,식품제조가공업,송정영농조합법인,포항시 북구 송정영농조합법인,129.2766914046272,36.15903916292411,2026-4-0155,20210537116,송정영농조합법인,식품제조가공업,경상북도 포항시 북구,식품
식육판매업,630,2029-07-08,BIZ048,축산물,176,812,2026-07-09,대구광역시,그로푸드,동구,"유통,판매,조리",2026-4-0152,축산물판매업-식육판매업,그로푸드,동구 그로푸드,128.62159449948746,35.8901563998112,2026-4-0152,20260222570,그로푸드,축산물판매업-식육판매업,대구광역시 동구,축산물
기타 식용유지가공품,106,2029-07-01,BIZ047,식품,C09900027,814,2026-07-02,경상북도,주식회사 도투락,영천시,"제조,가공",2026-4-0150,식품제조가공업,주식회사 도투락,영천시 주식회사 도투락,128.8562695015977,36.021651634141264,2026-4-0150,20130555108,주식회사 도투락,식품제조가공업,경상북도 영천시,식품
포장육,604,2029-06-29,BIZ047,축산물,78,815,2026-06-30,경상북도,주식회사농업회사법인고기인생,영주시,"제조,가공",2026-4-0149,식육포장처리업,주식회사농업회사법인고기인생,영주시 주식회사농업회사법인고기인생,128.56552389656372,36.83344064583208,2026-4-0149,20190558149,주식회사농업회사법인고기인생,식육포장처리업,경상북도 영주시,축산물
캔디류,106,2029-06-29,BIZ047,식품,C09300002,816,2026-06-30,경상북도,주식회사 에이원바이옴,성주군,"제조,가공",2026-4-0148,식품제조가공업,주식회사 에이원바이옴,성주군 주식회사 에이원바이옴,,,2026-4-0148,20220820077,주식회사 에이원바이옴,식품제조가공업,경상북도 성주군,식품
식육판매업,630,2029-06-29,BIZ048,축산물,176,817,2026-06-30,대구광역시,크리미트,동구,"유통,판매,조리",2026-4-0147,축산물판매업-식육판매업,크리미트,동구 크리미트,,,2026-4-0147,20260222492,크리미트,축산물판매업-식육판매업,대구광역시 동구,축산물
아이스밀크,611,2029-06-28,BIZ047,축산물,C0302010300000,818,2026-06-29,대구광역시,주식회사 서로,남구,"제조,가공",2026-4-0146,축산물가공업-유가공업,주식회사 서로,남구 주식회사 서로,,,2026-4-0146,20250217021,주식회사 서로,축산물가공업-유가공업,대구광역시 남구,축산물
김치(배추김치),106,2029-06-25,BIZ047,식품,C12300001,819,2026-06-26,대구광역시,(주)솔밭골푸드,달서구,"제조,가공",2026-4-0145,식품제조가공업,솔밭골푸드,달서구 솔밭골푸드,128.49333239997836,35.83697850063218,2026-4-0145,20110182023,(주)솔밭골푸드,식품제조가공업,대구광역시 달서구,식품
두류가공품,106,2029-06-25,BIZ047,식품,C10700012,820,2026-06-26,경상북도,영천양잠농업협동조합,영천시,"제조,가공",2026-4-0144,식품제조가공업,영천양잠농업협동조합,영천시 영천양잠농업협동조합,129.07573670052622,36.00044984905178,2026-4-0144,19970555081,영천양잠농업협동조합,식품제조가공업,경상북도 영천시,식품
냉동식품 중 만두,106,2029-06-24,BIZ047,식품,C12000001,821,2026-06-25,대구광역시,갓바위팔공식품,서구,"제조,가공",2026-4-0143,식품제조가공업,갓바위팔공식품,서구 갓바위팔공식품,128.53490709947937,35.87135570192686,2026-4-0143,20050163042,갓바위팔공식품,식품제조가공업,대구광역시 서구,식품
포장육,604,2029-06-23,BIZ047,축산물,78,822,2026-06-24,대구광역시,주식회사 새롬한우,서구,"제조,가공",2026-4-0142,식육포장처리업,주식회사 새롬한우,서구 주식회사 새롬한우,128.5366254001614,35.86546390019462,2026-4-0142,20130163400,주식회사 새롬한우,식육포장처리업,대구광역시 서구,축산물
즉석섭취식품,106,2029-06-23,BIZ047,식품,C11300003,823,2026-06-24,경상북도,농업회사법인주식회사해미래,김천시,"제조,가공",2026-4-0141,식품제조가공업,농업회사법인주식회사해미래,김천시 농업회사법인주식회사해미래,128.23259290183384,36.18242630117862,2026-4-0141,20120548569,농업회사법인주식회사해미래,식품제조가공업,경상북도 구미시,식품
포장육,604,2029-06-21,BIZ047,축산물,78,824,2026-06-22,대구광역시,대길한우축산물유통,달성군,"제조,가공",2026-4-0140,식육포장처리업,대길한우축산물유통,달성군 대길한우축산물유통,,,2026-4-0140,20250256578,대길한우축산물유통,식육포장처리업,대구광역시 달성군,축산물
떡류,106,2029-06-21,BIZ047,식품,C09300005,825,2026-06-22,대구광역시,(주)궁전방,달성군,"제조,가공",2026-4-0139,식품제조가공업,궁전방,달성군 궁전방,128.46769110047748,35.67887800064339,2026-4-0139,20260256278,(주)궁전방,식품제조가공업,대구광역시 달성군,식품
빵류,106,2029-06-18,BIZ047,식품,C09300004,826,2026-06-19,대구광역시,버거러스,동구,"제조,가공",2026-4-0138,식품제조가공업,버거러스,동구 버거러스,,,2026-4-0138,20260222498,버거러스,식품제조가공업,대구광역시 동구,식품
기타가공품,106,2029-06-16,BIZ047,식품,C11400002,827,2026-06-17,경상북도,피지바이오헬스영농조합법인,영주시,"제조,가공",2026-4-0137,식품제조가공업,피지바이오헬스영농조합법인,영주시 피지바이오헬스영농조합법인,128.51860889983752,36.87637060066792,2026-4-0137,20030554150,피지바이오헬스영농조합법인,식품제조가공업,경상북도 영주시,식품
식육판매업,630,2029-05-29,BIZ048,축산물,176,828,2026-05-30,대구광역시,금손축산,북구,"유통,판매,조리",2026-4-0136,축산물판매업-식육판매업,금손축산,북구 금손축산,128.61655299993205,35.90928280124496,2026-4-0136,20220218376,금손축산,축산물판매업-식육판매업,대구광역시 북구,축산물
양념육,612,2029-06-15,BIZ047,축산물,86,829,2026-06-16,경상북도,제이디에프앤비,칠곡군,"제조,가공",2026-4-0135,축산물가공업-식육가공업,제이디에프앤비,칠곡군 제이디에프앤비,,,2026-4-0135,20260838003,제이디에프앤비,축산물가공업-식육가공업,경상북도 칠곡군,축산물
기타 수산물가공품,106,2029-06-15,BIZ047,식품,C11000016,830,2026-06-16,경상북도,신진씨앤푸드,경산시,"제조,가공",2026-4-0134,식품제조가공업,신진씨앤푸드,경산시 신진씨앤푸드,128.77228140034276,35.846917201072,2026-4-0134,20220803004,신진씨앤푸드,식품제조가공업,경상북도 경산시,식품
기타 어육가공품,106,2029-06-15,BIZ047,식품,C11000006,831,2026-06-16,경상북도,신진씨앤푸드,경산시,"제조,가공",2026-4-0133,식품제조가공업,신진씨앤푸드,경산시 신진씨앤푸드,128.77228140034276,35.846917201072,2026-4-0133,20220803004,신진씨앤푸드,식품제조가공업,경상북도 경산시,식품
포장육,604,2029-06-14,BIZ047,축산물,78,832,2026-06-15,대구광역시,라라푸드,서구,"제조,가공",2026-4-0132,식육포장처리업,라라푸드,서구 라라푸드,127.36689660035756,36.3562903999664,2026-4-0132,20150163033,라라푸드,식육포장처리업,대구광역시 서구,축산물
즉석섭취식품(운반급식 포함),106,2029-06-11,BIZ047,식품,H03000002,833,2026-06-12,대구광역시,아주푸드시스템,달서구,"제조,가공",2026-4-0131,식품제조가공업,아주푸드시스템,달서구 아주푸드시스템,,,2026-4-0131,20250248093,아주푸드시스템,식품제조가공업,대구광역시 달서구,식품
포장육,604,2029-06-11,BIZ047,축산물,78,834,2026-06-12,대구광역시,(주)뉴웅비푸드,동구,"제조,가공",2026-4-0130,식육포장처리업,뉴웅비푸드,동구 뉴웅비푸드,,,2026-4-0130,20260222092,(주)뉴웅비푸드,식육포장처리업,대구광역시 동구,축산물
포장육,604,2029-06-08,BIZ047,축산물,78,836,2026-06-09,대구광역시,드림한우,달성군,"제조,가공",2026-4-0128,식육포장처리업,드림한우,달성군 드림한우,128.47244720035394,35.78958780062917,2026-4-0128,20220241747,(주)드림한우,식육포장처리업,대구광역시 달성군,축산물
고춧가루,106,2029-06-08,BIZ047,식품,C10400009,837,2026-06-09,경상북도,울진군장애인보호작업장,울진군,"제조,가공",2026-4-0127,식품제조가공업,울진군장애인보호작업장,울진군 울진군장애인보호작업장,129.43772890834438,36.73196146242071,2026-4-0127,20260901039,울진군장애인보호작업장,식품제조가공업,경상북도 울진군,식품
가공두유,106,2029-06-07,BIZ047,식품,C10100011,838,2026-06-08,경상북도,남양유업주식회사 경주공장,경주시,"제조,가공",2026-4-0126,식품제조가공업,남양유업주식회사 경주공장,경주시 남양유업주식회사 경주공장,129.22520920245464,35.874741500867955,2026-4-0126,19800538018,남양유업주식회사 경주공장,식품제조가공업,경상북도 경주시,식품
청국장,106,2029-06-07,BIZ047,식품,C10300012,839,2026-06-08,경상북도,농업회사법인(주)청보마을,칠곡군,"제조,가공",2026-4-0125,식품제조가공업,농업회사법인청보마을,칠곡군 농업회사법인청보마을,128.51669129984424,36.03751880124226,2026-4-0125,20160570417,농업회사법인(주)청보마을,식품제조가공업,경상북도 칠곡군,식품
식용란수집판매업,635,2029-06-07,BIZ048,축산물,581,840,2026-06-08,대구광역시,데일리팜,북구,"유통,판매,조리",2026-4-0124,축산물판매업-식용란수집판매업,데일리팜,북구 데일리팜,,,2026-4-0124,20240226118,데일리팜,축산물판매업-식용란수집판매업,대구광역시 서구,축산물
냉동식품 중 면류(생면),106,2029-05-31,BIZ047,식품,C12200001,841,2026-06-01,경상북도,천일제면(주),안동시,"제조,가공",2026-4-0123,식품제조가공업,천일제면,안동시 천일제면,128.53933589978115,36.59927230135304,2026-4-0123,20040543439,천일제면(주),식품제조가공업,경상북도 안동시,식품
식육판매업,630,2029-05-31,BIZ048,축산물,176,842,2026-06-01,대구광역시,리지푸드,서구,"유통,판매,조리",2026-4-0122,축산물판매업-식육판매업,리지푸드,서구 리지푸드,,,2026-4-0122,20260226014,리지푸드,축산물판매업-식육판매업,대구광역시 서구,축산물
즉석조리식품,106,2029-05-28,BIZ047,식품,C11300005,843,2026-05-29,경상북도,주식회사한둘아푸드,구미시,"제조,가공",2026-4-0121,식품제조가공업,주식회사한둘아푸드,구미시 주식회사한둘아푸드,,,2026-4-0121,20260861322,주식회사한둘아푸드,식품제조가공업,경상북도 구미시,식품
고춧가루,106,2029-05-28,BIZ047,식품,C10400009,844,2026-05-29,경상북도,해오름식품,영천시,"제조,가공",2026-4-0120,식품제조가공업,해오름식품,영천시 해오름식품,,,2026-4-0120,20260870053,해오름식품,식품제조가공업,경상북도 영천시,식품
포장육,604,2029-05-26,BIZ047,축산물,78,845,2026-05-27,경상북도,주식회사 품,영천시,"제조,가공",2026-4-0119,식육포장처리업,주식회사 품,영천시 주식회사 품,128.92903920184028,35.92847970121253,2026-4-0119,20260870034,주식회사 품,식육포장처리업,경상북도 영천시,축산물
기타가공품,106,2029-05-26,BIZ047,식품,C11400002,846,2026-05-27,대구광역시,(주)푸드웰,달서구,"제조,가공",2026-4-0118,식품제조가공업,푸드웰,달서구 푸드웰,128.4983647681812,35.83602220282969,2026-4-0118,20020183282,(주)푸드웰,식품제조가공업,대구광역시 달서구,식품
기타 수산물가공품 중 냉동조미가공품,106,2029-05-26,BIZ047,식품,C11900001,847,2026-05-27,경상북도,태양수산 식품,경주시,"제조,가공",2026-4-0117,식품제조가공업,태양수산 식품,경주시 태양수산 식품,129.24847320014368,35.94763396359214,2026-4-0117,20160538702,태양수산 식품,식품제조가공업,경상북도 경주시,식품
냉동식품 중 피자류,106,2029-05-26,BIZ047,식품,C12100001,848,2026-05-27,경상북도,(주)라온씨앤비,청도군,"제조,가공",2026-4-0116,식품제조가공업,라온씨앤비,청도군 라온씨앤비,128.73465540028033,35.673951101103604,2026-4-0116,20230824046,(주)라온씨앤비,식품제조가공업,경상북도 청도군,식품
과자,106,2029-05-21,BIZ047,식품,C09300001,849,2026-05-22,대구광역시,사운즈커피 베이킹팩토리,동구,"제조,가공",2026-4-0115,식품제조가공업,사운즈커피 베이킹팩토리,동구 사운즈커피 베이킹팩토리,128.62420320469215,35.876442199861216,2026-4-0115,20240222350,사운즈커피 베이킹팩토리,식품제조가공업,대구광역시 동구,식품
알가열제품,613,2029-05-21,BIZ047,축산물,100,850,2026-05-22,대구광역시,미림유통,달성군,"제조,가공",2026-4-0114,축산물가공업-알가공업,미림유통,달성군 미림유통,,,2026-4-0114,20260217002,미림유통,축산물가공업-알가공업,대구광역시 달성군,축산물
양념육,612,2029-05-20,BIZ047,축산물,86,851,2026-05-21,대구광역시,MK푸드,수성구,"제조,가공",2026-4-0113,축산물가공업-식육가공업,MK푸드,수성구 MK푸드,128.61085780036518,35.84422980055046,2026-4-0113,20260217001,MK푸드,축산물가공업-식육가공업,대구광역시 수성구,축산물
포장육,604,2029-05-19,BIZ047,축산물,78,852,2026-05-20,대구광역시,원해유통,달성군,"제조,가공",2026-4-0112,식육포장처리업,원해유통,달성군 원해유통,,,2026-4-0112,20260256075,원해유통,식육포장처리업,대구광역시 달성군,축산물
빵류,106,2029-05-18,BIZ047,식품,C09300004,853,2026-05-19,대구광역시,한국제과식품협동조합,달성군,"제조,가공",2026-4-0111,식품제조가공업,한국제과식품협동조합,달성군 한국제과식품협동조합,128.4298972176556,35.768109720408454,2026-4-0111,20140188016,한국제과식품협동조합,식품제조가공업,대구광역시 달성군,식품
땅콩 또는 견과류가공품,106,2029-05-17,BIZ047,식품,C10700006,854,2026-05-18,대구광역시,세동주식회사,서구,"제조,가공",2026-4-0110,식품제조가공업,세동주식회사,서구 세동주식회사,128.53399329961653,35.864729800796226,2026-4-0110,20210164045,세동주식회사,식품제조가공업,대구광역시 서구,식품
과자,106,2029-05-13,BIZ047,식품,C09300001,855,2026-05-14,경상북도,화리베리팜,청도군,"제조,가공",2026-4-0109,식품제조가공업,화리베리팜,청도군 화리베리팜,,,2026-4-0109,20260889008,화리베리팜,식품제조가공업,경상북도 청도군,식품
어육소시지,106,2029-05-13,BIZ047,식품,C11000005,856,2026-05-14,대구광역시,주식회사 디와이푸드텍 농업회사법인,달성군,"제조,가공",2026-4-0108,식품제조가공업,주식회사 디와이푸드텍 농업회사법인,달성군 주식회사 디와이푸드텍 농업회사법인,,,2026-4-0108,20260256175,주식회사 디와이푸드텍 농업회사법인,식품제조가공업,대구광역시 달성군,식품
소시지,612,2029-05-13,BIZ047,축산물,82,857,2026-05-14,대구광역시,주식회사 디와이푸드텍 농업회사법인,달성군,"제조,가공",2026-4-0107,축산물가공업-식육가공업,주식회사 디와이푸드텍 농업회사법인,달성군 주식회사 디와이푸드텍 농업회사법인,,,2026-4-0107,20250217027,주식회사 디와이푸드텍 농업회사법인,축산물가공업-식육가공업,대구광역시 달성군,축산물
식용란수집판매업,635,2029-05-10,BIZ048,축산물,581,858,2026-05-11,대구광역시,에그로드,수성구,"유통,판매,조리",2026-4-0106,축산물판매업-식용란수집판매업,에그로드,수성구 에그로드,128.65104347649643,35.85238057360153,2026-4-0106,20260240205,에그로드,축산물판매업-식용란수집판매업,대구광역시 수성구,축산물
양념육,612,2029-05-10,BIZ047,축산물,86,859,2026-05-11,경상북도,(주)해내다에프엔비,경산시,"제조,가공",2026-4-0105,축산물가공업-식육가공업,해내다에프엔비,경산시 해내다에프엔비,,,2026-4-0105,20250822023,(주)해내다에프엔비,축산물가공업-식육가공업,경상북도 경산시,축산물
포장육,604,2029-05-10,BIZ047,축산물,78,860,2026-05-11,경상북도,(주)해내다에프앤비,경산시,"제조,가공",2026-4-0104,식육포장처리업,해내다에프앤비,경산시 해내다에프앤비,,,2026-4-0104,20250862362,(주)해내다에프앤비,식육포장처리업,경상북도 경산시,축산물
즉석섭취식품(운반급식 포함),106,2029-05-06,BIZ047,식품,H03000002,861,2026-05-07,경상북도,유진뷔페,상주시,"제조,가공",2026-4-0103,식품제조가공업,유진뷔페,상주시 유진뷔페,,,2026-4-0103,20260872006,유진뷔페,식품제조가공업,경상북도 상주시,식품
포장육,604,2029-04-27,BIZ047,축산물,78,863,2026-04-28,경상북도,영남성주축산 주식회사,성주군,"제조,가공",2026-4-0101,식육포장처리업,영남성주축산 주식회사,성주군 영남성주축산 주식회사,,,2026-4-0101,20250877137,영남성주축산 주식회사,식육포장처리업,경상북도 성주군,축산물
기타 수산물가공품 중 냉동조미가공품,106,2029-04-23,BIZ047,식품,C11900001,864,2026-04-24,경상북도,(주)늘푸른스마트테크,영천시,"제조,가공",2026-4-0100,식품제조가공업,늘푸른스마트테크,영천시 늘푸른스마트테크,128.88640829743855,35.87692859865182,2026-4-0100,20210565091,(주)늘푸른스마트테크,식품제조가공업,경상북도 영천시,식품
식육판매업,630,2029-04-21,BIZ048,축산물,176,865,2026-04-22,대구광역시,소망푸드,동구,"유통,판매,조리",2026-4-0099,축산물판매업-식육판매업,소망푸드,동구 소망푸드,127.44231890017258,36.33690922125594,2026-4-0099,20260222278,소망푸드,축산물판매업-식육판매업,대구광역시 동구,축산물
식육판매업,630,2029-04-21,BIZ048,축산물,176,866,2026-04-22,대구광역시,럭키미트,동구,"유통,판매,조리",2026-4-0098,축산물판매업-식육판매업,럭키미트,동구 럭키미트,,,2026-4-0098,20260222280,럭키미트,축산물판매업-식육판매업,대구광역시 동구,축산물
식육판매업,630,2029-04-20,BIZ048,축산물,176,867,2026-04-21,대구광역시,제이티유통,북구,"유통,판매,조리",2026-4-0097,축산물판매업-식육판매업,제이티유통,북구 제이티유통,,,2026-4-0097,20260233200,제이티유통,축산물판매업-식육판매업,대구광역시 북구,축산물
포장육,604,2029-04-20,BIZ047,축산물,78,868,2026-04-21,대구광역시,골드미트,달성군,"제조,가공",2026-4-0096,식육포장처리업,골드미트,달성군 골드미트,,,2026-4-0096,20260256084,골드미트,식육포장처리업,대구광역시 달성군,축산물
식육판매업,630,2029-04-16,BIZ048,축산물,176,869,2026-04-17,대구광역시,동경푸드,달성군,"유통,판매,조리",2026-4-0095,축산물판매업-식육판매업,동경푸드,달성군 동경푸드,,,2026-4-0095,20260256064,동경푸드,축산물판매업-식육판매업,대구광역시 달성군,축산물
식육판매업,630,2029-04-16,BIZ048,축산물,176,870,2026-04-17,대구광역시,명품유통,달성군,"유통,판매,조리",2026-4-0094,축산물판매업-식육판매업,명품유통,달성군 명품유통,,,2026-4-0094,20260256066,명품유통,축산물판매업-식육판매업,대구광역시 달성군,축산물
"베이컨류,양념육",612,2029-04-15,BIZ047,축산물,"84,86",871,2026-04-16,대구광역시,세이브 태민푸드,북구,"제조,가공",2026-4-0093,축산물가공업-식육가공업,세이브 태민푸드,북구 세이브 태민푸드,128.54839599998462,35.96009710082511,2026-4-0093,20180158018,세이브 태민푸드,축산물가공업-식육가공업,대구광역시 북구,축산물
젓갈,106,2029-04-14,BIZ047,식품,C11000007,872,2026-04-15,경상북도,YMF(와이엠에프),안동시,"제조,가공",2026-4-0092,식품제조가공업,YMF,안동시 YMF,128.53814710073826,36.59386576582877,2026-4-0092,20150543019,YMF(와이엠에프),식품제조가공업,경상북도 안동시,식품
포장육,604,2029-04-09,BIZ047,축산물,78,875,2026-04-10,경상북도,농업회사법인 대산축산 주식회사,문경시,"제조,가공",2026-4-0089,식육포장처리업,농업회사법인 대산축산 주식회사,문경시 농업회사법인 대산축산 주식회사,,,2026-4-0089,20250859435,농업회사법인 대산축산 주식회사,식육포장처리업,경상북도 문경시,축산물
즉석섭취식품,106,2029-04-08,BIZ047,식품,C11300003,877,2026-04-09,대구광역시,도도환 푸드,달서구,"제조,가공",2026-4-0087,식품제조가공업,도도환 푸드,달서구 도도환 푸드,,,2026-4-0087,20250249032,도도환 푸드,식품제조가공업,대구광역시 달서구,식품
포장육,604,2029-04-06,BIZ047,축산물,78,879,2026-04-07,경상북도,제일유통,경산시,"제조,가공",2026-4-0085,식육포장처리업,제일유통,경산시 제일유통,128.77129349953444,35.81526720098407,2026-4-0085,20240862066,제일유통,식육포장처리업,경상북도 경산시,축산물
즉석조리식품,106,2029-04-06,BIZ047,식품,C11300005,880,2026-04-07,대구광역시,아이선푸드,서구,"제조,가공",2026-4-0084,식품제조가공업,아이선푸드,서구 아이선푸드,,,2026-4-0084,20260226062,아이선푸드,식품제조가공업,대구광역시 서구,식품
식육추출가공품,612,2029-04-05,BIZ047,축산물,89,881,2026-04-06,경상북도,(주)에이치와이코리아,칠곡군,"제조,가공",2026-4-0083,축산물가공업-식육가공업,에이치와이코리아,칠곡군 에이치와이코리아,128.49504559972627,35.96311429559176,2026-4-0083,20250822003,(주)에이치와이코리아,축산물가공업-식육가공업,경상북도 칠곡군,축산물
포장육,604,2029-04-02,BIZ047,축산물,78,882,2026-04-03,대구광역시,알천미트,북구,"제조,가공",2026-4-0082,식육포장처리업,알천미트,북구 알천미트,,,2026-4-0082,20260233097,알천미트,식육포장처리업,대구광역시 북구,축산물
포장육,604,2029-04-02,BIZ047,축산물,78,883,2026-04-03,대구광역시,농업회사법인 매화축산(주),달서구,"제조,가공",2026-4-0081,식육포장처리업,농업회사법인 매화축산,달서구 농업회사법인 매화축산,,,2026-4-0081,20250249369,농업회사법인 매화축산(주),식육포장처리업,대구광역시 달서구,축산물
액상차,106,2029-04-02,BIZ047,식품,C10100002,884,2026-04-03,경상북도,주식회사 해담,경산시,"제조,가공",2026-4-0080,식품제조가공업,주식회사 해담,경산시 주식회사 해담,,,2026-4-0080,20250862798,주식회사 해담,식품제조가공업,경상북도 경산시,식품
효소식품,106,2029-04-01,BIZ047,식품,C10700009,886,2026-04-02,경상북도,영천양잠농업협동조합,영천시,"제조,가공",2026-4-0078,식품제조가공업,영천양잠농업협동조합,영천시 영천양잠농업협동조합,129.07573670052622,36.00044984905178,2026-4-0078,19970555081,영천양잠농업협동조합,식품제조가공업,경상북도 영천시,식품
떡류,106,2029-04-01,BIZ047,식품,C09300005,887,2026-04-02,경상북도,풍기떡집,영주시,"제조,가공",2026-4-0077,식품제조가공업,풍기떡집,영주시 풍기떡집,128.52879749977436,36.87067970120188,2026-4-0077,20250852261,풍기떡집,식품제조가공업,경상북도 영주시,식품
즉석조리식품,106,2029-03-31,BIZ047,식품,C11300005,889,2026-04-01,경상북도,주식회사 더신전,경산시,"제조,가공",2026-4-0075,식품제조가공업,주식회사 더신전,경산시 주식회사 더신전,128.84687150002708,35.861042101094284,2026-4-0075,20120168502,주식회사 더신전,식품제조가공업,대구광역시 북구,식품
"양념육,분쇄가공육제품",612,2029-03-26,BIZ047,축산물,"86,87",890,2026-03-27,경상북도,동남아언니,영천시,"제조,가공",2026-4-0074,축산물가공업-식육가공업,동남아언니,영천시 동남아언니,,,2026-4-0074,20260838001,동남아언니,축산물가공업-식육가공업,경상북도 영천시,축산물
고춧가루,106,2029-03-15,BIZ047,식품,C10400009,891,2026-03-16,대구광역시,대가야 푸드,달성군,"제조,가공",2026-4-0073,식품제조가공업,대가야 푸드,달성군 대가야 푸드,128.474499300513,35.74412570113084,2026-4-0073,20230249068,대가야 푸드,식품제조가공업,대구광역시 달성군,식품
국수(생면),106,2029-03-22,BIZ047,식품,C12400001,892,2026-03-23,대구광역시,고반식품,북구,"제조,가공",2026-4-0072,식품제조가공업,고반식품,북구 고반식품,,,2026-4-0072,20250234198,고반식품,식품제조가공업,대구광역시 북구,식품
생면,106,2029-03-22,BIZ047,식품,C10000001,893,2026-03-23,대구광역시,고반식품,북구,"제조,가공",2026-4-0071,식품제조가공업,고반식품,북구 고반식품,,,2026-4-0071,20250234198,고반식품,식품제조가공업,대구광역시 북구,식품
포장육,604,2029-03-19,BIZ047,축산물,78,894,2026-03-20,대구광역시,대창축산,달성군,"제조,가공",2026-4-0070,식육포장처리업,대창축산,달성군 대창축산,,,2026-4-0070,20260256086,대창축산,식육포장처리업,대구광역시 달성군,축산물
포장육,604,2029-03-19,BIZ047,축산물,78,895,2026-03-20,대구광역시,남호푸드,달성군,"제조,가공",2026-4-0069,식육포장처리업,남호푸드,달성군 남호푸드,128.48673891079724,35.79254350566745,2026-4-0069,20250256503,남호푸드,식육포장처리업,대구광역시 달성군,축산물
빵류,106,2029-03-17,BIZ047,식품,C09300004,896,2026-03-18,대구광역시,베이크 원,동구,"제조,가공",2026-4-0068,식품제조가공업,베이크 원,동구 베이크 원,128.73271720012045,35.86936030027195,2026-4-0068,20250223092,베이크 원,식품제조가공업,대구광역시 동구,식품
포장육,604,2029-03-16,BIZ047,축산물,78,897,2026-03-17,경상북도,진영식품,안동시,"제조,가공",2026-4-0067,식육포장처리업,진영식품,안동시 진영식품,128.69502910005772,36.56997580047192,2026-4-0067,20110543443,진영식품,식육포장처리업,경상북도 안동시,축산물
빵류,106,2029-03-16,BIZ047,식품,C09300004,898,2026-03-17,대구광역시,(주)갓파이,수성구,"제조,가공",2026-4-0066,식품제조가공업,갓파이,수성구 갓파이,,,2026-4-0066,20260240013,(주)갓파이,식품제조가공업,대구광역시 수성구,식품
양념육,612,2029-03-12,BIZ047,축산물,86,899,2026-03-13,경상북도,신화푸드,안동시,"제조,가공",2026-4-0065,축산물가공업-식육가공업,신화푸드,안동시 신화푸드,128.643902399722,36.58968010125777,2026-4-0065,20210536031,신화푸드,축산물가공업-식육가공업,경상북도 안동시,축산물
식육판매업,630,2029-03-12,BIZ048,축산물,176,900,2026-03-13,대구광역시,우성축산,동구,"유통,판매,조리",2026-4-0064,축산물판매업-식육판매업,우성축산,동구 우성축산,128.6458321995738,35.89306780090105,2026-4-0064,20190161983,우성축산,축산물판매업-식육판매업,대구광역시 동구,축산물
김치(배추김치),106,2029-03-12,BIZ047,식품,C12300001,901,2026-03-13,경상북도,손맛김치,성주군,"제조,가공",2026-4-0063,식품제조가공업,손맛김치,성주군 손맛김치,,,2026-4-0063,20250877118,손맛김치,식품제조가공업,경상북도 성주군,식품
식용란선별포장업,009,2029-03-11,BIZ048,축산물,901,902,2026-03-12,경상북도,라니원,칠곡군,"유통,판매,조리",2026-4-0062,식용란선별포장업,라니원,칠곡군 라니원,128.51473665397768,36.048354149480666,2026-4-0062,20260838002,농업회사법인 주식회사 라니원,식용란선별포장업,경상북도 칠곡군,축산물
김치(배추김치),106,2029-03-11,BIZ047,식품,C12300001,903,2026-03-12,경상북도,농업회사법인 원푸드 주식회사,안동시,"제조,가공",2026-4-0061,식품제조가공업,농업회사법인 원푸드 주식회사,안동시 농업회사법인 원푸드 주식회사,,,2026-4-0061,20250839467,농업회사법인 원푸드 주식회사,식품제조가공업,경상북도 안동시,식품
당절임,106,2029-03-11,BIZ047,식품,C10500004,904,2026-03-12,경상북도,자연이든농업회사법인주식회사,영주시,"제조,가공",2026-4-0060,식품제조가공업,자연이든농업회사법인주식회사,영주시 자연이든농업회사법인주식회사,128.63854819962944,36.83697570113559,2026-4-0060,20190558209,자연이든농업회사법인주식회사,식품제조가공업,경상북도 영주시,식품
잼,106,2029-03-11,BIZ047,식품,C09700001,905,2026-03-12,경상북도,(주)고도명가,고령군,"제조,가공",2026-4-0059,식품제조가공업,고도명가,고령군 고도명가,,,2026-4-0059,20250875093,(주)고도명가,식품제조가공업,경상북도 고령군,식품
액상차,106,2029-03-11,BIZ047,식품,C10100002,906,2026-03-12,경상북도,(주)고도명가,고령군,"제조,가공",2026-4-0058,식품제조가공업,고도명가,고령군 고도명가,,,2026-4-0058,20250875093,(주)고도명가,식품제조가공업,경상북도 고령군,식품
기타 수산물가공품 중 냉동어류,106,2029-03-10,BIZ047,식품,C11700001,907,2026-03-11,경상북도,더큰수산,영덕군,"제조,가공",2026-4-0057,식품제조가공업,더큰수산,영덕군 더큰수산,129.38546249658015,36.3690652998422,2026-4-0057,20220814166,더큰수산,식품제조가공업,경상북도 영덕군,식품
과ㆍ채주스,106,2029-03-09,BIZ047,식품,C10100006,908,2026-03-10,경상북도,농업회사법인주식회사자연하루,영주시,"제조,가공",2026-4-0056,식품제조가공업,농업회사법인주식회사자연하루,영주시 농업회사법인주식회사자연하루,128.5294450017726,36.87509176186988,2026-4-0056,20250852348,농업회사법인주식회사자연하루,식품제조가공업,경상북도 영주시,식품
인삼ㆍ홍삼음료,106,2029-03-09,BIZ047,식품,C10100015,909,2026-03-10,경상북도,농업회사법인주식회사자연하루,영주시,"제조,가공",2026-4-0055,식품제조가공업,농업회사법인주식회사자연하루,영주시 농업회사법인주식회사자연하루,128.5294450017726,36.87509176186988,2026-4-0055,20250852348,농업회사법인주식회사자연하루,식품제조가공업,경상북도 영주시,식품
포장육,604,2029-03-08,BIZ047,축산물,78,910,2026-03-09,경상북도,LC 포크,김천시,"제조,가공",2026-4-0054,식육포장처리업,LC 포크,김천시 LC 포크,,,2026-4-0054,20250836265,LC 포크,식육포장처리업,경상북도 김천시,축산물
식육판매업,630,2029-03-08,BIZ048,축산물,176,911,2026-03-09,대구광역시,화담미트,동구,"유통,판매,조리",2026-4-0053,축산물판매업-식육판매업,화담미트,동구 화담미트,,,2026-4-0053,20260222047,화담미트,축산물판매업-식육판매업,대구광역시 동구,축산물
포장육,604,2029-03-08,BIZ047,축산물,78,912,2026-03-09,대구광역시,한십억 축산,북구,"제조,가공",2026-4-0052,식육포장처리업,한십억 축산,북구 한십억 축산,,,2026-4-0052,20260233054,한십억 축산,식육포장처리업,대구광역시 북구,축산물
빵류,106,2029-03-05,BIZ047,식품,C09300004,913,2026-03-06,경상북도,농업회사법인 주식회사 정든푸드,칠곡군,"제조,가공",2026-4-0051,식품제조가공업,농업회사법인 주식회사 정든푸드,칠곡군 농업회사법인 주식회사 정든푸드,128.48275240003696,35.95641360057216,2026-4-0051,20250879432,주식회사 정든푸드,식품제조가공업,경상북도 칠곡군,식품
포장육,604,2029-03-05,BIZ047,축산물,78,914,2026-03-06,대구광역시,월드식품,동구,"제조,가공",2026-4-0050,식육포장처리업,월드식품,동구 월드식품,128.6791416001254,35.878790200966385,2026-4-0050,20160160281,월드식품,식육포장처리업,대구광역시 동구,축산물
복합조미식품,106,2029-03-05,BIZ047,식품,C10400006,915,2026-03-06,경상북도,(주)에스팩토리,경산시,"제조,가공",2026-4-0049,식품제조가공업,에스팩토리,경산시 에스팩토리,128.77425439964009,35.84297900072351,2026-4-0049,20210564766,(주)에스팩토리,식품제조가공업,경상북도 경산시,식품
빵류,106,2029-03-04,BIZ047,식품,C09300004,916,2026-03-05,경상북도,주식회사 바른빵연구소,칠곡군,"제조,가공",2026-4-0048,식품제조가공업,주식회사 바른빵연구소,칠곡군 주식회사 바른빵연구소,,,2026-4-0048,20260895024,주식회사 바른빵연구소,식품제조가공업,경상북도 칠곡군,식품
과자,106,2029-03-03,BIZ047,식품,C09300001,917,2026-03-04,경상북도,주식회사 바른빵연구소,칠곡군,"제조,가공",2026-4-0047,식품제조가공업,주식회사 바른빵연구소,칠곡군 주식회사 바른빵연구소,,,2026-4-0047,20260895024,주식회사 바른빵연구소,식품제조가공업,경상북도 칠곡군,식품
빵류,106,2029-02-25,BIZ047,식품,C09300004,918,2026-02-26,대구광역시,주식회사 삼립 대구공장,달서구,"제조,가공",2026-4-0046,식품제조가공업,주식회사 삼립 대구공장,달서구 주식회사 삼립 대구공장,,,2026-4-0046,20030181357,주식회사 삼립 대구공장,식품제조가공업,대구광역시 달서구,식품
국수(생면),106,2029-02-24,BIZ047,식품,C12400001,919,2026-02-25,대구광역시,선주푸드 시스템,서구,"제조,가공",2026-4-0045,식품제조가공업,선주푸드 시스템,서구 선주푸드 시스템,128.54760170050866,35.858746800661,2026-4-0045,20250226456,선주푸드 시스템,식품제조가공업,대구광역시 서구,식품
떡류,106,2029-02-24,BIZ047,식품,C09300005,920,2026-02-25,대구광역시,선주푸드 시스템,서구,"제조,가공",2026-4-0044,식품제조가공업,선주푸드 시스템,서구 선주푸드 시스템,128.54760170050866,35.858746800661,2026-4-0044,20250226456,선주푸드 시스템,식품제조가공업,대구광역시 서구,식품
즉석섭취식품(운반급식 포함),106,2029-02-24,BIZ047,식품,H03000002,921,2026-02-25,대구광역시,주식회사 다함푸드,달서구,"제조,가공",2026-4-0043,식품제조가공업,주식회사 다함푸드,달서구 주식회사 다함푸드,,,2026-4-0043,20250249406,주식회사 다함푸드,식품제조가공업,대구광역시 달서구,식품
과자,106,2029-02-24,BIZ047,식품,C09300001,922,2026-02-25,경상북도,(주)소담푸드 제2공장,칠곡군,"제조,가공",2026-4-0042,식품제조가공업,소담푸드 제2공장,칠곡군 소담푸드 제2공장,,,2026-4-0042,20250879186,(주)소담푸드 제2공장,식품제조가공업,경상북도 칠곡군,식품
포장육,604,2029-02-23,BIZ047,축산물,78,923,2026-02-24,대구광역시,로얄미트,북구,"제조,가공",2026-4-0041,식육포장처리업,로얄미트,북구 로얄미트,,,2026-4-0041,20260233098,로얄미트,식육포장처리업,대구광역시 북구,축산물
식육판매업,630,2029-02-12,BIZ048,축산물,176,924,2026-02-13,대구광역시,신세계미트,동구,"유통,판매,조리",2026-4-0038,축산물판매업-식육판매업,신세계미트,동구 신세계미트,128.7126244994824,35.87793790107021,2026-4-0038,20190162225,신세계미트,축산물판매업-식육판매업,대구광역시 동구,축산물
양념육,612,2029-02-11,BIZ047,축산물,86,925,2026-02-12,대구광역시,마마푸드,동구,"제조,가공",2026-4-0037,축산물가공업-식육가공업,마마푸드,동구 마마푸드,128.63741819697952,35.91788092582041,2026-4-0037,20220202011,마마푸드,축산물가공업-식육가공업,대구광역시 동구,축산물
포장육,604,2029-02-11,BIZ047,축산물,78,926,2026-02-12,대구광역시,마마푸드,동구,"제조,가공",2026-4-0036,식육포장처리업,마마푸드,동구 마마푸드,128.63741819697952,35.91788092582041,2026-4-0036,20220207006,마마푸드,식육포장처리업,대구광역시 동구,축산물
과ㆍ채음료,106,2029-02-11,BIZ047,식품,C10100007,927,2026-02-12,경상북도,경산시농업기술센터,경산시,"제조,가공",2026-4-0035,식품제조가공업,경산시농업기술센터,경산시 경산시농업기술센터,128.81250600433953,35.81680546483779,2026-4-0035,20220803290,경산시농업기술센터,식품제조가공업,경상북도 경산시,식품
과ㆍ채주스,106,2029-02-11,BIZ047,식품,C10100006,928,2026-02-12,경상북도,경산시농업기술센터,경산시,"제조,가공",2026-4-0034,식품제조가공업,경산시농업기술센터,경산시 경산시농업기술센터,128.81250600433953,35.81680546483779,2026-4-0034,20220803290,경산시농업기술센터,식품제조가공업,경상북도 경산시,식품
음료베이스,106,2029-02-11,BIZ047,식품,C10100017,929,2026-02-12,경상북도,주식회사 도투락,영천시,"제조,가공",2026-4-0033,식품제조가공업,주식회사 도투락,영천시 주식회사 도투락,128.8562695015977,36.021651634141264,2026-4-0033,20130555108,주식회사 도투락,식품제조가공업,경상북도 영천시,식품
기타 수산물가공품 중 냉동연체류,106,2029-02-08,BIZ047,식품,C11800001,930,2026-02-09,경상북도,법계수산,포항시 남구,"제조,가공",2026-4-0032,식품제조가공업,법계수산,포항시 남구 법계수산,129.54609269990723,35.99264222961428,2026-4-0032,20220765098,법계수산,식품제조가공업,경상북도 포항시 남구,식품
기타 수산물가공품 중 냉동어류,106,2029-02-08,BIZ047,식품,C11700001,931,2026-02-09,경상북도,법계수산,포항시 남구,"제조,가공",2026-4-0031,식품제조가공업,법계수산,포항시 남구 법계수산,129.54609269990723,35.99264222961428,2026-4-0031,20220765098,법계수산,식품제조가공업,경상북도 포항시 남구,식품
식육판매업,630,2029-02-03,BIZ048,축산물,176,932,2026-02-04,대구광역시,든든푸드,북구,"유통,판매,조리",2026-4-0030,축산물판매업-식육판매업,든든푸드,북구 든든푸드,,,2026-4-0030,20250234037,든든푸드,축산물판매업-식육판매업,대구광역시 북구,축산물
식육판매업,630,2029-02-03,BIZ048,축산물,176,933,2026-02-04,대구광역시,안심푸드주식회사,북구,"유통,판매,조리",2026-4-0029,축산물판매업-식육판매업,안심푸드주식회사,북구 안심푸드주식회사,,,2026-4-0029,20120169001,안심푸드주식회사,축산물판매업-식육판매업,대구광역시 북구,축산물
즉석조리식품,106,2029-02-03,BIZ047,식품,C11300005,934,2026-02-04,경상북도,롯데웰푸드(주),김천시,"제조,가공",2026-4-0028,식품제조가공업,롯데웰푸드,김천시 롯데웰푸드,128.12715700436294,36.15330009820797,2026-4-0028,20140541143,롯데웰푸드(주),식품제조가공업,경상북도 김천시,식품
기타 식용유지가공품,106,2029-02-03,BIZ047,식품,C09900027,935,2026-02-04,경상북도,파이토지노믹스 주식회사,영천시,"제조,가공",2026-4-0027,식품제조가공업,파이토지노믹스 주식회사,영천시 파이토지노믹스 주식회사,128.94716190028743,35.91002640109232,2026-4-0027,20160555002,파이토지노믹스 주식회사,식품제조가공업,경상북도 영천시,식품
기타식물성유지,106,2029-02-03,BIZ047,식품,C09900017,936,2026-02-04,경상북도,파이토지노믹스 주식회사,영천시,"제조,가공",2026-4-0026,식품제조가공업,파이토지노믹스 주식회사,영천시 파이토지노믹스 주식회사,128.94716190028743,35.91002640109232,2026-4-0026,20160555002,파이토지노믹스 주식회사,식품제조가공업,경상북도 영천시,식품
식육판매업,630,2029-01-29,BIZ048,축산물,176,938,2026-01-30,대구광역시,우영에프에스,북구,"유통,판매,조리",2026-4-0024,축산물판매업-식육판매업,우영에프에스,북구 우영에프에스,128.51906500010776,35.89631370104836,2026-4-0024,20250234168,우영에프에스,축산물판매업-식육판매업,대구광역시 북구,축산물
식육판매업,630,2029-01-29,BIZ048,축산물,176,939,2026-01-30,대구광역시,정진유통,북구,"유통,판매,조리",2026-4-0023,축산물판매업-식육판매업,정진유통,북구 정진유통,128.5191068999377,35.89608010067517,2026-4-0023,20250234169,정진유통,축산물판매업-식육판매업,대구광역시 북구,축산물
음료베이스,106,2029-01-29,BIZ047,식품,C10100017,940,2026-01-30,경상북도,셀베이 바이오,영천시,"제조,가공",2026-4-0022,식품제조가공업,셀베이 바이오,영천시 셀베이 바이오,,,2026-4-0022,20210559092,셀베이 바이오,식품제조가공업,경상북도 영천시,식품
양념육,612,2029-01-29,BIZ047,축산물,86,941,2026-01-30,대구광역시,(주)다담,동구,"제조,가공",2026-4-0021,축산물가공업-식육가공업,다담,동구 다담,127.45295349984816,36.35255247880029,2026-4-0021,20250217022,(주)다담,축산물가공업-식육가공업,대구광역시 동구,축산물
아이스크림,611,2029-01-29,BIZ047,축산물,C0302010100000,942,2026-01-30,대구광역시,서문빙수,달서구,"제조,가공",2026-4-0020,축산물가공업-유가공업,서문빙수,달서구 서문빙수,,,2026-4-0020,20250217020,서문빙수,축산물가공업-유가공업,대구광역시 달서구,축산물
양념육,612,2029-01-29,BIZ047,축산물,86,943,2026-01-30,대구광역시,(주)그린쿡 제3공장,달성군,"제조,가공",2026-4-0019,축산물가공업-식육가공업,그린쿡 제3공장,달성군 그린쿡 제3공장,,,2026-4-0019,20250217026,(주)그린쿡 제3공장,축산물가공업-식육가공업,대구광역시 달성군,축산물
떡류,106,2029-01-25,BIZ047,식품,C09300005,944,2026-01-26,대구광역시,대자연식품 제2공장,북구,"제조,가공",2026-4-0018,식품제조가공업,대자연식품 제2공장,북구 대자연식품 제2공장,,,2026-4-0018,20250234360,대자연식품 제2공장,식품제조가공업,대구광역시 북구,식품
사양벌꿀,106,2029-01-25,BIZ047,식품,C11200004,945,2026-01-26,경상북도,웰빙바이오,의성군,"제조,가공",2026-4-0017,식품제조가공업,웰빙바이오,의성군 웰빙바이오,128.49568252477002,36.33671442946491,2026-4-0017,20160563008,웰빙바이오,식품제조가공업,경상북도 의성군,식품
과ㆍ채주스(공유주방 이용업소),106,2029-01-22,BIZ047,식품,C10100006,946,2026-01-23,경상북도,봉화군 농산물가공기술지원관,봉화군,"제조,가공",2026-4-0016,식품제조가공업,봉화군 농산물가공기술지원관,봉화군 봉화군 농산물가공기술지원관,,,2026-4-0016,20240883090,봉화군 농산물가공기술지원관,식품제조가공업,경상북도 봉화군,식품
포장육,604,2029-01-20,BIZ047,축산물,78,947,2026-01-21,경상북도,주식회사 고령축산,고령군,"제조,가공",2026-4-0012,식육포장처리업,주식회사 고령축산,고령군 주식회사 고령축산,128.39356229978526,35.7970211008662,2026-4-0012,20200572065,주식회사 고령축산,식육포장처리업,경상북도 고령군,축산물
기타 수산물가공품 중 냉동조미가공품,106,2029-01-19,BIZ047,식품,C11900001,948,2026-01-20,경상북도,주식회사 해담월,경산시,"제조,가공",2026-4-0011,식품제조가공업,주식회사 해담월,경산시 주식회사 해담월,,,2026-4-0011,20250862770,주식회사 해담월,식품제조가공업,경상북도 경산시,식품
기타 수산물가공품,106,2029-01-19,BIZ047,식품,C11000016,949,2026-01-20,경상북도,주식회사 해담월,경산시,"제조,가공",2026-4-0010,식품제조가공업,주식회사 해담월,경산시 주식회사 해담월,,,2026-4-0010,20250862770,주식회사 해담월,식품제조가공업,경상북도 경산시,식품
절임식품,106,2029-01-18,BIZ047,식품,C10500003,950,2026-01-19,경상북도,주식회사 바른식품,영천시,"제조,가공",2026-4-0009,식품제조가공업,주식회사 바른식품,영천시 주식회사 바른식품,128.89046300031558,35.91439230123172,2026-4-0009,20160555227,주식회사 바른식품,식품제조가공업,경상북도 영천시,식품
식육판매업,630,2029-01-15,BIZ048,축산물,176,951,2026-01-16,대구광역시,한결푸드,북구,"유통,판매,조리",2026-4-0008,축산물판매업-식육판매업,한결푸드,북구 한결푸드,128.60785510015918,35.90010619960689,2026-4-0008,20250234280,한결푸드,축산물판매업-식육판매업,대구광역시 북구,축산물
천연향신료,106,2029-01-11,BIZ047,식품,C10400011,953,2026-01-12,경상북도,다름푸드,칠곡군,"제조,가공",2026-4-0006,식품제조가공업,다름푸드,칠곡군 다름푸드,,,2026-4-0006,20250879118,다름푸드,식품제조가공업,경상북도 칠곡군,식품
식육판매업,630,2029-01-11,BIZ048,축산물,176,954,2026-01-12,대구광역시,E로움G&C,남구,"유통,판매,조리",2026-4-0005,축산물판매업-식육판매업,E로움G&C,남구 E로움G&C,,,2026-4-0005,20250230345,E로움G&C,축산물판매업-식육판매업,대구광역시 남구,축산물
식육판매업,630,2029-01-11,BIZ048,축산물,176,955,2026-01-12,대구광역시,블루림F&C,남구,"유통,판매,조리",2026-4-0004,축산물판매업-식육판매업,블루림F&C,남구 블루림F&C,,,2026-4-0004,20250230347,블루림F&C,축산물판매업-식육판매업,대구광역시 남구,축산물
식육추출가공품,612,2029-01-11,BIZ047,축산물,89,956,2026-01-12,경상북도,JS푸드,칠곡군,"제조,가공",2026-4-0003,축산물가공업-식육가공업,JS푸드,칠곡군 JS푸드,,,2026-4-0003,20250822024,JS푸드,축산물가공업-식육가공업,경상북도 칠곡군,축산물
복합조미식품,106,2029-01-04,BIZ047,식품,C10400006,957,2026-01-05,대구광역시,(주)청우에프엔씨,동구,"제조,가공",2026-4-0002,식품제조가공업,청우에프엔씨,동구 청우에프엔씨,128.6760560029245,35.89608419998953,2026-4-0002,20130160566,(주)청우에프엔씨,식품제조가공업,대구광역시 동구,식품
소스,106,2029-01-04,BIZ047,식품,C10400003,958,2026-01-05,대구광역시,(주)청우에프엔씨,동구,"제조,가공",2026-4-0001,식품제조가공업,청우에프엔씨,동구 청우에프엔씨,128.6760560029245,35.89608419998953,2026-4-0001,20130160566,(주)청우에프엔씨,식품제조가공업,대구광역시 동구,식품
빵류,106,2029-09-09,BIZ047,식품,C09300004,980,2026-09-10,경기도,어썸베이킹,화성시 효행구,"제조,가공",2026-3-0575,식품제조가공업,어썸베이킹,화성시 효행구 어썸베이킹,,,2026-3-0575,20260565452,어썸베이킹,식품제조가공업,경기도 화성시 효행구,식품
과자,106,2029-09-09,BIZ047,식품,C09300001,981,2026-09-10,경기도,어썸베이킹,화성시 효행구,"제조,가공",2026-3-0574,식품제조가공업,어썸베이킹,화성시 효행구 어썸베이킹,,,2026-3-0574,20260565452,어썸베이킹,식품제조가공업,경기도 화성시 효행구,식품
초콜릿가공품,106,2029-09-09,BIZ047,식품,C09500009,982,2026-09-10,경기도,양평군농산물가공지원센터,양평군,"제조,가공",2026-3-0573,식품제조가공업,양평군농산물가공지원센터,양평군 양평군농산물가공지원센터,127.51328540015209,37.50920740088061,2026-3-0573,20150378327,양평군농산물가공지원센터,식품제조가공업,경기도 양평군,식품
양념육,612,2029-09-09,BIZ047,축산물,86,983,2026-09-10,경기도,제이에스미트,하남시,"제조,가공",2026-3-0572,축산물가공업-식육가공업,제이에스미트,하남시 제이에스미트,127.19363169944268,37.545888000844,2026-3-0572,20260375054,제이에스미트,축산물가공업-식육가공업,경기도 하남시,축산물
곡류가공품,106,2029-09-09,BIZ047,식품,C10700011,984,2026-09-10,경기도,주식회사 보고바이오,여주시,"제조,가공",2026-3-0571,식품제조가공업,주식회사 보고바이오,여주시 주식회사 보고바이오,127.51431550467292,37.35774979695938,2026-3-0571,20200374111,주식회사 보고바이오,식품제조가공업,경기도 여주시,식품
음료베이스,106,2029-09-08,BIZ047,식품,C10100017,985,2026-09-09,경기도,㈜트리즈랩,광주시,"제조,가공",2026-3-0570,식품제조가공업,㈜트리즈랩,광주시 ㈜트리즈랩,,,2026-3-0570,20160106808,(주)트리즈랩,식품제조가공업,경기도 광주시,식품
빵류,106,2029-09-08,BIZ047,식품,C09300004,986,2026-09-09,경기도,베이토리,안산시 단원구,"제조,가공",2026-3-0569,식품제조가공업,베이토리,안산시 단원구 베이토리,,,2026-3-0569,20260474422,베이토리,식품제조가공업,경기도 안산시 단원구,식품
과자,106,2029-09-08,BIZ047,식품,C09300001,987,2026-09-09,인천광역시,빵터지는집,서해구,"제조,가공",2026-3-0568,식품제조가공업,빵터지는집,서해구 빵터지는집,,,2026-3-0568,20170208080,빵터지는집,식품제조가공업,인천광역시 서해구,식품
기타가공품,106,2029-09-08,BIZ047,식품,C11400002,988,2026-09-09,인천광역시,빵터지는집,서해구,"제조,가공",2026-3-0567,식품제조가공업,빵터지는집,서해구 빵터지는집,,,2026-3-0567,20170208080,빵터지는집,식품제조가공업,인천광역시 서해구,식품
양념육,612,2029-09-07,BIZ047,축산물,86,989,2026-09-08,인천광역시,(주)푸짐,부평구,"제조,가공",2026-3-0566,축산물가공업-식육가공업,푸짐,부평구 푸짐,126.72481369989914,37.48709929992749,2026-3-0566,20260261010,(주)푸짐,축산물가공업-식육가공업,인천광역시 부평구,축산물
알가열제품,613,2029-09-07,BIZ047,축산물,100,990,2026-09-08,경기도,농업회사법인 양계장청년 주식회사,안성시,"제조,가공",2026-3-0565,축산물가공업-알가공업,농업회사법인 양계장청년 주식회사,안성시 농업회사법인 양계장청년 주식회사,,,2026-3-0565,20260375020,농업회사법인 양계장청년 주식회사,축산물가공업-알가공업,경기도 안성시,축산물
인삼ㆍ홍삼음료,106,2029-09-07,BIZ047,식품,C10100015,991,2026-09-08,경기도,동림산업 주식회사,안산시,"제조,가공",2026-3-0564,식품제조가공업,동림산업 주식회사,안산시 동림산업 주식회사,,,2026-3-0564,20260474344,동림산업 주식회사,식품제조가공업,경기도 안산시 단원구,식품
포장육,604,2029-09-06,BIZ047,축산물,78,992,2026-09-07,경기도,농업회사법인 주식회사 프레시원,광주시,"제조,가공",2026-3-0563,식육포장처리업,농업회사법인 주식회사 프레시원,광주시 농업회사법인 주식회사 프레시원,127.3519344000661,37.34462589835791,2026-3-0563,20240569140,농업회사법인 주식회사 프레시원,식육포장처리업,경기도 광주시,축산물
기타 수산물가공품 중 냉동어류,106,2029-09-06,BIZ047,식품,C11700001,993,2026-09-07,경기도,(주)황금세상,김포시,"제조,가공",2026-3-0562,식품제조가공업,황금세상,김포시 황금세상,,,2026-3-0562,20260558998,(주)황금세상,식품제조가공업,경기도 김포시,식품
김치(배추김치),106,2029-09-06,BIZ047,식품,C12300001,994,2026-09-07,경기도,뚱순네김치,시흥시,"제조,가공",2026-3-0561,식품제조가공업,뚱순네김치,시흥시 뚱순네김치,126.78752880010748,37.43745809644375,2026-3-0561,20260517184,뚱순네김치,식품제조가공업,경기도 시흥시,식품
김치(기타김치),106,2029-09-06,BIZ047,식품,C10500002,995,2026-09-07,경기도,뚱순네김치,시흥시,"제조,가공",2026-3-0560,식품제조가공업,뚱순네김치,시흥시 뚱순네김치,126.78752880010748,37.43745809644375,2026-3-0560,20260517184,뚱순네김치,식품제조가공업,경기도 시흥시,식품
포장육,604,2029-09-06,BIZ047,축산물,78,996,2026-09-07,인천광역시,주식회사 프레스트,검단구,"제조,가공",2026-3-0559,식육포장처리업,주식회사 프레스트,검단구 주식회사 프레스트,,,2026-3-0559,20260291665,주식회사 프레스트,식육포장처리업,인천광역시 검단구,축산물
과ㆍ채가공품,106,2029-09-02,BIZ047,식품,C10700010,998,2026-09-03,경기도,(주)다온나루,광주시,"제조,가공",2026-3-0557,식품제조가공업,다온나루,광주시 다온나루,127.36881859974724,37.33755730067926,2026-3-0557,20240569949,(주)다온나루,식품제조가공업,경기도 광주시,식품
고춧가루,106,2029-09-02,BIZ047,식품,C10400009,999,2026-09-03,경기도,진웅식품,안성시,"제조,가공",2026-3-0556,식품제조가공업,진웅식품,안성시 진웅식품,127.26323990021592,36.96812640393103,2026-3-0556,20020360008,진웅식품,식품제조가공업,경기도 안성시,식품
복합조미식품,106,2029-09-01,BIZ047,식품,C10400006,1000,2026-09-02,경기도,주식회사 웰스프링,화성시 만세구,"제조,가공",2026-3-0555,식품제조가공업,주식회사 웰스프링,화성시 만세구 주식회사 웰스프링,,,2026-3-0555,20220511243,주식회사 웰스프링,식품제조가공업,경기도 화성시 만세구,식품
빵류,106,2029-09-01,BIZ047,식품,C09300004,1001,2026-09-02,인천광역시,(주)푸드팩토리,검단구,"제조,가공",2026-3-0554,식품제조가공업,푸드팩토리,검단구 푸드팩토리,,,2026-3-0554,20260301048,(주)푸드팩토리,식품제조가공업,인천광역시 검단구,식품
포장육,604,2029-09-01,BIZ047,축산물,78,1002,2026-09-02,경기도,근영플러스,화성시,"제조,가공",2026-3-0553,식육포장처리업,근영플러스,화성시 근영플러스,126.94569860035502,37.24644200088939,2026-3-0553,20200382181,근영플러스,식육포장처리업,경기도 화성시 효행구,축산물
양념육,612,2029-08-31,BIZ047,축산물,86,1003,2026-09-01,경기도,주식회사 마미푸드,안산시 상록구,"제조,가공",2026-3-0552,축산물가공업-식육가공업,주식회사 마미푸드,안산시 상록구 주식회사 마미푸드,,,2026-3-0552,20260375059,주식회사 마미푸드,축산물가공업-식육가공업,경기도 안산시 상록구,축산물
포장육,604,2029-08-31,BIZ047,축산물,78,1004,2026-09-01,경기도,마미푸드,안산시 상록구,"제조,가공",2026-3-0551,식육포장처리업,마미푸드,안산시 상록구 마미푸드,,,2026-3-0551,20260474412,마미푸드,식육포장처리업,경기도 안산시 상록구,축산물
땅콩 또는 견과류가공품,106,2029-08-31,BIZ047,식품,C10700006,1007,2026-09-01,경기도,주식회사 교아당,용인시 기흥구,"제조,가공",2026-3-0548,식품제조가공업,주식회사 교아당,용인시 기흥구 주식회사 교아당,127.1472574996089,37.28864672415962,2026-3-0548,20180363133,주식회사 교아당,식품제조가공업,경기도 용인시 기흥구,식품
기타 수산물가공품,106,2029-08-30,BIZ047,식품,C11000016,1008,2026-08-31,경기도,비엔지푸드㈜,용인시 기흥구,"제조,가공",2026-3-0547,식품제조가공업,비엔지푸드㈜,용인시 기흥구 비엔지푸드㈜,127.102713000124,37.22716789733123,2026-3-0547,20050347130,비엔지푸드(주),식품제조가공업,경기도 용인시 기흥구,식품
양념육,612,2029-08-27,BIZ047,축산물,86,1009,2026-08-28,경기도,주식회사 디엔푸드,시흥시,"제조,가공",2026-3-0546,축산물가공업-식육가공업,주식회사 디엔푸드,시흥시 주식회사 디엔푸드,,,2026-3-0546,20190267097,주식회사 디엔푸드,축산물가공업-식육가공업,경기도 시흥시,축산물
포장육,604,2029-08-27,BIZ047,축산물,78,1011,2026-08-28,인천광역시,모밸미트,서해구,"제조,가공",2026-3-0544,식육포장처리업,모밸미트,서해구 모밸미트,,,2026-3-0544,20250062582,모밸미트,식육포장처리업,인천광역시 서해구,축산물
김치(기타김치),106,2029-08-27,BIZ047,식품,C10500002,1012,2026-08-28,경기도,주식회사 푸드인어스,광주시,"제조,가공",2026-3-0543,식품제조가공업,주식회사 푸드인어스,광주시 주식회사 푸드인어스,,,2026-3-0543,20250570108,(주)푸드인어스,식품제조가공업,경기도 광주시,식품
포장육,604,2029-08-27,BIZ047,축산물,78,1013,2026-08-28,인천광역시,주식회사 소굿비앤피,서해구,"제조,가공",2026-3-0542,식육포장처리업,주식회사 소굿비앤피,서해구 주식회사 소굿비앤피,,,2026-3-0542,20240292303,주식회사 소굿비앤피,식육포장처리업,인천광역시 서해구,축산물
김치(배추김치),106,2029-08-27,BIZ047,식품,C12300001,1014,2026-08-28,경기도,주식회사 푸드인어스,광주시,"제조,가공",2026-3-0541,식품제조가공업,주식회사 푸드인어스,광주시 주식회사 푸드인어스,,,2026-3-0541,20250570108,(주)푸드인어스,식품제조가공업,경기도 광주시,식품
식용란수집판매업,635,2029-08-27,BIZ048,축산물,581,1015,2026-08-28,경기도,알리바바 덕풍,하남시,"유통,판매,조리",2026-3-0540,축산물판매업-식용란수집판매업,알리바바 덕풍,하남시 알리바바 덕풍,,,2026-3-0540,20260529709,알리바바 덕풍,축산물판매업-식용란수집판매업,경기도 하남시,축산물
절임식품,106,2029-08-27,BIZ047,식품,C10500003,1016,2026-08-28,인천광역시,(주)부암,남동구,"제조,가공",2026-3-0539,식품제조가공업,부암,남동구 부암,126.71485499997064,37.46287060429905,2026-3-0539,20260279007,(주)부암,식품제조가공업,인천광역시 남동구,식품
축산물유통전문판매업,634,2029-08-27,BIZ048,축산물,K00300001,1017,2026-08-28,경기도,바다푸드,하남시,"유통,판매,조리",2026-3-0538,축산물판매업-축산물유통전문판매업,바다푸드,하남시 바다푸드,127.23232110027672,37.50691400074954,2026-3-0538,20260529664,바다푸드,축산물판매업-축산물유통전문판매업,경기도 하남시,축산물
과ㆍ채가공품,106,2029-08-27,BIZ047,식품,C10700010,1018,2026-08-28,경기도,(주)비오팜2공장,평택시,"제조,가공",2026-3-0537,식품제조가공업,비오팜2공장,평택시 비오팜2공장,126.96477639973322,37.03226410049019,2026-3-0537,20250466026,(주)비오팜2공장,식품제조가공업,경기도 평택시,식품
과ㆍ채가공품,106,2029-08-27,BIZ047,식품,C10700010,1019,2026-08-28,경기도,(주)즙스토리,화성시 만세구,"제조,가공",2026-3-0536,식품제조가공업,즙스토리,화성시 만세구 즙스토리,,,2026-3-0536,20230431741,(주)즙스토리2,식품제조가공업,경기도 평택시,식품
액상차,106,2029-08-25,BIZ047,식품,C10100002,1020,2026-08-26,경기도,주식회사 엔아이에프,광주시,"제조,가공",2026-3-0535,식품제조가공업,주식회사 엔아이에프,광주시 주식회사 엔아이에프,127.33458960050602,37.32848030111054,2026-3-0535,20170275127,주식회사 엔아이에프,식품제조가공업,경기도 광주시,식품
땅콩 또는 견과류가공품,106,2029-08-25,BIZ047,식품,C10700006,1021,2026-08-26,경기도,(주)대흥 수원지점,수원시 영통구,"제조,가공",2026-3-0534,식품제조가공업,대흥 수원지점,수원시 영통구 대흥 수원지점,,,2026-3-0534,20250373377,(주)대흥 수원지점,식품제조가공업,경기도 수원시 영통구,식품
즉석조리식품,106,2029-08-24,BIZ047,식품,C11300005,1022,2026-08-25,경기도,농업회사법인 주식회사 마을도시락,안성시,"제조,가공",2026-3-0533,식품제조가공업,농업회사법인 주식회사 마을도시락,안성시 농업회사법인 주식회사 마을도시락,,,2026-3-0533,20260555220,마을도시락,식품제조가공업,경기도 안성시,식품
떡류,106,2029-08-24,BIZ047,식품,C09300005,1023,2026-08-25,경기도,농업회사법인 주식회사 마을도시락,안성시,"제조,가공",2026-3-0532,식품제조가공업,농업회사법인 주식회사 마을도시락,안성시 농업회사법인 주식회사 마을도시락,,,2026-3-0532,20260555220,마을도시락,식품제조가공업,경기도 안성시,식품
알가열제품,613,2029-08-23,BIZ047,축산물,100,1024,2026-08-24,경기도,담온,안성시,"제조,가공",2026-3-0531,축산물가공업-알가공업,담온,안성시 담온,,,2026-3-0531,20260375045,담온,축산물가공업-알가공업,경기도 안성시,축산물
향신료조제품,106,2029-08-23,BIZ047,식품,C10400012,1025,2026-08-24,경기도,녹색푸드,김포시,"제조,가공",2026-3-0530,식품제조가공업,녹색푸드,김포시 녹색푸드,,,2026-3-0530,20260558586,녹색푸드,식품제조가공업,경기도 김포시,식품
고춧가루,106,2029-08-23,BIZ047,식품,C10400009,1026,2026-08-24,경기도,녹색푸드,김포시,"제조,가공",2026-3-0529,식품제조가공업,녹색푸드,김포시 녹색푸드,,,2026-3-0529,20260558586,녹색푸드,식품제조가공업,경기도 김포시,식품
포장육,604,2029-08-23,BIZ047,축산물,78,1027,2026-08-24,경기도,(주)비앤비에프앤씨,안성시,"제조,가공",2026-3-0528,식육포장처리업,비앤비에프앤씨,안성시 비앤비에프앤씨,127.26144560001876,37.03929839715861,2026-3-0528,20220500788,(주)비앤비에프앤씨,식육포장처리업,경기도 안성시,축산물
포장육,604,2029-08-20,BIZ047,축산물,78,1028,2026-08-21,인천광역시,두지종합축산,남동구,"제조,가공",2026-3-0527,식육포장처리업,두지종합축산,남동구 두지종합축산,126.70806699983773,37.46487116320832,2026-3-0527,20030200112,두지종합축산,식육포장처리업,인천광역시 남동구,축산물
포장육,604,2029-08-20,BIZ047,축산물,78,1029,2026-08-21,경기도,주식회사 정우푸드시스템,화성시,"제조,가공",2026-3-0526,식육포장처리업,주식회사 정우푸드시스템,화성시 주식회사 정우푸드시스템,126.9783587995611,37.21777640055342,2026-3-0526,20240561103,주식회사 정우푸드시스템,식육포장처리업,경기도 화성시 효행구,축산물
양념육,612,2029-08-20,BIZ047,축산물,86,1030,2026-08-21,인천광역시,(주)백호글로벌푸드,남동구,"제조,가공",2026-3-0525,축산물가공업-식육가공업,백호글로벌푸드,남동구 백호글로벌푸드,,,2026-3-0525,20260261009,(주)백호글로벌푸드,축산물가공업-식육가공업,인천광역시 남동구,축산물
즉석조리식품,106,2029-08-20,BIZ047,식품,C11300005,1031,2026-08-21,인천광역시,(주)백호글로벌푸드,남동구,"제조,가공",2026-3-0524,식품제조가공업,백호글로벌푸드,남동구 백호글로벌푸드,,,2026-3-0524,20260279342,(주)백호글로벌푸드,식품제조가공업,인천광역시 남동구,식품
소스,106,2029-08-20,BIZ047,식품,C10400003,1032,2026-08-21,인천광역시,(주)백호글로벌푸드,남동구,"제조,가공",2026-3-0523,식품제조가공업,백호글로벌푸드,남동구 백호글로벌푸드,,,2026-3-0523,20260279342,(주)백호글로벌푸드,식품제조가공업,인천광역시 남동구,식품
포장육,604,2029-08-19,BIZ047,축산물,78,1033,2026-08-20,경기도,농업회사법인 주식회사 동명에프앤비,안성시,"제조,가공",2026-3-0522,식육포장처리업,농업회사법인 주식회사 동명에프앤비,안성시 농업회사법인 주식회사 동명에프앤비,127.15408420032809,36.99439846375502,2026-3-0522,20260555482,농업회사법인 주식회사 동명에프앤비,식육포장처리업,경기도 안성시,축산물
즉석섭취식품,106,2029-08-19,BIZ047,식품,C11300003,1034,2026-08-20,경기도,두손푸드,김포시,"제조,가공",2026-3-0521,식품제조가공업,두손푸드,김포시 두손푸드,,,2026-3-0521,20250555344,두손푸드,식품제조가공업,경기도 김포시,식품
즉석조리식품,106,2029-08-17,BIZ047,식품,C11300005,1035,2026-08-18,경기도,뜨심푸드,광주시,"제조,가공",2026-3-0520,식품제조가공업,뜨심푸드,광주시 뜨심푸드,,,2026-3-0520,20260585391,뜨심푸드,식품제조가공업,경기도 광주시,식품
즉석조리식품(순대),106,2029-08-17,BIZ047,식품,C12500001,1036,2026-08-18,경기도,나나식품,안산시 단원구,"제조,가공",2026-3-0519,식품제조가공업,나나식품,안산시 단원구 나나식품,,,2026-3-0519,20250470886,나나식품,식품제조가공업,경기도 안산시 단원구,식품
포장육,604,2029-08-17,BIZ047,축산물,78,1037,2026-08-18,경기도,(주)판코상사,화성시 만세구,"제조,가공",2026-3-0518,식육포장처리업,판코상사,화성시 만세구 판코상사,,,2026-3-0518,20260565430,(주)판코상사,식육포장처리업,경기도 화성시 만세구,축산물
포장육,604,2029-08-17,BIZ047,축산물,78,1038,2026-08-18,인천광역시,시온푸드,서해구,"제조,가공",2026-3-0517,식육포장처리업,시온푸드,서해구 시온푸드,,,2026-3-0517,20260292127,시온푸드,식육포장처리업,인천광역시 서해구,축산물
즉석섭취식품,106,2029-08-17,BIZ047,식품,C11300003,1039,2026-08-18,경기도,주식회사 더블스윗,용인시 기흥구,"제조,가공",2026-3-0516,식품제조가공업,주식회사 더블스윗,용인시 기흥구 주식회사 더블스윗,127.14013710018736,37.266673900650574,2026-3-0516,20230489168,주식회사 더블스윗,식품제조가공업,경기도 용인시 기흥구,식품
발효식초,106,2029-08-17,BIZ047,식품,C10400001,1040,2026-08-18,경기도,(주)에프디팜,이천시,"제조,가공",2026-3-0515,식품제조가공업,에프디팜,이천시 에프디팜,127.45057789988216,37.32173659769746,2026-3-0515,20220497053,(주)에프디팜,식품제조가공업,경기도 이천시,식품
액상차,106,2029-08-17,BIZ047,식품,C10100002,1041,2026-08-18,경기도,산스파운드리,안산시,"제조,가공",2026-3-0514,식품제조가공업,산스파운드리,안산시 산스파운드리,,,2026-3-0514,20260474407,산스파운드리,식품제조가공업,경기도 안산시 단원구,식품
고형차,106,2029-08-17,BIZ047,식품,C10100003,1042,2026-08-18,경기도,산스파운드리,안산시,"제조,가공",2026-3-0513,식품제조가공업,산스파운드리,안산시 산스파운드리,,,2026-3-0513,20260474407,산스파운드리,식품제조가공업,경기도 안산시 단원구,식품
절임식품,106,2029-08-17,BIZ047,식품,C10500003,1043,2026-08-18,경기도,주식회사 뉴비전프라임,평택시,"제조,가공",2026-3-0512,식품제조가공업,주식회사 뉴비전프라임,평택시 주식회사 뉴비전프라임,,,2026-3-0512,20260470178,주식회사 뉴비전프라임,식품제조가공업,경기도 평택시,식품
조미건어포,106,2029-08-17,BIZ047,식품,C11000011,1044,2026-08-18,경기도,(주)장원상사,광주시,"제조,가공",2026-3-0511,식품제조가공업,장원상사,광주시 장원상사,127.4019021003712,37.35939880021189,2026-3-0511,20130368345,(주)장원상사,식품제조가공업,경기도 광주시,식품
과자,106,2029-08-13,BIZ047,식품,C09300001,1045,2026-08-14,경기도,(주)줄리브,부천시,"제조,가공",2026-3-0510,식품제조가공업,줄리브,부천시 줄리브,126.77292500045648,37.49876184201283,2026-3-0510,20260421658,(주)줄리브,식품제조가공업,경기도 부천시 원미구,식품
냉동식품 중 피자류,106,2029-08-12,BIZ047,식품,C12100001,1046,2026-08-13,경기도,㈜동우 씨엔에프,광주시,"제조,가공",2026-3-0509,식품제조가공업,㈜동우 씨엔에프,광주시 ㈜동우 씨엔에프,127.3110038998326,37.354524101062864,2026-3-0509,20020275008,(주)동우 씨엔에프,식품제조가공업,경기도 광주시,식품
기타 수산물가공품 중 냉동어류,106,2029-08-11,BIZ047,식품,C11700001,1047,2026-08-12,인천광역시,(주)태민수산,서해구,"제조,가공",2026-3-0508,식품제조가공업,태민수산,서해구 태민수산,,,2026-3-0508,20230281310,(주)태민수산,식품제조가공업,인천광역시 서해구,식품
기타가공품,106,2029-08-11,BIZ047,식품,C11400002,1048,2026-08-12,경기도,(주)에스제이제주용암쏠트,김포시,"제조,가공",2026-3-0507,식품제조가공업,에스제이제주용암쏠트,김포시 에스제이제주용암쏠트,,,2026-3-0507,20190378731,(주)에스제이제주용암쏠트,식품제조가공업,경기도 김포시,식품
포장육,604,2029-08-11,BIZ047,축산물,78,1049,2026-08-12,경기도,(주)예담우,광주시,"제조,가공",2026-3-0506,식육포장처리업,예담우,광주시 예담우,,,2026-3-0506,20260585525,(주)예담우,식육포장처리업,경기도 광주시,축산물
포장육,604,2029-08-11,BIZ047,축산물,78,1050,2026-08-12,경기도,주식회사 정담에프앤티,하남시,"제조,가공",2026-3-0505,식육포장처리업,주식회사 정담에프앤티,하남시 주식회사 정담에프앤티,,,2026-3-0505,20260529581,주식회사 정담에프앤티,식육포장처리업,경기도 하남시,축산물
"양념육,분쇄가공육제품,식육추출가공품",612,2029-08-10,BIZ047,축산물,"86,87,89",1051,2026-08-11,경기도,주식회사 유미고에프앤비,김포시,"제조,가공",2026-3-0504,축산물가공업-식육가공업,주식회사 유미고에프앤비,김포시 주식회사 유미고에프앤비,,,2026-3-0504,20260375050,주식회사 유미고에프앤비,축산물가공업-식육가공업,경기도 김포시,축산물
과ㆍ채주스,106,2029-08-10,BIZ047,식품,C10100006,1052,2026-08-11,경기도,화성햇살드리포도(주),화성시,"제조,가공",2026-3-0503,식품제조가공업,화성햇살드리포도,화성시 화성햇살드리포도,126.7285760002253,37.21213639947381,2026-3-0503,20090365526,화성햇살드리포도(주),식품제조가공업,경기도 화성시 만세구,식품
혼합음료,106,2029-08-10,BIZ047,식품,C10100016,1053,2026-08-11,경기도,주식회사 유미고에프앤비,김포시,"제조,가공",2026-3-0502,식품제조가공업,주식회사 유미고에프앤비,김포시 주식회사 유미고에프앤비,,,2026-3-0502,20260558778,주식회사 유미고에프앤비,식품제조가공업,경기도 김포시,식품
냉동식품 중 만두,106,2029-08-10,BIZ047,식품,C12000001,1054,2026-08-11,경기도,주식회사 유미고에프앤비,김포시,"제조,가공",2026-3-0501,식품제조가공업,주식회사 유미고에프앤비,김포시 주식회사 유미고에프앤비,,,2026-3-0501,20260558778,주식회사 유미고에프앤비,식품제조가공업,경기도 김포시,식품
소스,106,2029-08-09,BIZ047,식품,C10400003,1055,2026-08-10,경기도,유진푸드,김포시,"제조,가공",2026-3-0500,식품제조가공업,유진푸드,김포시 유진푸드,,,2026-3-0500,20250555892,유진푸드,식품제조가공업,경기도 김포시,식품
복합조미식품,106,2029-08-09,BIZ047,식품,C10400006,1056,2026-08-10,경기도,유진푸드,김포시,"제조,가공",2026-3-0499,식품제조가공업,유진푸드,김포시 유진푸드,,,2026-3-0499,20250555892,유진푸드,식품제조가공업,경기도 김포시,식품
식용란수집판매업,635,2029-08-09,BIZ048,축산물,581,1057,2026-08-10,경기도,황금푸드,김포시,"유통,판매,조리",2026-3-0498,축산물판매업-식용란수집판매업,황금푸드,김포시 황금푸드,126.77200980062048,37.60157310057095,2026-3-0498,20160363133,황금푸드,축산물판매업-식용란수집판매업,경기도 김포시,축산물
포장육,604,2029-08-09,BIZ047,축산물,78,1058,2026-08-10,경기도,주식회사 유미고에프앤비,김포시,"제조,가공",2026-3-0497,식육포장처리업,주식회사 유미고에프앤비,김포시 주식회사 유미고에프앤비,,,2026-3-0497,20260558865,주식회사 유미고에프앤비,식육포장처리업,경기도 김포시,축산물
콩기름(대두유),106,2029-08-09,BIZ047,식품,C09900001,1059,2026-08-10,경기도,푸미푸드,김포시,"제조,가공",2026-3-0496,식품제조가공업,푸미푸드,김포시 푸미푸드,126.5952484000775,37.61193084417853,2026-3-0496,20140362156,푸미푸드,식품제조가공업,경기도 김포시,식품
즉석섭취식품,106,2029-08-09,BIZ047,식품,C11300003,1060,2026-08-10,경기도,(주)샐러디키친,화성시,"제조,가공",2026-3-0495,식품제조가공업,샐러디키친,화성시 샐러디키친,126.94433540046838,37.07717510077661,2026-3-0495,20210384956,(주)샐러디키친,식품제조가공업,경기도 화성시 만세구,식품
커피,106,2029-08-05,BIZ047,식품,C10100004,1061,2026-08-06,경기도,(주)라이프컬처,안성시,"제조,가공",2026-3-0494,식품제조가공업,라이프컬처,안성시 라이프컬처,,,2026-3-0494,20260555349,(주)라이프컬처,식품제조가공업,경기도 안성시,식품
들기름,106,2029-08-05,BIZ047,식품,C09900007,1062,2026-08-06,경기도,주식회사 처음식품,안성시,"제조,가공",2026-3-0493,식품제조가공업,주식회사 처음식품,안성시 주식회사 처음식품,,,2026-3-0493,20260555298,주식회사 처음식품,식품제조가공업,경기도 안성시,식품
참기름,106,2029-08-05,BIZ047,식품,C09900005,1063,2026-08-06,경기도,주식회사 처음식품,안성시,"제조,가공",2026-3-0492,식품제조가공업,주식회사 처음식품,안성시 주식회사 처음식품,,,2026-3-0492,20260555298,주식회사 처음식품,식품제조가공업,경기도 안성시,식품
빵류,106,2029-08-05,BIZ047,식품,C09300004,1064,2026-08-06,인천광역시,(주)하이테이블,부평구,"제조,가공",2026-3-0491,식품제조가공업,하이테이블,부평구 하이테이블,126.72680330043352,37.51586060053901,2026-3-0491,20230272197,(주)하이테이블,식품제조가공업,인천광역시 부평구,식품
레토르트식품(카레(커리)),106,2029-08-05,BIZ047,식품,C00200001,1065,2026-08-06,경기도,엔에스 상사,화성시 만세구,"제조,가공",2026-3-0490,식품제조가공업,엔에스 상사,화성시 만세구 엔에스 상사,,,2026-3-0490,20170311463,엔에스 상사,식품제조가공업,경기도 안산시 단원구,식품
카레(커리),106,2029-08-05,BIZ047,식품,C10400008,1066,2026-08-06,경기도,엔에스 상사,화성시 만세구,"제조,가공",2026-3-0489,식품제조가공업,엔에스 상사,화성시 만세구 엔에스 상사,,,2026-3-0489,20170311463,엔에스 상사,식품제조가공업,경기도 화성시 만세구,식품
곡류가공품,106,2029-08-05,BIZ047,식품,C10700011,1067,2026-08-06,경기도,주식회사 서림원,김포시,"제조,가공",2026-3-0488,식품제조가공업,주식회사 서림원,김포시 주식회사 서림원,,,2026-3-0488,20210379157,주식회사 서림원,식품제조가공업,경기도 김포시,식품
과자,106,2029-08-05,BIZ047,식품,C09300001,1068,2026-08-06,경기도,주식회사 서림원,김포시,"제조,가공",2026-3-0487,식품제조가공업,주식회사 서림원,김포시 주식회사 서림원,,,2026-3-0487,20210379157,주식회사 서림원,식품제조가공업,경기도 김포시,식품
빵류,106,2029-08-05,BIZ047,식품,C09300004,1069,2026-08-06,경기도,주식회사 서림원,김포시,"제조,가공",2026-3-0486,식품제조가공업,주식회사 서림원,김포시 주식회사 서림원,,,2026-3-0486,20210379157,주식회사 서림원,식품제조가공업,경기도 김포시,식품
초콜릿가공품,106,2029-08-04,BIZ047,식품,C09500009,1070,2026-08-05,경기도,카카오마루,의왕시,"제조,가공",2026-3-0485,식품제조가공업,카카오마루,의왕시 카카오마루,126.97311549956216,37.37936880405677,2026-3-0485,20260527222,카카오마루,식품제조가공업,경기도 의왕시,식품
고춧가루,106,2029-08-04,BIZ047,식품,C10400009,1071,2026-08-05,경기도,(주)참빛푸드,김포시,"제조,가공",2026-3-0484,식품제조가공업,참빛푸드,김포시 참빛푸드,,,2026-3-0484,20260558524,(주)참빛푸드,식품제조가공업,경기도 김포시,식품
빵류,106,2029-08-04,BIZ047,식품,C09300004,1072,2026-08-05,경기도,주식회사 더에이치컴퍼니,화성시 효행구,"제조,가공",2026-3-0483,식품제조가공업,주식회사 더에이치컴퍼니,화성시 효행구 주식회사 더에이치컴퍼니,,,2026-3-0483,20260565443,주식회사 더에이치컴퍼니,식품제조가공업,경기도 화성시 효행구,식품
어유,106,2029-08-02,BIZ047,식품,C09900018,1073,2026-08-03,경기도,동서바이오팜(주),안성시,"제조,가공",2026-3-0482,식품제조가공업,동서바이오팜,안성시 동서바이오팜,127.19379570044865,37.06709156319943,2026-3-0482,20210376666,동서바이오팜(주),식품제조가공업,경기도 안성시,식품
농후발효유,611,2029-07-30,BIZ047,축산물,C0318040200000,1075,2026-07-31,경기도,주식회사 라이브어트,용인시 처인구,"제조,가공",2026-3-0480,축산물가공업-유가공업,주식회사 라이브어트,용인시 처인구 주식회사 라이브어트,,,2026-3-0480,20260375063,주식회사 라이브어트,축산물가공업-유가공업,경기도 용인시 처인구,축산물
빵류,106,2029-07-30,BIZ047,식품,C09300004,1076,2026-07-31,경기도,장강식품,부천시 오정구,"제조,가공",2026-3-0479,식품제조가공업,장강식품,부천시 오정구 장강식품,126.7833839003346,37.51849350134486,2026-3-0479,20160086431,장강식품,식품제조가공업,서울특별시 영등포구,식품
냉동식품 중 면류(숙면),106,2029-07-30,BIZ047,식품,C12200001,1077,2026-07-31,경기도,장강식품,부천시 오정구,"제조,가공",2026-3-0478,식품제조가공업,장강식품,부천시 오정구 장강식품,126.7833839003346,37.51849350134486,2026-3-0478,20160086431,장강식품,식품제조가공업,경기도 부천시 오정구,식품
과자,106,2029-07-30,BIZ047,식품,C09300001,1078,2026-07-31,경기도,장강식품,부천시 오정구,"제조,가공",2026-3-0477,식품제조가공업,장강식품,부천시 오정구 장강식품,126.7833839003346,37.51849350134486,2026-3-0477,20160086431,장강식품,식품제조가공업,서울특별시 영등포구,식품
과자,106,2029-07-28,BIZ047,식품,C09300001,1080,2026-07-29,경기도,주식회사아인스,평택시,"제조,가공",2026-3-0475,식품제조가공업,주식회사아인스,평택시 주식회사아인스,126.84671679971954,37.00355270103739,2026-3-0475,20180324081,주식회사아인스,식품제조가공업,경기도 평택시,식품
빵류,106,2029-07-27,BIZ047,식품,C09300004,1081,2026-07-28,경기도,농업회사법인 주식회사 그린채식품,평택시,"제조,가공",2026-3-0474,식품제조가공업,농업회사법인 주식회사 그린채식품,평택시 농업회사법인 주식회사 그린채식품,127.04025790035396,37.0113232547598,2026-3-0474,20230433254,농업회사법인 주식회사 그린채식품,식품제조가공업,경기도 평택시,식품
양념육,612,2029-07-26,BIZ047,축산물,86,1082,2026-07-27,경기도,피와이글로벌,평택시,"제조,가공",2026-3-0473,축산물가공업-식육가공업,피와이글로벌,평택시 피와이글로벌,127.06347729984677,37.11571410094547,2026-3-0473,20260375044,피와이글로벌,축산물가공업-식육가공업,경기도 평택시,축산물
기타가공품,106,2029-07-23,BIZ047,식품,C11400002,1083,2026-07-24,경기도,농업회사법인(주)하나,화성시,"제조,가공",2026-3-0472,식품제조가공업,농업회사법인하나,화성시 농업회사법인하나,127.07775680014284,37.181837332097,2026-3-0472,20250565331,농업회사법인(주)하나,식품제조가공업,경기도 화성시 효행구,식품
곡류가공품,106,2029-07-23,BIZ047,식품,C10700011,1084,2026-07-24,경기도,농업회사법인(주)하나,화성시,"제조,가공",2026-3-0471,식품제조가공업,농업회사법인하나,화성시 농업회사법인하나,127.07775680014284,37.181837332097,2026-3-0471,20250565331,농업회사법인(주)하나,식품제조가공업,경기도 화성시 효행구,식품
가공소금,106,2029-07-23,BIZ047,식품,C10400018,1085,2026-07-24,경기도,농업회사법인(주)하나,화성시,"제조,가공",2026-3-0470,식품제조가공업,농업회사법인하나,화성시 농업회사법인하나,127.07775680014284,37.181837332097,2026-3-0470,20250565331,농업회사법인(주)하나,식품제조가공업,경기도 화성시 효행구,식품
과ㆍ채음료,106,2029-07-23,BIZ047,식품,C10100007,1086,2026-07-24,경기도,농업회사법인 샤르락주식회사,여주시,"제조,가공",2026-3-0469,식품제조가공업,농업회사법인 샤르락주식회사,여주시 농업회사법인 샤르락주식회사,127.60429190012272,37.29886109920962,2026-3-0469,20220523027,농업회사법인 샤르락주식회사,식품제조가공업,경기도 여주시,식품
기타 수산물가공품 중 냉동연체류,106,2029-07-22,BIZ047,식품,C11800001,1087,2026-07-23,경기도,(주)은성에프에스,이천시,"제조,가공",2026-3-0468,식품제조가공업,은성에프에스,이천시 은성에프에스,,,2026-3-0468,20260552380,(주)은성에프에스,식품제조가공업,경기도 이천시,식품
커피,106,2029-07-22,BIZ047,식품,C10100004,1088,2026-07-23,경기도,㈜자임에프앤비,이천시,"제조,가공",2026-3-0467,식품제조가공업,㈜자임에프앤비,이천시 ㈜자임에프앤비,127.4150065001862,37.29604700064144,2026-3-0467,20140368660,(주)자임에프앤비,식품제조가공업,경기도 이천시,식품
커피,106,2029-07-22,BIZ047,식품,C10100004,1089,2026-07-23,경기도,주식회사 스카이원네트웍스,광주시,"제조,가공",2026-3-0465,식품제조가공업,주식회사 스카이원네트웍스,광주시 주식회사 스카이원네트웍스,127.31759959960551,37.30691053510348,2026-3-0465,20240058517,주식회사 스카이원네트웍스,식품제조가공업,서울특별시 광진구,식품
빵류,106,2029-07-22,BIZ047,식품,C09300004,1090,2026-07-23,경기도,베커스토리,수원시 영통구,"제조,가공",2026-3-0464,식품제조가공업,베커스토리,수원시 영통구 베커스토리,,,2026-3-0464,20260377342,베커스토리,식품제조가공업,경기도 수원시 영통구,식품
즉석판매제조가공업(추출가공식품),107,2029-07-22,BIZ048,식품,H00100006,1091,2026-07-23,경기도,광동건강원 주식회사,과천시,"유통,판매,조리",2026-3-0463,즉석판매제조가공업,광동건강원 주식회사,과천시 광동건강원 주식회사,,,2026-3-0463,20260502035,광동건강원 주식회사,즉석판매제조가공업,경기도 과천시,식품
레토르트식품(추출가공식품),106,2029-07-22,BIZ047,식품,C00200001,1092,2026-07-23,경기도,농업회사법인 주식회사 이함,양평군,"제조,가공",2026-3-0462,식품제조가공업,농업회사법인 주식회사 이함,양평군 농업회사법인 주식회사 이함,127.54035500032744,37.48436170079985,2026-3-0462,20260602187,농업회사법인 주식회사 이함,식품제조가공업,경기도 양평군,식품
식용란선별포장업,009,2029-07-21,BIZ048,축산물,901,1093,2026-07-22,경기도,농업회사법인 주식회사 드리밍에그,안성시,"유통,판매,조리",2026-3-0461,식용란선별포장업,농업회사법인 주식회사 드리밍에그,안성시 농업회사법인 주식회사 드리밍에그,,,2026-3-0461,20260375035,농업회사법인 주식회사 드리밍에그,식용란선별포장업,경기도 안성시,축산물
과ㆍ채주스,106,2029-07-21,BIZ047,식품,C10100006,1094,2026-07-22,경기도,에스제이엔,안산시 단원구,"제조,가공",2026-3-0460,식품제조가공업,에스제이엔,안산시 단원구 에스제이엔,126.77466999960888,37.30129147367624,2026-3-0460,20210326653,에스제이엔,식품제조가공업,경기도 안산시 단원구,식품
"식품소분업(캔디류, 올리브유, 과·채주스)",405,2029-07-21,BIZ048,식품,H02200001,1095,2026-07-22,경기도,주식회사 아미,성남시 중원구,"유통,판매,조리",2026-3-0459,식품소분업,주식회사 아미,성남시 중원구 주식회사 아미,,,2026-3-0459,20260394116,주식회사 아미,식품소분업,경기도 성남시 중원구,식품
과ㆍ채음료,106,2029-07-21,BIZ047,식품,C10100007,1096,2026-07-22,경기도,스위트코리아,광주시,"제조,가공",2026-3-0458,식품제조가공업,스위트코리아,광주시 스위트코리아,127.42739069949371,37.361633400996425,2026-3-0458,20250569535,스위트코리아,식품제조가공업,경기도 광주시,식품
과ㆍ채주스,106,2029-07-21,BIZ047,식품,C10100006,1097,2026-07-22,경기도,스위트코리아,광주시,"제조,가공",2026-3-0457,식품제조가공업,스위트코리아,광주시 스위트코리아,127.42739069949371,37.361633400996425,2026-3-0457,20250569535,스위트코리아,식품제조가공업,경기도 광주시,식품
음료베이스,106,2029-07-21,BIZ047,식품,C10100017,1098,2026-07-22,경기도,팜앤브로주식회사2공장,평택시,"제조,가공",2026-3-0456,식품제조가공업,팜앤브로주식회사2공장,평택시 팜앤브로주식회사2공장,127.00663140001215,37.072831997442016,2026-3-0456,20230431870,팜앤브로주식회사2공장,식품제조가공업,경기도 평택시,식품
커피,106,2029-07-21,BIZ047,식품,C10100004,1099,2026-07-22,경기도,팜앤브로주식회사2공장,평택시,"제조,가공",2026-3-0455,식품제조가공업,팜앤브로주식회사2공장,평택시 팜앤브로주식회사2공장,127.00663140001215,37.072831997442016,2026-3-0455,20230431870,팜앤브로주식회사2공장,식품제조가공업,경기도 평택시,식품
고형차,106,2029-07-21,BIZ047,식품,C10100003,1100,2026-07-22,경기도,팜앤브로주식회사2공장,평택시,"제조,가공",2026-3-0454,식품제조가공업,팜앤브로주식회사2공장,평택시 팜앤브로주식회사2공장,127.00663140001215,37.072831997442016,2026-3-0454,20230431870,팜앤브로주식회사2공장,식품제조가공업,경기도 평택시,식품
기타 코코아가공품,106,2029-07-21,BIZ047,식품,C09500004,1101,2026-07-22,경기도,팜앤브로주식회사2공장,평택시,"제조,가공",2026-3-0453,식품제조가공업,팜앤브로주식회사2공장,평택시 팜앤브로주식회사2공장,127.00663140001215,37.072831997442016,2026-3-0453,20230431870,팜앤브로주식회사2공장,식품제조가공업,경기도 평택시,식품
농후발효유,611,2029-07-20,BIZ047,축산물,C0318040200000,1102,2026-07-21,인천광역시,주식회사 한진푸드,검단구,"제조,가공",2026-3-0452,축산물가공업-유가공업,주식회사 한진푸드,검단구 주식회사 한진푸드,,,2026-3-0452,20260261011,주식회사 한진푸드,축산물가공업-유가공업,인천광역시 검단구,축산물
포장육,604,2029-07-20,BIZ047,축산물,78,1103,2026-07-21,인천광역시,노아푸드,남동구,"제조,가공",2026-3-0451,식육포장처리업,노아푸드,남동구 노아푸드,,,2026-3-0451,20260279328,노아푸드,식육포장처리업,인천광역시 남동구,축산물
식용란수집판매업,635,2029-07-20,BIZ048,축산물,581,1104,2026-07-21,경기도,서이유통,화성시 만세구,"유통,판매,조리",2026-3-0450,축산물판매업-식용란수집판매업,서이유통,화성시 만세구 서이유통,,,2026-3-0450,20260573343,서이유통,축산물판매업-식용란수집판매업,경기도 화성시 만세구,축산물
포장육,604,2029-07-19,BIZ047,축산물,78,1105,2026-07-20,경기도,(주)코어패밀리,광주시,"제조,가공",2026-3-0449,식육포장처리업,코어패밀리,광주시 코어패밀리,127.33935350051487,37.39222000070825,2026-3-0449,20160345390,(주)코어패밀리,식육포장처리업,경기도 광주시,축산물
"식품소분업(캔디류, 액상차, 당절임, 기타가공품)",405,2029-07-15,BIZ048,식품,H02200001,1106,2026-07-16,경기도,주식회사 서래바이오,화성시,"유통,판매,조리",2026-3-0448,식품소분업,주식회사 서래바이오,화성시 주식회사 서래바이오,,,2026-3-0448,20260565382,주식회사 서래바이오,식품소분업,경기도 화성시 효행구,식품
땅콩 또는 견과류가공품,106,2029-07-15,BIZ047,식품,C10700006,1107,2026-07-16,경기도,수미향,의왕시,"제조,가공",2026-3-0447,식품제조가공업,수미향,의왕시 수미향,126.96527880036152,37.35259482157218,2026-3-0447,20080344124,수미향,식품제조가공업,경기도 의왕시,식품
식용란수집판매업,635,2029-07-15,BIZ048,축산물,581,1108,2026-07-16,경기도,광장유통,시흥시,"유통,판매,조리",2026-3-0446,축산물판매업-식용란수집판매업,광장유통,시흥시 광장유통,,,2026-3-0446,20260517052,광장유통,축산물판매업-식용란수집판매업,경기도 시흥시,축산물
포장육,604,2029-07-15,BIZ047,축산물,78,1109,2026-07-16,경기도,(주)씨네트웍스,김포시,"제조,가공",2026-3-0445,식육포장처리업,씨네트웍스,김포시 씨네트웍스,126.74638150049446,37.62307190114197,2026-3-0445,20250554096,(주)씨네트웍스,식육포장처리업,경기도 김포시,축산물
알가열제품,613,2029-07-15,BIZ047,축산물,100,1110,2026-07-16,경기도,다한영농조합법인,광주시,"제조,가공",2026-3-0444,축산물가공업-알가공업,다한영농조합법인,광주시 다한영농조합법인,127.38473780030392,37.32343916011589,2026-3-0444,20260375022,다한영농조합법인,축산물가공업-알가공업,경기도 광주시,축산물
침출차,106,2029-07-15,BIZ047,식품,C10100001,1111,2026-07-16,인천광역시,(주)우리찬,서해구,"제조,가공",2026-3-0443,식품제조가공업,우리찬,서해구 우리찬,,,2026-3-0443,20030208630,(주)우리찬,식품제조가공업,인천광역시 서해구,식품
포장육,604,2029-07-15,BIZ047,축산물,78,1112,2026-07-16,경기도,주식회사 천룡에프앤씨,안산시 상록구,"제조,가공",2026-3-0442,식육포장처리업,주식회사 천룡에프앤씨,안산시 상록구 주식회사 천룡에프앤씨,,,2026-3-0442,20260474275,주식회사 천룡에프앤씨,식육포장처리업,경기도 안산시 상록구,축산물
양념육,612,2029-07-15,BIZ047,축산물,86,1113,2026-07-16,경기도,주식회사 천룡에프앤씨,안산시 상록구,"제조,가공",2026-3-0441,축산물가공업-식육가공업,주식회사 천룡에프앤씨,안산시 상록구 주식회사 천룡에프앤씨,,,2026-3-0441,20260375062,주식회사 천룡에프앤씨,축산물가공업-식육가공업,경기도 안산시 상록구,축산물
양념육,612,2029-07-14,BIZ047,축산물,86,1114,2026-07-15,인천광역시,주식회사 동우종합유통 제2공장,서해구,"제조,가공",2026-3-0440,축산물가공업-식육가공업,주식회사 동우종합유통 제2공장,서해구 주식회사 동우종합유통 제2공장,,,2026-3-0440,20250261019,주식회사 동우종합유통 제2공장,축산물가공업-식육가공업,인천광역시 서해구,축산물
가공소금,106,2029-07-13,BIZ047,식품,C10400018,1115,2026-07-14,경기도,진향바이오,수원시,"제조,가공",2026-3-0439,식품제조가공업,진향바이오,수원시 진향바이오,,,2026-3-0439,20260377626,진향바이오,식품제조가공업,경기도 수원시 권선구,식품
포장육,604,2029-07-12,BIZ047,축산물,78,1116,2026-07-13,경기도,주식회사바른파트너즈,평택시,"제조,가공",2026-3-0438,식육포장처리업,주식회사바른파트너즈,평택시 주식회사바른파트너즈,127.11657609979972,37.087743000472926,2026-3-0438,20190322106,주식회사바른파트너즈,식육포장처리업,경기도 평택시,축산물
"양념육,분쇄가공육제품",612,2029-07-12,BIZ047,축산물,"86,87",1117,2026-07-13,경기도,주식회사 고투,성남시 중원구,"제조,가공",2026-3-0437,축산물가공업-식육가공업,주식회사 고투,성남시 중원구 주식회사 고투,,,2026-3-0437,20250371104,주식회사 고투,축산물가공업-식육가공업,경기도 성남시 중원구,축산물
신선편의식품,106,2029-07-12,BIZ047,식품,C11300004,1118,2026-07-13,경기도,청보푸드(주),광주시,"제조,가공",2026-3-0436,식품제조가공업,청보푸드,광주시 청보푸드,127.29478939982152,37.40972570095287,2026-3-0436,20220515356,청보푸드(주),식품제조가공업,경기도 광주시,식품
포장육,604,2029-07-12,BIZ047,축산물,78,1119,2026-07-13,경기도,(주)미트원,안산시 상록구,"제조,가공",2026-3-0435,식육포장처리업,미트원,안산시 상록구 미트원,126.87213039952948,37.359435400865365,2026-3-0435,20260474243,(주)미트원,식육포장처리업,경기도 안산시 상록구,축산물
식품소분업(벌꿀),405,2029-07-12,BIZ048,식품,H02200001,1120,2026-07-13,인천광역시,새턴주식회사,남동구,"유통,판매,조리",2026-3-0434,식품소분업,새턴주식회사,남동구 새턴주식회사,126.69357269946984,37.39426631134726,2026-3-0434,20180202815,새턴주식회사,식품소분업,인천광역시 남동구,식품
기타가공품,106,2029-07-12,BIZ047,식품,C11400002,1121,2026-07-13,인천광역시,새턴주식회사,남동구,"제조,가공",2026-3-0433,식품제조가공업,새턴주식회사,남동구 새턴주식회사,126.69357269946984,37.39426631134726,2026-3-0433,20190203002,새턴주식회사,식품제조가공업,인천광역시 남동구,식품
벌꿀,106,2029-07-12,BIZ047,식품,C11200002,1122,2026-07-13,인천광역시,새턴주식회사,남동구,"제조,가공",2026-3-0432,식품제조가공업,새턴주식회사,남동구 새턴주식회사,126.69357269946984,37.39426631134726,2026-3-0432,20190203002,새턴주식회사,식품제조가공업,인천광역시 남동구,식품
복합조미식품,106,2029-07-12,BIZ047,식품,C10400006,1123,2026-07-13,경기도,태평양식품,안산시 단원구,"제조,가공",2026-3-0431,식품제조가공업,태평양식품,안산시 단원구 태평양식품,126.77881189968926,37.32329389833442,2026-3-0431,20240470643,태평양식품,식품제조가공업,경기도 안산시 단원구,식품
효소식품,106,2029-07-12,BIZ047,식품,C10700009,1124,2026-07-13,경기도,(주)내츄럴바이오,광주시,"제조,가공",2026-3-0430,식품제조가공업,내츄럴바이오,광주시 내츄럴바이오,127.21021079984467,37.38245080106313,2026-3-0430,20110368437,(주)내츄럴바이오,식품제조가공업,경기도 광주시,식품
고형차,106,2029-07-12,BIZ047,식품,C10100003,1125,2026-07-13,경기도,(주)내츄럴바이오,광주시,"제조,가공",2026-3-0429,식품제조가공업,내츄럴바이오,광주시 내츄럴바이오,127.21021079984467,37.38245080106313,2026-3-0429,20110368437,(주)내츄럴바이오,식품제조가공업,경기도 광주시,식품
과ㆍ채가공품,106,2029-07-12,BIZ047,식품,C10700010,1126,2026-07-13,경기도,(주)내츄럴바이오,광주시,"제조,가공",2026-3-0428,식품제조가공업,내츄럴바이오,광주시 내츄럴바이오,127.21021079984467,37.38245080106313,2026-3-0428,20110368437,(주)내츄럴바이오,식품제조가공업,경기도 광주시,식품
초콜릿가공품,106,2029-07-12,BIZ047,식품,C09500009,1127,2026-07-13,경기도,파파브레드,성남시 중원구,"제조,가공",2026-3-0427,식품제조가공업,파파브레드,성남시 중원구 파파브레드,127.16950530006388,37.43147959700344,2026-3-0427,20110275040,파파브레드,식품제조가공업,경기도 성남시 중원구,식품
과ㆍ채가공품,106,2029-07-09,BIZ047,식품,C10700010,1128,2026-07-10,경기도,태경F&B,안성시,"제조,가공",2026-3-0426,식품제조가공업,태경F&B,안성시 태경F&B,127.22255410968644,37.03539410182634,2026-3-0426,20180376663,태경F&B,식품제조가공업,경기도 안성시,식품
양념육,612,2029-07-09,BIZ047,축산물,86,1129,2026-07-10,경기도,(주)햇살푸드 에프에스 제2공장,부천시 소사구,"제조,가공",2026-3-0425,축산물가공업-식육가공업,햇살푸드 에프에스 제2공장,부천시 소사구 햇살푸드 에프에스 제2공장,,,2026-3-0425,20260375025,(주)햇살푸드 에프에스 제2공장,축산물가공업-식육가공업,경기도 부천시 소사구,축산물
신선편의식품,106,2029-07-09,BIZ047,식품,C11300004,1130,2026-07-10,경기도,(주)채다원팜,김포시,"제조,가공",2026-3-0424,식품제조가공업,채다원팜,김포시 채다원팜,,,2026-3-0424,20260558656,(주)채다원팜,식품제조가공업,경기도 김포시,식품
즉석섭취식품,106,2029-07-09,BIZ047,식품,C11300003,1131,2026-07-10,경기도,(주)채다원팜,김포시,"제조,가공",2026-3-0423,식품제조가공업,채다원팜,김포시 채다원팜,,,2026-3-0423,20260558656,(주)채다원팜,식품제조가공업,경기도 김포시,식품
양념육,612,2029-07-08,BIZ047,축산물,86,1132,2026-07-09,경기도,주식회사 더존닭팩토리,용인시,"제조,가공",2026-3-0422,축산물가공업-식육가공업,주식회사 더존닭팩토리,용인시 주식회사 더존닭팩토리,,,2026-3-0422,20260375039,주식회사 더존닭팩토리,축산물가공업-식육가공업,경기도 용인시 처인구,축산물
액상차,106,2029-07-08,BIZ047,식품,C10100002,1133,2026-07-09,경기도,주식회사 다애인,김포시,"제조,가공",2026-3-0421,식품제조가공업,주식회사 다애인,김포시 주식회사 다애인,,,2026-3-0421,20250555863,주식회사 다애인,식품제조가공업,경기도 김포시,식품
기타가공품,106,2029-07-08,BIZ047,식품,C11400002,1134,2026-07-09,경기도,(주)제이아이,광주시,"제조,가공",2026-3-0420,식품제조가공업,제이아이,광주시 제이아이,127.31216039967356,37.3518588807989,2026-3-0420,20210387981,(주)제이아이,식품제조가공업,경기도 광주시,식품
즉석조리식품,106,2029-07-08,BIZ047,식품,C11300005,1135,2026-07-09,경기도,(주)제이아이,광주시,"제조,가공",2026-3-0419,식품제조가공업,제이아이,광주시 제이아이,127.31216039967356,37.3518588807989,2026-3-0419,20210387981,(주)제이아이,식품제조가공업,경기도 광주시,식품
"식품소분업(떡류, 기타가공품)",405,2029-07-08,BIZ048,식품,H02200001,1136,2026-07-09,경기도,(주)제이아이,광주시,"유통,판매,조리",2026-3-0418,식품소분업,제이아이,광주시 제이아이,127.31216039967356,37.3518588807989,2026-3-0418,20210387878,(주)제이아이,식품소분업,경기도 광주시,식품
즉석섭취식품(운반급식 포함),106,2029-07-08,BIZ047,식품,H03000002,1137,2026-07-09,인천광역시,주식회사 베스트푸드케터링,서해구,"제조,가공",2026-3-0417,식품제조가공업,주식회사 베스트푸드케터링,서해구 주식회사 베스트푸드케터링,,,2026-3-0417,20260291511,주식회사 베스트푸드케터링,식품제조가공업,인천광역시 서해구,식품
곡류가공품,106,2029-07-08,BIZ047,식품,C10700011,1138,2026-07-09,경기도,주식회사 해나눔,양평군,"제조,가공",2026-3-0416,식품제조가공업,주식회사 해나눔,양평군 주식회사 해나눔,127.70337340010964,37.546838501128896,2026-3-0416,20210396369,주식회사 해나눔,식품제조가공업,경기도 양평군,식품
조림류,106,2029-07-08,BIZ047,식품,C10500005,1139,2026-07-09,경기도,주식회사 푸드젝트,하남시,"제조,가공",2026-3-0415,식품제조가공업,주식회사 푸드젝트,하남시 주식회사 푸드젝트,127.17234000020626,37.53435300056221,2026-3-0415,20170345374,주식회사 푸드젝트,식품제조가공업,경기도 하남시,식품
혼합장,106,2029-07-08,BIZ047,식품,C10300013,1140,2026-07-09,경기도,주식회사 푸드젝트,하남시,"제조,가공",2026-3-0414,식품제조가공업,주식회사 푸드젝트,하남시 주식회사 푸드젝트,127.17234000020626,37.53435300056221,2026-3-0414,20170345374,주식회사 푸드젝트,식품제조가공업,경기도 하남시,식품
당류가공품,106,2029-07-08,BIZ047,식품,C09600012,1141,2026-07-09,경기도,주식회사 해나눔,양평군,"제조,가공",2026-3-0413,식품제조가공업,주식회사 해나눔,양평군 주식회사 해나눔,127.70337340010964,37.546838501128896,2026-3-0413,20210396369,주식회사 해나눔,식품제조가공업,경기도 양평군,식품
즉석조리식품,106,2029-07-08,BIZ047,식품,C11300005,1142,2026-07-09,경기도,주식회사 제이스,용인시 처인구,"제조,가공",2026-3-0412,식품제조가공업,주식회사 제이스,용인시 처인구 주식회사 제이스,127.2271292002942,37.34606919572519,2026-3-0412,20210363114,주식회사 제이스,식품제조가공업,경기도 용인시 처인구,식품
침출차,106,2029-07-08,BIZ047,식품,C10100001,1143,2026-07-09,경기도,㈜희망그린식품,안성시,"제조,가공",2026-3-0411,식품제조가공업,㈜희망그린식품,안성시 ㈜희망그린식품,127.49180860054553,37.10509324740048,2026-3-0411,20090360445,(주)희망그린식품,식품제조가공업,경기도 안성시,식품
홍화유(사플라워유 또는 잇꽃유),106,2029-07-08,BIZ047,식품,C09900009,1144,2026-07-09,경기도,코스맥스엔비티(주),이천시,"제조,가공",2026-3-0410,식품제조가공업,코스맥스엔비티,이천시 코스맥스엔비티,127.37093420045592,37.21640139864607,2026-3-0410,20070358224,코스맥스엔비티(주),식품제조가공업,경기도 이천시,식품
포장육,604,2029-07-08,BIZ047,축산물,78,1145,2026-07-09,인천광역시,(주)정성미트,서해구,"제조,가공",2026-3-0409,식육포장처리업,정성미트,서해구 정성미트,,,2026-3-0409,20110209165,(주)정성미트,식육포장처리업,인천광역시 서해구,축산물
당류가공품,106,2029-07-08,BIZ047,식품,C09600012,1146,2026-07-09,인천광역시,주식회사락컴퍼니,검단구,"제조,가공",2026-3-0408,식품제조가공업,주식회사락컴퍼니,검단구 주식회사락컴퍼니,,,2026-3-0408,20080202422,주식회사락컴퍼니,식품제조가공업,인천광역시 검단구,식품
양념육,612,2029-07-06,BIZ047,축산물,86,1147,2026-07-07,경기도,주식회사 금화그룹,화성시 만세구,"제조,가공",2026-3-0407,축산물가공업-식육가공업,주식회사 금화그룹,화성시 만세구 주식회사 금화그룹,,,2026-3-0407,20260375038,주식회사 금화그룹,축산물가공업-식육가공업,경기도 화성시 만세구,축산물
포장육,604,2029-07-06,BIZ047,축산물,78,1148,2026-07-07,경기도,주식회사 금화그룹,화성시 만세구,"제조,가공",2026-3-0406,식육포장처리업,주식회사 금화그룹,화성시 만세구 주식회사 금화그룹,,,2026-3-0406,20260565398,주식회사 금화그룹,식육포장처리업,경기도 화성시 만세구,축산물
기타발효음료,106,2029-07-06,BIZ047,식품,C10100014,1149,2026-07-07,경기도,세원바이오 농업법인(주),이천시,"제조,가공",2026-3-0405,식품제조가공업,세원바이오 농업법인,이천시 세원바이오 농업법인,,,2026-3-0405,20260552005,세원바이오 농업법인(주),식품제조가공업,경기도 이천시,식품
빵류,106,2029-07-06,BIZ047,식품,C09300004,1150,2026-07-07,경기도,최강달인푸드(주),화성시 효행구,"제조,가공",2026-3-0403,식품제조가공업,최강달인푸드,화성시 효행구 최강달인푸드,,,2026-3-0403,20210384230,최강달인푸드(주),식품제조가공업,경기도 화성시 효행구,식품
양념육,612,2029-07-06,BIZ047,축산물,86,1151,2026-07-07,경기도,주식회사 엠케이커머스 화성지점,화성시 만세구,"제조,가공",2026-3-0402,축산물가공업-식육가공업,주식회사 엠케이커머스 화성지점,화성시 만세구 주식회사 엠케이커머스 화성지점,,,2026-3-0402,20260375043,주식회사 엠케이커머스 화성지점,축산물가공업-식육가공업,경기도 화성시 만세구,축산물
당류가공품,106,2029-07-06,BIZ047,식품,C09600012,1152,2026-07-07,경기도,정성식품,용인시 처인구,"제조,가공",2026-3-0401,식품제조가공업,정성식품,용인시 처인구 정성식품,127.23917529978692,37.22900616242965,2026-3-0401,20210363125,정성식품,식품제조가공업,경기도 용인시 처인구,식품
양념육,612,2029-07-06,BIZ047,축산물,86,1153,2026-07-07,경기도,씨제이씨푸드 주식회사,성남시 중원구,"제조,가공",2026-3-0400,축산물가공업-식육가공업,씨제이씨푸드 주식회사,성남시 중원구 씨제이씨푸드 주식회사,127.1592499999094,37.43060959741045,2026-3-0400,20260375037,씨제이씨푸드 주식회사,축산물가공업-식육가공업,경기도 성남시 중원구,축산물
캔디류,106,2029-07-06,BIZ047,식품,C09300002,1154,2026-07-07,경기도,(주)서래바이오,화성시 효행구,"제조,가공",2026-3-0399,식품제조가공업,서래바이오,화성시 효행구 서래바이오,,,2026-3-0399,20260565425,(주)서래바이오,식품제조가공업,경기도 화성시 효행구,식품
과ㆍ채가공품,106,2029-07-06,BIZ047,식품,C10700010,1155,2026-07-07,경기도,(주)서래바이오,화성시 효행구,"제조,가공",2026-3-0398,식품제조가공업,서래바이오,화성시 효행구 서래바이오,,,2026-3-0398,20260565425,(주)서래바이오,식품제조가공업,경기도 화성시 효행구,식품
소스,106,2029-07-02,BIZ047,식품,C10400003,1156,2026-07-03,경기도,예성푸드,용인시 처인구,"제조,가공",2026-3-0397,식품제조가공업,예성푸드,용인시 처인구 예성푸드,127.23991519966732,37.31612470110464,2026-3-0397,20230489222,예성푸드,식품제조가공업,경기도 용인시 처인구,식품
양념육,612,2029-07-02,BIZ047,축산물,86,1157,2026-07-03,인천광역시,주식회사 제이에스와이푸드,남동구,"제조,가공",2026-3-0396,축산물가공업-식육가공업,주식회사 제이에스와이푸드,남동구 주식회사 제이에스와이푸드,126.70193639984537,37.40189179681823,2026-3-0396,20250261002,주식회사 제이에스와이푸드,축산물가공업-식육가공업,인천광역시 남동구,축산물
소스,106,2029-07-02,BIZ047,식품,C10400003,1158,2026-07-03,인천광역시,주식회사 제이에스와이푸드,남동구,"제조,가공",2026-3-0395,식품제조가공업,주식회사 제이에스와이푸드,남동구 주식회사 제이에스와이푸드,126.70193639984537,37.40189179681823,2026-3-0395,20250280188,주식회사 제이에스와이푸드,식품제조가공업,인천광역시 남동구,식품
포장육,604,2029-07-02,BIZ047,축산물,78,1159,2026-07-03,인천광역시,주식회사 제이에스와이푸드,남동구,"제조,가공",2026-3-0394,식육포장처리업,주식회사 제이에스와이푸드,남동구 주식회사 제이에스와이푸드,126.70193639984537,37.40189179681823,2026-3-0394,20250279030,주식회사 제이에스와이푸드,식육포장처리업,인천광역시 남동구,축산물
"양념육,식육추출가공품",612,2029-07-02,BIZ047,축산물,"89,86",1160,2026-07-03,경기도,(주)청호,김포시,"제조,가공",2026-3-0393,축산물가공업-식육가공업,청호,김포시 청호,126.7103928996002,37.62733630054407,2026-3-0393,20130262003,(주)청호,축산물가공업-식육가공업,경기도 김포시,축산물
절임식품,106,2029-07-02,BIZ047,식품,C10500003,1161,2026-07-03,경기도,선우푸드,화성시 효행구,"제조,가공",2026-3-0392,식품제조가공업,선우푸드,화성시 효행구 선우푸드,,,2026-3-0392,20080364389,선우푸드,식품제조가공업,경기도 화성시 효행구,식품
포장육,604,2029-07-02,BIZ047,축산물,78,1162,2026-07-03,경기도,한우팜,성남시 수정구,"제조,가공",2026-3-0391,식육포장처리업,한우팜,성남시 수정구 한우팜,,,2026-3-0391,20260394109,한우팜,식육포장처리업,경기도 성남시 수정구,축산물
향신료조제품,106,2029-06-29,BIZ047,식품,C10400012,1164,2026-06-30,경기도,두나팜,화성시,"제조,가공",2026-3-0389,식품제조가공업,두나팜,화성시 두나팜,126.96394520056036,37.12275489596476,2026-3-0389,20250562353,두나팜,식품제조가공업,경기도 화성시 만세구,식품
고춧가루,106,2029-06-29,BIZ047,식품,C10400009,1165,2026-06-30,경기도,두나팜,화성시,"제조,가공",2026-3-0388,식품제조가공업,두나팜,화성시 두나팜,126.96394520056036,37.12275489596476,2026-3-0388,20250562353,두나팜,식품제조가공업,경기도 화성시 만세구,식품
빵류,106,2029-06-29,BIZ047,식품,C09300004,1166,2026-06-30,경기도,미나리빵집,화성시 병점구,"제조,가공",2026-3-0387,식품제조가공업,미나리빵집,화성시 병점구 미나리빵집,,,2026-3-0387,20260565415,미나리빵집,식품제조가공업,경기도 화성시 병점구,식품
기타 어육가공품,106,2029-06-28,BIZ047,식품,C11000006,1167,2026-06-29,인천광역시,(주)소담수,남동구,"제조,가공",2026-3-0386,식품제조가공업,소담수,남동구 소담수,,,2026-3-0386,20260279323,(주)소담수,식품제조가공업,인천광역시 남동구,식품
포장육,604,2029-06-27,BIZ047,축산물,78,1168,2026-06-28,경기도,럭키팜축산,광주시,"제조,가공",2026-3-0385,식육포장처리업,럭키팜축산,광주시 럭키팜축산,127.31915179968551,37.36825149953783,2026-3-0385,20220515513,럭키팜축산,식육포장처리업,경기도 광주시,축산물
신선편의식품,106,2029-06-27,BIZ047,식품,C11300004,1169,2026-06-28,인천광역시,(주)수플린에프앤비,검단구,"제조,가공",2026-3-0384,식품제조가공업,수플린에프앤비,검단구 수플린에프앤비,,,2026-3-0384,20240291115,(주)수플린에프앤비,식품제조가공업,인천광역시 검단구,식품
당류가공품,106,2029-06-25,BIZ047,식품,C09600012,1170,2026-06-26,인천광역시,유한회사 사조씨피케이 부평공장,부평구,"제조,가공",2026-3-0383,식품제조가공업,유한회사 사조씨피케이 부평공장,부평구 유한회사 사조씨피케이 부평공장,126.68927970017604,37.47592910130424,2026-3-0383,19830202036,유한회사 사조씨피케이 부평공장,식품제조가공업,인천광역시 부평구,식품
과ㆍ채음료,106,2029-06-25,BIZ047,식품,C10100007,1171,2026-06-26,경기도,레하임생활건강,화성시,"제조,가공",2026-3-0382,식품제조가공업,레하임생활건강,화성시 레하임생활건강,126.8537342996397,37.12554070106361,2026-3-0382,20170365027,레하임생활건강,식품제조가공업,경기도 화성시 만세구,식품
과ㆍ채음료,106,2029-06-25,BIZ047,식품,C10100007,1172,2026-06-26,경기도,동서바이오팜(주),안성시,"제조,가공",2026-3-0381,식품제조가공업,동서바이오팜,안성시 동서바이오팜,127.19379570044865,37.06709156319943,2026-3-0381,20210376666,동서바이오팜(주),식품제조가공업,경기도 안성시,식품
치즈,611,2029-06-25,BIZ047,축산물,C0318090100000,1173,2026-06-26,경기도,르구르망 주식회사,용인시 처인구,"제조,가공",2026-3-0380,축산물가공업-유가공업,르구르망 주식회사,용인시 처인구 르구르망 주식회사,127.18238209989777,37.09034229595448,2026-3-0380,20260375031,르구르망 주식회사,축산물가공업-유가공업,경기도 용인시 처인구,축산물
과자,106,2029-06-25,BIZ047,식품,C09300001,1174,2026-06-26,인천광역시,세남자의 빵굼터,서해구,"제조,가공",2026-3-0379,식품제조가공업,세남자의 빵굼터,서해구 세남자의 빵굼터,,,2026-3-0379,20260291902,세남자의 빵굼터,식품제조가공업,인천광역시 서해구,식품
떡류,106,2029-06-25,BIZ047,식품,C09300005,1175,2026-06-26,경기도,(주)복시루,부천시 원미구,"제조,가공",2026-3-0378,식품제조가공업,복시루,부천시 원미구 복시루,,,2026-3-0378,20260421311,(주)복시루,식품제조가공업,경기도 부천시 원미구,식품
식용란수집판매업,635,2029-06-25,BIZ048,축산물,581,1176,2026-06-26,경기도,농업회사법인 건국상사 주식회사,용인시 처인구,"유통,판매,조리",2026-3-0377,축산물판매업-식용란수집판매업,농업회사법인 건국상사 주식회사,용인시 처인구 농업회사법인 건국상사 주식회사,127.25144223229329,37.32192608606608,2026-3-0377,20210364011,농업회사법인 건국상사 주식회사,축산물판매업-식용란수집판매업,경기도 용인시 처인구,축산물
효소식품,106,2029-06-25,BIZ047,식품,C10700009,1177,2026-06-26,경기도,척척바이오랩(주),군포시,"제조,가공",2026-3-0376,식품제조가공업,척척바이오랩,군포시 척척바이오랩,126.95471249945317,37.357010101056346,2026-3-0376,20230481112,척척바이오랩(주),식품제조가공업,경기도 군포시,식품
기타엿,106,2029-06-23,BIZ047,식품,C09600010,1178,2026-06-24,경기도,씨제이제일제당(주),안산시 상록구,"제조,가공",2026-3-0375,식품제조가공업,씨제이제일제당,안산시 상록구 씨제이제일제당,126.89065020037116,37.29186739832037,2026-3-0375,20110311336,씨제이제일제당(주),식품제조가공업,경기도 안산시 상록구,식품
소스,106,2029-06-23,BIZ047,식품,C10400003,1179,2026-06-24,경기도,(주)은산푸드,여주시,"제조,가공",2026-3-0374,식품제조가공업,은산푸드,여주시 은산푸드,127.53733779681554,37.24122729364292,2026-3-0374,20060375174,(주)은산푸드,식품제조가공업,경기도 여주시,식품
"양념육,분쇄가공육제품",612,2029-06-23,BIZ047,축산물,"86,87",1180,2026-06-24,경기도,주식회사 선인,화성시 만세구,"제조,가공",2026-3-0373,축산물가공업-식육가공업,주식회사 선인,화성시 만세구 주식회사 선인,,,2026-3-0373,20260375052,주식회사 선인,축산물가공업-식육가공업,경기도 화성시 만세구,축산물
기타 수산물가공품 중 냉동연체류,106,2029-06-23,BIZ047,식품,C11800001,1181,2026-06-24,경기도,예언푸드,광주시,"제조,가공",2026-3-0372,식품제조가공업,예언푸드,광주시 예언푸드,,,2026-3-0372,20260585236,예언푸드,식품제조가공업,경기도 광주시,식품
기타 수산물가공품 중 냉동어류,106,2029-06-23,BIZ047,식품,C11700001,1182,2026-06-24,경기도,예언푸드,광주시,"제조,가공",2026-3-0371,식품제조가공업,예언푸드,광주시 예언푸드,,,2026-3-0371,20260585236,예언푸드,식품제조가공업,경기도 광주시,식품
향신료조제품,106,2029-06-21,BIZ047,식품,C10400012,1183,2026-06-22,경기도,리드윈푸드,여주시,"제조,가공",2026-3-0370,식품제조가공업,리드윈푸드,여주시 리드윈푸드,,,2026-3-0370,20200393357,리드윈푸드,식품제조가공업,경기도 여주시,식품
즉석조리식품,106,2029-06-21,BIZ047,식품,C11300005,1184,2026-06-22,경기도,주식회사 거다에프엔비,광주시,"제조,가공",2026-3-0369,식품제조가공업,주식회사 거다에프엔비,광주시 주식회사 거다에프엔비,,,2026-3-0369,20250570247,주식회사 거다에프앤비,식품제조가공업,경기도 광주시,식품
포장육,604,2029-06-20,BIZ047,축산물,78,1185,2026-06-21,경기도,주식회사 제니스테이블,안양시 동안구,"제조,가공",2026-3-0368,식육포장처리업,주식회사 제니스테이블,안양시 동안구 주식회사 제니스테이블,,,2026-3-0368,20250408609,주식회사 제니스테이블,식육포장처리업,경기도 안양시 동안구,축산물
포장육,604,2029-06-20,BIZ047,축산물,78,1186,2026-06-21,경기도,주식회사 한닙축산,화성시,"제조,가공",2026-3-0367,식육포장처리업,주식회사 한닙축산,화성시 주식회사 한닙축산,,,2026-3-0367,20250565535,주식회사 한닙축산,식육포장처리업,경기도 화성시 만세구,축산물
축산물유통전문판매업,634,2029-06-20,BIZ048,축산물,K00300001,1187,2026-06-21,경기도,굿초이스,평택시,"유통,판매,조리",2026-3-0366,축산물판매업-축산물유통전문판매업,굿초이스,평택시 굿초이스,127.0568086004564,37.05050428856839,2026-3-0366,20260464199,굿초이스,축산물판매업-축산물유통전문판매업,경기도 평택시,축산물
캔디류,106,2029-06-20,BIZ047,식품,C09300002,1188,2026-06-21,인천광역시,티디바인,검단구,"제조,가공",2026-3-0365,식품제조가공업,티디바인,검단구 티디바인,,,2026-3-0365,20230281157,티디바인,식품제조가공업,인천광역시 검단구,식품
빵류,106,2029-06-20,BIZ047,식품,C09300004,1189,2026-06-21,인천광역시,주식회사 디저트하우스,미추홀구,"제조,가공",2026-3-0364,식품제조가공업,주식회사 디저트하우스,미추홀구 주식회사 디저트하우스,,,2026-3-0364,20260268233,주식회사 디저트하우스,식품제조가공업,인천광역시 미추홀구,식품
과자,106,2029-06-20,BIZ047,식품,C09300001,1190,2026-06-21,인천광역시,주식회사 디저트하우스,미추홀구,"제조,가공",2026-3-0363,식품제조가공업,주식회사 디저트하우스,미추홀구 주식회사 디저트하우스,,,2026-3-0363,20260268233,주식회사 디저트하우스,식품제조가공업,인천광역시 미추홀구,식품
기타가공품,106,2029-06-20,BIZ047,식품,C11400002,1191,2026-06-21,경기도,(주)에치와이 평택공장,평택시,"제조,가공",2026-3-0362,식품제조가공업,에치와이 평택공장,평택시 에치와이 평택공장,127.08412200006036,37.10557760088502,2026-3-0362,20150308018,(주)에치와이 평택공장,식품제조가공업,경기도 평택시,식품
분쇄가공육제품,612,2029-06-20,BIZ047,축산물,87,1192,2026-06-21,경기도,농업회사법인 (주)옥구촌한우 (양평점),양평군,"제조,가공",2026-3-0361,축산물가공업-식육가공업,농업회사법인 옥구촌한우,양평군 농업회사법인 옥구촌한우,,,2026-3-0361,20260375040,농업회사법인 (주)옥구촌한우 (양평점),축산물가공업-식육가공업,경기도 양평군,축산물
빵류,106,2029-06-20,BIZ047,식품,C09300004,1193,2026-06-21,경기도,(주)마메든,용인시,"제조,가공",2026-3-0360,식품제조가공업,마메든,용인시 마메든,127.22865379959156,37.27298623771295,2026-3-0360,20110347136,(주)마메든,식품제조가공업,경기도 용인시 처인구,식품
포장육,604,2029-06-17,BIZ047,축산물,78,1194,2026-06-18,인천광역시,현진미트,서해구,"제조,가공",2026-3-0359,식육포장처리업,현진미트,서해구 현진미트,,,2026-3-0359,20140209315,현진미트,식육포장처리업,인천광역시 서해구,축산물
식용란수집판매업,635,2029-06-17,BIZ048,축산물,581,1195,2026-06-18,경기도,강원상회,여주시,"유통,판매,조리",2026-3-0358,축산물판매업-식용란수집판매업,강원상회,여주시 강원상회,,,2026-3-0358,20260596218,강원상회,축산물판매업-식용란수집판매업,경기도 여주시,축산물
기타 수산물가공품 중 냉동조미가공품,106,2029-06-16,BIZ047,식품,C11900001,1197,2026-06-17,인천광역시,(주)천운에프앤디,제물포구,"제조,가공",2026-3-0356,식품제조가공업,천운에프앤디,제물포구 천운에프앤디,,,2026-3-0356,20240264039,(주)천운에프앤디,식품제조가공업,인천광역시 제물포구,식품
소스,106,2029-06-15,BIZ047,식품,C10400003,1198,2026-06-16,경기도,주식회사 정인식품,화성시,"제조,가공",2026-3-0355,식품제조가공업,주식회사 정인식품,화성시 주식회사 정인식품,126.9450408002686,37.20595553573325,2026-3-0355,20120086045,서울농가식품,식품제조가공업,서울특별시 영등포구,식품
즉석조리식품,106,2029-06-15,BIZ047,식품,C11300005,1199,2026-06-16,경기도,주식회사 정인식품,화성시,"제조,가공",2026-3-0354,식품제조가공업,주식회사 정인식품,화성시 주식회사 정인식품,126.9450408002686,37.20595553573325,2026-3-0354,20120086045,주식회사 정인식품,식품제조가공업,경기도 화성시 효행구,식품
빵류,106,2029-06-15,BIZ047,식품,C09300004,1200,2026-06-16,경기도,농업회사법인 주식회사 골드부르어스,여주시,"제조,가공",2026-3-0353,식품제조가공업,농업회사법인 주식회사 골드부르어스,여주시 농업회사법인 주식회사 골드부르어스,,,2026-3-0353,20180393023,농업회사법인 주식회사 골드부르어스,식품제조가공업,경기도 여주시,식품
효소식품,106,2029-06-11,BIZ047,식품,C10700009,1201,2026-06-12,경기도,(주)청명자연과학,성남시 중원구,"제조,가공",2026-3-0352,식품제조가공업,청명자연과학,성남시 중원구 청명자연과학,127.1592161002045,37.43100200257904,2026-3-0352,20100275060,(주)청명자연과학,식품제조가공업,경기도 성남시 중원구,식품
포장육,604,2029-06-11,BIZ047,축산물,78,1202,2026-06-12,경기도,주식회사 디엔푸드,시흥시,"제조,가공",2026-3-0351,식육포장처리업,주식회사 디엔푸드,시흥시 주식회사 디엔푸드,,,2026-3-0351,20180355628,주식회사 디엔푸드,식육포장처리업,경기도 시흥시,축산물
당류가공품,106,2029-06-11,BIZ047,식품,C09600012,1203,2026-06-12,경기도,진향바이오,수원시,"제조,가공",2026-3-0350,식품제조가공업,진향바이오,수원시 진향바이오,,,2026-3-0350,20260377626,진향바이오,식품제조가공업,경기도 수원시 권선구,식품
축산물유통전문판매업,634,2029-06-10,BIZ048,축산물,K00300001,1204,2026-06-11,경기도,그루팜,하남시,"유통,판매,조리",2026-3-0349,축산물판매업-축산물유통전문판매업,그루팜,하남시 그루팜,127.1907097001532,37.57423922431069,2026-3-0349,20260529321,그루팜,축산물판매업-축산물유통전문판매업,경기도 하남시,축산물
포장육,604,2029-06-10,BIZ047,축산물,78,1205,2026-06-11,인천광역시,우주푸드,제물포구,"제조,가공",2026-3-0348,식육포장처리업,우주푸드,제물포구 우주푸드,,,2026-3-0348,20200192224,우주푸드,식육포장처리업,인천광역시 중구,축산물
사양벌꿀,106,2029-06-10,BIZ047,식품,C11200004,1206,2026-06-11,경기도,지리산반야봉토종꿀영농조합법인,시흥시,"제조,가공",2026-3-0347,식품제조가공업,지리산반야봉토종꿀영농조합법인,시흥시 지리산반야봉토종꿀영농조합법인,,,2026-3-0347,20260517444,지리산반야봉토종꿀영농조합법인,식품제조가공업,경기도 시흥시,식품
생식함유제품,106,2029-06-10,BIZ047,식품,C11300002,1207,2026-06-11,경기도,코스맥스엔비티(주),이천시,"제조,가공",2026-3-0346,식품제조가공업,코스맥스엔비티,이천시 코스맥스엔비티,127.37093420045592,37.21640139864607,2026-3-0346,20070358224,코스맥스엔비티(주),식품제조가공업,경기도 이천시,식품
추출가공식품,106,2029-06-10,BIZ047,식품,C11100007,1208,2026-06-11,인천광역시,블레스웰빙,남동구,"제조,가공",2026-3-0345,식품제조가공업,블레스웰빙,남동구 블레스웰빙,126.74065239946478,37.444530700751685,2026-3-0345,20180202073,블레스웰빙,식품제조가공업,인천광역시 남동구,식품
빵류,106,2029-06-10,BIZ047,식품,C09300004,1209,2026-06-11,경기도,주식회사 유엔유,안양시 동안구,"제조,가공",2026-3-0344,식품제조가공업,주식회사 유엔유,안양시 동안구 주식회사 유엔유,,,2026-3-0344,20260412223,주식회사 유엔유,식품제조가공업,경기도 안양시 동안구,식품
과자,106,2029-06-10,BIZ047,식품,C09300001,1210,2026-06-11,경기도,주식회사 유엔유,안양시 동안구,"제조,가공",2026-3-0343,식품제조가공업,주식회사 유엔유,안양시 동안구 주식회사 유엔유,,,2026-3-0343,20260412223,주식회사 유엔유,식품제조가공업,경기도 안양시 동안구,식품
포장육,604,2029-06-10,BIZ047,축산물,78,1211,2026-06-11,경기도,농업회사법인 주식회사 고구려푸드,화성시 만세구,"제조,가공",2026-3-0342,식육포장처리업,농업회사법인 주식회사 고구려푸드,화성시 만세구 농업회사법인 주식회사 고구려푸드,,,2026-3-0342,20260565395,농업회사법인 주식회사 고구려푸드,식육포장처리업,경기도 화성시 만세구,축산물
땅콩 또는 견과류가공품,106,2029-06-08,BIZ047,식품,C10700006,1212,2026-06-09,경기도,성해주식회사 경기공장점,이천시,"제조,가공",2026-3-0341,식품제조가공업,성해주식회사 경기공장점,이천시 성해주식회사 경기공장점,127.40005720035248,37.27530500093177,2026-3-0341,20180374746,성해주식회사 경기공장점,식품제조가공업,경기도 이천시,식품
건조저장육류,612,2029-06-08,BIZ047,축산물,85,1213,2026-06-09,인천광역시,(주)달인푸드,서해구,"제조,가공",2026-3-0340,축산물가공업-식육가공업,달인푸드,서해구 달인푸드,,,2026-3-0340,20260261007,(주)달인푸드,축산물가공업-식육가공업,인천광역시 서해구,축산물
포장육,604,2029-06-04,BIZ047,축산물,78,1214,2026-06-05,경기도,주식회사 59컴퍼니,화성시 효행구,"제조,가공",2026-3-0339,식육포장처리업,주식회사 59컴퍼니,화성시 효행구 주식회사 59컴퍼니,,,2026-3-0339,20210385192,주식회사 59컴퍼니,식육포장처리업,경기도 화성시 효행구,축산물
포장육,604,2029-06-04,BIZ047,축산물,78,1215,2026-06-05,경기도,풍성,광주시,"제조,가공",2026-3-0338,식육포장처리업,풍성,광주시 풍성,127.21489879982563,37.380967454994426,2026-3-0338,20260585380,풍성,식육포장처리업,경기도 광주시,축산물
포장육,604,2029-06-04,BIZ047,축산물,78,1216,2026-06-05,경기도,도원유통,이천시,"제조,가공",2026-3-0337,식육포장처리업,도원유통,이천시 도원유통,127.4461823999305,37.28147370087608,2026-3-0337,20110358596,도원유통,식육포장처리업,경기도 이천시,축산물
땅콩 또는 견과류가공품,106,2029-06-04,BIZ047,식품,C10700006,1217,2026-06-05,경기도,(주)더원비앤에프,광주시,"제조,가공",2026-3-0336,식품제조가공업,더원비앤에프,광주시 더원비앤에프,127.32291389952708,37.30261728298964,2026-3-0336,20120368510,(주)더원비앤에프,식품제조가공업,경기도 광주시,식품
양념육,612,2029-06-03,BIZ047,축산물,86,1218,2026-06-04,인천광역시,태민푸드,서해구,"제조,가공",2026-3-0335,축산물가공업-식육가공업,태민푸드,서해구 태민푸드,,,2026-3-0335,20170189002,태민푸드,축산물가공업-식육가공업,인천광역시 서해구,축산물
포장육,604,2029-06-01,BIZ047,축산물,78,1219,2026-06-02,경기도,용푸드,김포시,"제조,가공",2026-3-0334,식육포장처리업,용푸드,김포시 용푸드,126.69546010044864,37.630042102810165,2026-3-0334,20200378368,용푸드,식육포장처리업,경기도 김포시,축산물
기타 수산물가공품 중 냉동연체류,106,2029-06-01,BIZ047,식품,C11800001,1220,2026-06-02,인천광역시,(주)주성엠에스,남동구,"제조,가공",2026-3-0333,식품제조가공업,주성엠에스,남동구 주성엠에스,126.69312679953543,37.41296270206781,2026-3-0333,20250279110,(주)주성엠에스,식품제조가공업,인천광역시 남동구,식품
기타 수산물가공품 중 냉동어류,106,2029-06-01,BIZ047,식품,C11700001,1221,2026-06-02,인천광역시,(주)주성엠에스,남동구,"제조,가공",2026-3-0332,식품제조가공업,주성엠에스,남동구 주성엠에스,126.69312679953543,37.41296270206781,2026-3-0332,20250279110,(주)주성엠에스,식품제조가공업,인천광역시 남동구,식품
과자,106,2029-05-31,BIZ047,식품,C09300001,1222,2026-06-01,경기도,주)디저트스토리,부천시,"제조,가공",2026-3-0331,식품제조가공업,주)디저트스토리,부천시 주)디저트스토리,126.78153790009152,37.51077320057438,2026-3-0331,20120294117,(주)디저트스토리,식품제조가공업,경기도 부천시 원미구,식품
음료베이스,106,2029-05-31,BIZ047,식품,C10100017,1223,2026-06-01,경기도,주식회사 케이지이,안성시,"제조,가공",2026-3-0330,식품제조가공업,주식회사 케이지이,안성시 주식회사 케이지이,127.20197170023732,36.9911125012768,2026-3-0330,20190376144,주식회사 케이지이,식품제조가공업,경기도 안성시,식품
즉석조리식품,106,2029-05-31,BIZ047,식품,C11300005,1224,2026-06-01,인천광역시,주식회사 프씽,남동구,"제조,가공",2026-3-0329,식품제조가공업,주식회사 프씽,남동구 주식회사 프씽,126.70096769947082,37.41443259262685,2026-3-0329,20210203197,주식회사 프씽,식품제조가공업,인천광역시 남동구,식품
간편조리세트,106,2029-05-31,BIZ047,식품,C0322020400000,1225,2026-06-01,인천광역시,주식회사 프씽,남동구,"제조,가공",2026-3-0328,식품제조가공업,주식회사 프씽,남동구 주식회사 프씽,126.70096769947082,37.41443259262685,2026-3-0328,20210203197,주식회사 프씽,식품제조가공업,인천광역시 남동구,식품
즉석조리식품,106,2029-05-31,BIZ047,식품,C11300005,1226,2026-06-01,경기도,(주)섬김과나눔,이천시,"제조,가공",2026-3-0327,식품제조가공업,섬김과나눔,이천시 섬김과나눔,127.38234509978928,37.293918500763006,2026-3-0327,20160358166,(주)섬김과나눔,식품제조가공업,경기도 이천시,식품
과자,106,2029-05-26,BIZ047,식품,C09300001,1228,2026-05-27,경기도,한누리식품,평택시,"제조,가공",2026-3-0325,식품제조가공업,한누리식품,평택시 한누리식품,,,2026-3-0325,20130336230,한누리식품,식품제조가공업,경기도 오산시,식품
포장육,604,2029-05-25,BIZ047,축산물,78,1229,2026-05-26,경기도,모담한우,시흥시,"제조,가공",2026-3-0324,식육포장처리업,모담한우,시흥시 모담한우,,,2026-3-0324,20260517305,모담한우,식육포장처리업,경기도 시흥시,축산물
즉석조리식품,106,2029-05-25,BIZ047,식품,C11300005,1230,2026-05-26,경기도,타이웨이제조소,광주시,"제조,가공",2026-3-0323,식품제조가공업,타이웨이제조소,광주시 타이웨이제조소,,,2026-3-0323,20260585297,타이웨이제조소,식품제조가공업,경기도 광주시,식품
즉석섭취식품,106,2029-05-25,BIZ047,식품,C11300003,1231,2026-05-26,경기도,타이웨이제조소,광주시,"제조,가공",2026-3-0322,식품제조가공업,타이웨이제조소,광주시 타이웨이제조소,,,2026-3-0322,20260585297,타이웨이제조소,식품제조가공업,경기도 광주시,식품
빵류,106,2029-05-25,BIZ047,식품,C09300004,1232,2026-05-26,경기도,원바이트,성남시 중원구,"제조,가공",2026-3-0321,식품제조가공업,원바이트,성남시 중원구 원바이트,127.16985520047037,37.43671819975432,2026-3-0321,20260394055,원바이트,식품제조가공업,경기도 성남시 중원구,식품
절임식품,106,2029-05-25,BIZ047,식품,C10500003,1233,2026-05-26,경기도,일품식품,광주시,"제조,가공",2026-3-0320,식품제조가공업,일품식품,광주시 일품식품,127.31983279954392,37.393281098286295,2026-3-0320,20040345354,일품식품,식품제조가공업,경기도 하남시,식품
빵류,106,2029-05-25,BIZ047,식품,C09300004,1234,2026-05-26,경기도,주식회사버뮤다컴퍼니,광명시,"제조,가공",2026-3-0319,식품제조가공업,주식회사버뮤다컴퍼니,광명시 주식회사버뮤다컴퍼니,,,2026-3-0319,20260461219,주식회사버뮤다컴퍼니,식품제조가공업,경기도 광명시,식품
과자,106,2029-05-25,BIZ047,식품,C09300001,1235,2026-05-26,경기도,주식회사버뮤다컴퍼니,광명시,"제조,가공",2026-3-0318,식품제조가공업,주식회사버뮤다컴퍼니,광명시 주식회사버뮤다컴퍼니,,,2026-3-0318,20260461219,주식회사버뮤다컴퍼니,식품제조가공업,경기도 광명시,식품
양념육,612,2029-05-25,BIZ047,축산물,86,1236,2026-05-26,경기도,주식회사 친구네 농업회사법인,화성시,"제조,가공",2026-3-0317,축산물가공업-식육가공업,주식회사 친구네 농업회사법인,화성시 주식회사 친구네 농업회사법인,,,2026-3-0317,20250371086,주식회사 친구네 농업회사법인,축산물가공업-식육가공업,경기도 화성시 효행구,축산물
농후발효유,611,2029-05-21,BIZ047,축산물,C0318040200000,1238,2026-05-22,경기도,아미라 밀크 (AMIRA MILK),평택시,"제조,가공",2026-3-0315,축산물가공업-유가공업,아미라 밀크,평택시 아미라 밀크,126.9243496996353,37.04775699578101,2026-3-0315,20250371008,아미라 밀크 (AMIRA MILK),축산물가공업-유가공업,경기도 평택시,축산물
절임식품,106,2029-05-20,BIZ047,식품,C10500003,1239,2026-05-21,경기도,(주)늘푸른,화성시 만세구,"제조,가공",2026-3-0314,식품제조가공업,늘푸른,화성시 만세구 늘푸른,126.99554980036726,37.2236427818546,2026-3-0314,19950364019,(주)늘푸른,식품제조가공업,경기도 화성시 만세구,식품
혼합음료,106,2029-05-20,BIZ047,식품,C10100016,1240,2026-05-21,경기도,(주)비오팜2공장,평택시,"제조,가공",2026-3-0313,식품제조가공업,비오팜2공장,평택시 비오팜2공장,126.96477639973322,37.03226410049019,2026-3-0313,20250466026,(주)비오팜2공장,식품제조가공업,경기도 평택시,식품
준초콜릿,106,2029-05-20,BIZ047,식품,C09500008,1241,2026-05-21,경기도,(주)씨앤미,여주시,"제조,가공",2026-3-0312,식품제조가공업,씨앤미,여주시 씨앤미,127.56134249864736,37.3248712032444,2026-3-0312,20140309061,(주)씨앤미,식품제조가공업,경기도 평택시,식품
기타 코코아가공품,106,2029-05-20,BIZ047,식품,C09500004,1242,2026-05-21,경기도,(주)씨앤미,여주시,"제조,가공",2026-3-0311,식품제조가공업,씨앤미,여주시 씨앤미,127.56134249864736,37.3248712032444,2026-3-0311,20140309061,(주)씨앤미,식품제조가공업,경기도 평택시,식품
과자,106,2029-05-20,BIZ047,식품,C09300001,1243,2026-05-21,경기도,(주)씨앤미,여주시,"제조,가공",2026-3-0310,식품제조가공업,씨앤미,여주시 씨앤미,127.56134249864736,37.3248712032444,2026-3-0310,20140309061,(주)씨앤미,식품제조가공업,경기도 여주시,식품
초콜릿,106,2029-05-20,BIZ047,식품,C09500005,1244,2026-05-21,경기도,(주)씨앤미,여주시,"제조,가공",2026-3-0309,식품제조가공업,씨앤미,여주시 씨앤미,127.56134249864736,37.3248712032444,2026-3-0309,20140309061,(주)씨앤미,식품제조가공업,경기도 여주시,식품
초콜릿가공품,106,2029-05-20,BIZ047,식품,C09500009,1245,2026-05-21,경기도,(주)씨앤미,여주시,"제조,가공",2026-3-0308,식품제조가공업,씨앤미,여주시 씨앤미,127.56134249864736,37.3248712032444,2026-3-0308,20140309061,(주)씨앤미,식품제조가공업,경기도 여주시,식품
식용란수집판매업,635,2029-05-19,BIZ048,축산물,581,1246,2026-05-20,경기도,에그머니,성남시 수정구,"유통,판매,조리",2026-3-0307,축산물판매업-식용란수집판매업,에그머니,성남시 수정구 에그머니,,,2026-3-0307,20260394046,에그머니,축산물판매업-식용란수집판매업,경기도 성남시 수정구,축산물
고춧가루,106,2029-05-19,BIZ047,식품,C10400009,1247,2026-05-20,경기도,주식회사 홍초담푸드,화성시 만세구,"제조,가공",2026-3-0306,식품제조가공업,주식회사 홍초담푸드,화성시 만세구 주식회사 홍초담푸드,,,2026-3-0306,20260565394,주식회사 홍초담푸드,식품제조가공업,경기도 화성시 만세구,식품
식용란수집판매업,635,2029-05-19,BIZ048,축산물,581,1248,2026-05-20,경기도,강남유통,광주시,"유통,판매,조리",2026-3-0305,축산물판매업-식용란수집판매업,강남유통,광주시 강남유통,127.24131770013238,37.35688320054692,2026-3-0305,20230523285,강남유통,축산물판매업-식용란수집판매업,경기도 광주시,축산물
"햄,소시지",612,2029-05-19,BIZ047,축산물,"79,82",1249,2026-05-20,경기도,주식회사 세스크멘슬,양평군,"제조,가공",2026-3-0304,축산물가공업-식육가공업,주식회사 세스크멘슬,양평군 주식회사 세스크멘슬,,,2026-3-0304,20260375017,주식회사 세스크멘슬,축산물가공업-식육가공업,경기도 양평군,축산물
혼합음료,106,2029-05-19,BIZ047,식품,C10100016,1250,2026-05-20,경기도,(주)더원헬스랩,시흥시,"제조,가공",2026-3-0303,식품제조가공업,더원헬스랩,시흥시 더원헬스랩,,,2026-3-0303,20190355215,(주)더원헬스랩,식품제조가공업,경기도 시흥시,식품
기타가공품,106,2029-05-19,BIZ047,식품,C11400002,1251,2026-05-20,경기도,(주)더원헬스랩,시흥시,"제조,가공",2026-3-0302,식품제조가공업,더원헬스랩,시흥시 더원헬스랩,,,2026-3-0302,20190355215,(주)더원헬스랩,식품제조가공업,경기도 시흥시,식품
올리브유,106,2029-05-19,BIZ047,식품,C09900013,1252,2026-05-20,경기도,(주)더원헬스랩,시흥시,"제조,가공",2026-3-0301,식품제조가공업,더원헬스랩,시흥시 더원헬스랩,,,2026-3-0301,20190355215,(주)더원헬스랩,식품제조가공업,경기도 시흥시,식품
김치(배추김치),106,2029-05-19,BIZ047,식품,C12300001,1253,2026-05-20,인천광역시,일미식품,남동구,"제조,가공",2026-3-0300,식품제조가공업,일미식품,남동구 일미식품,126.71398910039797,37.423860635593805,2026-3-0300,20020199089,일미식품,식품제조가공업,인천광역시 남동구,식품
김치(기타김치),106,2029-05-19,BIZ047,식품,C10500002,1254,2026-05-20,인천광역시,일미식품,남동구,"제조,가공",2026-3-0299,식품제조가공업,일미식품,남동구 일미식품,126.71398910039797,37.423860635593805,2026-3-0299,20020199089,일미식품,식품제조가공업,인천광역시 남동구,식품
포장육,604,2029-05-19,BIZ047,축산물,78,1255,2026-05-20,인천광역시,한결프레시,서해구,"제조,가공",2026-3-0298,식육포장처리업,한결프레시,서해구 한결프레시,,,2026-3-0298,20260291390,한결프레시,식육포장처리업,인천광역시 서해구,축산물
비가열음료(과채음료),106,2029-05-17,BIZ047,식품,C11600001,1256,2026-05-18,경기도,(주)월드푸드,부천시 소사구,"제조,가공",2026-3-0297,식품제조가공업,월드푸드,부천시 소사구 월드푸드,126.74445840043028,37.487266298815015,2026-3-0297,20240417417,(주)월드푸드,식품제조가공업,경기도 부천시 소사구,식품
과ㆍ채주스,106,2029-05-17,BIZ047,식품,C10100006,1257,2026-05-18,경기도,현대농장 농업회사법인(주),평택시,"제조,가공",2026-3-0296,식품제조가공업,현대농장 농업회사법인,평택시 현대농장 농업회사법인,,,2026-3-0296,20260470065,현대농장 농업회사법인(주),식품제조가공업,경기도 평택시,식품
포장육,604,2029-05-17,BIZ047,축산물,78,1258,2026-05-18,경기도,주식회사 준현프라임미트,화성시 효행구,"제조,가공",2026-3-0295,식육포장처리업,주식회사 준현프라임미트,화성시 효행구 주식회사 준현프라임미트,,,2026-3-0295,20260565397,주식회사 준현프라임미트,식육포장처리업,경기도 화성시 효행구,축산물
양념육,612,2029-05-17,BIZ047,축산물,86,1259,2026-05-18,인천광역시,주식회사 제이푸드송도,연수구,"제조,가공",2026-3-0294,축산물가공업-식육가공업,주식회사 제이푸드송도,연수구 주식회사 제이푸드송도,,,2026-3-0294,20260261006,주식회사 제이푸드송도,축산물가공업-식육가공업,인천광역시 연수구,축산물
가공소금,106,2029-05-17,BIZ047,식품,C10400018,1260,2026-05-18,경기도,주식회사 와이즈웨이,광주시,"제조,가공",2026-3-0293,식품제조가공업,주식회사 와이즈웨이,광주시 주식회사 와이즈웨이,127.20855050008704,37.34728989944761,2026-3-0293,20190387777,주식회사 와이즈웨이,식품제조가공업,경기도 광주시,식품
캔디류,106,2029-05-14,BIZ047,식품,C09300002,1261,2026-05-15,경기도,주식회사 비에스바이오,안산시 단원구,"제조,가공",2026-3-0292,식품제조가공업,주식회사 비에스바이오,안산시 단원구 주식회사 비에스바이오,,,2026-3-0292,20250470999,주식회사 비에스바이오,식품제조가공업,경기도 안산시 단원구,식품
과ㆍ채주스,106,2029-05-14,BIZ047,식품,C10100006,1262,2026-05-15,경기도,주식회사 비에스바이오,안산시 단원구,"제조,가공",2026-3-0291,식품제조가공업,주식회사 비에스바이오,안산시 단원구 주식회사 비에스바이오,,,2026-3-0291,20250470999,주식회사 비에스바이오,식품제조가공업,경기도 안산시 단원구,식품
액상차,106,2029-05-14,BIZ047,식품,C10100002,1263,2026-05-15,경기도,주식회사 비에스바이오,안산시 단원구,"제조,가공",2026-3-0290,식품제조가공업,주식회사 비에스바이오,안산시 단원구 주식회사 비에스바이오,,,2026-3-0290,20250470999,주식회사 비에스바이오,식품제조가공업,경기도 안산시 단원구,식품
기타식물성유지,106,2029-05-14,BIZ047,식품,C09900017,1264,2026-05-15,경기도,주식회사 비에스바이오,안산시 단원구,"제조,가공",2026-3-0289,식품제조가공업,주식회사 비에스바이오,안산시 단원구 주식회사 비에스바이오,,,2026-3-0289,20250470999,주식회사 비에스바이오,식품제조가공업,경기도 안산시 단원구,식품
기타 수산물가공품,106,2029-05-14,BIZ047,식품,C11000016,1265,2026-05-15,경기도,(주)씨글로벌,용인시 처인구,"제조,가공",2026-3-0288,식품제조가공업,씨글로벌,용인시 처인구 씨글로벌,127.17575259955176,37.08766670073961,2026-3-0288,20120275175,(주)씨글로벌,식품제조가공업,경기도 용인시 처인구,식품
축산물유통전문판매업,634,2029-05-14,BIZ048,축산물,K00300001,1267,2026-05-15,경기도,행담,평택시,"유통,판매,조리",2026-3-0286,축산물판매업-축산물유통전문판매업,행담,평택시 행담,,,2026-3-0286,20260464095,행담,축산물판매업-축산물유통전문판매업,경기도 평택시,축산물
곡류가공품,106,2029-05-14,BIZ047,식품,C10700011,1268,2026-05-15,경기도,(주)신일식품,김포시,"제조,가공",2026-3-0285,식품제조가공업,신일식품,김포시 신일식품,,,2026-3-0285,20120362440,(주)신일식품,식품제조가공업,경기도 김포시,식품
양념육,612,2029-05-14,BIZ047,축산물,86,1269,2026-05-15,경기도,주식회사 그로우위더스,하남시,"제조,가공",2026-3-0284,축산물가공업-식육가공업,주식회사 그로우위더스,하남시 주식회사 그로우위더스,,,2026-3-0284,20260375023,주식회사 그로우위더스,축산물가공업-식육가공업,경기도 하남시,축산물
국수(생면),106,2029-05-14,BIZ047,식품,C12400001,1270,2026-05-15,경기도,주식회사 그로우위더스,하남시,"제조,가공",2026-3-0283,식품제조가공업,주식회사 그로우위더스,하남시 주식회사 그로우위더스,,,2026-3-0283,20260529223,주식회사 그로우위더스,식품제조가공업,경기도 하남시,식품
소스,106,2029-05-14,BIZ047,식품,C10400003,1271,2026-05-15,경기도,주식회사 그로우위더스,하남시,"제조,가공",2026-3-0282,식품제조가공업,주식회사 그로우위더스,하남시 주식회사 그로우위더스,,,2026-3-0282,20260529223,주식회사 그로우위더스,식품제조가공업,경기도 하남시,식품
잼,106,2029-05-14,BIZ047,식품,C09700001,1272,2026-05-15,경기도,올리커플러스,여주시,"제조,가공",2026-3-0281,식품제조가공업,올리커플러스,여주시 올리커플러스,,,2026-3-0281,20260596062,올리커플러스,식품제조가공업,경기도 여주시,식품
포장육,604,2029-05-14,BIZ047,축산물,78,1273,2026-05-15,인천광역시,(주)온담에프앤디,서해구,"제조,가공",2026-3-0280,식육포장처리업,온담에프앤디,서해구 온담에프앤디,,,2026-3-0280,20260291389,(주)온담에프앤디,식육포장처리업,인천광역시 서해구,축산물
기타가공품,106,2029-05-14,BIZ047,식품,C11400002,1274,2026-05-15,경기도,팜앤브로주식회사2공장,평택시,"제조,가공",2026-3-0279,식품제조가공업,팜앤브로주식회사2공장,평택시 팜앤브로주식회사2공장,127.00663140001215,37.072831997442016,2026-3-0279,20230431870,팜앤브로주식회사2공장,식품제조가공업,경기도 평택시,식품
과ㆍ채가공품,106,2029-05-14,BIZ047,식품,C10700010,1275,2026-05-15,경기도,척척바이오랩(주),군포시,"제조,가공",2026-3-0278,식품제조가공업,척척바이오랩,군포시 척척바이오랩,126.95471249945317,37.357010101056346,2026-3-0278,20230481112,척척바이오랩(주),식품제조가공업,경기도 군포시,식품
국수(생면),106,2029-05-12,BIZ047,식품,C12400001,1276,2026-05-13,경기도,주식회사 오제제식품,부천시 오정구,"제조,가공",2026-3-0277,식품제조가공업,주식회사 오제제식품,부천시 오정구 주식회사 오제제식품,126.76712500031806,37.52257500099861,2026-3-0277,20260421133,주식회사 오제제식품,식품제조가공업,경기도 부천시 오정구,식품
기타 농산가공품,106,2029-05-12,BIZ047,식품,C10700014,1277,2026-05-13,경기도,주식회사 다들림푸드,광주시,"제조,가공",2026-3-0276,식품제조가공업,주식회사 다들림푸드,광주시 주식회사 다들림푸드,,,2026-3-0276,20110368559,주식회사 다들림푸드,식품제조가공업,경기도 광주시,식품
고춧가루,106,2029-05-12,BIZ047,식품,C10400009,1278,2026-05-13,경기도,주식회사 다들림푸드,광주시,"제조,가공",2026-3-0275,식품제조가공업,주식회사 다들림푸드,광주시 주식회사 다들림푸드,,,2026-3-0275,20110368559,주식회사 다들림푸드,식품제조가공업,경기도 광주시,식품
들기름,106,2029-05-12,BIZ047,식품,C09900007,1279,2026-05-13,경기도,(주)다들림푸드 제2공장,광주시,"제조,가공",2026-3-0274,식품제조가공업,다들림푸드 제2공장,광주시 다들림푸드 제2공장,127.34709150042848,37.31884780117774,2026-3-0274,20200387286,(주)다들림푸드 제2공장,식품제조가공업,경기도 광주시,식품
참기름,106,2029-05-12,BIZ047,식품,C09900005,1280,2026-05-13,경기도,(주)다들림푸드 제2공장,광주시,"제조,가공",2026-3-0273,식품제조가공업,다들림푸드 제2공장,광주시 다들림푸드 제2공장,127.34709150042848,37.31884780117774,2026-3-0273,20200387286,(주)다들림푸드 제2공장,식품제조가공업,경기도 광주시,식품
빵류,106,2029-05-12,BIZ047,식품,C09300004,1281,2026-05-13,경기도,두더지웍스,부천시 원미구,"제조,가공",2026-3-0272,식품제조가공업,두더지웍스,부천시 원미구 두더지웍스,,,2026-3-0272,20140294333,두더지웍스,식품제조가공업,경기도 부천시 원미구,식품
과자,106,2029-05-12,BIZ047,식품,C09300001,1282,2026-05-13,경기도,두더지웍스,부천시 원미구,"제조,가공",2026-3-0271,식품제조가공업,두더지웍스,부천시 원미구 두더지웍스,,,2026-3-0271,20140294333,두더지웍스,식품제조가공업,경기도 부천시 원미구,식품
과ㆍ채가공품,106,2029-05-10,BIZ047,식품,C10700010,1283,2026-05-11,경기도,(주)휴롬엘에스 안양지점,안양시 만안구,"제조,가공",2026-3-0270,식품제조가공업,휴롬엘에스 안양지점,안양시 만안구 휴롬엘에스 안양지점,,,2026-3-0270,20260412088,(주)휴롬엘에스 안양지점,식품제조가공업,경기도 안양시 만안구,식품
신선편의식품,106,2029-05-10,BIZ047,식품,C11300004,1284,2026-05-11,경기도,(주)휴롬엘에스 안양지점,안양시 만안구,"제조,가공",2026-3-0269,식품제조가공업,휴롬엘에스 안양지점,안양시 만안구 휴롬엘에스 안양지점,,,2026-3-0269,20260412088,(주)휴롬엘에스 안양지점,식품제조가공업,경기도 안양시 만안구,식품
포장육,604,2029-05-10,BIZ047,축산물,78,1285,2026-05-11,경기도,(주)우림피엠씨(제2공장),하남시,"제조,가공",2026-3-0268,식육포장처리업,우림피엠씨,하남시 우림피엠씨,127.184167000098,37.53198550068464,2026-3-0268,20260529353,(주)우림피엠씨(제2공장),식육포장처리업,경기도 하남시,축산물
식육함유가공품,106,2029-05-10,BIZ047,식품,C10800001,1286,2026-05-11,경기도,에스엔푸드주식회사,시흥시,"제조,가공",2026-3-0267,식품제조가공업,에스엔푸드주식회사,시흥시 에스엔푸드주식회사,126.81712559984793,37.36068489671949,2026-3-0267,20260517045,에스엔푸드주식회사,식품제조가공업,경기도 시흥시,식품
과자,106,2029-05-07,BIZ047,식품,C09300001,1287,2026-05-08,경기도,방앗간팩토리,하남시,"제조,가공",2026-3-0266,식품제조가공업,방앗간팩토리,하남시 방앗간팩토리,127.18280839987598,37.5526600012585,2026-3-0266,20150036460,방앗간팩토리,식품제조가공업,서울특별시 광진구,식품
기타 식용유지가공품,106,2029-05-07,BIZ047,식품,C09900027,1288,2026-05-08,경기도,케이지랩(주),양평군,"제조,가공",2026-3-0265,식품제조가공업,케이지랩,양평군 케이지랩,127.62195889684467,37.5078320987852,2026-3-0265,19970378043,케이지랩(주),식품제조가공업,경기도 양평군,식품
기타식물성유지,106,2029-05-07,BIZ047,식품,C09900017,1289,2026-05-08,경기도,케이지랩(주),양평군,"제조,가공",2026-3-0264,식품제조가공업,케이지랩,양평군 케이지랩,127.62195889684467,37.5078320987852,2026-3-0264,19970378043,케이지랩(주),식품제조가공업,경기도 양평군,식품
포장육,604,2029-05-07,BIZ047,축산물,78,1290,2026-05-08,경기도,(주)동춘미트,화성시,"제조,가공",2026-3-0263,식육포장처리업,동춘미트,화성시 동춘미트,126.86280320030598,37.09373800075159,2026-3-0263,20190384372,(주)동춘미트,식육포장처리업,경기도 화성시 만세구,축산물
기타가공품,106,2029-05-07,BIZ047,식품,C11400002,1291,2026-05-08,인천광역시,(주)강남밥상,남동구,"제조,가공",2026-3-0262,식품제조가공업,강남밥상,남동구 강남밥상,,,2026-3-0262,20200280079,(주)강남밥상,식품제조가공업,인천광역시 부평구,식품
떡류,106,2029-05-06,BIZ047,식품,C09300005,1292,2026-05-07,경기도,(주)에이치에스식품,화성시,"제조,가공",2026-3-0261,식품제조가공업,에이치에스식품,화성시 에이치에스식품,126.9325492000802,37.179230001122086,2026-3-0261,20220512139,(주)에이치에스식품,식품제조가공업,경기도 화성시 효행구,식품
과자,106,2029-05-06,BIZ047,식품,C09300001,1293,2026-05-07,경기도,(주)에이치에스식품,화성시,"제조,가공",2026-3-0260,식품제조가공업,에이치에스식품,화성시 에이치에스식품,126.9325492000802,37.179230001122086,2026-3-0260,20220512139,(주)에이치에스식품,식품제조가공업,경기도 화성시 효행구,식품
양념젓갈,106,2029-05-05,BIZ047,식품,C11000008,1295,2026-05-06,인천광역시,(주)반찬단지플러스,서해구,"제조,가공",2026-3-0258,식품제조가공업,반찬단지플러스,서해구 반찬단지플러스,,,2026-3-0258,20250292495,(주)반찬단지플러스,식품제조가공업,인천광역시 서해구,식품
유함유가공품,106,2029-05-05,BIZ047,식품,C0318140000000,1296,2026-05-06,경기도,케이지랩(주),양평군,"제조,가공",2026-3-0257,식품제조가공업,케이지랩,양평군 케이지랩,127.62195889684467,37.5078320987852,2026-3-0257,19970378043,케이지랩(주),식품제조가공업,경기도 양평군,식품
과ㆍ채가공품,106,2029-05-05,BIZ047,식품,C10700010,1297,2026-05-06,경기도,케이지랩(주),양평군,"제조,가공",2026-3-0256,식품제조가공업,케이지랩,양평군 케이지랩,127.62195889684467,37.5078320987852,2026-3-0256,19970378043,케이지랩(주),식품제조가공업,경기도 양평군,식품
당류가공품,106,2029-05-05,BIZ047,식품,C09600012,1298,2026-05-06,경기도,케이지랩(주),양평군,"제조,가공",2026-3-0255,식품제조가공업,케이지랩,양평군 케이지랩,127.62195889684467,37.5078320987852,2026-3-0255,19970378043,케이지랩(주),식품제조가공업,경기도 양평군,식품
과자,106,2029-05-05,BIZ047,식품,C09300001,1299,2026-05-06,경기도,너티위티 김포,김포시,"제조,가공",2026-3-0254,식품제조가공업,너티위티 김포,김포시 너티위티 김포,,,2026-3-0254,20260558483,너티위티 김포,식품제조가공업,경기도 김포시,식품
양념육,612,2029-05-05,BIZ047,축산물,86,1300,2026-05-06,경기도,협신부산물,안양시 만안구,"제조,가공",2026-3-0253,축산물가공업-식육가공업,협신부산물,안양시 만안구 협신부산물,126.91953689983652,37.39790410090403,2026-3-0253,20130262197,협신부산물,축산물가공업-식육가공업,경기도 안양시 만안구,축산물
인삼ㆍ홍삼음료,106,2029-02-07,BIZ047,식품,C10100015,1301,2026-02-08,경기도,주식회사 보고바이오,여주시,"제조,가공",2026-3-0252,식품제조가공업,주식회사 보고바이오,여주시 주식회사 보고바이오,127.51431550467292,37.35774979695938,2026-3-0252,20200374111,주식회사 보고바이오,식품제조가공업,경기도 이천시,식품
기타가공품,106,2029-05-04,BIZ047,식품,C11400002,1302,2026-05-05,경기도,주식회사 보고바이오,여주시,"제조,가공",2026-3-0251,식품제조가공업,주식회사 보고바이오,여주시 주식회사 보고바이오,127.51431550467292,37.35774979695938,2026-3-0251,20200374111,주식회사 보고바이오,식품제조가공업,경기도 이천시,식품
액상차,106,2029-05-04,BIZ047,식품,C10100002,1303,2026-05-05,경기도,주식회사 보고바이오,여주시,"제조,가공",2026-3-0250,식품제조가공업,주식회사 보고바이오,여주시 주식회사 보고바이오,127.51431550467292,37.35774979695938,2026-3-0250,20200374111,주식회사 보고바이오,식품제조가공업,경기도 여주시,식품
기타가공품,106,2029-04-29,BIZ047,식품,C11400002,1304,2026-04-30,경기도,삼주식품,군포시,"제조,가공",2026-3-0249,식품제조가공업,삼주식품,군포시 삼주식품,126.95434049996132,37.36269787046858,2026-3-0249,20000342053,삼주식품,식품제조가공업,경기도 군포시,식품
두류가공품,106,2029-04-29,BIZ047,식품,C10700012,1305,2026-04-30,경기도,삼주식품,군포시,"제조,가공",2026-3-0248,식품제조가공업,삼주식품,군포시 삼주식품,126.95434049996132,37.36269787046858,2026-3-0248,20000342053,삼주식품,식품제조가공업,경기도 군포시,식품
묵류,106,2029-04-29,BIZ047,식품,C09800004,1306,2026-04-30,경기도,삼주식품,군포시,"제조,가공",2026-3-0247,식품제조가공업,삼주식품,군포시 삼주식품,126.95434049996132,37.36269787046858,2026-3-0247,20000342053,삼주식품,식품제조가공업,경기도 군포시,식품
양념육,612,2029-04-28,BIZ047,축산물,86,1307,2026-04-29,경기도,주식회사 성실푸드 제2공장,안산시 상록구,"제조,가공",2026-3-0246,축산물가공업-식육가공업,주식회사 성실푸드 제2공장,안산시 상록구 주식회사 성실푸드 제2공장,126.8453112000708,37.33213670113973,2026-3-0246,20140262056,주식회사 성실푸드 제2공장,축산물가공업-식육가공업,경기도 안산시 상록구,축산물
양념육,612,2029-04-28,BIZ047,축산물,86,1308,2026-04-29,인천광역시,진성푸드,계양구,"제조,가공",2026-3-0245,축산물가공업-식육가공업,진성푸드,계양구 진성푸드,,,2026-3-0245,20250261023,진성푸드,축산물가공업-식육가공업,인천광역시 계양구,축산물
과자,106,2029-04-28,BIZ047,식품,C09300001,1309,2026-04-29,경기도,주식회사 혜화당,군포시,"제조,가공",2026-3-0244,식품제조가공업,주식회사 혜화당,군포시 주식회사 혜화당,,,2026-3-0244,20260524030,주식회사 혜화당,식품제조가공업,경기도 군포시,식품
포장육,604,2029-04-28,BIZ047,축산물,78,1310,2026-04-29,경기도,(주)포션미트,광주시,"제조,가공",2026-3-0243,식육포장처리업,포션미트,광주시 포션미트,,,2026-3-0243,20190388067,(주)포션미트,식육포장처리업,경기도 광주시,축산물
포장육,604,2029-04-28,BIZ047,축산물,78,1311,2026-04-29,경기도,농업회사법인 랑성 주식회사(신원리),용인시 처인구,"제조,가공",2026-3-0242,식육포장처리업,농업회사법인 랑성 주식회사,용인시 처인구 농업회사법인 랑성 주식회사,127.19318299994366,37.27107733727856,2026-3-0242,20250530179,농업회사법인 랑성 주식회사(신원리),식육포장처리업,경기도 용인시 처인구,축산물
양념육,612,2029-04-28,BIZ047,축산물,86,1312,2026-04-29,인천광역시,장수푸드,남동구,"제조,가공",2026-3-0241,축산물가공업-식육가공업,장수푸드,남동구 장수푸드,,,2026-3-0241,20260261004,장수푸드,축산물가공업-식육가공업,인천광역시 남동구,축산물
빵류,106,2029-04-28,BIZ047,식품,C09300004,1313,2026-04-29,인천광역시,주식회사 폴,서해구,"제조,가공",2026-3-0240,식품제조가공업,주식회사 폴,서해구 주식회사 폴,,,2026-3-0240,20260291400,주식회사 폴,식품제조가공업,인천광역시 서해구,식품
포장육,604,2029-04-28,BIZ047,축산물,78,1314,2026-04-29,경기도,주식회사 미트매니저,용인시 처인구,"제조,가공",2026-3-0239,식육포장처리업,주식회사 미트매니저,용인시 처인구 주식회사 미트매니저,,,2026-3-0239,20260534027,주식회사 미트매니저,식육포장처리업,경기도 용인시 처인구,축산물
양념육,612,2029-04-28,BIZ047,축산물,86,1315,2026-04-29,경기도,유한회사 좋은에프앤비,안성시,"제조,가공",2026-3-0238,축산물가공업-식육가공업,유한회사 좋은에프앤비,안성시 유한회사 좋은에프앤비,,,2026-3-0238,20260375009,유한회사 좋은에프앤비,축산물가공업-식육가공업,경기도 안성시,축산물
과ㆍ채가공품,106,2029-04-28,BIZ047,식품,C10700010,1316,2026-04-29,경기도,(주)씨앤더블유코리아,이천시,"제조,가공",2026-3-0237,식품제조가공업,씨앤더블유코리아,이천시 씨앤더블유코리아,,,2026-3-0237,20220478461,(주)씨앤더블유코리아,식품제조가공업,경기도 하남시,식품
포장육,604,2029-04-27,BIZ047,축산물,78,1317,2026-04-28,경기도,유한회사 좋은에프앤비,안성시,"제조,가공",2026-3-0236,식육포장처리업,유한회사 좋은에프앤비,안성시 유한회사 좋은에프앤비,,,2026-3-0236,20260555069,유한회사 좋은에프앤비,식육포장처리업,경기도 안성시,축산물
기타가공품,106,2029-04-27,BIZ047,식품,C11400002,1318,2026-04-28,경기도,존쿡 쉐프의 키친(Johncook chef's kitchen),안성시,"제조,가공",2026-3-0235,식품제조가공업,존쿡 쉐프의 키친,안성시 존쿡 쉐프의 키친,127.259510600281,36.9803962007101,2026-3-0235,20170360272,존쿡 쉐프의 키친(Johncook chef's kitchen),식품제조가공업,경기도 안성시,식품
효모식품,106,2029-04-27,BIZ047,식품,C11400001,1319,2026-04-28,경기도,존쿡 쉐프의 키친(Johncook chef's kitchen),안성시,"제조,가공",2026-3-0234,식품제조가공업,존쿡 쉐프의 키친,안성시 존쿡 쉐프의 키친,127.259510600281,36.9803962007101,2026-3-0234,20170360272,존쿡 쉐프의 키친(Johncook chef's kitchen),식품제조가공업,경기도 안성시,식품
천연향신료,106,2029-04-27,BIZ047,식품,C10400011,1320,2026-04-28,경기도,존쿡 쉐프의 키친(Johncook chef's kitchen),안성시,"제조,가공",2026-3-0233,식품제조가공업,존쿡 쉐프의 키친,안성시 존쿡 쉐프의 키친,127.259510600281,36.9803962007101,2026-3-0233,20170360272,존쿡 쉐프의 키친(Johncook chef's kitchen),식품제조가공업,경기도 안성시,식품
복합조미식품,106,2029-04-27,BIZ047,식품,C10400006,1321,2026-04-28,경기도,존쿡 쉐프의 키친(Johncook chef's kitchen),안성시,"제조,가공",2026-3-0232,식품제조가공업,존쿡 쉐프의 키친,안성시 존쿡 쉐프의 키친,127.259510600281,36.9803962007101,2026-3-0232,20170360272,존쿡 쉐프의 키친(Johncook chef's kitchen),식품제조가공업,경기도 안성시,식품
기타가공품,106,2029-04-26,BIZ047,식품,C11400002,1322,2026-04-27,경기도,하이원푸드 주식회사,화성시,"제조,가공",2026-3-0231,식품제조가공업,하이원푸드 주식회사,화성시 하이원푸드 주식회사,126.82271289995128,37.16117920047534,2026-3-0231,20000364323,하이원푸드 주식회사,식품제조가공업,경기도 화성시 만세구,식품
"아이스크림믹스,우유,발효유,유크림",611,2029-04-23,BIZ047,축산물,"C0318010100000,C0318040100000,C0302020100000,C0318070100000",1323,2026-04-24,경기도,농업회사법인 주식회사 디투오,안성시,"제조,가공",2026-3-0230,축산물가공업-유가공업,농업회사법인 주식회사 디투오,안성시 농업회사법인 주식회사 디투오,,,2026-3-0230,20260375018,농업회사법인 주식회사 디투오,축산물가공업-유가공업,경기도 안성시,축산물
포장육,604,2029-04-22,BIZ047,축산물,78,1324,2026-04-23,경기도,주식회사 초이유통,광주시,"제조,가공",2026-3-0229,식육포장처리업,주식회사 초이유통,광주시 주식회사 초이유통,,,2026-3-0229,20260585176,주식회사 초이유통,식육포장처리업,경기도 광주시,축산물
액상차,106,2029-04-22,BIZ047,식품,C10100002,1325,2026-04-23,경기도,하나로에프엔디,시흥시,"제조,가공",2026-3-0228,식품제조가공업,하나로에프엔디,시흥시 하나로에프엔디,,,2026-3-0228,20250514304,하나로에프엔디,식품제조가공업,경기도 시흥시,식품
양념육,612,2029-04-20,BIZ047,축산물,86,1326,2026-04-21,경기도,주식회사 천하푸드,과천시,"제조,가공",2026-3-0227,축산물가공업-식육가공업,주식회사 천하푸드,과천시 주식회사 천하푸드,,,2026-3-0227,20160262196,주식회사 천하푸드,축산물가공업-식육가공업,경기도 과천시,축산물
포장육,604,2029-04-20,BIZ047,축산물,78,1327,2026-04-21,경기도,(주)천하푸드,과천시,"제조,가공",2026-3-0226,식육포장처리업,천하푸드,과천시 천하푸드,127.03217190003028,37.45755920122674,2026-3-0226,20070329116,(주)천하푸드,식육포장처리업,경기도 과천시,축산물
기타 어육가공품,106,2029-04-20,BIZ047,식품,C11000006,1328,2026-04-21,경기도,(주)선양평택공장,평택시,"제조,가공",2026-3-0225,식품제조가공업,선양평택공장,평택시 선양평택공장,127.07514309946863,37.032516995824224,2026-3-0225,20080308157,(주)선양평택공장,식품제조가공업,경기도 평택시,식품
포장육,604,2029-04-20,BIZ047,축산물,78,1329,2026-04-21,경기도,(주)수비드푸드,부천시 원미구,"제조,가공",2026-3-0224,식육포장처리업,수비드푸드,부천시 원미구 수비드푸드,,,2026-3-0224,20250417402,(주)수비드푸드,식육포장처리업,경기도 부천시 원미구,축산물
즉석조리식품,106,2029-04-20,BIZ047,식품,C11300005,1330,2026-04-21,경기도,주식회사 티엠씨코퍼레이션,광주시,"제조,가공",2026-3-0223,식품제조가공업,주식회사 티엠씨코퍼레이션,광주시 주식회사 티엠씨코퍼레이션,127.35249870024612,37.31262800062578,2026-3-0223,20220515212,주식회사 티엠씨코퍼레이션,식품제조가공업,경기도 광주시,식품
빵류,106,2029-04-16,BIZ047,식품,C09300004,1332,2026-04-17,경기도,(주)태후푸드,시흥시,"제조,가공",2026-3-0221,식품제조가공업,태후푸드,시흥시 태후푸드,126.82500400030092,37.44446850067144,2026-3-0221,20160304604,(주)태후푸드,식품제조가공업,경기도 시흥시,식품
즉석섭취식품(운반급식 포함),106,2029-04-14,BIZ047,식품,H03000002,1333,2026-04-15,경기도,(주)더마을에프엔비,광주시,"제조,가공",2026-3-0220,식품제조가공업,더마을에프엔비,광주시 더마을에프엔비,,,2026-3-0220,20250570279,(주)더마을에프엔비,식품제조가공업,경기도 광주시,식품
포장육,604,2029-04-14,BIZ047,축산물,78,1334,2026-04-15,인천광역시,바다향기,제물포구,"제조,가공",2026-3-0219,식육포장처리업,바다향기,제물포구 바다향기,,,2026-3-0219,20260263101,바다향기,식육포장처리업,인천광역시 중구,축산물
식용란수집판매업,635,2029-04-14,BIZ048,축산물,581,1335,2026-04-15,경기도,반월계란,안산시 단원구,"유통,판매,조리",2026-3-0218,축산물판매업-식용란수집판매업,반월계란,안산시 단원구 반월계란,126.8224621472991,37.33191905977012,2026-3-0218,20110316720,반월계란,축산물판매업-식용란수집판매업,경기도 안산시 단원구,축산물
포장육,604,2029-04-14,BIZ047,축산물,78,1336,2026-04-15,인천광역시,(주)건우에프앤비,서해구,"제조,가공",2026-3-0217,식육포장처리업,건우에프앤비,서해구 건우에프앤비,,,2026-3-0217,20260291370,(주)건우에프앤비,식육포장처리업,인천광역시 서해구,축산물
포장육,604,2029-04-14,BIZ047,축산물,78,1337,2026-04-15,경기도,(주)왕건 직동2공장,광주시,"제조,가공",2026-3-0216,식육포장처리업,왕건 직동2공장,광주시 왕건 직동2공장,127.18756370007392,37.39985000103211,2026-3-0216,20260585083,(주)왕건 직동2공장,식육포장처리업,경기도 광주시,축산물
국수(숙면),106,2029-04-14,BIZ047,식품,C12400001,1338,2026-04-15,경기도,주식회사 엠앤에이치푸드,화성시 만세구,"제조,가공",2026-3-0215,식품제조가공업,주식회사 엠앤에이치푸드,화성시 만세구 주식회사 엠앤에이치푸드,,,2026-3-0215,20230517392,주식회사 엠앤에이치푸드,식품제조가공업,경기도 화성시 만세구,식품
과자,106,2029-04-14,BIZ047,식품,C09300001,1339,2026-04-15,경기도,(주)신라명과,안양시 만안구,"제조,가공",2026-3-0214,식품제조가공업,신라명과,안양시 만안구 신라명과,126.93723420031262,37.38759636092797,2026-3-0214,20260412170,(주)신라명과,식품제조가공업,경기도 안양시 만안구,식품
빵류,106,2029-04-14,BIZ047,식품,C09300004,1340,2026-04-15,경기도,(주)신라명과,안양시 만안구,"제조,가공",2026-3-0213,식품제조가공업,신라명과,안양시 만안구 신라명과,126.93723420031262,37.38759636092797,2026-3-0213,20260412170,(주)신라명과,식품제조가공업,경기도 안양시 만안구,식품
양념육,612,2029-04-14,BIZ047,축산물,86,1341,2026-04-15,인천광역시,주식회사 건우에프앤비,서해구,"제조,가공",2026-3-0212,축산물가공업-식육가공업,주식회사 건우에프앤비,서해구 주식회사 건우에프앤비,,,2026-3-0212,20210191044,주식회사 건우에프앤비,축산물가공업-식육가공업,인천광역시 서해구,축산물
기타가공품,106,2029-04-13,BIZ047,식품,C11400002,1342,2026-04-14,경기도,주식회사 에스제이디,성남시 중원구,"제조,가공",2026-3-0211,식품제조가공업,주식회사 에스제이디,성남시 중원구 주식회사 에스제이디,,,2026-3-0211,20210280341,주식회사 에스제이디,식품제조가공업,경기도 성남시 중원구,식품
효소식품,106,2029-04-13,BIZ047,식품,C10700009,1343,2026-04-14,경기도,주식회사 에스제이디,성남시 중원구,"제조,가공",2026-3-0210,식품제조가공업,주식회사 에스제이디,성남시 중원구 주식회사 에스제이디,,,2026-3-0210,20210280341,주식회사 에스제이디,식품제조가공업,경기도 성남시 중원구,식품
"양념육,식육추출가공품",612,2029-04-12,BIZ047,축산물,"89,86",1344,2026-04-13,인천광역시,(주) 행복한 사람들,검단구,"제조,가공",2026-3-0209,축산물가공업-식육가공업,행복한 사람들,검단구  행복한 사람들,,,2026-3-0209,20260261003,(주) 행복한 사람들,축산물가공업-식육가공업,인천광역시 검단구,축산물
빵류,106,2029-04-12,BIZ047,식품,C09300004,1345,2026-04-13,인천광역시,주식회사 메이투투,연수구,"제조,가공",2026-3-0208,식품제조가공업,주식회사 메이투투,연수구 주식회사 메이투투,,,2026-3-0208,20260273308,주식회사 메이투투,식품제조가공업,인천광역시 연수구,식품
포장육,604,2029-04-09,BIZ047,축산물,78,1346,2026-04-10,인천광역시,풍년식품(주),부평구,"제조,가공",2026-3-0207,식육포장처리업,풍년식품,부평구 풍년식품,126.70485749984444,37.52007012111957,2026-3-0207,20020203327,풍년식품(주),식육포장처리업,인천광역시 부평구,축산물
고춧가루,106,2029-04-09,BIZ047,식품,C10400009,1347,2026-04-10,경기도,(주)트루데일리,이천시,"제조,가공",2026-3-0206,식품제조가공업,트루데일리,이천시 트루데일리,127.4865721001218,37.14934919775889,2026-3-0206,20250548983,(주)트루데일리,식품제조가공업,경기도 이천시,식품
기타 수산물가공품 중 냉동조미가공품,106,2029-04-08,BIZ047,식품,C11900001,1348,2026-04-09,경기도,㈜왕성수산,용인시 처인구,"제조,가공",2026-3-0205,식품제조가공업,㈜왕성수산,용인시 처인구 ㈜왕성수산,127.21430682103129,37.2530399325196,2026-3-0205,20060115292,(주)왕성수산,식품제조가공업,경기도 용인시 처인구,식품
김치(기타김치),106,2029-04-08,BIZ047,식품,C10500002,1349,2026-04-09,경기도,뜰아래김치,화성시 만세구,"제조,가공",2026-3-0204,식품제조가공업,뜰아래김치,화성시 만세구 뜰아래김치,,,2026-3-0204,20230519190,뜰아래김치,식품제조가공업,경기도 화성시 만세구,식품
벌꿀,106,2029-04-07,BIZ047,식품,C11200002,1350,2026-04-08,경기도,(주)이템하우스,군포시,"제조,가공",2026-3-0203,식품제조가공업,이템하우스,군포시 이템하우스,126.95021839976027,37.359974399446045,2026-3-0203,20250520643,(주)이템하우스,식품제조가공업,경기도 군포시,식품
냉동식품 중 면류,106,2029-04-07,BIZ047,식품,C12200001,1351,2026-04-08,인천광역시,주식회사 다원쎈텀,남동구,"제조,가공",2026-3-0202,식품제조가공업,주식회사 다원쎈텀,남동구 주식회사 다원쎈텀,,,2026-3-0202,20260279081,주식회사 다원쎈텀,식품제조가공업,인천광역시 남동구,식품
냉동식품 중 피자류,106,2029-04-07,BIZ047,식품,C12100001,1352,2026-04-08,경기도,가연푸드,광주시,"제조,가공",2026-3-0201,식품제조가공업,가연푸드,광주시 가연푸드,127.32022610018738,37.42065280065089,2026-3-0201,20190387116,가연푸드,식품제조가공업,경기도 광주시,식품
소스,106,2029-04-07,BIZ047,식품,C10400003,1353,2026-04-08,인천광역시,엠에스푸드 주식회사,검단구,"제조,가공",2026-3-0200,식품제조가공업,엠에스푸드 주식회사,검단구 엠에스푸드 주식회사,,,2026-3-0200,19960208100,엠에스푸드 주식회사,식품제조가공업,인천광역시 검단구,식품
양념육,612,2029-04-07,BIZ047,축산물,86,1354,2026-04-08,인천광역시,(주)오광푸드,서해구,"제조,가공",2026-3-0199,축산물가공업-식육가공업,오광푸드,서해구 오광푸드,,,2026-3-0199,20090189008,(주)오광푸드,축산물가공업-식육가공업,인천광역시 서해구,축산물
포장육,604,2029-04-07,BIZ047,축산물,78,1355,2026-04-08,인천광역시,(주)오광푸드,서해구,"제조,가공",2026-3-0198,식육포장처리업,오광푸드,서해구 오광푸드,,,2026-3-0198,20090209084,(주)오광푸드,식육포장처리업,인천광역시 서해구,축산물
포장육,604,2029-04-07,BIZ047,축산물,78,1356,2026-04-08,경기도,올바른미트,김포시,"제조,가공",2026-3-0197,식육포장처리업,올바른미트,김포시 올바른미트,,,2026-3-0197,20260558262,올바른미트,식육포장처리업,경기도 김포시,축산물
"양념육,식육추출가공품",612,2029-04-07,BIZ047,축산물,"89,86",1357,2026-04-08,경기도,올바른 미트,김포시,"제조,가공",2026-3-0196,축산물가공업-식육가공업,올바른 미트,김포시 올바른 미트,,,2026-3-0196,20230358153,올바른 미트,축산물가공업-식육가공업,경기도 김포시,축산물
떡류,106,2029-04-07,BIZ047,식품,C09300005,1358,2026-04-08,경기도,파파브레드,성남시 중원구,"제조,가공",2026-3-0195,식품제조가공업,파파브레드,성남시 중원구 파파브레드,127.16950530006388,37.43147959700344,2026-3-0195,20110275040,파파브레드,식품제조가공업,경기도 성남시 중원구,식품
"양념육,식육추출가공품",612,2029-04-06,BIZ047,축산물,"86,89",1359,2026-04-07,인천광역시,주식회사 디케이푸드,제물포구,"제조,가공",2026-3-0194,축산물가공업-식육가공업,주식회사 디케이푸드,제물포구 주식회사 디케이푸드,,,2026-3-0194,20250261016,주식회사 디케이푸드,축산물가공업-식육가공업,인천광역시 제물포구,축산물
양념육,612,2029-04-06,BIZ047,축산물,86,1360,2026-04-07,경기도,(주)에이치푸드컴퍼니,성남시 중원구,"제조,가공",2026-3-0193,축산물가공업-식육가공업,에이치푸드컴퍼니,성남시 중원구 에이치푸드컴퍼니,127.174402200415,37.43517079781461,2026-3-0193,20240371086,(주)에이치푸드컴퍼니,축산물가공업-식육가공업,경기도 성남시 중원구,축산물
빵류,106,2029-04-05,BIZ047,식품,C09300004,1361,2026-04-06,경기도,주식회사 브레인푸드,성남시 중원구,"제조,가공",2026-3-0192,식품제조가공업,주식회사 브레인푸드,성남시 중원구 주식회사 브레인푸드,127.1735713995878,37.44042460133618,2026-3-0192,20230377033,주식회사 브레인푸드,식품제조가공업,경기도 성남시 중원구,식품
양념육,612,2029-04-05,BIZ047,축산물,86,1362,2026-04-06,인천광역시,이집잘하네 주식회사,계양구,"제조,가공",2026-3-0191,축산물가공업-식육가공업,이집잘하네 주식회사,계양구 이집잘하네 주식회사,,,2026-3-0191,20260261002,이집잘하네 주식회사,축산물가공업-식육가공업,인천광역시 계양구,축산물
포장육,604,2029-04-05,BIZ047,축산물,78,1363,2026-04-06,인천광역시,참돈,서해구,"제조,가공",2026-3-0190,식육포장처리업,참돈,서해구 참돈,,,2026-3-0190,20230282567,참돈,식육포장처리업,인천광역시 서해구,축산물
포장육,604,2029-04-05,BIZ047,축산물,78,1364,2026-04-06,경기도,(주)주운 프레시미트,안성시,"제조,가공",2026-3-0189,식육포장처리업,주운 프레시미트,안성시 주운 프레시미트,,,2026-3-0189,20260555186,(주)주운 프레시미트,식육포장처리업,경기도 안성시,축산물
"양념육,분쇄가공육제품",612,2029-04-05,BIZ047,축산물,"86,87",1365,2026-04-06,경기도,주식회사 마루푸드,하남시,"제조,가공",2026-3-0188,축산물가공업-식육가공업,주식회사 마루푸드,하남시 주식회사 마루푸드,,,2026-3-0188,20160262214,주식회사 마루푸드,축산물가공업-식육가공업,경기도 하남시,축산물
포장육,604,2029-04-05,BIZ047,축산물,78,1366,2026-04-06,경기도,주식회사 마루푸드,하남시,"제조,가공",2026-3-0187,식육포장처리업,주식회사 마루푸드,하남시 주식회사 마루푸드,,,2026-3-0187,20160345671,주식회사 마루푸드,식육포장처리업,경기도 하남시,축산물
빙과,106,2029-04-02,BIZ047,식품,C09400001,1367,2026-04-03,경기도,메종담금(주),하남시,"제조,가공",2026-3-0186,식품제조가공업,메종담금,하남시 메종담금,,,2026-3-0186,20250526230,메종담금(주),식품제조가공업,경기도 하남시,식품
아이스크림,611,2029-04-02,BIZ047,축산물,C0302010100000,1368,2026-04-03,경기도,메종담금 주식회사,하남시,"제조,가공",2026-3-0185,축산물가공업-유가공업,메종담금 주식회사,하남시 메종담금 주식회사,,,2026-3-0185,20230358060,메종담금 주식회사,축산물가공업-유가공업,경기도 하남시,축산물
빵류,106,2029-04-02,BIZ047,식품,C09300004,1369,2026-04-03,경기도,주식회사 신우앤컴퍼니,안성시,"제조,가공",2026-3-0184,식품제조가공업,주식회사 신우앤컴퍼니,안성시 주식회사 신우앤컴퍼니,127.27658399996692,36.9651044007412,2026-3-0184,20240551233,주식회사 신우앤컴퍼니,식품제조가공업,경기도 안성시,식품
침출차,106,2029-04-02,BIZ047,식품,C10100001,1370,2026-04-03,경기도,주식회사 와이즈웨이,광주시,"제조,가공",2026-3-0183,식품제조가공업,주식회사 와이즈웨이,광주시 주식회사 와이즈웨이,127.20855050008704,37.34728989944761,2026-3-0183,20190387777,주식회사 와이즈웨이,식품제조가공업,경기도 광주시,식품
음료베이스,106,2029-04-02,BIZ047,식품,C10100017,1371,2026-04-03,경기도,주식회사 해나눔,양평군,"제조,가공",2026-3-0182,식품제조가공업,주식회사 해나눔,양평군 주식회사 해나눔,127.70337340010964,37.546838501128896,2026-3-0182,20210396369,주식회사 해나눔,식품제조가공업,경기도 양평군,식품
양념육,612,2029-04-01,BIZ047,축산물,86,1372,2026-04-02,경기도,(주)한백푸드,광주시,"제조,가공",2026-3-0181,축산물가공업-식육가공업,한백푸드,광주시 한백푸드,127.3882527005144,37.36891449767934,2026-3-0181,20250371109,(주)한백푸드,축산물가공업-식육가공업,경기도 광주시,축산물
냉동식품 중 면류(숙면),106,2029-04-01,BIZ047,식품,C12200001,1373,2026-04-02,경기도,(주)라라에프엔비,화성시 만세구,"제조,가공",2026-3-0180,식품제조가공업,라라에프엔비,화성시 만세구 라라에프엔비,,,2026-3-0180,20230517206,(주)라라에프엔비,식품제조가공업,경기도 화성시 만세구,식품
고형차,106,2029-04-01,BIZ047,식품,C10100003,1374,2026-04-02,경기도,주식회사 비에스바이오,안산시 단원구,"제조,가공",2026-3-0179,식품제조가공업,주식회사 비에스바이오,안산시 단원구 주식회사 비에스바이오,,,2026-3-0179,20250470999,주식회사 비에스바이오,식품제조가공업,경기도 안산시 단원구,식품
과ㆍ채가공품,106,2029-04-01,BIZ047,식품,C10700010,1375,2026-04-02,경기도,주식회사 비에스바이오,안산시 단원구,"제조,가공",2026-3-0178,식품제조가공업,주식회사 비에스바이오,안산시 단원구 주식회사 비에스바이오,,,2026-3-0178,20250470999,주식회사 비에스바이오,식품제조가공업,경기도 안산시 단원구,식품
효소식품,106,2029-04-01,BIZ047,식품,C10700009,1376,2026-04-02,경기도,주식회사 비에스바이오,안산시 단원구,"제조,가공",2026-3-0177,식품제조가공업,주식회사 비에스바이오,안산시 단원구 주식회사 비에스바이오,,,2026-3-0177,20250470999,주식회사 비에스바이오,식품제조가공업,경기도 안산시 단원구,식품
기타가공품,106,2029-04-01,BIZ047,식품,C11400002,1377,2026-04-02,경기도,주식회사 비에스바이오,안산시 단원구,"제조,가공",2026-3-0176,식품제조가공업,주식회사 비에스바이오,안산시 단원구 주식회사 비에스바이오,,,2026-3-0176,20250470999,주식회사 비에스바이오,식품제조가공업,경기도 안산시 단원구,식품
당류가공품,106,2029-04-01,BIZ047,식품,C09600012,1378,2026-04-02,경기도,주식회사 비에스바이오,안산시 단원구,"제조,가공",2026-3-0175,식품제조가공업,주식회사 비에스바이오,안산시 단원구 주식회사 비에스바이오,,,2026-3-0175,20250470999,주식회사 비에스바이오,식품제조가공업,경기도 안산시 단원구,식품
혼합음료,106,2029-04-01,BIZ047,식품,C10100016,1379,2026-04-02,경기도,주식회사 비에스바이오,안산시 단원구,"제조,가공",2026-3-0174,식품제조가공업,주식회사 비에스바이오,안산시 단원구 주식회사 비에스바이오,,,2026-3-0174,20250470999,주식회사 비에스바이오,식품제조가공업,경기도 안산시 단원구,식품
기타 수산물가공품,106,2029-03-31,BIZ047,식품,C11000016,1380,2026-04-01,경기도,풍천만어업회사법인(주)풍천푸드지점,오산시,"제조,가공",2026-3-0173,식품제조가공업,풍천만어업회사법인풍천푸드지점,오산시 풍천만어업회사법인풍천푸드지점,,,2026-3-0173,20260514092,풍천만어업회사법인(주)풍천푸드지점,식품제조가공업,경기도 오산시,식품
기타 수산물가공품 중 냉동어류,106,2029-03-31,BIZ047,식품,C11700001,1381,2026-04-01,경기도,풍천만어업회사법인(주)풍천푸드지점,오산시,"제조,가공",2026-3-0172,식품제조가공업,풍천만어업회사법인풍천푸드지점,오산시 풍천만어업회사법인풍천푸드지점,,,2026-3-0172,20260514092,풍천만어업회사법인(주)풍천푸드지점,식품제조가공업,경기도 오산시,식품
침출차,106,2029-03-31,BIZ047,식품,C10100001,1382,2026-04-01,경기도,청오건강 농업회사법인주식회사 7공장,광주시,"제조,가공",2026-3-0171,식품제조가공업,청오건강 농업회사법인주식회사 7공장,광주시 청오건강 농업회사법인주식회사 7공장,,,2026-3-0171,20250569795,청오건강 농업회사법인주식회사 7공장,식품제조가공업,경기도 광주시,식품
식용란수집판매업,635,2029-03-30,BIZ048,축산물,581,1383,2026-03-31,경기도,알터,평택시,"유통,판매,조리",2026-3-0170,축산물판매업-식용란수집판매업,알터,평택시 알터,126.97919700003052,37.01783480026516,2026-3-0170,20240461026,알터,축산물판매업-식용란수집판매업,경기도 평택시,축산물
향신료조제품,106,2029-03-30,BIZ047,식품,C10400012,1384,2026-03-31,경기도,(주)푸드코리아,평택시,"제조,가공",2026-3-0169,식품제조가공업,푸드코리아,평택시 푸드코리아,127.03743889969012,37.116955601328925,2026-3-0169,20040308245,(주)푸드코리아,식품제조가공업,경기도 평택시,식품
천연향신료,106,2029-03-30,BIZ047,식품,C10400011,1385,2026-03-31,경기도,(주)푸드코리아,평택시,"제조,가공",2026-3-0168,식품제조가공업,푸드코리아,평택시 푸드코리아,127.03743889969012,37.116955601328925,2026-3-0168,20040308245,(주)푸드코리아,식품제조가공업,경기도 평택시,식품
빵류,106,2029-03-29,BIZ047,식품,C09300004,1387,2026-03-30,경기도,주식회사 한스비앤에프,광주시,"제조,가공",2026-3-0166,식품제조가공업,주식회사 한스비앤에프,광주시 주식회사 한스비앤에프,127.24242000009733,37.42499270072589,2026-3-0166,20260585081,주식회사 한스비앤에프,식품제조가공업,경기도 광주시,식품
과자,106,2029-03-29,BIZ047,식품,C09300001,1388,2026-03-30,경기도,(주)마음,용인시 처인구,"제조,가공",2026-3-0165,식품제조가공업,마음,용인시 처인구 마음,127.23667020047128,37.33720300270608,2026-3-0165,20240530201,(주)마음,식품제조가공업,경기도 용인시 처인구,식품
즉석조리식품,106,2029-03-29,BIZ047,식품,C11300005,1389,2026-03-30,경기도,씨제이프레시웨이 주식회사 센트럴키친중부지점,이천시,"제조,가공",2026-3-0164,식품제조가공업,씨제이프레시웨이 주식회사 센트럴키친중부지점,이천시 씨제이프레시웨이 주식회사 센트럴키친중부지점,127.4648040998241,37.31822030064235,2026-3-0164,20200374351,씨제이프레시웨이 주식회사 센트럴키친중부지점,식품제조가공업,경기도 이천시,식품
즉석섭취식품,106,2029-03-29,BIZ047,식품,C11300003,1390,2026-03-30,경기도,주식회사 온랩,용인시 처인구,"제조,가공",2026-3-0163,식품제조가공업,주식회사 온랩,용인시 처인구 주식회사 온랩,,,2026-3-0163,20260534018,주식회사 온랩,식품제조가공업,경기도 용인시 처인구,식품
인삼ㆍ홍삼음료,106,2029-03-28,BIZ047,식품,C10100015,1391,2026-03-29,경기도,윤반장이천인삼,이천시,"제조,가공",2026-3-0162,식품제조가공업,윤반장이천인삼,이천시 윤반장이천인삼,,,2026-3-0162,20260552023,윤반장이천인삼,식품제조가공업,경기도 이천시,식품
김치(기타김치),106,2029-03-26,BIZ047,식품,C10500002,1392,2026-03-27,경기도,주식회사 엄지푸드,하남시,"제조,가공",2026-3-0161,식품제조가공업,주식회사 엄지푸드,하남시 주식회사 엄지푸드,,,2026-3-0161,20260529098,주식회사 엄지푸드,식품제조가공업,경기도 하남시,식품
김치(배추김치),106,2029-03-26,BIZ047,식품,C12300001,1393,2026-03-27,경기도,주식회사 엄지푸드,하남시,"제조,가공",2026-3-0160,식품제조가공업,주식회사 엄지푸드,하남시 주식회사 엄지푸드,,,2026-3-0160,20260529098,주식회사 엄지푸드,식품제조가공업,경기도 하남시,식품
빵류,106,2029-03-26,BIZ047,식품,C09300004,1394,2026-03-27,경기도,(주)에브리띵베이글,군포시,"제조,가공",2026-3-0159,식품제조가공업,에브리띵베이글,군포시 에브리띵베이글,126.9491971002735,37.35885580106584,2026-3-0159,20220473844,(주)에브리띵베이글,식품제조가공업,경기도 군포시,식품
기타가공품,106,2029-03-25,BIZ047,식품,C11400002,1395,2026-03-26,경기도,대영에프앤에스(주),평택시,"제조,가공",2026-3-0158,식품제조가공업,대영에프앤에스,평택시 대영에프앤에스,127.08497680021512,37.01261076089316,2026-3-0158,19940306085,대영에프앤에스(주),식품제조가공업,경기도 평택시,식품
복합조미식품,106,2029-03-25,BIZ047,식품,C10400006,1396,2026-03-26,경기도,대영에프앤에스(주),평택시,"제조,가공",2026-3-0157,식품제조가공업,대영에프앤에스,평택시 대영에프앤에스,127.08497680021512,37.01261076089316,2026-3-0157,19940306085,대영에프앤에스(주),식품제조가공업,경기도 평택시,식품
소스,106,2029-03-25,BIZ047,식품,C10400003,1397,2026-03-26,경기도,대영에프앤에스(주),평택시,"제조,가공",2026-3-0156,식품제조가공업,대영에프앤에스,평택시 대영에프앤에스,127.08497680021512,37.01261076089316,2026-3-0156,19940306085,대영에프앤에스(주),식품제조가공업,경기도 평택시,식품
고춧가루,106,2029-03-25,BIZ047,식품,C10400009,1398,2026-03-26,경기도,리드윈푸드,여주시,"제조,가공",2026-3-0155,식품제조가공업,리드윈푸드,여주시 리드윈푸드,,,2026-3-0155,20200393357,리드윈푸드,식품제조가공업,경기도 여주시,식품
복합조미식품,106,2029-03-25,BIZ047,식품,C10400006,1399,2026-03-26,경기도,(주)벽제 곤지암제1지점,광주시,"제조,가공",2026-3-0154,식품제조가공업,벽제 곤지암제1지점,광주시 벽제 곤지암제1지점,127.3739833002185,37.366221100799926,2026-3-0154,20220515101,(주)벽제 곤지암제1지점,식품제조가공업,경기도 광주시,식품
식용란선별포장업,009,2029-03-25,BIZ048,축산물,901,1400,2026-03-26,경기도,대성계란유통센터,안성시,"유통,판매,조리",2026-3-0153,식용란선별포장업,대성계란유통센터,안성시 대성계란유통센터,,,2026-3-0153,20260375016,대성계란유통센터,식용란선별포장업,경기도 안성시,축산물
빵류,106,2029-03-25,BIZ047,식품,C09300004,1401,2026-03-26,경기도,슬로베이크,성남시 중원구,"제조,가공",2026-3-0152,식품제조가공업,슬로베이크,성남시 중원구 슬로베이크,127.174864399715,37.43043330099763,2026-3-0152,20200280044,슬로베이크,식품제조가공업,경기도 성남시 중원구,식품
과자,106,2029-03-25,BIZ047,식품,C09300001,1402,2026-03-26,경기도,농업회사법인 소노팜 주식회사,여주시,"제조,가공",2026-3-0151,식품제조가공업,농업회사법인 소노팜 주식회사,여주시 농업회사법인 소노팜 주식회사,,,2026-3-0151,20260596014,농업회사법인 소노팜 주식회사,식품제조가공업,경기도 여주시,식품
양념육,612,2029-03-25,BIZ047,축산물,86,1403,2026-03-26,경기도,유디피코퍼레이션(주),광주시,"제조,가공",2026-3-0150,축산물가공업-식육가공업,유디피코퍼레이션,광주시 유디피코퍼레이션,127.33290229976927,37.34477790127805,2026-3-0150,20250371111,유디피코퍼레이션(주),축산물가공업-식육가공업,경기도 광주시,축산물
과자,106,2029-02-23,BIZ047,식품,C09300001,1404,2026-02-24,경기도,농업회사법인주식회사옥구촌한우,양평군,"제조,가공",2026-3-0149,식품제조가공업,농업회사법인주식회사옥구촌한우,양평군 농업회사법인주식회사옥구촌한우,,,2026-3-0149,20050378134,농업회사법인주식회사옥구촌한우,식품제조가공업,경기도 양평군,식품
식육추출가공품,612,2029-03-24,BIZ047,축산물,89,1405,2026-03-25,경기도,주식회사 청해진에프앤비,성남시 중원구,"제조,가공",2026-3-0148,축산물가공업-식육가공업,주식회사 청해진에프앤비,성남시 중원구 주식회사 청해진에프앤비,,,2026-3-0148,20250371057,주식회사 청해진에프앤비,축산물가공업-식육가공업,경기도 성남시 중원구,축산물
초콜릿가공품,106,2029-03-19,BIZ047,식품,C09500009,1406,2026-03-20,경기도,메이커스초콜릿,김포시,"제조,가공",2026-3-0147,식품제조가공업,메이커스초콜릿,김포시 메이커스초콜릿,126.72137629955444,37.61248980418259,2026-3-0147,20240555884,메이커스초콜릿,식품제조가공업,경기도 김포시,식품
당류가공품,106,2029-03-19,BIZ047,식품,C09600012,1407,2026-03-20,인천광역시,(주)네이처코퍼레이션,서해구,"제조,가공",2026-3-0146,식품제조가공업,네이처코퍼레이션,서해구 네이처코퍼레이션,,,2026-3-0146,20220273857,(주)네이처코퍼레이션,식품제조가공업,인천광역시 서해구,식품
떡류,106,2029-03-19,BIZ047,식품,C09300005,1408,2026-03-20,경기도,농업회사법인 주식회사 명옥식품,여주시,"제조,가공",2026-3-0145,식품제조가공업,농업회사법인 주식회사 명옥식품,여주시 농업회사법인 주식회사 명옥식품,127.58440160053044,37.31667460079012,2026-3-0145,20180393431,농업회사법인 주식회사 명옥식품,식품제조가공업,경기도 여주시,식품
곡류가공품(공유주방 이용업소),106,2029-03-17,BIZ047,식품,C10700011,1409,2026-03-18,경기도,포지티브컴퍼니,광명시,"제조,가공",2026-3-0144,식품제조가공업,포지티브컴퍼니,광명시 포지티브컴퍼니,,,2026-3-0144,20260461020,포지티브컴퍼니,식품제조가공업,경기도 광명시,식품
양념육,612,2029-03-16,BIZ047,축산물,86,1410,2026-03-17,경기도,주식회사 원글로벌에프앤비,김포시,"제조,가공",2026-3-0143,축산물가공업-식육가공업,주식회사 원글로벌에프앤비,김포시 주식회사 원글로벌에프앤비,,,2026-3-0143,20260375008,주식회사 원글로벌에프앤비,축산물가공업-식육가공업,경기도 김포시,축산물
포장육,604,2029-03-16,BIZ047,축산물,78,1411,2026-03-17,경기도,주식회사 원글로벌에프앤비,김포시,"제조,가공",2026-3-0142,식육포장처리업,주식회사 원글로벌에프앤비,김포시 주식회사 원글로벌에프앤비,,,2026-3-0142,20250555930,주식회사 원글로벌에프앤비,식육포장처리업,경기도 김포시,축산물
청국장,106,2029-03-12,BIZ047,식품,C10300012,1412,2026-03-13,경기도,김포전통장영농조합법인 제2공장,김포시,"제조,가공",2026-3-0141,식품제조가공업,김포전통장영농조합법인 제2공장,김포시 김포전통장영농조합법인 제2공장,,,2026-3-0141,20250554567,김포전통장영농조합법인 제2공장,식품제조가공업,경기도 김포시,식품
즉석섭취식품(운반급식 포함),106,2029-03-12,BIZ047,식품,H03000002,1413,2026-03-13,경기도,행복투게더도시락,이천시,"제조,가공",2026-3-0140,식품제조가공업,행복투게더도시락,이천시 행복투게더도시락,127.49519289995936,37.23692760416079,2026-3-0140,20140358232,행복투게더도시락,식품제조가공업,경기도 이천시,식품
빵류,106,2029-03-12,BIZ047,식품,C09300004,1414,2026-03-13,경기도,비에스홀딩스,여주시,"제조,가공",2026-3-0139,식품제조가공업,비에스홀딩스,여주시 비에스홀딩스,,,2026-3-0139,20250580687,비에스홀딩스,식품제조가공업,경기도 여주시,식품
과ㆍ채음료,106,2029-03-12,BIZ047,식품,C10100007,1415,2026-03-13,경기도,한국에스비식품(주),화성시 병점구,"제조,가공",2026-3-0138,식품제조가공업,한국에스비식품,화성시 병점구 한국에스비식품,,,2026-3-0138,19690364004,한국에스비식품(주),식품제조가공업,경기도 화성시 병점구,식품
당류가공품,106,2029-03-12,BIZ047,식품,C09600012,1416,2026-03-13,경기도,한국에스비식품(주),화성시 병점구,"제조,가공",2026-3-0137,식품제조가공업,한국에스비식품,화성시 병점구 한국에스비식품,,,2026-3-0137,19690364004,한국에스비식품(주),식품제조가공업,경기도 화성시 병점구,식품
혼합음료,106,2029-03-12,BIZ047,식품,C10100016,1417,2026-03-13,경기도,레하임생활건강,화성시,"제조,가공",2026-3-0136,식품제조가공업,레하임생활건강,화성시 레하임생활건강,126.8537342996397,37.12554070106361,2026-3-0136,20170365027,레하임생활건강,식품제조가공업,경기도 화성시 만세구,식품
과ㆍ채주스,106,2029-03-12,BIZ047,식품,C10100006,1418,2026-03-13,경기도,레하임생활건강,화성시,"제조,가공",2026-3-0135,식품제조가공업,레하임생활건강,화성시 레하임생활건강,126.8537342996397,37.12554070106361,2026-3-0135,20170365027,레하임생활건강,식품제조가공업,경기도 화성시 만세구,식품
액상차,106,2029-03-12,BIZ047,식품,C10100002,1419,2026-03-13,경기도,레하임생활건강,화성시,"제조,가공",2026-3-0134,식품제조가공업,레하임생활건강,화성시 레하임생활건강,126.8537342996397,37.12554070106361,2026-3-0134,20170365027,레하임생활건강,식품제조가공업,경기도 화성시 만세구,식품
포장육,604,2029-03-12,BIZ047,축산물,78,1420,2026-03-13,인천광역시,주식회사 바이칸씨푸드,서해구,"제조,가공",2026-3-0133,식육포장처리업,주식회사 바이칸씨푸드,서해구 주식회사 바이칸씨푸드,,,2026-3-0133,20250292977,주식회사 바이칸씨푸드,식육포장처리업,인천광역시 서해구,축산물
두류가공품,106,2029-03-12,BIZ047,식품,C10700012,1421,2026-03-13,경기도,롯데웰푸드(주)안산공장,안산시 단원구,"제조,가공",2026-3-0132,식품제조가공업,롯데웰푸드안산공장,안산시 단원구 롯데웰푸드안산공장,,,2026-3-0132,19880311001,롯데웰푸드(주)안산공장,식품제조가공업,경기도 안산시 단원구,식품
가공치즈,611,2029-03-09,BIZ047,축산물,C0318090200000,1422,2026-03-10,인천광역시,주식회사 에스앤비푸드,검단구,"제조,가공",2026-3-0131,축산물가공업-유가공업,주식회사 에스앤비푸드,검단구 주식회사 에스앤비푸드,,,2026-3-0131,20250261020,주식회사 에스앤비푸드,축산물가공업-유가공업,인천광역시 검단구,축산물
숙면,106,2029-03-08,BIZ047,식품,C10000002,1423,2026-03-09,인천광역시,카다이아,검단구,"제조,가공",2026-3-0130,식품제조가공업,카다이아,검단구 카다이아,,,2026-3-0130,20260291272,주식회사 온담푸드,식품제조가공업,인천광역시 검단구,식품
빙과,106,2029-03-08,BIZ047,식품,C09400001,1424,2026-03-09,경기도,농업회사법인(주)산들팜,평택시,"제조,가공",2026-3-0129,식품제조가공업,농업회사법인산들팜,평택시 농업회사법인산들팜,,,2026-3-0129,20200323680,농업회사법인 (주)산들팜,식품제조가공업,경기도 평택시,식품
포장육,604,2029-03-08,BIZ047,축산물,78,1425,2026-03-09,경기도,풀그린,평택시,"제조,가공",2026-3-0128,식육포장처리업,풀그린,평택시 풀그린,127.08340330034372,36.99814759957866,2026-3-0128,20170306173,풀그린,식육포장처리업,경기도 평택시,축산물
절임식품,106,2029-03-08,BIZ047,식품,C10500003,1426,2026-03-09,인천광역시,부일식품,남동구,"제조,가공",2026-3-0127,식품제조가공업,부일식품,남동구 부일식품,126.71063129961148,37.39037316375304,2026-3-0127,20000199240,부일식품,식품제조가공업,인천광역시 남동구,식품
양념젓갈,106,2029-03-08,BIZ047,식품,C11000008,1427,2026-03-09,인천광역시,부일식품,남동구,"제조,가공",2026-3-0126,식품제조가공업,부일식품,남동구 부일식품,126.71063129961148,37.39037316375304,2026-3-0126,20000199240,부일식품,식품제조가공업,인천광역시 남동구,식품
양념육,612,2029-03-08,BIZ047,축산물,86,1428,2026-03-09,경기도,풀그린주식회사 농업회사법인,평택시,"제조,가공",2026-3-0125,축산물가공업-식육가공업,풀그린주식회사 농업회사법인,평택시 풀그린주식회사 농업회사법인,,,2026-3-0125,20170262023,농업회사법인 풀그린주식회사,축산물가공업-식육가공업,경기도 평택시,축산물
냉동식품 중 만두,106,2029-03-08,BIZ047,식품,C12000001,1429,2026-03-09,경기도,퀸케이트(Queen kate,광주시,"제조,가공",2026-3-0124,식품제조가공업,퀸케이트(Queen kate,광주시 퀸케이트(Queen kate,,,2026-3-0124,20250570174,퀸케이트(Queen kate,식품제조가공업,경기도 광주시,식품
빵류,106,2029-03-06,BIZ047,식품,C09300004,1430,2026-03-07,경기도,(주)제이에프엔비,김포시,"제조,가공",2026-3-0123,식품제조가공업,제이에프엔비,김포시 제이에프엔비,126.550187599657,37.64498096566667,2026-3-0123,20180378739,(주)제이에프엔비,식품제조가공업,경기도 김포시,식품
과ㆍ채가공품,106,2029-03-05,BIZ047,식품,C10700010,1431,2026-03-06,경기도,(주)마스타식품,군포시,"제조,가공",2026-3-0122,식품제조가공업,마스타식품,군포시 마스타식품,126.95595380019016,37.34952930323988,2026-3-0122,20120263358,(주)마스타식품,식품제조가공업,경기도 군포시,식품
천연향신료,106,2029-03-05,BIZ047,식품,C10400011,1432,2026-03-06,경기도,(주)마스타식품,군포시,"제조,가공",2026-3-0121,식품제조가공업,마스타식품,군포시 마스타식품,126.95595380019016,37.34952930323988,2026-3-0121,20120263358,(주)마스타식품,식품제조가공업,경기도 수원시 장안구,식품
양념육,612,2029-03-04,BIZ047,축산물,86,1433,2026-03-05,인천광역시,엘림푸드,계양구,"제조,가공",2026-3-0120,축산물가공업-식육가공업,엘림푸드,계양구 엘림푸드,126.75552810019614,37.52670736458629,2026-3-0120,20120189021,엘림푸드,축산물가공업-식육가공업,인천광역시 계양구,축산물
식용란수집판매업,635,2029-03-03,BIZ048,축산물,581,1434,2026-03-04,경기도,동그라미 농업회사법인 주식회사,안성시,"유통,판매,조리",2026-3-0119,축산물판매업-식용란수집판매업,동그라미 농업회사법인 주식회사,안성시 동그라미 농업회사법인 주식회사,,,2026-3-0119,20250551880,동그라미 농업회사법인 주식회사,축산물판매업-식용란수집판매업,경기도 안성시,축산물
식용란수집판매업,635,2029-03-01,BIZ048,축산물,581,1435,2026-03-02,경기도,꼬꼬계란농장,김포시,"유통,판매,조리",2026-3-0118,축산물판매업-식용란수집판매업,꼬꼬계란농장,김포시 꼬꼬계란농장,,,2026-3-0118,20260558038,꼬꼬계란농장,축산물판매업-식용란수집판매업,경기도 김포시,축산물
소스,106,2029-03-01,BIZ047,식품,C10400003,1436,2026-03-02,경기도,디오콜렉티브,화성시 동탄구,"제조,가공",2026-3-0117,식품제조가공업,디오콜렉티브,화성시 동탄구 디오콜렉티브,,,2026-3-0117,20240564357,디오콜렉티브,식품제조가공업,경기도 화성시 동탄구,식품
과ㆍ채가공품,106,2029-02-26,BIZ047,식품,C10700010,1437,2026-02-27,경기도,(주)아람,광주시,"제조,가공",2026-3-0116,식품제조가공업,아람,광주시 아람,127.205895100068,37.41201273506196,2026-3-0116,20110368419,(주)아람,식품제조가공업,경기도 광주시,식품
복합조미식품,106,2029-02-26,BIZ047,식품,C10400006,1438,2026-02-27,경기도,심플리,하남시,"제조,가공",2026-3-0115,식품제조가공업,심플리,하남시 심플리,127.19363169944268,37.545888000844,2026-3-0115,20230486538,(주)심플리,식품제조가공업,경기도 하남시,식품
신선편의식품,106,2029-02-26,BIZ047,식품,C11300004,1439,2026-02-27,경기도,(주)에이통상,화성시 효행구,"제조,가공",2026-3-0114,식품제조가공업,에이통상,화성시 효행구 에이통상,,,2026-3-0114,20260565234,주식회사 수플린,식품제조가공업,경기도 화성시 효행구,식품
식용란선별포장업,009,2029-02-25,BIZ048,축산물,901,1440,2026-02-26,경기도,채채네 계란촌,오산시,"유통,판매,조리",2026-3-0113,식용란선별포장업,채채네 계란촌,오산시 채채네 계란촌,,,2026-3-0113,20260375012,채채네 계란촌,식용란선별포장업,경기도 오산시,축산물
식용란수집판매업,635,2029-02-25,BIZ048,축산물,581,1441,2026-02-26,경기도,채채네 계란촌,오산시,"유통,판매,조리",2026-3-0112,축산물판매업-식용란수집판매업,채채네 계란촌,오산시 채채네 계란촌,,,2026-3-0112,20260514101,채채네 계란촌,축산물판매업-식용란수집판매업,경기도 오산시,축산물
소스,106,2029-02-25,BIZ047,식품,C10400003,1442,2026-02-26,경기도,우영식품,화성시 효행구,"제조,가공",2026-3-0111,식품제조가공업,우영식품,화성시 효행구 우영식품,,,2026-3-0111,20020364027,우영식품,식품제조가공업,경기도 화성시 효행구,식품
포장육,604,2029-02-23,BIZ047,축산물,78,1443,2026-02-24,인천광역시,주식회사 바다로,서해구,"제조,가공",2026-3-0110,식육포장처리업,주식회사 바다로,서해구 주식회사 바다로,,,2026-3-0110,20250292978,주식회사 바다로,식육포장처리업,인천광역시 서해구,축산물
포장육,604,2029-02-23,BIZ047,축산물,78,1444,2026-02-24,인천광역시,제이엠컴퍼니,검단구,"제조,가공",2026-3-0109,식육포장처리업,제이엠컴퍼니,검단구 제이엠컴퍼니,,,2026-3-0109,20250293096,제이엠컴퍼니,식육포장처리업,인천광역시 검단구,축산물
젓갈,106,2029-02-23,BIZ047,식품,C11000007,1445,2026-02-24,인천광역시,(주)반찬단지플러스,서해구,"제조,가공",2026-3-0108,식품제조가공업,반찬단지플러스,서해구 반찬단지플러스,,,2026-3-0108,20250292495,(주)반찬단지플러스,식품제조가공업,인천광역시 서해구,식품
절임식품,106,2029-02-23,BIZ047,식품,C10500003,1446,2026-02-24,인천광역시,(주)반찬단지플러스,서해구,"제조,가공",2026-3-0107,식품제조가공업,반찬단지플러스,서해구 반찬단지플러스,,,2026-3-0107,20250292495,(주)반찬단지플러스,식품제조가공업,인천광역시 서해구,식품
"햄,소시지,베이컨류,분쇄가공육제품",612,2029-02-23,BIZ047,축산물,"79,82,84,87",1447,2026-02-24,경기도,주식회사 가원푸드아트,성남시 중원구,"제조,가공",2026-3-0106,축산물가공업-식육가공업,주식회사 가원푸드아트,성남시 중원구 주식회사 가원푸드아트,,,2026-3-0106,20260375002,(주)가원푸드아트,축산물가공업-식육가공업,경기도 성남시 중원구,축산물
기타 수산물가공품 중 냉동조미가공품,106,2029-02-23,BIZ047,식품,C11900001,1448,2026-02-24,인천광역시,주식회사 비엘디에프앤비,남동구,"제조,가공",2026-3-0105,식품제조가공업,주식회사 비엘디에프앤비,남동구 주식회사 비엘디에프앤비,,,2026-3-0105,20250280258,주식회사 비엘디에프앤비,식품제조가공업,인천광역시 남동구,식품
소스,106,2029-02-23,BIZ047,식품,C10400003,1449,2026-02-24,인천광역시,주식회사 비엘디에프앤비,남동구,"제조,가공",2026-3-0104,식품제조가공업,주식회사 비엘디에프앤비,남동구 주식회사 비엘디에프앤비,,,2026-3-0104,20250280258,주식회사 비엘디에프앤비,식품제조가공업,인천광역시 남동구,식품
"양념육,분쇄가공육제품",612,2029-02-23,BIZ047,축산물,"87,86",1450,2026-02-24,경기도,(주)로하스푸드,하남시,"제조,가공",2026-3-0103,축산물가공업-식육가공업,로하스푸드,하남시 로하스푸드,127.18461110002006,37.53169970047634,2026-3-0103,20200267111,(주)로하스푸드,축산물가공업-식육가공업,경기도 하남시,축산물
냉동식품 중 만두,106,2029-02-23,BIZ047,식품,C12000001,1451,2026-02-24,경기도,주식회사 딘타이펑코리아,성남시 중원구,"제조,가공",2026-3-0102,식품제조가공업,주식회사 딘타이펑코리아,성남시 중원구 주식회사 딘타이펑코리아,127.16985520046644,37.43671820065261,2026-3-0102,20250390301,주식회사 딘타이펑코리아,식품제조가공업,경기도 성남시 중원구,식품
포장육,604,2029-02-18,BIZ047,축산물,78,1452,2026-02-19,경기도,프레시푸드주식회사,시흥시,"제조,가공",2026-3-0096,식육포장처리업,프레시푸드주식회사,시흥시 프레시푸드주식회사,126.72468609968942,37.32172770412118,2026-3-0096,20240514502,프레시푸드 주식회사,식육포장처리업,경기도 시흥시,축산물
"양념육,식육추출가공품",612,2029-02-18,BIZ047,축산물,"86,89",1453,2026-02-19,경기도,프레시푸드 주식회사,시흥시,"제조,가공",2026-3-0095,축산물가공업-식육가공업,프레시푸드 주식회사,시흥시 프레시푸드 주식회사,126.72468609968942,37.32172770412118,2026-3-0095,20240371113,프레시푸드 주식회사,축산물가공업-식육가공업,경기도 시흥시,축산물
과자,106,2029-02-12,BIZ047,식품,C09300001,1454,2026-02-13,경기도,주식회사 조이푸드,화성시 만세구,"제조,가공",2026-3-0094,식품제조가공업,주식회사 조이푸드,화성시 만세구 주식회사 조이푸드,,,2026-3-0094,20250565104,주식회사 조이푸드,식품제조가공업,경기도 화성시 만세구,식품
기타 수산물가공품 중 냉동연체류,106,2029-02-11,BIZ047,식품,C11800001,1455,2026-02-12,경기도,㈜상원수산,광주시,"제조,가공",2026-3-0093,식품제조가공업,㈜상원수산,광주시 ㈜상원수산,127.29493420018196,37.415939301839686,2026-3-0093,20090345346,(주)상원수산,식품제조가공업,경기도 하남시,식품
기타 수산물가공품 중 냉동어류,106,2029-02-11,BIZ047,식품,C11700001,1456,2026-02-12,경기도,㈜상원수산,광주시,"제조,가공",2026-3-0092,식품제조가공업,㈜상원수산,광주시 ㈜상원수산,127.29493420018196,37.415939301839686,2026-3-0092,20090345346,(주)상원수산,식품제조가공업,경기도 광주시,식품
빵류,106,2029-02-10,BIZ047,식품,C09300004,1457,2026-02-11,경기도,경춘당,이천시,"제조,가공",2026-3-0091,식품제조가공업,경춘당,이천시 경춘당,127.5211678969726,37.2290358986623,2026-3-0091,20250548835,경춘당,식품제조가공업,경기도 이천시,식품
과자,106,2029-02-10,BIZ047,식품,C09300001,1458,2026-02-11,경기도,경춘당,이천시,"제조,가공",2026-3-0090,식품제조가공업,경춘당,이천시 경춘당,127.5211678969726,37.2290358986623,2026-3-0090,20250548835,경춘당,식품제조가공업,경기도 이천시,식품
식품소분업(복합조미식품),405,2029-02-10,BIZ048,식품,H02200001,1459,2026-02-11,경기도,제이엘스틱,시흥시,"유통,판매,조리",2026-3-0089,식품소분업,제이엘스틱,시흥시 제이엘스틱,,,2026-3-0089,20250514864,제이엘스틱,식품소분업,경기도 시흥시,식품
소스,106,2029-02-09,BIZ047,식품,C10400003,1460,2026-02-10,인천광역시,(주)선봉식품,검단구,"제조,가공",2026-3-0088,식품제조가공업,선봉식품,검단구 선봉식품,,,2026-3-0088,20050208735,(주)선봉식품,식품제조가공업,인천광역시 검단구,식품
신선편의식품,106,2029-02-09,BIZ047,식품,C11300004,1462,2026-02-10,경기도,(주)농업회사법인 신금,과천시,"제조,가공",2026-3-0086,식품제조가공업,농업회사법인 신금,과천시 농업회사법인 신금,126.9968670998173,37.44935056736082,2026-3-0086,20250498272,(주)농업회사법인 신금,식품제조가공업,경기도 과천시,식품
양념육,612,2029-02-09,BIZ047,축산물,86,1463,2026-02-10,인천광역시,프라이드 제이디,남동구,"제조,가공",2026-3-0085,축산물가공업-식육가공업,프라이드 제이디,남동구 프라이드 제이디,,,2026-3-0085,20260261001,프라이드 제이디,축산물가공업-식육가공업,인천광역시 남동구,축산물
기타발효음료,106,2029-02-08,BIZ047,식품,C10100014,1464,2026-02-09,경기도,영진바이오,용인시 처인구,"제조,가공",2026-3-0084,식품제조가공업,영진바이오,용인시 처인구 영진바이오,127.14555220025925,37.11768120226524,2026-3-0084,20250530169,영진바이오,식품제조가공업,경기도 용인시 처인구,식품
양념육,612,2029-02-08,BIZ047,축산물,86,1465,2026-02-09,인천광역시,(주)델리앤,계양구,"제조,가공",2026-3-0083,축산물가공업-식육가공업,델리앤,계양구 델리앤,126.71225159992012,37.57729480133919,2026-3-0083,20160189023,(주)델리앤,축산물가공업-식육가공업,인천광역시 계양구,축산물
떡류,106,2029-02-08,BIZ047,식품,C09300005,1466,2026-02-09,경기도,떡사랑,김포시,"제조,가공",2026-3-0082,식품제조가공업,떡사랑,김포시 떡사랑,126.68992990048372,37.63964077432132,2026-3-0082,20050076313,떡사랑,식품제조가공업,서울특별시 강서구,식품
포장육,604,2029-02-08,BIZ047,축산물,78,1467,2026-02-09,경기도,경기유통,안성시,"제조,가공",2026-3-0081,식육포장처리업,경기유통,안성시 경기유통,127.18253109966908,36.99412430092569,2026-3-0081,20150360092,경기유통,식육포장처리업,경기도 안성시,축산물
청국장,106,2029-02-05,BIZ047,식품,C10300012,1468,2026-02-06,인천광역시,편가명가영농조합법인,강화군,"제조,가공",2026-3-0080,식품제조가공업,편가명가영농조합법인,강화군 편가명가영농조합법인,126.41934310007628,37.63855057232624,2026-3-0080,20150211225,편가명가영농조합법인,식품제조가공업,인천광역시 강화군,식품
"소시지,분쇄가공육제품",612,2029-02-05,BIZ047,축산물,"82,87",1469,2026-02-06,경기도,이싼푸드,화성시 만세구,"제조,가공",2026-3-0079,축산물가공업-식육가공업,이싼푸드,화성시 만세구 이싼푸드,,,2026-3-0079,20200267323,이싼푸드,축산물가공업-식육가공업,경기도 화성시 만세구,축산물
포장육,604,2029-02-04,BIZ047,축산물,78,1470,2026-02-05,인천광역시,인용푸드,서해구,"제조,가공",2026-3-0078,식육포장처리업,인용푸드,서해구 인용푸드,,,2026-3-0078,20250292809,인용푸드,식육포장처리업,인천광역시 서해구,축산물
기타 수산물가공품 중 냉동연체류,106,2027-06-18,BIZ047,식품,C11800001,1471,2026-02-05,경기도,농업회사법인(주)씨엔푸드,화성시 만세구,"제조,가공",2026-3-0077,식품제조가공업,농업회사법인씨엔푸드,화성시 만세구 농업회사법인씨엔푸드,,,2026-3-0077,20190382050,농업회사법인(주)씨엔푸드,식품제조가공업,경기도 화성시 만세구,식품
유함유가공품,106,2029-02-03,BIZ047,식품,C0318140000000,1473,2026-02-04,경기도,(주)오뚜기,평택시,"제조,가공",2026-3-0075,식품제조가공업,오뚜기,평택시 오뚜기,127.07132849957024,37.11857170347696,2026-3-0075,20190324434,(주)오뚜기,식품제조가공업,경기도 평택시,식품
포장육,604,2029-02-03,BIZ047,축산물,78,1474,2026-02-04,경기도,주식회사 구디팩토리,하남시,"제조,가공",2026-3-0074,식육포장처리업,주식회사 구디팩토리,하남시 주식회사 구디팩토리,127.16807810057092,37.529271596181374,2026-3-0074,20250525464,주식회사 구디팩토리,식육포장처리업,경기도 하남시,축산물
가공두부,106,2029-02-03,BIZ047,식품,C09800003,1475,2026-02-04,경기도,주식회사 정가푸드,화성시 만세구,"제조,가공",2026-3-0073,식품제조가공업,주식회사 정가푸드,화성시 만세구 주식회사 정가푸드,,,2026-3-0073,19970080548,주식회사 정가푸드,식품제조가공업,서울특별시 구로구,식품
빵류,106,2029-02-03,BIZ047,식품,C09300004,1476,2026-02-04,경기도,엄마손꾸러미영농조합법인,안성시,"제조,가공",2026-3-0072,식품제조가공업,엄마손꾸러미영농조합법인,안성시 엄마손꾸러미영농조합법인,127.30466810044902,37.00351240111232,2026-3-0072,20200376022,엄마손꾸러미영농조합법인,식품제조가공업,경기도 안성시,식품
포장육,604,2029-02-03,BIZ047,축산물,78,1477,2026-02-04,인천광역시,(주)동부엠티,검단구,"제조,가공",2026-3-0071,식육포장처리업,동부엠티,검단구 동부엠티,,,2026-3-0071,20250293093,(주)동부엠티,식육포장처리업,인천광역시 검단구,축산물
빵류,106,2029-02-03,BIZ047,식품,C09300004,1478,2026-02-04,경기도,주식회사 에스씨브이에프앤비,용인시 처인구,"제조,가공",2026-3-0070,식품제조가공업,주식회사 에스씨브이에프앤비,용인시 처인구 주식회사 에스씨브이에프앤비,,,2026-3-0070,20250530249,주식회사 에스씨브이에프앤비,식품제조가공업,경기도 용인시 처인구,식품
기타 수산물가공품,106,2029-02-03,BIZ047,식품,C11000016,1479,2026-02-04,경기도,(주)동남물산,화성시 효행구,"제조,가공",2026-3-0069,식품제조가공업,동남물산,화성시 효행구 동남물산,,,2026-3-0069,20230437336,(주)동남물산,식품제조가공업,경기도 안산시 상록구,식품
음료베이스,106,2029-02-03,BIZ047,식품,C10100017,1480,2026-02-04,경기도,주식회사 비에스바이오,안산시 단원구,"제조,가공",2026-3-0068,식품제조가공업,주식회사 비에스바이오,안산시 단원구 주식회사 비에스바이오,,,2026-3-0068,20250470999,주식회사 비에스바이오,식품제조가공업,경기도 안산시 단원구,식품
잼,106,2029-02-03,BIZ047,식품,C09700001,1481,2026-02-04,경기도,(주)누리지에프에스,용인시 처인구,"제조,가공",2026-3-0067,식품제조가공업,누리지에프에스,용인시 처인구 누리지에프에스,127.22189200039992,37.32866330058641,2026-3-0067,20200363209,(주)누리지에프에스,식품제조가공업,경기도 용인시 처인구,식품
과ㆍ채가공품,106,2029-02-03,BIZ047,식품,C10700010,1482,2026-02-04,경기도,주식회사 리하베스트 화성공장,화성시,"제조,가공",2026-3-0066,식품제조가공업,주식회사 리하베스트 화성공장,화성시 주식회사 리하베스트 화성공장,126.9647406000145,37.22966230051631,2026-3-0066,20220511727,주식회사 리하베스트 화성공장,식품제조가공업,경기도 화성시 효행구,식품
식육추출가공품,612,2029-02-02,BIZ047,축산물,89,1483,2026-02-03,경기도,(주)아이푸드,김포시,"제조,가공",2026-3-0065,축산물가공업-식육가공업,아이푸드,김포시 아이푸드,126.66931509991568,37.649870400293,2026-3-0065,20190267133,(주)아이푸드,축산물가공업-식육가공업,경기도 김포시,축산물
조림류,106,2029-01-29,BIZ047,식품,C10500005,1484,2026-01-30,경기도,주식회사 팥고당에스피 제1공장,성남시 중원구,"제조,가공",2026-3-0064,식품제조가공업,주식회사 팥고당에스피 제1공장,성남시 중원구 주식회사 팥고당에스피 제1공장,127.16136249989172,37.43288270222218,2026-3-0064,20100347119,(주)팥고당,식품제조가공업,경기도 용인시 수지구,식품
과ㆍ채가공품,106,2029-01-29,BIZ047,식품,C10700010,1485,2026-01-30,경기도,농업회사법인해찬주식회사,화성시 효행구,"제조,가공",2026-3-0063,식품제조가공업,농업회사법인해찬주식회사,화성시 효행구 농업회사법인해찬주식회사,,,2026-3-0063,20210382419,농업회사법인해찬주식회사,식품제조가공업,경기도 화성시 효행구,식품
양념육,612,2029-01-27,BIZ047,축산물,86,1486,2026-01-28,경기도,주식회사 농업회사법인 선우한우,하남시,"제조,가공",2026-3-0062,축산물가공업-식육가공업,주식회사 농업회사법인 선우한우,하남시 주식회사 농업회사법인 선우한우,127.15618100056176,37.52579420101487,2026-3-0062,20130262080,주식회사 농업회사법인 선우한우,축산물가공업-식육가공업,경기도 하남시,축산물
포장육,604,2029-01-27,BIZ047,축산물,78,1487,2026-01-28,경기도,농업회사법인 선우한우,하남시,"제조,가공",2026-3-0061,식육포장처리업,농업회사법인 선우한우,하남시 농업회사법인 선우한우,127.15618100056176,37.52579420101487,2026-3-0061,20130345336,농업회사법인 선우한우,식육포장처리업,경기도 하남시,축산물
기타가공품,106,2029-01-27,BIZ047,식품,C11400002,1488,2026-01-28,경기도,성풍양행(주),안성시,"제조,가공",2026-3-0060,식품제조가공업,성풍양행,안성시 성풍양행,127.2775291995276,37.05474627049384,2026-3-0060,20140360314,성풍양행(주),식품제조가공업,경기도 안성시,식품
유함유가공품,106,2029-01-27,BIZ047,식품,C0318140000000,1489,2026-01-28,경기도,성풍양행(주),안성시,"제조,가공",2026-3-0059,식품제조가공업,성풍양행,안성시 성풍양행,127.2775291995276,37.05474627049384,2026-3-0059,20140360314,성풍양행(주),식품제조가공업,경기도 안성시,식품
포장육,604,2029-01-26,BIZ047,축산물,78,1491,2026-01-27,인천광역시,디에이치,서해구,"제조,가공",2026-3-0057,식육포장처리업,디에이치,서해구 디에이치,,,2026-3-0057,20250292861,디에이치,식육포장처리업,인천광역시 서해구,축산물
즉석조리식품,106,2029-01-26,BIZ047,식품,C11300005,1492,2026-01-27,인천광역시,주식회사 락컴퍼니,남동구,"제조,가공",2026-3-0056,식품제조가공업,주식회사 락컴퍼니,남동구 주식회사 락컴퍼니,,,2026-3-0056,20250279652,주식회사 락컴퍼니,식품제조가공업,인천광역시 남동구,식품
포장육,604,2029-01-26,BIZ047,축산물,78,1493,2026-01-27,경기도,하늘담,광주시,"제조,가공",2026-3-0055,식육포장처리업,하늘담,광주시 하늘담,127.20238030045668,37.356635300944646,2026-3-0055,20250569935,하늘담,식육포장처리업,경기도 광주시,축산물
신선편의식품,106,2029-01-25,BIZ047,식품,C11300004,1494,2026-01-26,경기도,주식회사 고브로,화성시 병점구,"제조,가공",2026-3-0054,식품제조가공업,주식회사 고브로,화성시 병점구 주식회사 고브로,,,2026-3-0054,20220510704,주식회사 고브로,식품제조가공업,경기도 화성시 병점구,식품
기타 수산물가공품 중 냉동조미가공품,106,2028-05-13,BIZ047,식품,C11900001,1495,2026-01-26,경기도,(주)청안푸드,광주시,"제조,가공",2026-3-0053,식품제조가공업,청안푸드,광주시 청안푸드,127.31312610033528,37.39955480419136,2026-3-0053,20220515098,(주)청안푸드,식품제조가공업,경기도 광주시,식품
포장육,604,2029-01-22,BIZ047,축산물,78,1496,2026-01-23,경기도,주식회사 한배푸드,용인시 처인구,"제조,가공",2026-3-0052,식육포장처리업,주식회사 한배푸드,용인시 처인구 주식회사 한배푸드,127.2392335994964,37.32125720115285,2026-3-0052,20250530135,주식회사 한배푸드,식육포장처리업,경기도 용인시 처인구,축산물
"양념육,식육추출가공품",612,2029-01-21,BIZ047,축산물,"89,86",1497,2026-01-22,경기도,주식회사 헝그리맨,하남시,"제조,가공",2026-3-0051,축산물가공업-식육가공업,주식회사 헝그리맨,하남시 주식회사 헝그리맨,,,2026-3-0051,20250371082,주식회사 헝그리맨,축산물가공업-식육가공업,경기도 하남시,축산물
포장육,604,2029-01-21,BIZ047,축산물,78,1498,2026-01-22,인천광역시,(주)동행메이트,서해구,"제조,가공",2026-3-0050,식육포장처리업,동행메이트,서해구 동행메이트,,,2026-3-0050,20250292422,(주)동행메이트,식육포장처리업,인천광역시 서해구,축산물
포장육,604,2029-01-21,BIZ047,축산물,78,1499,2026-01-22,경기도,주식회사 헝그리맨,하남시,"제조,가공",2026-3-0049,식육포장처리업,주식회사 헝그리맨,하남시 주식회사 헝그리맨,,,2026-3-0049,20250525998,주식회사 헝그리맨,식육포장처리업,경기도 하남시,축산물
"식품소분업(고형차, 과채가공품, 음료베이스, 침출차, 캔디류, 효소식품, 기타가공품, 혼합음료 )",405,2029-01-21,BIZ048,식품,H02200001,1500,2026-01-22,인천광역시,주식회사 아이디바이오랩,검단구,"유통,판매,조리",2026-3-0048,식품소분업,주식회사 아이디바이오랩,검단구 주식회사 아이디바이오랩,,,2026-3-0048,20250292984,주식회사 아이디바이오랩,식품소분업,인천광역시 검단구,식품
국수(생면),106,2029-01-21,BIZ047,식품,C12400001,1501,2026-01-22,경기도,(주)바른면가,오산시,"제조,가공",2026-3-0047,식품제조가공업,바른면가,오산시 바른면가,127.07905939997782,37.15800242057296,2026-3-0047,20250510766,(주)바른면가,식품제조가공업,경기도 오산시,식품
복합조미식품,106,2029-01-21,BIZ047,식품,C10400006,1502,2026-01-22,경기도,(주)놀이터컴퍼니,화성시,"제조,가공",2026-3-0046,식품제조가공업,놀이터컴퍼니,화성시 놀이터컴퍼니,126.990596400509,37.20248020099754,2026-3-0046,20250565377,(주)놀이터컴퍼니,식품제조가공업,경기도 화성시 병점구,식품
"양념육,분쇄가공육제품",612,2029-01-21,BIZ047,축산물,"86,87",1503,2026-01-22,경기도,조덕,광주시,"제조,가공",2026-3-0045,축산물가공업-식육가공업,조덕,광주시 조덕,,,2026-3-0045,20250371090,조덕,축산물가공업-식육가공업,경기도 광주시,축산물
빵류,106,2029-01-21,BIZ047,식품,C09300004,1504,2026-01-22,인천광역시,푸드찹,서해구,"제조,가공",2026-3-0044,식품제조가공업,푸드찹,서해구 푸드찹,,,2026-3-0044,20250292855,푸드찹,식품제조가공업,인천광역시 서해구,식품
캔디류,106,2029-01-19,BIZ047,식품,C09300002,1505,2026-01-20,경기도,(주)내츄럴바이오,광주시,"제조,가공",2026-3-0043,식품제조가공업,내츄럴바이오,광주시 내츄럴바이오,127.21021079984467,37.38245080106313,2026-3-0043,20110368437,(주)내츄럴바이오,식품제조가공업,경기도 광주시,식품
양념육,612,2029-01-19,BIZ047,축산물,86,1506,2026-01-20,인천광역시,찐찐식품,남동구,"제조,가공",2026-3-0042,축산물가공업-식육가공업,찐찐식품,남동구 찐찐식품,,,2026-3-0042,20250261021,찐찐식품,축산물가공업-식육가공업,인천광역시 남동구,축산물
떡류,106,2029-01-19,BIZ047,식품,C09300005,1507,2026-01-20,경기도,마시떡,용인시 처인구,"제조,가공",2026-3-0041,식품제조가공업,마시떡,용인시 처인구 마시떡,127.18700750034326,37.23282410388919,2026-3-0041,20250530150,마시떡,식품제조가공업,경기도 용인시 처인구,식품
식용란수집판매업,635,2029-01-19,BIZ048,축산물,581,1508,2026-01-20,경기도,윤성농산 주식회사,하남시,"유통,판매,조리",2026-3-0040,축산물판매업-식용란수집판매업,윤성농산 주식회사,하남시 윤성농산 주식회사,127.15406569950406,37.51536149606633,2026-3-0040,20200361593,윤성농산 주식회사,축산물판매업-식용란수집판매업,경기도 하남시,축산물
포장육,604,2029-01-19,BIZ047,축산물,78,1509,2026-01-20,경기도,(주)정들,용인시 처인구,"제조,가공",2026-3-0039,식육포장처리업,정들,용인시 처인구 정들,127.18555080040132,37.23296986908367,2026-3-0039,20180363090,(주)정들,식육포장처리업,경기도 용인시 처인구,축산물
냉동식품 중 만두,106,2029-01-19,BIZ047,식품,C12000001,1510,2026-01-20,경기도,(주)한소반,성남시 중원구,"제조,가공",2026-3-0038,식품제조가공업,한소반,성남시 중원구 한소반,127.17656899978026,37.43930020118215,2026-3-0038,20130275273,(주)한소반,식품제조가공업,경기도 성남시 중원구,식품
당류가공품,106,2029-01-19,BIZ047,식품,C09600012,1511,2026-01-20,경기도,(주)에스엔씨,용인시 처인구,"제조,가공",2026-3-0037,식품제조가공업,에스엔씨,용인시 처인구 에스엔씨,127.21776530041946,37.31442325813245,2026-3-0037,20210362269,(주)에스엔씨,식품제조가공업,경기도 용인시 처인구,식품
소스,106,2029-01-18,BIZ047,식품,C10400003,1512,2026-01-19,경기도,신일등식품,평택시,"제조,가공",2026-3-0036,식품제조가공업,신일등식품,평택시 신일등식품,127.01424120034773,37.02860489933607,2026-3-0036,20190280281,신일등식품,식품제조가공업,경기도 평택시,식품
즉석조리식품,106,2029-01-18,BIZ047,식품,C11300005,1513,2026-01-19,경기도,(주)수풍정푸드,용인시 기흥구,"제조,가공",2026-3-0035,식품제조가공업,수풍정푸드,용인시 기흥구 수풍정푸드,127.13676230029624,37.23770629567828,2026-3-0035,20250530036,(주)수풍정푸드,식품제조가공업,경기도 용인시 기흥구,식품
포장육,604,2029-01-18,BIZ047,축산물,78,1514,2026-01-19,인천광역시,(주)와이비씨푸드,제물포구,"제조,가공",2026-3-0034,식육포장처리업,와이비씨푸드,제물포구 와이비씨푸드,,,2026-3-0034,20250263952,(주)와이비씨푸드,식육포장처리업,인천광역시 중구,축산물
분쇄가공육제품,612,2029-01-15,BIZ047,축산물,87,1515,2026-01-16,경기도,신일등식품,평택시,"제조,가공",2026-3-0033,축산물가공업-식육가공업,신일등식품,평택시 신일등식품,127.01424120034773,37.02860489933607,2026-3-0033,20250371097,신일등식품,축산물가공업-식육가공업,경기도 평택시,축산물
액상차,106,2029-01-14,BIZ047,식품,C10100002,1516,2026-01-15,경기도,주식회사 에스프레시,안성시,"제조,가공",2026-3-0032,식품제조가공업,주식회사 에스프레시,안성시 주식회사 에스프레시,,,2026-3-0032,20250551687,주식회사 에스프레시,식품제조가공업,경기도 안성시,식품
체중조절용 조제식품,106,2029-01-14,BIZ047,식품,C10200009,1517,2026-01-15,경기도,우리바이오 주식회사,안산시 단원구,"제조,가공",2026-3-0031,식품제조가공업,우리바이오 주식회사,안산시 단원구 우리바이오 주식회사,126.7556423005092,37.31631400084118,2026-3-0031,20190326100,우리바이오 주식회사,식품제조가공업,경기도 안산시 단원구,식품
양념육,612,2029-01-14,BIZ047,축산물,86,1518,2026-01-15,경기도,초원푸드,화성시 만세구,"제조,가공",2026-3-0030,축산물가공업-식육가공업,초원푸드,화성시 만세구 초원푸드,,,2026-3-0030,20250371076,초원푸드,축산물가공업-식육가공업,경기도 화성시 만세구,축산물
포장육,604,2029-01-14,BIZ047,축산물,78,1519,2026-01-15,경기도,초원푸드,화성시 만세구,"제조,가공",2026-3-0029,식육포장처리업,초원푸드,화성시 만세구 초원푸드,,,2026-3-0029,20250563973,초원푸드,식육포장처리업,경기도 화성시 만세구,축산물
식품소분업(빵류),405,2029-01-13,BIZ048,식품,H02200001,1520,2026-01-14,경기도,주식회사 신사강,화성시 효행구,"유통,판매,조리",2026-3-0028,식품소분업,주식회사 신사강,화성시 효행구 주식회사 신사강,,,2026-3-0028,20250564565,주식회사 신사강,식품소분업,경기도 화성시 효행구,식품
포장육,604,2029-01-13,BIZ047,축산물,78,1521,2026-01-14,경기도,(주)태진푸드,화성시 만세구,"제조,가공",2026-3-0027,식육포장처리업,태진푸드,화성시 만세구 태진푸드,,,2026-3-0027,20250563318,(주)태진푸드,식육포장처리업,경기도 화성시 만세구,축산물
체중조절용 조제식품,106,2029-01-13,BIZ047,식품,C10200009,1522,2026-01-14,인천광역시,(주)더난,서해구,"제조,가공",2026-3-0026,식품제조가공업,더난,서해구 더난,,,2026-3-0026,20170209568,(주)더난,식품제조가공업,인천광역시 서해구,식품
간편조리세트,106,2029-01-13,BIZ047,식품,C0322020400000,1523,2026-01-14,경기도,(주)프로즌 신월공장,광주시,"제조,가공",2026-3-0025,식품제조가공업,프로즌 신월공장,광주시 프로즌 신월공장,,,2026-3-0025,20250570134,(주)프로즌 신월공장,식품제조가공업,경기도 광주시,식품
포장육,604,2029-01-12,BIZ047,축산물,78,1524,2026-01-13,경기도,(주)엠디알미트,안산시 단원구,"제조,가공",2026-3-0024,식육포장처리업,엠디알미트,안산시 단원구 엠디알미트,,,2026-3-0024,20250470891,(주)엠디알미트,식육포장처리업,경기도 안산시 단원구,축산물
양념육,612,2029-01-12,BIZ047,축산물,86,1525,2026-01-13,경기도,(주)엠디알미트,안산시 단원구,"제조,가공",2026-3-0023,축산물가공업-식육가공업,엠디알미트,안산시 단원구 엠디알미트,,,2026-3-0023,20250371102,(주)엠디알미트,축산물가공업-식육가공업,경기도 안산시 단원구,축산물
레토르트식품(영유아용이유식),106,2029-01-12,BIZ047,식품,C00200001,1526,2026-01-13,경기도,(주)아이푸드,김포시,"제조,가공",2026-3-0022,식품제조가공업,아이푸드,김포시 아이푸드,126.66931509991568,37.649870400293,2026-3-0022,20120320039,(주)아이푸드 제2공장,식품제조가공업,경기도 고양시 일산동구,식품
식용란수집판매업,635,2029-01-12,BIZ048,축산물,581,1527,2026-01-13,경기도,닭이랑계란,양평군,"유통,판매,조리",2026-3-0021,축산물판매업-식용란수집판매업,닭이랑계란,양평군 닭이랑계란,,,2026-3-0021,20250586516,닭이랑계란,축산물판매업-식용란수집판매업,경기도 양평군,축산물
포장육,604,2029-01-11,BIZ047,축산물,78,1528,2026-01-12,경기도,(주)조아라식품,하남시,"제조,가공",2026-3-0020,식육포장처리업,조아라식품,하남시 조아라식품,,,2026-3-0020,20150345188,(주)조아라식품,식육포장처리업,경기도 하남시,축산물
전분,106,2029-01-11,BIZ047,식품,C10700001,1529,2026-01-12,경기도,진화식품,화성시 만세구,"제조,가공",2026-3-0019,식품제조가공업,진화식품,화성시 만세구 진화식품,,,2026-3-0019,20050364896,진화식품,식품제조가공업,경기도 화성시 만세구,식품
기타 수산물가공품 중 냉동조미가공품,106,2029-01-11,BIZ047,식품,C11900001,1530,2026-01-12,경기도,제조컴퍼니,용인시 기흥구,"제조,가공",2026-3-0018,식품제조가공업,제조컴퍼니,용인시 기흥구 제조컴퍼니,127.10281210020425,37.24664490053354,2026-3-0018,20200363160,제조컴퍼니,식품제조가공업,경기도 용인시 기흥구,식품
"양념육,식육추출가공품",612,2029-01-11,BIZ047,축산물,"86,89",1531,2026-01-12,경기도,한일관프로덕츠,김포시,"제조,가공",2026-3-0017,축산물가공업-식육가공업,한일관프로덕츠,김포시 한일관프로덕츠,,,2026-3-0017,20250371087,한일관프로덕츠,축산물가공업-식육가공업,경기도 김포시,축산물
침출차,106,2029-01-08,BIZ047,식품,C10100001,1532,2026-01-09,경기도,(주)두리인터내셔날,안성시,"제조,가공",2026-3-0016,식품제조가공업,두리인터내셔날,안성시 두리인터내셔날,127.23596709967406,36.93872629944559,2026-3-0016,20070360143,(주)두리인터내셔날,식품제조가공업,경기도 안성시,식품
양념육,612,2029-01-08,BIZ047,축산물,86,1533,2026-01-09,경기도,주식회사 조아라식품,하남시,"제조,가공",2026-3-0015,축산물가공업-식육가공업,주식회사 조아라식품,하남시 주식회사 조아라식품,,,2026-3-0015,20250371099,주식회사 조아라식품,축산물가공업-식육가공업,경기도 하남시,축산물
커피,106,2029-01-08,BIZ047,식품,C10100004,1534,2026-01-09,인천광역시,주식회사 바나디스,검단구,"제조,가공",2026-3-0014,식품제조가공업,주식회사 바나디스,검단구 주식회사 바나디스,,,2026-3-0014,20250292802,주식회사 바나디스,식품제조가공업,인천광역시 검단구,식품
식용란수집판매업,635,2029-01-08,BIZ048,축산물,581,1535,2026-01-09,경기도,가농농산,수원시 권선구,"유통,판매,조리",2026-3-0013,축산물판매업-식용란수집판매업,가농농산,수원시 권선구 가농농산,,,2026-3-0013,20250374824,가농농산,축산물판매업-식용란수집판매업,경기도 수원시 권선구,축산물
포장육,604,2029-01-07,BIZ047,축산물,78,1536,2026-01-08,경기도,농업회사법인주식회사탑오리,양평군,"제조,가공",2026-3-0012,식육포장처리업,농업회사법인주식회사탑오리,양평군 농업회사법인주식회사탑오리,127.48870080047394,37.501725600553264,2026-3-0012,20140378283,농업회사법인주식회사탑오리,식육포장처리업,경기도 양평군,축산물
조림류,106,2029-01-07,BIZ047,식품,C10500005,1537,2026-01-08,경기도,이도통상(주),김포시,"제조,가공",2026-3-0011,식품제조가공업,이도통상,김포시 이도통상,126.71380890018428,37.63472195678752,2026-3-0011,20160362700,이도통상(주),식품제조가공업,경기도 김포시,식품
과ㆍ채가공품,106,2029-01-07,BIZ047,식품,C10700010,1538,2026-01-08,경기도,(주)예본바이오 F1,광주시,"제조,가공",2026-3-0010,식품제조가공업,예본바이오 F1,광주시 예본바이오 F1,127.20519459993228,37.35681159692855,2026-3-0010,20230522414,(주)예본바이오 F1,식품제조가공업,경기도 광주시,식품
효소식품,106,2029-01-07,BIZ047,식품,C10700009,1539,2026-01-08,경기도,(주)예본바이오 F1,광주시,"제조,가공",2026-3-0009,식품제조가공업,예본바이오 F1,광주시 예본바이오 F1,127.20519459993228,37.35681159692855,2026-3-0009,20230522414,(주)예본바이오 F1,식품제조가공업,경기도 광주시,식품
음료베이스,106,2029-01-07,BIZ047,식품,C10100017,1540,2026-01-08,경기도,(주)예본바이오 F1,광주시,"제조,가공",2026-3-0008,식품제조가공업,예본바이오 F1,광주시 예본바이오 F1,127.20519459993228,37.35681159692855,2026-3-0008,20230522414,(주)예본바이오 F1,식품제조가공업,경기도 광주시,식품
고형차,106,2029-01-07,BIZ047,식품,C10100003,1541,2026-01-08,경기도,(주)예본바이오 F1,광주시,"제조,가공",2026-3-0007,식품제조가공업,예본바이오 F1,광주시 예본바이오 F1,127.20519459993228,37.35681159692855,2026-3-0007,20230522414,(주)예본바이오 F1,식품제조가공업,경기도 광주시,식품
포장육,604,2029-01-06,BIZ047,축산물,78,1542,2026-01-07,경기도,(주)참선우,광주시,"제조,가공",2026-3-0006,식육포장처리업,참선우,광주시 참선우,,,2026-3-0006,20250569960,(주)참선우,식육포장처리업,경기도 광주시,축산물
포장육,604,2029-01-06,BIZ047,축산물,78,1543,2026-01-07,인천광역시,돈도람,서해구,"제조,가공",2026-3-0005,식육포장처리업,돈도람,서해구 돈도람,,,2026-3-0005,20240292446,돈도람,식육포장처리업,인천광역시 서해구,축산물
포장육,604,2029-01-05,BIZ047,축산물,78,1544,2026-01-06,경기도,(주)정훈에프앤비,부천시 오정구,"제조,가공",2026-3-0004,식육포장처리업,정훈에프앤비,부천시 오정구 정훈에프앤비,126.76712500031806,37.52257500099861,2026-3-0004,20170634751,(주)정훈에프앤비,식육포장처리업,경기도 부천시 오정구,축산물
식용란수집판매업,635,2029-01-05,BIZ048,축산물,581,1545,2026-01-06,경기도,농업회사법인주식회사아주농장 화성지점,화성시,"유통,판매,조리",2026-3-0003,축산물판매업-식용란수집판매업,농업회사법인주식회사아주농장 화성지점,화성시 농업회사법인주식회사아주농장 화성지점,,,2026-3-0003,20250564523,농업회사법인주식회사아주농장 화성지점,축산물판매업-식용란수집판매업,경기도 화성시 만세구,축산물
포장육,604,2029-01-05,BIZ047,축산물,78,1546,2026-01-06,인천광역시,주식회사 위미트,서해구,"제조,가공",2026-3-0002,식육포장처리업,주식회사 위미트,서해구 주식회사 위미트,,,2026-3-0002,20250292972,주식회사 위미트,식육포장처리업,인천광역시 서해구,축산물
포장육,604,2029-01-04,BIZ047,축산물,78,1547,2026-01-05,경기도,(주)처음후레쉬,김포시,"제조,가공",2026-3-0001,식육포장처리업,처음후레쉬,김포시 처음후레쉬,,,2026-3-0001,20240556051,(주)처음후레쉬,식육포장처리업,경기도 김포시,축산물
기타 수산물가공품 중 냉동연체류,106,2029-09-09,BIZ047,식품,C11800001,1556,2026-09-10,경상남도,(주)보경씨푸드,통영시,"제조,가공",2026-2-0364,식품제조가공업,보경씨푸드,통영시 보경씨푸드,128.35142070008752,34.9157945010903,2026-2-0364,20130604361,(주)보경씨푸드,식품제조가공업,경상남도 통영시,식품
기타 수산물가공품,106,2029-09-09,BIZ047,식품,C11000016,1557,2026-09-10,경상남도,(주)보경씨푸드,통영시,"제조,가공",2026-2-0363,식품제조가공업,보경씨푸드,통영시 보경씨푸드,128.35142070008752,34.9157945010903,2026-2-0363,20130604361,(주)보경씨푸드,식품제조가공업,경상남도 통영시,식품
절임식품,106,2029-09-09,BIZ047,식품,C10500003,1558,2026-09-10,경상남도,(주)보경씨푸드,통영시,"제조,가공",2026-2-0362,식품제조가공업,보경씨푸드,통영시 보경씨푸드,128.35142070008752,34.9157945010903,2026-2-0362,20130604361,(주)보경씨푸드,식품제조가공업,경상남도 통영시,식품
식육판매업,630,2029-09-09,BIZ048,축산물,176,1559,2026-09-10,부산광역시,더블유씨피 푸드컴퍼니,기장군,"유통,판매,조리",2026-2-0361,축산물판매업-식육판매업,더블유씨피 푸드컴퍼니,기장군 더블유씨피 푸드컴퍼니,,,2026-2-0361,20260214075,더블유씨피 푸드컴퍼니,축산물판매업-식육판매업,부산광역시 기장군,축산물
포장육,604,2029-09-09,BIZ047,축산물,78,1560,2026-09-10,부산광역시,더블유씨피 푸드컴퍼니,기장군,"제조,가공",2026-2-0360,식육포장처리업,더블유씨피 푸드컴퍼니,기장군 더블유씨피 푸드컴퍼니,,,2026-2-0360,20260214069,더블유씨피 푸드컴퍼니,식육포장처리업,부산광역시 기장군,축산물
빵류,106,2029-09-08,BIZ047,식품,C09300004,1561,2026-09-09,경상남도,유한책임회사 세진에프엔에스,함안군,"제조,가공",2026-2-0359,식품제조가공업,유한책임회사 세진에프엔에스,함안군 유한책임회사 세진에프엔에스,128.47841429868348,35.36936499794213,2026-2-0359,20070617026,유한책임회사 세진에프엔에스,식품제조가공업,경상남도 함안군,식품
조미액젓,106,2029-09-08,BIZ047,식품,C11000010,1562,2026-09-09,부산광역시,바론식품 주식회사,기장군,"제조,가공",2026-2-0358,식품제조가공업,바론식품 주식회사,기장군 바론식품 주식회사,129.2305558054703,35.260214974064965,2026-2-0358,20050156025,바론식품 주식회사,식품제조가공업,부산광역시 기장군,식품
소스,106,2029-09-08,BIZ047,식품,C10400003,1563,2026-09-09,부산광역시,바론식품 주식회사,기장군,"제조,가공",2026-2-0357,식품제조가공업,바론식품 주식회사,기장군 바론식품 주식회사,129.2305558054703,35.260214974064965,2026-2-0357,20050156025,바론식품 주식회사,식품제조가공업,부산광역시 기장군,식품
기타 수산물가공품 중 냉동조미가공품,106,2029-09-06,BIZ047,식품,C11900001,1565,2026-09-07,부산광역시,(주)범우물산,사하구,"제조,가공",2026-2-0355,식품제조가공업,범우물산,사하구 범우물산,128.97207619996976,35.07324820416189,2026-2-0355,19970144521,(주)범우물산,식품제조가공업,부산광역시 사하구,식품
곡류가공품,106,2029-09-03,BIZ047,식품,C10700011,1566,2026-09-04,경상남도,(주)한국에이요 군북공장,함안군,"제조,가공",2026-2-0354,식품제조가공업,한국에이요 군북공장,함안군 한국에이요 군북공장,128.32200100054368,35.295628501333674,2026-2-0354,20170617190,(주)한국에이요 군북공장,식품제조가공업,경상남도 함안군,식품
김치(배추김치),106,2029-09-02,BIZ047,식품,C12300001,1567,2026-09-03,경상남도,(주)도준,창원시 의창구,"제조,가공",2026-2-0353,식품제조가공업,도준,창원시 의창구 도준,,,2026-2-0353,20260909336,(주)도준,식품제조가공업,경상남도 창원시 의창구,식품
절임식품,106,2029-09-02,BIZ047,식품,C10500003,1568,2026-09-03,경상남도,(주)도준,창원시 의창구,"제조,가공",2026-2-0352,식품제조가공업,도준,창원시 의창구 도준,,,2026-2-0352,20260909336,(주)도준,식품제조가공업,경상남도 창원시 의창구,식품
김칫속,106,2029-09-02,BIZ047,식품,C10500001,1569,2026-09-03,경상남도,(주)도준,창원시 의창구,"제조,가공",2026-2-0351,식품제조가공업,도준,창원시 의창구 도준,,,2026-2-0351,20260909336,(주)도준,식품제조가공업,경상남도 창원시 의창구,식품
식육판매업,630,2029-09-02,BIZ048,축산물,176,1570,2026-09-03,울산광역시,이음푸드,북구,"유통,판매,조리",2026-2-0350,축산물판매업-식육판매업,이음푸드,북구 이음푸드,,,2026-2-0350,20260363320,이음푸드,축산물판매업-식육판매업,울산광역시 북구,축산물
과자,106,2029-09-02,BIZ047,식품,C09300001,1571,2026-09-03,부산광역시,아투에프앤디시스템,강서구,"제조,가공",2026-2-0349,식품제조가공업,아투에프앤디시스템,강서구 아투에프앤디시스템,128.95391730000827,35.21677670086063,2026-2-0349,20250203426,아투에프앤디시스템,식품제조가공업,부산광역시 강서구,식품
빵류,106,2029-09-02,BIZ047,식품,C09300004,1572,2026-09-03,부산광역시,아투에프앤디시스템,강서구,"제조,가공",2026-2-0348,식품제조가공업,아투에프앤디시스템,강서구 아투에프앤디시스템,128.95391730000827,35.21677670086063,2026-2-0348,20250203426,아투에프앤디시스템,식품제조가공업,부산광역시 강서구,식품
포장육,604,2029-09-02,BIZ047,축산물,78,1573,2026-09-03,부산광역시,언니네,강서구,"제조,가공",2026-2-0347,식육포장처리업,언니네,강서구 언니네,126.85609370026437,37.55949260048355,2026-2-0347,20260203466,언니네,식육포장처리업,부산광역시 강서구,축산물
과자,106,2029-08-31,BIZ047,식품,C09300001,1574,2026-09-01,부산광역시,케이에스 팩토리(KS FACTORY),사상구,"제조,가공",2026-2-0346,식품제조가공업,케이에스 팩토리,사상구 케이에스 팩토리,128.98760560353864,35.15147040169976,2026-2-0346,20240211428,케이에스 팩토리(KS FACTORY),식품제조가공업,부산광역시 사상구,식품
포장육,604,2029-08-31,BIZ047,축산물,78,1575,2026-09-01,경상남도,영광유통,양산시,"제조,가공",2026-2-0345,식육포장처리업,영광유통,양산시 영광유통,129.13037660032094,35.37059820082711,2026-2-0345,20110614783,영광유통,식육포장처리업,경상남도 양산시,축산물
혼합음료,106,2029-08-30,BIZ047,식품,C10100016,1576,2026-08-31,부산광역시,주식회사 다올바이오,기장군,"제조,가공",2026-2-0344,식품제조가공업,주식회사 다올바이오,기장군 주식회사 다올바이오,,,2026-2-0344,20260214294,주식회사 다올바이오,식품제조가공업,부산광역시 기장군,식품
"양념육,식육추출가공품",612,2029-08-30,BIZ047,축산물,"86,89",1577,2026-08-31,경상남도,주식회사 해담푸드,김해시,"제조,가공",2026-2-0343,축산물가공업-식육가공업,주식회사 해담푸드,김해시 주식회사 해담푸드,,,2026-2-0343,20260935705,주식회사 해담푸드,축산물가공업-식육가공업,경상남도 김해시,축산물
양념육,612,2029-08-24,BIZ047,축산물,86,1578,2026-08-25,부산광역시,더블유씨피 푸드컴퍼니,기장군,"제조,가공",2026-2-0342,축산물가공업-식육가공업,더블유씨피 푸드컴퍼니,기장군 더블유씨피 푸드컴퍼니,,,2026-2-0342,20260167002,더블유씨피 푸드컴퍼니,축산물가공업-식육가공업,부산광역시 기장군,축산물
포장육,604,2029-08-24,BIZ047,축산물,78,1579,2026-08-25,경상남도,(주)건우에프앤비,김해시,"제조,가공",2026-2-0341,식육포장처리업,건우에프앤비,김해시 건우에프앤비,,,2026-2-0341,20260935942,(주)건우에프앤비,식육포장처리업,경상남도 김해시,축산물
기타 수산물가공품,106,2029-08-24,BIZ047,식품,C11000016,1580,2026-08-25,부산광역시,부경수산㈜,사하구,"제조,가공",2026-2-0340,식품제조가공업,부경수산㈜,사하구 부경수산㈜,128.9739435980453,35.076262627043945,2026-2-0340,19760144009,부경수산(주),식품제조가공업,부산광역시 사하구,식품
기타 수산물가공품 중 냉동연체류,106,2029-08-24,BIZ047,식품,C11800001,1581,2026-08-25,부산광역시,㈜신호씨푸드,사하구,"제조,가공",2026-2-0339,식품제조가공업,㈜신호씨푸드,사하구 ㈜신호씨푸드,128.997807202815,35.053002397381945,2026-2-0339,20140144114,(주)신호씨푸드,식품제조가공업,부산광역시 사하구,식품
포장육,604,2029-08-23,BIZ047,축산물,78,1582,2026-08-24,경상남도,한그루푸드,창녕군,"제조,가공",2026-2-0338,식육포장처리업,한그루푸드,창녕군 한그루푸드,128.50248940007873,35.53855190104431,2026-2-0338,20060618112,한그루푸드,식육포장처리업,경상남도 창녕군,축산물
"양념육,식육추출가공품",612,2029-08-23,BIZ047,축산물,"86,89",1583,2026-08-24,부산광역시,주식회사 고성산업,강서구,"제조,가공",2026-2-0337,축산물가공업-식육가공업,주식회사 고성산업,강서구 주식회사 고성산업,,,2026-2-0337,20260167010,주식회사 고성산업,축산물가공업-식육가공업,부산광역시 강서구,축산물
포장육,604,2029-08-23,BIZ047,축산물,78,1585,2026-08-24,부산광역시,서경식품,강서구,"제조,가공",2026-2-0335,식육포장처리업,서경식품,강서구 서경식품,,,2026-2-0335,20260203504,서경식품,식육포장처리업,부산광역시 강서구,축산물
포장육,604,2029-08-23,BIZ047,축산물,78,1586,2026-08-24,부산광역시,원푸드,강서구,"제조,가공",2026-2-0334,식육포장처리업,원푸드,강서구 원푸드,128.97957100163342,35.21709366715486,2026-2-0334,20260203507,원푸드,식육포장처리업,부산광역시 강서구,축산물
포장육,604,2029-08-23,BIZ047,축산물,78,1587,2026-08-24,부산광역시,정성식품,강서구,"제조,가공",2026-2-0333,식육포장처리업,정성식품,강서구 정성식품,128.98733549967702,35.22251520074584,2026-2-0333,20260203505,정성식품,식육포장처리업,부산광역시 강서구,축산물
포장육,604,2029-08-19,BIZ047,축산물,78,1588,2026-08-20,부산광역시,(주)부일식품,북구,"제조,가공",2026-2-0332,식육포장처리업,부일식품,북구 부일식품,128.98931329961155,35.197047300655285,2026-2-0332,20070139485,(주)부일식품,식육포장처리업,부산광역시 북구,축산물
포장육,604,2029-08-19,BIZ047,축산물,78,1589,2026-08-20,경상남도,(주)한라21푸드,양산시,"제조,가공",2026-2-0331,식육포장처리업,한라21푸드,양산시 한라21푸드,129.04708319970345,35.35645990071021,2026-2-0331,20150614613,(주)한라21푸드,식육포장처리업,경상남도 양산시,축산물
과ㆍ채음료,106,2029-08-19,BIZ047,식품,C10100007,1590,2026-08-20,경상남도,농업회사법인(주)힐링팜,거창군,"제조,가공",2026-2-0330,식품제조가공업,농업회사법인힐링팜,거창군 농업회사법인힐링팜,,,2026-2-0330,20090624059,농업회사법인(주)힐링팜,식품제조가공업,경상남도 거창군,식품
과자,106,2029-08-19,BIZ047,식품,C09300001,1591,2026-08-20,경상남도,농업회사법인 주식회사 더 부농,의령군,"제조,가공",2026-2-0329,식품제조가공업,농업회사법인 주식회사 더 부농,의령군 농업회사법인 주식회사 더 부농,128.24943590335118,35.30349243402265,2026-2-0329,20240933077,농업회사법인 주식회사 더 부농,식품제조가공업,경상남도 의령군,식품
포장육,604,2029-08-19,BIZ047,축산물,78,1593,2026-08-20,경상남도,협성치킨유통,통영시,"제조,가공",2026-2-0327,식육포장처리업,협성치킨유통,통영시 협성치킨유통,128.43096499979012,34.844335499920575,2026-2-0327,20170604034,협성치킨유통,식육포장처리업,경상남도 통영시,축산물
기타가공품,106,2029-08-18,BIZ047,식품,C11400002,1594,2026-08-19,부산광역시,달콤미푸드,강서구,"제조,가공",2026-2-0326,식품제조가공업,달콤미푸드,강서구 달콤미푸드,,,2026-2-0326,20260203443,달콤미푸드,식품제조가공업,부산광역시 강서구,식품
빵류,106,2029-08-18,BIZ047,식품,C09300004,1595,2026-08-19,부산광역시,달콤미푸드,강서구,"제조,가공",2026-2-0325,식품제조가공업,달콤미푸드,강서구 달콤미푸드,,,2026-2-0325,20260203443,달콤미푸드,식품제조가공업,부산광역시 강서구,식품
양념육,612,2029-08-17,BIZ047,축산물,86,1596,2026-08-18,부산광역시,홍가네홍진축산유통,부산진구,"제조,가공",2026-2-0324,축산물가공업-식육가공업,홍가네홍진축산유통,부산진구 홍가네홍진축산유통,129.04959070041068,35.1667400008992,2026-2-0324,20120125005,홍가네홍진축산유통,축산물가공업-식육가공업,부산광역시 부산진구,축산물
기타 수산물가공품 중 냉동어류,106,2029-08-17,BIZ047,식품,C11700001,1597,2026-08-18,부산광역시,(주)비지오션,사하구,"제조,가공",2026-2-0323,식품제조가공업,비지오션,사하구 비지오션,128.95573410051517,35.08013520112239,2026-2-0323,20230189112,(주)비지오션,식품제조가공업,부산광역시 사하구,식품
떡류,106,2029-08-17,BIZ047,식품,C09300005,1598,2026-08-18,부산광역시,정담은 방앗간,사상구,"제조,가공",2026-2-0322,식품제조가공업,정담은 방앗간,사상구 정담은 방앗간,,,2026-2-0322,20260211135,정담은 방앗간,식품제조가공업,부산광역시 사상구,식품
식육함유가공품,106,2029-08-17,BIZ047,식품,C10800001,1599,2026-08-18,경상남도,(주)오렌지 카우,진주시,"제조,가공",2026-2-0321,식품제조가공업,오렌지 카우,진주시 오렌지 카우,,,2026-2-0321,20260926177,(주)오렌지 카우,식품제조가공업,경상남도 진주시,식품
두류가공품,106,2029-08-17,BIZ047,식품,C10700012,1600,2026-08-18,경상남도,(주)오렌지 카우,진주시,"제조,가공",2026-2-0320,식품제조가공업,오렌지 카우,진주시 오렌지 카우,,,2026-2-0320,20260926177,(주)오렌지 카우,식품제조가공업,경상남도 진주시,식품
국수(건면),106,2029-08-13,BIZ047,식품,C12400001,1601,2026-08-14,경상남도,농업회사법인 주식회사 방울이 구포국수,산청군,"제조,가공",2026-2-0319,식품제조가공업,농업회사법인 주식회사 방울이 구포국수,산청군 농업회사법인 주식회사 방울이 구포국수,,,2026-2-0319,20260961045,농업회사법인 주식회사 방울이,식품제조가공업,경상남도 산청군,식품
기타 수산물가공품 중 냉동연체류,106,2029-08-11,BIZ047,식품,C11800001,1603,2026-08-12,부산광역시,(주)다해씨푸드,서구,"제조,가공",2026-2-0317,식품제조가공업,다해씨푸드,서구 다해씨푸드,,,2026-2-0317,20260172100,(주)다해씨푸드,식품제조가공업,부산광역시 서구,식품
기타 수산물가공품 중 냉동조미가공품,106,2029-08-11,BIZ047,식품,C11900001,1604,2026-08-12,부산광역시,(주)다해씨푸드,서구,"제조,가공",2026-2-0316,식품제조가공업,다해씨푸드,서구 다해씨푸드,,,2026-2-0316,20260172100,(주)다해씨푸드,식품제조가공업,부산광역시 서구,식품
기타 수산물가공품 중 냉동어류,106,2029-08-11,BIZ047,식품,C11700001,1605,2026-08-12,부산광역시,(주)다해씨푸드,서구,"제조,가공",2026-2-0315,식품제조가공업,다해씨푸드,서구 다해씨푸드,,,2026-2-0315,20260172100,(주)다해씨푸드,식품제조가공업,부산광역시 서구,식품
혼합음료,106,2029-08-11,BIZ047,식품,C10100016,1606,2026-08-12,경상남도,농업회사법인 주식회사 자연저장소,하동군,"제조,가공",2026-2-0314,식품제조가공업,농업회사법인 주식회사 자연저장소,하동군 농업회사법인 주식회사 자연저장소,127.75442679957334,35.07144880103803,2026-2-0314,20240943244,농업회사법인 주식회사 자연저장소,식품제조가공업,경상남도 하동군,식품
포장육,604,2029-08-10,BIZ047,축산물,78,1607,2026-08-11,부산광역시,가현식품,강서구,"제조,가공",2026-2-0313,식육포장처리업,가현식품,강서구 가현식품,128.96677310015727,35.21892770081448,2026-2-0313,20260203387,가현식품,식육포장처리업,부산광역시 강서구,축산물
포장육,604,2029-08-09,BIZ047,축산물,78,1608,2026-08-10,부산광역시,만우식품,강서구,"제조,가공",2026-2-0312,식육포장처리업,만우식품,강서구 만우식품,,,2026-2-0312,20260203363,만우식품,식육포장처리업,부산광역시 강서구,축산물
포장육,604,2029-08-09,BIZ047,축산물,78,1609,2026-08-10,부산광역시,오렌지푸드,강서구,"제조,가공",2026-2-0311,식육포장처리업,오렌지푸드,강서구 오렌지푸드,126.80641299993628,37.55996273408368,2026-2-0311,20260203324,오렌지푸드,식육포장처리업,부산광역시 강서구,축산물
포장육,604,2029-08-09,BIZ047,축산물,78,1610,2026-08-10,부산광역시,이화푸드,강서구,"제조,가공",2026-2-0310,식육포장처리업,이화푸드,강서구 이화푸드,,,2026-2-0310,20260203362,이화푸드,식육포장처리업,부산광역시 강서구,축산물
포장육,604,2029-08-09,BIZ047,축산물,78,1611,2026-08-10,부산광역시,세운식품,강서구,"제조,가공",2026-2-0309,식육포장처리업,세운식품,강서구 세운식품,,,2026-2-0309,20260203323,세운식품,식육포장처리업,부산광역시 강서구,축산물
포장육,604,2029-08-09,BIZ047,축산물,78,1612,2026-08-10,부산광역시,온푸드,강서구,"제조,가공",2026-2-0308,식육포장처리업,온푸드,강서구 온푸드,126.83359440025204,37.55299660144218,2026-2-0308,20250203730,온푸드,식육포장처리업,부산광역시 강서구,축산물
양념육,612,2029-08-09,BIZ047,축산물,86,1613,2026-08-10,부산광역시,온푸드,강서구,"제조,가공",2026-2-0307,축산물가공업-식육가공업,온푸드,강서구 온푸드,126.83359440025204,37.55299660144218,2026-2-0307,20260167009,온푸드,축산물가공업-식육가공업,부산광역시 강서구,축산물
김치(기타김치),106,2029-08-05,BIZ047,식품,C10500002,1615,2026-08-06,울산광역시,주식회사 선한푸드앤컬처,울주군,"제조,가공",2026-2-0305,식품제조가공업,주식회사 선한푸드앤컬처,울주군 주식회사 선한푸드앤컬처,,,2026-2-0305,20260366257,주식회사 선한푸드앤컬처,식품제조가공업,울산광역시 울주군,식품
즉석섭취식품(운반급식 포함),106,2029-08-05,BIZ047,식품,H03000002,1616,2026-08-06,울산광역시,주식회사 선한푸드앤컬처,울주군,"제조,가공",2026-2-0304,식품제조가공업,주식회사 선한푸드앤컬처,울주군 주식회사 선한푸드앤컬처,,,2026-2-0304,20260366257,주식회사 선한푸드앤컬처,식품제조가공업,울산광역시 울주군,식품
김치(배추김치),106,2029-08-05,BIZ047,식품,C12300001,1617,2026-08-06,울산광역시,주식회사 선한푸드앤컬처,울주군,"제조,가공",2026-2-0303,식품제조가공업,주식회사 선한푸드앤컬처,울주군 주식회사 선한푸드앤컬처,,,2026-2-0303,20260366257,주식회사 선한푸드앤컬처,식품제조가공업,울산광역시 울주군,식품
포장육,604,2029-08-05,BIZ047,축산물,78,1618,2026-08-06,부산광역시,(주)푸드람미트,강서구,"제조,가공",2026-2-0302,식육포장처리업,푸드람미트,강서구 푸드람미트,,,2026-2-0302,20260203037,(주)푸드람미트,식육포장처리업,부산광역시 강서구,축산물
포장육,604,2029-08-04,BIZ047,축산물,78,1619,2026-08-05,울산광역시,주식회사 청림축산,남구,"제조,가공",2026-2-0301,식육포장처리업,주식회사 청림축산,남구 주식회사 청림축산,,,2026-2-0301,20260354689,주식회사 청림축산,식육포장처리업,울산광역시 남구,축산물
식육판매업,630,2029-08-04,BIZ048,축산물,176,1620,2026-08-05,경상남도,도원정육,양산시,"유통,판매,조리",2026-2-0300,축산물판매업-식육판매업,도원정육,양산시 도원정육,129.0497439995678,35.360884500834096,2026-2-0300,20260945456,도원정육,축산물판매업-식육판매업,경상남도 양산시,축산물
과ㆍ채가공품,106,2029-08-03,BIZ047,식품,C10700010,1622,2026-08-04,경상남도,주식회사 마루바이오,양산시,"제조,가공",2026-2-0298,식품제조가공업,주식회사 마루바이오,양산시 주식회사 마루바이오,,,2026-2-0298,20210606928,주식회사 마루바이오,식품제조가공업,경상남도 양산시,식품
포장육,604,2029-08-03,BIZ047,축산물,78,1623,2026-08-04,부산광역시,주식회사 미트홀,해운대구,"제조,가공",2026-2-0297,식육포장처리업,주식회사 미트홀,해운대구 주식회사 미트홀,129.19923209980882,35.18588720062149,2026-2-0297,20200142492,주식회사 미트홀,식육포장처리업,부산광역시 해운대구,축산물
양념육,612,2029-08-03,BIZ047,축산물,86,1624,2026-08-04,경상남도,트리플푸드,김해시,"제조,가공",2026-2-0296,축산물가공업-식육가공업,트리플푸드,김해시 트리플푸드,,,2026-2-0296,20260935782,트리플푸드,축산물가공업-식육가공업,경상남도 김해시,축산물
포장육,604,2029-08-03,BIZ047,축산물,78,1625,2026-08-04,경상남도,트리플푸드,김해시,"제조,가공",2026-2-0295,식육포장처리업,트리플푸드,김해시 트리플푸드,,,2026-2-0295,20260935783,트리플푸드,식육포장처리업,경상남도 김해시,축산물
빵류,106,2029-08-02,BIZ047,식품,C09300004,1626,2026-08-03,부산광역시,주식회사 부바,해운대구,"제조,가공",2026-2-0294,식품제조가공업,주식회사 부바,해운대구 주식회사 부바,,,2026-2-0294,20230179667,주식회사 부바,식품제조가공업,부산광역시 남구,식품
"양념육,식육추출가공품",612,2029-07-29,BIZ047,축산물,"86,89",1627,2026-07-30,부산광역시,주식회사 미트홀,해운대구,"제조,가공",2026-2-0293,축산물가공업-식육가공업,주식회사 미트홀,해운대구 주식회사 미트홀,129.19923209980882,35.18588720062149,2026-2-0293,20260167011,주식회사 미트홀,축산물가공업-식육가공업,부산광역시 해운대구,축산물
포장육,604,2029-07-28,BIZ047,축산물,78,1629,2026-07-29,부산광역시,현푸드,강서구,"제조,가공",2026-2-0291,식육포장처리업,현푸드,강서구 현푸드,128.9674217049714,35.21654749561664,2026-2-0291,20260203427,현푸드,식육포장처리업,부산광역시 강서구,축산물
포장육,604,2029-07-28,BIZ047,축산물,78,1630,2026-07-29,부산광역시,박하푸드,강서구,"제조,가공",2026-2-0290,식육포장처리업,박하푸드,강서구 박하푸드,,,2026-2-0290,20260203425,박하푸드,식육포장처리업,부산광역시 강서구,축산물
과ㆍ채가공품,106,2029-07-27,BIZ047,식품,C10700010,1631,2026-07-28,경상남도,농업회사법인 주식회사 금화농산,창녕군,"제조,가공",2026-2-0289,식품제조가공업,농업회사법인 주식회사 금화농산,창녕군 농업회사법인 주식회사 금화농산,128.51945040002698,35.4534749012809,2026-2-0289,20240937083,농업회사법인 주식회사 금화농산,식품제조가공업,경상남도 창녕군,식품
기타 수산물가공품,106,2029-07-27,BIZ047,식품,C11000016,1633,2026-07-28,부산광역시,초산씨푸드(주),사하구,"제조,가공",2026-2-0287,식품제조가공업,초산씨푸드,사하구 초산씨푸드,128.97339050050377,35.07220002065707,2026-2-0287,20190144840,초산씨푸드(주),식품제조가공업,부산광역시 사하구,식품
빵류,106,2029-07-26,BIZ047,식품,C09300004,1637,2026-07-27,부산광역시,(주)엠에스워크스,북구,"제조,가공",2026-2-0283,식품제조가공업,엠에스워크스,북구 엠에스워크스,,,2026-2-0283,20260189245,(주)엠에스워크스,식품제조가공업,부산광역시 북구,식품
과자,106,2029-07-26,BIZ047,식품,C09300001,1638,2026-07-27,부산광역시,(주)엠에스워크스,북구,"제조,가공",2026-2-0282,식품제조가공업,엠에스워크스,북구 엠에스워크스,,,2026-2-0282,20260189245,(주)엠에스워크스,식품제조가공업,부산광역시 북구,식품
기타 수산물가공품,106,2029-07-26,BIZ047,식품,C11000016,1639,2026-07-27,경상남도,중앙씨푸드(주),거제시,"제조,가공",2026-2-0281,식품제조가공업,중앙씨푸드,거제시 중앙씨푸드,128.5071914002025,34.82017680051957,2026-2-0281,19980612100,중앙씨푸드(주),식품제조가공업,경상남도 거제시,식품
포장육,604,2029-07-22,BIZ047,축산물,78,1640,2026-07-23,부산광역시,두아이푸드,강서구,"제조,가공",2026-2-0280,식육포장처리업,두아이푸드,강서구 두아이푸드,,,2026-2-0280,20260203391,두아이푸드,식육포장처리업,부산광역시 강서구,축산물
포장육,604,2029-07-22,BIZ047,축산물,78,1641,2026-07-23,부산광역시,에코푸드,강서구,"제조,가공",2026-2-0279,식육포장처리업,에코푸드,강서구 에코푸드,126.8094530002573,37.57237118831208,2026-2-0279,20260203390,에코푸드,식육포장처리업,부산광역시 강서구,축산물
포장육,604,2029-07-22,BIZ047,축산물,78,1642,2026-07-23,부산광역시,망고푸드,강서구,"제조,가공",2026-2-0278,식육포장처리업,망고푸드,강서구 망고푸드,126.84720129983832,37.55685550063821,2026-2-0278,20260203392,망고푸드,식육포장처리업,부산광역시 강서구,축산물
포장육,604,2029-07-22,BIZ047,축산물,78,1643,2026-07-23,부산광역시,우리담푸드,강서구,"제조,가공",2026-2-0277,식육포장처리업,우리담푸드,강서구 우리담푸드,,,2026-2-0277,20260203389,우리담푸드,식육포장처리업,부산광역시 강서구,축산물
포장육,604,2029-07-22,BIZ047,축산물,78,1644,2026-07-23,부산광역시,다올푸드,강서구,"제조,가공",2026-2-0276,식육포장처리업,다올푸드,강서구 다올푸드,127.1336306004722,36.46663503479599,2026-2-0276,20260203343,다올푸드,식육포장처리업,부산광역시 강서구,축산물
포장육,604,2029-07-21,BIZ047,축산물,78,1645,2026-07-22,부산광역시,청윤에프앤씨 주식회사,기장군,"제조,가공",2026-2-0275,식육포장처리업,청윤에프앤씨 주식회사,기장군 청윤에프앤씨 주식회사,,,2026-2-0275,20250214738,청윤에프앤씨 주식회사,식육포장처리업,부산광역시 기장군,축산물
"포장육,식육간편조리세트",604,2029-07-21,BIZ047,축산물,"78,P03300001",1646,2026-07-22,부산광역시,네이처파머(부산점),사상구,"제조,가공",2026-2-0274,식육포장처리업,네이처파머,사상구 네이처파머,128.98121440532194,35.140439199985984,2026-2-0274,20240211046,네이처파머(부산점),식육포장처리업,부산광역시 사상구,축산물
양념육,612,2029-07-21,BIZ047,축산물,86,1647,2026-07-22,부산광역시,네이처파머(부산점),사상구,"제조,가공",2026-2-0273,축산물가공업-식육가공업,네이처파머,사상구 네이처파머,128.98121440532194,35.140439199985984,2026-2-0273,20260167008,네이처파머(부산점),축산물가공업-식육가공업,부산광역시 사상구,축산물
어묵,106,2029-07-21,BIZ047,식품,C11000004,1648,2026-07-22,부산광역시,(주)어설랑어묵,강서구,"제조,가공",2026-2-0272,식품제조가공업,어설랑어묵,강서구 어설랑어묵,126.82627039974778,37.55277529971186,2026-2-0272,20260203402,(주)어설랑어묵,식품제조가공업,부산광역시 강서구,식품
포장육,604,2029-07-20,BIZ047,축산물,78,1649,2026-07-21,부산광역시,천익식품,사상구,"제조,가공",2026-2-0271,식육포장처리업,천익식품,사상구 천익식품,128.98767440030957,35.19351580107101,2026-2-0271,20170154155,천익식품,식육포장처리업,부산광역시 사상구,축산물
포장육,604,2029-07-20,BIZ047,축산물,78,1650,2026-07-21,부산광역시,다드림에프에스 주식회사,연제구,"제조,가공",2026-2-0270,식육포장처리업,다드림에프에스 주식회사,연제구 다드림에프에스 주식회사,,,2026-2-0270,20250205342,다드림에프에스 주식회사,식육포장처리업,부산광역시 연제구,축산물
포장육,604,2029-07-20,BIZ047,축산물,78,1651,2026-07-21,부산광역시,찐불이에프앤비 주식회사,기장군,"제조,가공",2026-2-0269,식육포장처리업,찐불이에프앤비 주식회사,기장군 찐불이에프앤비 주식회사,129.22266250017202,35.238465200932,2026-2-0269,20260214238,찐불이에프앤비 주식회사,식육포장처리업,부산광역시 기장군,축산물
양념육,612,2029-07-20,BIZ047,축산물,86,1652,2026-07-21,부산광역시,찐불이에프앤비 주식회사,기장군,"제조,가공",2026-2-0268,축산물가공업-식육가공업,찐불이에프앤비 주식회사,기장군 찐불이에프앤비 주식회사,129.22266250017202,35.238465200932,2026-2-0268,20260167007,찐불이에프앤비 주식회사,축산물가공업-식육가공업,부산광역시 기장군,축산물
포장육,604,2029-07-20,BIZ047,축산물,78,1653,2026-07-21,경상남도,미트푸드,양산시,"제조,가공",2026-2-0267,식육포장처리업,미트푸드,양산시 미트푸드,129.02949199866873,35.33988994721305,2026-2-0267,20260945601,미트푸드,식육포장처리업,경상남도 양산시,축산물
분쇄가공육제품,612,2029-07-15,BIZ047,축산물,87,1654,2026-07-16,경상남도,(주)금호푸드시스템,함안군,"제조,가공",2026-2-0266,축산물가공업-식육가공업,금호푸드시스템,함안군 금호푸드시스템,128.51229649950358,35.30432490119547,2026-2-0266,20260951076,(주)금호푸드시스템,축산물가공업-식육가공업,경상남도 함안군,축산물
즉석조리식품,106,2029-07-15,BIZ047,식품,C11300005,1655,2026-07-16,부산광역시,알짜푸드,사하구,"제조,가공",2026-2-0265,식품제조가공업,알짜푸드,사하구 알짜푸드,128.97118499725855,35.05008447185723,2026-2-0265,20060144056,알짜푸드,식품제조가공업,부산광역시 사하구,식품
기타가공품,106,2029-07-14,BIZ047,식품,C11400002,1656,2026-07-15,경상남도,(주)호수,함안군,"제조,가공",2026-2-0264,식품제조가공업,호수,함안군 호수,128.44054829872425,35.269596245156336,2026-2-0264,20260951136,(주)호수,식품제조가공업,경상남도 함안군,식품
기타 농산가공품,106,2029-07-14,BIZ047,식품,C10700014,1657,2026-07-15,경상남도,(주)호수,함안군,"제조,가공",2026-2-0263,식품제조가공업,호수,함안군 호수,128.44054829872425,35.269596245156336,2026-2-0263,20260951136,(주)호수,식품제조가공업,경상남도 함안군,식품
곡류가공품,106,2029-07-14,BIZ047,식품,C10700011,1658,2026-07-15,경상남도,(주)호수,함안군,"제조,가공",2026-2-0262,식품제조가공업,호수,함안군 호수,128.44054829872425,35.269596245156336,2026-2-0262,20260951136,(주)호수,식품제조가공업,경상남도 함안군,식품
당류가공품,106,2029-07-14,BIZ047,식품,C09600012,1659,2026-07-15,부산광역시,주식회사 지니바이오,강서구,"제조,가공",2026-2-0261,식품제조가공업,주식회사 지니바이오,강서구 주식회사 지니바이오,128.97273180190837,35.21662949803266,2026-2-0261,20250203108,주식회사 지니바이오,식품제조가공업,부산광역시 강서구,식품
캔디류,106,2029-07-14,BIZ047,식품,C09300002,1660,2026-07-15,부산광역시,주식회사 지니바이오,강서구,"제조,가공",2026-2-0260,식품제조가공업,주식회사 지니바이오,강서구 주식회사 지니바이오,128.97273180190837,35.21662949803266,2026-2-0260,20250203108,주식회사 지니바이오,식품제조가공업,부산광역시 강서구,식품
기타가공품,106,2029-07-14,BIZ047,식품,C11400002,1661,2026-07-15,부산광역시,주식회사 지니바이오,강서구,"제조,가공",2026-2-0259,식품제조가공업,주식회사 지니바이오,강서구 주식회사 지니바이오,128.97273180190837,35.21662949803266,2026-2-0259,20250203108,주식회사 지니바이오,식품제조가공업,부산광역시 강서구,식품
과ㆍ채가공품,106,2029-07-14,BIZ047,식품,C10700010,1662,2026-07-15,부산광역시,주식회사 지니바이오,강서구,"제조,가공",2026-2-0258,식품제조가공업,주식회사 지니바이오,강서구 주식회사 지니바이오,128.97273180190837,35.21662949803266,2026-2-0258,20250203108,주식회사 지니바이오,식품제조가공업,부산광역시 강서구,식품
효소식품,106,2029-07-14,BIZ047,식품,C10700009,1663,2026-07-15,부산광역시,주식회사 지니바이오,강서구,"제조,가공",2026-2-0257,식품제조가공업,주식회사 지니바이오,강서구 주식회사 지니바이오,128.97273180190837,35.21662949803266,2026-2-0257,20250203108,주식회사 지니바이오,식품제조가공업,부산광역시 강서구,식품
고형차,106,2029-07-14,BIZ047,식품,C10100003,1664,2026-07-15,부산광역시,주식회사 지니바이오,강서구,"제조,가공",2026-2-0256,식품제조가공업,주식회사 지니바이오,강서구 주식회사 지니바이오,128.97273180190837,35.21662949803266,2026-2-0256,20250203108,주식회사 지니바이오,식품제조가공업,부산광역시 강서구,식품
기타 수산물가공품,106,2029-07-13,BIZ047,식품,C11000016,1665,2026-07-14,경상남도,(주)바다드림씨푸드,사천시,"제조,가공",2026-2-0255,식품제조가공업,바다드림씨푸드,사천시 바다드림씨푸드,,,2026-2-0255,20250917262,(주)바다드림씨푸드,식품제조가공업,경상남도 사천시,식품
포장육,604,2029-07-12,BIZ047,축산물,78,1666,2026-07-13,부산광역시,민축산,강서구,"제조,가공",2026-2-0254,식육포장처리업,민축산,강서구 민축산,126.81274630037748,37.57121379936603,2026-2-0254,20260203336,민축산,식육포장처리업,부산광역시 강서구,축산물
식용란수집판매업,635,2029-07-12,BIZ048,축산물,581,1668,2026-07-13,부산광역시,데일리팜,강서구,"유통,판매,조리",2026-2-0252,축산물판매업-식용란수집판매업,데일리팜,강서구 데일리팜,,,2026-2-0252,20220188557,데일리팜,축산물판매업-식용란수집판매업,부산광역시 강서구,축산물
포장육,604,2029-07-09,BIZ047,축산물,78,1669,2026-07-10,부산광역시,주식회사 비에스비,사상구,"제조,가공",2026-2-0251,식육포장처리업,주식회사 비에스비,사상구 주식회사 비에스비,128.98797569959845,35.19441060129124,2026-2-0251,20200154042,주식회사 비에스비,식육포장처리업,부산광역시 사상구,축산물
양념육,612,2029-07-09,BIZ047,축산물,86,1670,2026-07-10,부산광역시,주식회사 비에스비,사상구,"제조,가공",2026-2-0250,축산물가공업-식육가공업,주식회사 비에스비,사상구 주식회사 비에스비,128.98797569959845,35.19441060129124,2026-2-0250,20260167006,주식회사 비에스비,축산물가공업-식육가공업,부산광역시 사상구,축산물
포장육,604,2029-07-08,BIZ047,축산물,78,1671,2026-07-09,경상남도,삼현푸드,창원시 마산합포구,"제조,가공",2026-2-0249,식육포장처리업,삼현푸드,창원시 마산합포구 삼현푸드,,,2026-2-0249,20260907049,삼현푸드,식육포장처리업,경상남도 창원시 마산합포구,축산물
기타 수산물가공품 중 냉동조미가공품,106,2029-07-08,BIZ047,식품,C11900001,1672,2026-07-09,부산광역시,주식회사 두나래씨푸드,사하구,"제조,가공",2026-2-0248,식품제조가공업,주식회사 두나래씨푸드,사하구 주식회사 두나래씨푸드,,,2026-2-0248,20190144303,주식회사 두나래씨푸드,식품제조가공업,부산광역시 사하구,식품
포장육,604,2029-07-06,BIZ047,축산물,78,1673,2026-07-07,경상남도,아라가야 푸드,고성군,"제조,가공",2026-2-0247,식육포장처리업,아라가야 푸드,고성군 아라가야 푸드,128.36886610042157,35.05867510080741,2026-2-0247,20260955033,아라가야 푸드,식육포장처리업,경상남도 고성군,축산물
기타 수산물가공품 중 냉동조미가공품,106,2029-07-06,BIZ047,식품,C11900001,1675,2026-07-07,경상남도,㈜조원물산,통영시,"제조,가공",2026-2-0245,식품제조가공업,㈜조원물산,통영시 ㈜조원물산,128.4268081970831,34.917094796771224,2026-2-0245,19930604119,(주)조원물산,식품제조가공업,경상남도 통영시,식품
"양념육,분쇄가공육제품",612,2029-07-02,BIZ047,축산물,"86,87",1677,2026-07-03,경상남도,아라가야푸드,고성군,"제조,가공",2026-2-0243,축산물가공업-식육가공업,아라가야푸드,고성군 아라가야푸드,128.36886610042157,35.05867510080741,2026-2-0243,20210612229,아라가야푸드,축산물가공업-식육가공업,경상남도 고성군,축산물
어묵,106,2029-07-01,BIZ047,식품,C11000004,1678,2026-07-02,울산광역시,(주)원그대로,울주군,"제조,가공",2026-2-0242,식품제조가공업,원그대로,울주군 원그대로,129.20069640244694,35.43729790329151,2026-2-0242,20240362352,(주)원그대로,식품제조가공업,울산광역시 울주군,식품
가공두부,106,2029-07-01,BIZ047,식품,C09800003,1679,2026-07-02,울산광역시,(주)원그대로,울주군,"제조,가공",2026-2-0241,식품제조가공업,원그대로,울주군 원그대로,129.20069640244694,35.43729790329151,2026-2-0241,20240362352,(주)원그대로,식품제조가공업,울산광역시 울주군,식품
기타 수산물가공품 중 냉동연체류,106,2029-07-01,BIZ047,식품,C11800001,1680,2026-07-02,부산광역시,주식회사 두나래씨푸드,사하구,"제조,가공",2026-2-0240,식품제조가공업,주식회사 두나래씨푸드,사하구 주식회사 두나래씨푸드,,,2026-2-0240,20190144303,주식회사 두나래씨푸드,식품제조가공업,부산광역시 사하구,식품
기타 수산물가공품 중 냉동어류,106,2029-07-01,BIZ047,식품,C11700001,1681,2026-07-02,부산광역시,주식회사 두나래씨푸드,사하구,"제조,가공",2026-2-0239,식품제조가공업,주식회사 두나래씨푸드,사하구 주식회사 두나래씨푸드,,,2026-2-0239,20190144303,주식회사 두나래씨푸드,식품제조가공업,부산광역시 사하구,식품
포장육,604,2029-06-29,BIZ047,축산물,78,1682,2026-06-30,경상남도,주식회사 에스리테일,진주시,"제조,가공",2026-2-0238,식육포장처리업,주식회사 에스리테일,진주시 주식회사 에스리테일,128.16535759616409,35.15445209808684,2026-2-0238,20260926349,주식회사 에스티리테일,식육포장처리업,경상남도 진주시,축산물
커피,106,2029-06-29,BIZ047,식품,C10100004,1683,2026-06-30,부산광역시,모모스커피 주식회사,영도구,"제조,가공",2026-2-0237,식품제조가공업,모모스커피 주식회사,영도구 모모스커피 주식회사,129.04134010329122,35.09314830561165,2026-2-0237,20100147027,모모스커피 주식회사,식품제조가공업,부산광역시 영도구,식품
떡류,106,2029-06-28,BIZ047,식품,C09300005,1684,2026-06-29,경상남도,김덕규베이커리2공장,김해시,"제조,가공",2026-2-0236,식품제조가공업,김덕규베이커리2공장,김해시 김덕규베이커리2공장,,,2026-2-0236,20260935455,김덕규베이커리2공장,식품제조가공업,경상남도 김해시,식품
빵류,106,2029-06-28,BIZ047,식품,C09300004,1685,2026-06-29,경상남도,김덕규베이커리2공장,김해시,"제조,가공",2026-2-0235,식품제조가공업,김덕규베이커리2공장,김해시 김덕규베이커리2공장,,,2026-2-0235,20260935455,김덕규베이커리2공장,식품제조가공업,경상남도 김해시,식품
과자,106,2029-06-28,BIZ047,식품,C09300001,1686,2026-06-29,경상남도,김덕규베이커리2공장,김해시,"제조,가공",2026-2-0234,식품제조가공업,김덕규베이커리2공장,김해시 김덕규베이커리2공장,,,2026-2-0234,20260935455,김덕규베이커리2공장,식품제조가공업,경상남도 김해시,식품
식육판매업,630,2029-06-28,BIZ048,축산물,176,1687,2026-06-29,경상남도,(주)유토푸드,양산시,"유통,판매,조리",2026-2-0233,축산물판매업-식육판매업,유토푸드,양산시 유토푸드,,,2026-2-0233,20250930292,(주)유토푸드,축산물판매업-식육판매업,경상남도 양산시,축산물
식물성크림,106,2029-06-23,BIZ047,식품,C09900026,1689,2026-06-24,경상남도,롯데웰푸드(주),양산시,"제조,가공",2026-2-0231,식품제조가공업,롯데웰푸드,양산시 롯데웰푸드,129.04705649985883,35.371494001027834,2026-2-0231,19780614009,롯데웰푸드(주),식품제조가공업,경상남도 양산시,식품
축산물유통전문판매업,634,2029-06-23,BIZ048,축산물,K00300001,1690,2026-06-24,경상남도,아름푸드,창원시 성산구,"유통,판매,조리",2026-2-0230,축산물판매업-축산물유통전문판매업,아름푸드,창원시 성산구 아름푸드,,,2026-2-0230,20260907048,아름푸드,축산물판매업-축산물유통전문판매업,경상남도 창원시 성산구,축산물
떡류,106,2029-06-23,BIZ047,식품,C09300005,1691,2026-06-24,경상남도,농업회사법인(주)비바연,진주시,"제조,가공",2026-2-0229,식품제조가공업,농업회사법인비바연,진주시 농업회사법인비바연,,,2026-2-0229,20260926367,농업회사법인(주)비바연,식품제조가공업,경상남도 진주시,식품
빵류,106,2029-06-22,BIZ047,식품,C09300004,1692,2026-06-23,부산광역시,용호상회1976,남구,"제조,가공",2026-2-0228,식품제조가공업,용호상회1976,남구 용호상회1976,,,2026-2-0228,20260186094,용호상회1976,식품제조가공업,부산광역시 남구,식품
곡류가공품,106,2029-06-21,BIZ047,식품,C10700011,1693,2026-06-22,경상남도,콩사랑영농조합법인,사천시,"제조,가공",2026-2-0227,식품제조가공업,콩사랑영농조합법인,사천시 콩사랑영농조합법인,127.93908310551436,35.08291453338536,2026-2-0227,20260933015,콩사랑영농조합법인,식품제조가공업,경상남도 사천시,식품
기타 농산가공품,106,2029-06-21,BIZ047,식품,C10700014,1694,2026-06-22,경상남도,콩사랑영농조합법인,사천시,"제조,가공",2026-2-0226,식품제조가공업,콩사랑영농조합법인,사천시 콩사랑영농조합법인,127.93908310551436,35.08291453338536,2026-2-0226,20260933015,콩사랑영농조합법인,식품제조가공업,경상남도 사천시,식품
빵류,106,2029-06-21,BIZ047,식품,C09300004,1695,2026-06-22,부산광역시,올드머그커피앤베이커리 주식회사,해운대구,"제조,가공",2026-2-0225,식품제조가공업,올드머그커피앤베이커리 주식회사,해운대구 올드머그커피앤베이커리 주식회사,129.1245269024271,35.17511669888266,2026-2-0225,20260192346,올드머그커피앤베이커리 주식회사,식품제조가공업,부산광역시 해운대구,식품
과자,106,2029-06-21,BIZ047,식품,C09300001,1696,2026-06-22,부산광역시,올드머그커피앤베이커리 주식회사,해운대구,"제조,가공",2026-2-0224,식품제조가공업,올드머그커피앤베이커리 주식회사,해운대구 올드머그커피앤베이커리 주식회사,129.1245269024271,35.17511669888266,2026-2-0224,20260192346,올드머그커피앤베이커리 주식회사,식품제조가공업,부산광역시 해운대구,식품
소스,106,2029-06-21,BIZ047,식품,C10400003,1697,2026-06-22,경상남도,주식회사 하모니푸드,김해시,"제조,가공",2026-2-0223,식품제조가공업,주식회사 하모니푸드,김해시 주식회사 하모니푸드,128.80498899961185,35.2273352012751,2026-2-0223,20190599699,주식회사 하모니푸드,식품제조가공업,경상남도 김해시,식품
과ㆍ채음료,106,2029-06-18,BIZ047,식품,C10100007,1698,2026-06-19,경상남도,프레시(FRESH),김해시,"제조,가공",2026-2-0222,식품제조가공업,프레시,김해시 프레시,128.81385499974206,35.22975730087077,2026-2-0222,20240919278,프레시(FRESH),식품제조가공업,경상남도 김해시,식품
식육판매업,630,2029-06-18,BIZ048,축산물,176,1699,2026-06-19,울산광역시,푸른푸드,울주군,"유통,판매,조리",2026-2-0221,축산물판매업-식육판매업,푸른푸드,울주군 푸른푸드,,,2026-2-0221,20260366172,푸른푸드,축산물판매업-식육판매업,울산광역시 울주군,축산물
기타발효음료,106,2029-06-17,BIZ047,식품,C10100014,1700,2026-06-18,경상남도,주식회사 마루바이오,양산시,"제조,가공",2026-2-0220,식품제조가공업,주식회사 마루바이오,양산시 주식회사 마루바이오,,,2026-2-0220,20210606928,주식회사 마루바이오,식품제조가공업,경상남도 양산시,식품
기타 수산물가공품,106,2029-06-17,BIZ047,식품,C11000016,1701,2026-06-18,부산광역시,진해물산㈜,강서구,"제조,가공",2026-2-0219,식품제조가공업,진해물산㈜,강서구 진해물산㈜,128.89195200006498,35.118595400398526,2026-2-0219,20010149030,진해물산(주),식품제조가공업,부산광역시 강서구,식품
포장육,604,2029-06-16,BIZ047,축산물,78,1702,2026-06-17,경상남도,청학동푸드,김해시,"제조,가공",2026-2-0218,식육포장처리업,청학동푸드,김해시 청학동푸드,,,2026-2-0218,20250919993,청학동푸드,식육포장처리업,경상남도 김해시,축산물
포장육,604,2029-06-15,BIZ047,축산물,78,1703,2026-06-16,부산광역시,기원에프엔디,강서구,"제조,가공",2026-2-0217,식육포장처리업,기원에프엔디,강서구 기원에프엔디,,,2026-2-0217,20260203191,기원에프엔디,식육포장처리업,부산광역시 강서구,축산물
포장육,604,2029-06-15,BIZ047,축산물,78,1704,2026-06-16,경상남도,농업회사법인 주식회사 지리산 신기흑염소,함양군,"제조,가공",2026-2-0216,식육포장처리업,농업회사법인 주식회사 지리산 신기흑염소,함양군 농업회사법인 주식회사 지리산 신기흑염소,127.716528700016,35.49975030085509,2026-2-0216,20220890137,"농업회사법인 주식회사 지리산
신기흑염소",식육포장처리업,경상남도 함양군,축산물
어육반제품,106,2029-06-15,BIZ047,식품,C11000003,1705,2026-06-16,경상남도,(주)부산어묵,양산시,"제조,가공",2026-2-0215,식품제조가공업,부산어묵,양산시 부산어묵,129.16124810232947,35.41575151908592,2026-2-0215,19960614315,(주)부산어묵,식품제조가공업,경상남도 양산시,식품
즉석조리식품,106,2029-06-15,BIZ047,식품,C11300005,1706,2026-06-16,경상남도,(주)부산어묵,양산시,"제조,가공",2026-2-0214,식품제조가공업,부산어묵,양산시 부산어묵,129.16124810232947,35.41575151908592,2026-2-0214,19960614315,(주)부산어묵,식품제조가공업,경상남도 양산시,식품
기타가공품,106,2029-06-10,BIZ047,식품,C11400002,1708,2026-06-11,경상남도,손수,창원시 의창구,"제조,가공",2026-2-0212,식품제조가공업,손수,창원시 의창구 손수,128.70590929556263,35.3284557964437,2026-2-0212,20240893141,손수,식품제조가공업,경상남도 창원시 의창구,식품
기타 수산물가공품 중 냉동연체류,106,2029-06-10,BIZ047,식품,C11800001,1709,2026-06-11,부산광역시,주식회사 보민푸드,강서구,"제조,가공",2026-2-0211,식품제조가공업,주식회사 보민푸드,강서구 주식회사 보민푸드,,,2026-2-0211,20260203295,주식회사 보민푸드,식품제조가공업,부산광역시 강서구,식품
기타 수산물가공품 중 냉동어류,106,2029-06-10,BIZ047,식품,C11700001,1710,2026-06-11,부산광역시,주식회사 보민푸드,강서구,"제조,가공",2026-2-0210,식품제조가공업,주식회사 보민푸드,강서구 주식회사 보민푸드,,,2026-2-0210,20260203295,주식회사 보민푸드,식품제조가공업,부산광역시 강서구,식품
기타 수산물가공품,106,2029-06-10,BIZ047,식품,C11000016,1711,2026-06-11,부산광역시,주식회사 보민푸드,강서구,"제조,가공",2026-2-0209,식품제조가공업,주식회사 보민푸드,강서구 주식회사 보민푸드,,,2026-2-0209,20260203295,주식회사 보민푸드,식품제조가공업,부산광역시 강서구,식품
"레토르트식품(서류가공품, 두류가공품, 땅콩 또는 견과류가공품 )",106,2029-06-10,BIZ047,식품,C00200001,1712,2026-06-11,경상남도,주식회사 마싯즘,하동군,"제조,가공",2026-2-0208,식품제조가공업,주식회사 마싯즘,하동군 주식회사 마싯즘,127.70103689951588,35.11394490074786,2026-2-0208,20230894133,주식회사 마싯즘,식품제조가공업,경상남도 하동군,식품
기타 수산물가공품 중 냉동조미가공품,106,2029-06-09,BIZ047,식품,C11900001,1713,2026-06-10,부산광역시,(주)더이룸,서구,"제조,가공",2026-2-0207,식품제조가공업,더이룸,서구 더이룸,126.76940290030862,37.68579669841029,2026-2-0207,20120144202,(주)더이룸,식품제조가공업,부산광역시 서구,식품
포장육,604,2029-06-09,BIZ047,축산물,78,1714,2026-06-10,경상남도,가야가 주식회사,김해시,"제조,가공",2026-2-0206,식육포장처리업,가야가 주식회사,김해시 가야가 주식회사,128.8916641973697,35.27211777179341,2026-2-0206,20260935399,가야가 주식회사,식육포장처리업,경상남도 김해시,축산물
양념육,612,2029-06-09,BIZ047,축산물,86,1715,2026-06-10,경상남도,가야가 주식회사,김해시,"제조,가공",2026-2-0205,축산물가공업-식육가공업,가야가 주식회사,김해시 가야가 주식회사,128.8916641973697,35.27211777179341,2026-2-0205,20260935398,가야가 주식회사,축산물가공업-식육가공업,경상남도 김해시,축산물
식육판매업,630,2029-06-08,BIZ048,축산물,176,1716,2026-06-09,경상남도,안심푸드(주),창원시 의창구,"유통,판매,조리",2026-2-0204,축산물판매업-식육판매업,안심푸드,창원시 의창구 안심푸드,,,2026-2-0204,20260907036,안심푸드(주),축산물판매업-식육판매업,경상남도 창원시 의창구,축산물
기타 수산물가공품 중 냉동어류,106,2029-06-07,BIZ047,식품,C11700001,1717,2026-06-08,경상남도,(주)부산어묵,양산시,"제조,가공",2026-2-0203,식품제조가공업,부산어묵,양산시 부산어묵,129.16124810232947,35.41575151908592,2026-2-0203,19960614315,(주)부산어묵,식품제조가공업,경상남도 양산시,식품
기타 수산물가공품 중 냉동어류,106,2029-06-03,BIZ047,식품,C11700001,1718,2026-06-04,경상남도,(주)바다드림씨푸드,사천시,"제조,가공",2026-2-0202,식품제조가공업,바다드림씨푸드,사천시 바다드림씨푸드,,,2026-2-0202,20250917262,(주)바다드림씨푸드,식품제조가공업,경상남도 사천시,식품
기타 수산물가공품 중 냉동연체류,106,2029-06-03,BIZ047,식품,C11800001,1719,2026-06-04,경상남도,(주)바다드림씨푸드,사천시,"제조,가공",2026-2-0201,식품제조가공업,바다드림씨푸드,사천시 바다드림씨푸드,,,2026-2-0201,20250917262,(주)바다드림씨푸드,식품제조가공업,경상남도 사천시,식품
즉석조리식품,106,2029-06-01,BIZ047,식품,C11300005,1720,2026-06-02,부산광역시,주식회사 신의에프앤씨,사상구,"제조,가공",2026-2-0200,식품제조가공업,주식회사 신의에프앤씨,사상구 주식회사 신의에프앤씨,,,2026-2-0200,20260211106,주식회사 신의에프앤씨,식품제조가공업,부산광역시 사상구,식품
당류가공품,106,2029-05-28,BIZ047,식품,C09600012,1722,2026-05-29,경상남도,빅마마씨푸드(주)F3,통영시,"제조,가공",2026-2-0198,식품제조가공업,빅마마씨푸드F3,통영시 빅마마씨푸드F3,,,2026-2-0198,20260930104,빅마마씨푸드(주)F3,식품제조가공업,경상남도 통영시,식품
소스,106,2029-05-28,BIZ047,식품,C10400003,1723,2026-05-29,경상남도,빅마마씨푸드(주)F3,통영시,"제조,가공",2026-2-0197,식품제조가공업,빅마마씨푸드F3,통영시 빅마마씨푸드F3,,,2026-2-0197,20260930104,빅마마씨푸드(주)F3,식품제조가공업,경상남도 통영시,식품
기타가공품,106,2029-05-28,BIZ047,식품,C11400002,1724,2026-05-29,경상남도,빅마마씨푸드(주)F3,통영시,"제조,가공",2026-2-0196,식품제조가공업,빅마마씨푸드F3,통영시 빅마마씨푸드F3,,,2026-2-0196,20260930104,빅마마씨푸드(주)F3,식품제조가공업,경상남도 통영시,식품
과ㆍ채가공품,106,2029-05-28,BIZ047,식품,C10700010,1725,2026-05-29,경상남도,빅마마씨푸드(주)F3,통영시,"제조,가공",2026-2-0195,식품제조가공업,빅마마씨푸드F3,통영시 빅마마씨푸드F3,,,2026-2-0195,20260930104,빅마마씨푸드(주)F3,식품제조가공업,경상남도 통영시,식품
복합조미식품,106,2029-05-28,BIZ047,식품,C10400006,1726,2026-05-29,경상남도,빅마마씨푸드(주)F3,통영시,"제조,가공",2026-2-0194,식품제조가공업,빅마마씨푸드F3,통영시 빅마마씨푸드F3,,,2026-2-0194,20260930104,빅마마씨푸드(주)F3,식품제조가공업,경상남도 통영시,식품
기타 수산물가공품,106,2029-05-28,BIZ047,식품,C11000016,1727,2026-05-29,경상남도,빅마마씨푸드(주)F3,통영시,"제조,가공",2026-2-0193,식품제조가공업,빅마마씨푸드F3,통영시 빅마마씨푸드F3,,,2026-2-0193,20260930104,빅마마씨푸드(주)F3,식품제조가공업,경상남도 통영시,식품
두부,106,2029-05-26,BIZ047,식품,C09800001,1728,2026-05-27,경상남도,해울림영농조합법인,남해군,"제조,가공",2026-2-0192,식품제조가공업,해울림영농조합법인,남해군 해울림영농조합법인,128.05197099978483,34.84988429727664,2026-2-0192,20200613039,해울림영농조합법인,식품제조가공업,경상남도 남해군,식품
김치(기타김치),106,2029-05-25,BIZ047,식품,C10500002,1729,2026-05-26,경상남도,나인푸드,창원시 의창구,"제조,가공",2026-2-0191,식품제조가공업,나인푸드,창원시 의창구 나인푸드,,,2026-2-0191,20250893563,나인푸드,식품제조가공업,경상남도 창원시 의창구,식품
포장육,604,2029-05-25,BIZ047,축산물,78,1730,2026-05-26,부산광역시,(주)푸드엔,남구,"제조,가공",2026-2-0190,식육포장처리업,푸드엔,남구 푸드엔,129.0908583004741,35.12716820067081,2026-2-0190,20180137671,(주)푸드엔,식육포장처리업,부산광역시 남구,축산물
식육판매업,630,2029-05-20,BIZ048,축산물,176,1731,2026-05-21,경상남도,유니축산,창원시 마산회원구,"유통,판매,조리",2026-2-0189,축산물판매업-식육판매업,유니축산,창원시 마산회원구 유니축산,,,2026-2-0189,20260907034,유니축산,축산물판매업-식육판매업,경상남도 창원시 마산회원구,축산물
기타 수산물가공품 중 냉동어류,106,2029-05-20,BIZ047,식품,C11700001,1732,2026-05-21,부산광역시,(주)부산고등어사업단,서구,"제조,가공",2026-2-0188,식품제조가공업,부산고등어사업단,서구 부산고등어사업단,129.00722789447687,35.07270629593776,2026-2-0188,20200128018,(주)부산고등어사업단,식품제조가공업,부산광역시 서구,식품
묵류,106,2029-05-19,BIZ047,식품,C09800004,1733,2026-05-20,경상남도,연식품,창원시 의창구,"제조,가공",2026-2-0187,식품제조가공업,연식품,창원시 의창구 연식품,,,2026-2-0187,20260909064,연식품,식품제조가공업,경상남도 창원시 의창구,식품
혼합음료,106,2029-05-19,BIZ047,식품,C10100016,1734,2026-05-20,경상남도,연식품,창원시 의창구,"제조,가공",2026-2-0186,식품제조가공업,연식품,창원시 의창구 연식품,,,2026-2-0186,20260909064,연식품,식품제조가공업,경상남도 창원시 의창구,식품
두류가공품,106,2029-05-19,BIZ047,식품,C10700012,1735,2026-05-20,경상남도,연식품,창원시 의창구,"제조,가공",2026-2-0185,식품제조가공업,연식품,창원시 의창구 연식품,,,2026-2-0185,20260909064,연식품,식품제조가공업,경상남도 창원시 의창구,식품
두부,106,2029-05-19,BIZ047,식품,C09800001,1736,2026-05-20,경상남도,연식품,창원시 의창구,"제조,가공",2026-2-0184,식품제조가공업,연식품,창원시 의창구 연식품,,,2026-2-0184,20260909064,연식품,식품제조가공업,경상남도 창원시 의창구,식품
가공두부,106,2029-05-19,BIZ047,식품,C09800003,1737,2026-05-20,경상남도,연식품,창원시 의창구,"제조,가공",2026-2-0183,식품제조가공업,연식품,창원시 의창구 연식품,,,2026-2-0183,20260909064,연식품,식품제조가공업,경상남도 창원시 의창구,식품
기타 수산물가공품,106,2029-05-19,BIZ047,식품,C11000016,1738,2026-05-20,경상남도,남바다,거제시,"제조,가공",2026-2-0182,식품제조가공업,남바다,거제시 남바다,128.71226839985223,34.959540699596126,2026-2-0182,20260942173,남바다,식품제조가공업,경상남도 거제시,식품
식육판매업,630,2029-05-18,BIZ048,축산물,176,1739,2026-05-19,경상남도,도아,양산시,"유통,판매,조리",2026-2-0181,축산물판매업-식육판매업,도아,양산시 도아,128.9971999043757,35.311486938624824,2026-2-0181,20260945260,도아,축산물판매업-식육판매업,경상남도 양산시,축산물
식육판매업,630,2029-05-18,BIZ048,축산물,176,1740,2026-05-19,경상남도,가온누리,양산시,"유통,판매,조리",2026-2-0180,축산물판매업-식육판매업,가온누리,양산시 가온누리,128.99134532778191,35.31590205172143,2026-2-0180,20260945259,가온누리,축산물판매업-식육판매업,경상남도 양산시,축산물
포장육,604,2029-05-18,BIZ047,축산물,78,1741,2026-05-19,경상남도,합천축협 하나로마트,합천군,"제조,가공",2026-2-0179,식육포장처리업,합천축협 하나로마트,합천군 합천축협 하나로마트,,,2026-2-0179,20260967029,합천축협 하나로마트,식육포장처리업,경상남도 합천군,축산물
천연향신료,106,2029-05-17,BIZ047,식품,C10400011,1742,2026-05-18,부산광역시,씨제이제일제당주식회사,사하구,"제조,가공",2026-2-0178,식품제조가공업,씨제이제일제당주식회사,사하구 씨제이제일제당주식회사,128.97568789990257,35.08409460076767,2026-2-0178,19910144038,씨제이제일제당주식회사,식품제조가공업,부산광역시 사하구,식품
김치(배추김치),106,2029-05-17,BIZ047,식품,C12300001,1743,2026-05-18,울산광역시,(주)원그대로,울주군,"제조,가공",2026-2-0177,식품제조가공업,원그대로,울주군 원그대로,129.20069640244694,35.43729790329151,2026-2-0177,20240362352,(주)원그대로,식품제조가공업,울산광역시 울주군,식품
포장육,604,2029-05-17,BIZ047,축산물,78,1744,2026-05-18,부산광역시,엘피식품,북구,"제조,가공",2026-2-0176,식육포장처리업,엘피식품,북구 엘피식품,,,2026-2-0176,20260189178,엘피식품,식육포장처리업,부산광역시 북구,축산물
빵류,106,2029-05-17,BIZ047,식품,C09300004,1745,2026-05-18,부산광역시,주식회사 에스나인바이오사이언스,해운대구,"제조,가공",2026-2-0175,식품제조가공업,주식회사 에스나인바이오사이언스,해운대구 주식회사 에스나인바이오사이언스,,,2026-2-0175,20190141526,주식회사 에스나인바이오사이언스,식품제조가공업,부산광역시 해운대구,식품
떡류,106,2029-05-17,BIZ047,식품,C09300005,1746,2026-05-18,부산광역시,주식회사 에스나인바이오사이언스,해운대구,"제조,가공",2026-2-0174,식품제조가공업,주식회사 에스나인바이오사이언스,해운대구 주식회사 에스나인바이오사이언스,,,2026-2-0174,20190141526,주식회사 에스나인바이오사이언스,식품제조가공업,부산광역시 해운대구,식품
과자,106,2029-05-17,BIZ047,식품,C09300001,1747,2026-05-18,부산광역시,주식회사 에스나인바이오사이언스,해운대구,"제조,가공",2026-2-0173,식품제조가공업,주식회사 에스나인바이오사이언스,해운대구 주식회사 에스나인바이오사이언스,,,2026-2-0173,20190141526,주식회사 에스나인바이오사이언스,식품제조가공업,부산광역시 해운대구,식품
포장육,604,2029-05-14,BIZ047,축산물,78,1748,2026-05-15,부산광역시,에스엠푸드,강서구,"제조,가공",2026-2-0172,식육포장처리업,에스엠푸드,강서구 에스엠푸드,128.98617340320442,35.21736995442529,2026-2-0172,20260203078,에스엠푸드,식육포장처리업,부산광역시 강서구,축산물
두류가공품,106,2029-05-13,BIZ047,식품,C10700012,1749,2026-05-14,부산광역시,주식회사 데이즈투컴,사상구,"제조,가공",2026-2-0171,식품제조가공업,주식회사 데이즈투컴,사상구 주식회사 데이즈투컴,128.9859768054188,35.16119449625525,2026-2-0171,20230204409,주식회사 데이즈투컴,식품제조가공업,부산광역시 사상구,식품
기타가공품,106,2029-05-13,BIZ047,식품,C11400002,1750,2026-05-14,울산광역시,세계식품주식회사,울주군,"제조,가공",2026-2-0170,식품제조가공업,세계식품주식회사,울주군 세계식품주식회사,,,2026-2-0170,20170255571,세계식품주식회사,식품제조가공업,울산광역시 울주군,식품
식육판매업,630,2029-05-12,BIZ048,축산물,176,1752,2026-05-13,경상남도,찬솔,양산시,"유통,판매,조리",2026-2-0168,축산물판매업-식육판매업,찬솔,양산시 찬솔,129.02090107072277,35.31110260703071,2026-2-0168,20260945264,찬솔,축산물판매업-식육판매업,경상남도 양산시,축산물
식육판매업,630,2029-05-12,BIZ048,축산물,176,1753,2026-05-13,경상남도,마루,양산시,"유통,판매,조리",2026-2-0167,축산물판매업-식육판매업,마루,양산시 마루,129.01429390462468,35.32699253102045,2026-2-0167,20260945261,마루,축산물판매업-식육판매업,경상남도 양산시,축산물
포장육,604,2029-05-11,BIZ047,축산물,78,1754,2026-05-12,부산광역시,고은푸드,강서구,"제조,가공",2026-2-0166,식육포장처리업,고은푸드,강서구 고은푸드,,,2026-2-0166,20260203234,고은푸드,식육포장처리업,부산광역시 강서구,축산물
식육판매업,630,2029-05-11,BIZ048,축산물,176,1755,2026-05-12,경상남도,여미,양산시,"유통,판매,조리",2026-2-0165,축산물판매업-식육판매업,여미,양산시 여미,129.00135829961312,35.31846310067925,2026-2-0165,20260945263,여미,축산물판매업-식육판매업,경상남도 양산시,축산물
식육판매업,630,2029-05-11,BIZ048,축산물,176,1756,2026-05-12,경상남도,보나,양산시,"유통,판매,조리",2026-2-0164,축산물판매업-식육판매업,보나,양산시 보나,129.17069039979168,35.402709801188344,2026-2-0164,20260945262,보나,축산물판매업-식육판매업,경상남도 양산시,축산물
기타가공품,106,2029-05-07,BIZ047,식품,C11400002,1757,2026-05-08,경상남도,채움에프앤비농업회사법인주식회사,거창군,"제조,가공",2026-2-0163,식품제조가공업,채움에프앤비농업회사법인주식회사,거창군 채움에프앤비농업회사법인주식회사,128.02686920016322,35.68467720090457,2026-2-0163,20210617177,채움에프앤비농업회사법인주식회사,식품제조가공업,경상남도 거창군,식품
포장육,604,2029-05-06,BIZ047,축산물,78,1758,2026-05-07,경상남도,(주)디더블유컴퍼니,김해시,"제조,가공",2026-2-0162,식육포장처리업,디더블유컴퍼니,김해시 디더블유컴퍼니,128.81708329746732,35.22434710224935,2026-2-0162,20070608058,(주)디더블유컴퍼니,식육포장처리업,경상남도 김해시,축산물
기타 수산물가공품 중 냉동연체류,106,2029-05-05,BIZ047,식품,C11800001,1759,2026-05-06,경상남도,바른푸드,김해시,"제조,가공",2026-2-0161,식품제조가공업,바른푸드,김해시 바른푸드,128.90394279998716,35.240318200132734,2026-2-0161,20260935214,바른푸드,식품제조가공업,경상남도 김해시,식품
포장육,604,2029-05-05,BIZ047,축산물,78,1760,2026-05-06,경상남도,육류당,양산시,"제조,가공",2026-2-0160,식육포장처리업,육류당,양산시 육류당,129.05377250005571,35.367074401316465,2026-2-0160,20200607697,육류당,식육포장처리업,경상남도 양산시,축산물
식육추출가공품,612,2029-05-05,BIZ047,축산물,89,1761,2026-05-06,경상남도,거제사슴영농조합,거제시,"제조,가공",2026-2-0159,축산물가공업-식육가공업,거제사슴영농조합,거제시 거제사슴영농조합,128.59252300107792,34.85370270367109,2026-2-0159,20020612459,거제사슴영농조합법인,식품제조가공업,경상남도 거제시,식품
양념육,612,2029-05-05,BIZ047,축산물,86,1762,2026-05-06,경상남도,제일축산,양산시,"제조,가공",2026-2-0158,축산물가공업-식육가공업,제일축산,양산시 제일축산,129.0183005005788,35.32642469671777,2026-2-0158,20260945350,제일축산,축산물가공업-식육가공업,경상남도 양산시,축산물
음료베이스,106,2029-05-05,BIZ047,식품,C10100017,1763,2026-05-06,경상남도,(주)엔트리,양산시,"제조,가공",2026-2-0157,식품제조가공업,엔트리,양산시 엔트리,129.15535579996623,35.3696839004716,2026-2-0157,20170614111,(주)엔트리,식품제조가공업,경상남도 양산시,식품
포장육,604,2029-04-28,BIZ047,축산물,78,1764,2026-04-29,울산광역시,(주)에스앤미트,울주군,"제조,가공",2026-2-0156,식육포장처리업,에스앤미트,울주군 에스앤미트,,,2026-2-0156,20260366063,(주)에스앤미트,식육포장처리업,울산광역시 울주군,축산물
양념육,612,2029-04-28,BIZ047,축산물,86,1765,2026-04-29,울산광역시,(주)에스앤미트,울주군,"제조,가공",2026-2-0155,축산물가공업-식육가공업,에스앤미트,울주군 에스앤미트,,,2026-2-0155,20260349001,(주)에스앤미트,축산물가공업-식육가공업,울산광역시 울주군,축산물
기타 수산물가공품 중 냉동조미가공품,106,2029-04-28,BIZ047,식품,C11900001,1766,2026-04-29,부산광역시,(주)오션에프에스,서구,"제조,가공",2026-2-0154,식품제조가공업,오션에프에스,서구 오션에프에스,129.01122400255866,35.0554324965903,2026-2-0154,20200128024,(주)오션에프에스,식품제조가공업,부산광역시 서구,식품
절임식품,106,2029-04-27,BIZ047,식품,C10500003,1767,2026-04-28,부산광역시,(주)더이룸,서구,"제조,가공",2026-2-0153,식품제조가공업,더이룸,서구 더이룸,126.76940290030862,37.68579669841029,2026-2-0153,20120144202,이룸유통,식품제조가공업,부산광역시 사하구,식품
양념육,612,2029-04-27,BIZ047,축산물,86,1770,2026-04-28,부산광역시,쿠시코보,사상구,"제조,가공",2026-2-0150,축산물가공업-식육가공업,쿠시코보,사상구 쿠시코보,,,2026-2-0150,20260167004,쿠시코보,축산물가공업-식육가공업,부산광역시 사상구,축산물
식육판매업,630,2029-04-27,BIZ048,축산물,176,1771,2026-04-28,울산광역시,백호푸드,울주군,"유통,판매,조리",2026-2-0149,축산물판매업-식육판매업,백호푸드,울주군 백호푸드,,,2026-2-0149,20180260268,백호푸드,축산물판매업-식육판매업,울산광역시 울주군,축산물
빵류,106,2029-04-27,BIZ047,식품,C09300004,1772,2026-04-28,부산광역시,주식회사 명가정항우케익,기장군,"제조,가공",2026-2-0148,식품제조가공업,주식회사 명가정항우케익,기장군 주식회사 명가정항우케익,,,2026-2-0148,20250214757,주식회사 명가정항우케익,식품제조가공업,부산광역시 기장군,식품
과자,106,2029-04-27,BIZ047,식품,C09300001,1773,2026-04-28,부산광역시,주식회사 명가정항우케익,기장군,"제조,가공",2026-2-0147,식품제조가공업,주식회사 명가정항우케익,기장군 주식회사 명가정항우케익,,,2026-2-0147,20250214757,주식회사 명가정항우케익,식품제조가공업,부산광역시 기장군,식품
빙과,106,2029-04-27,BIZ047,식품,C09400001,1774,2026-04-28,경상남도,(주)나루아토,진주시,"제조,가공",2026-2-0146,식품제조가공업,나루아토,진주시 나루아토,128.16198280062244,35.1572767394255,2026-2-0146,20240911005,(주)나루아토,식품제조가공업,경상남도 진주시,식품
포장육,604,2029-04-27,BIZ047,축산물,78,1775,2026-04-28,부산광역시,주식회사 이프라임 영남,기장군,"제조,가공",2026-2-0145,식육포장처리업,주식회사 이프라임 영남,기장군 주식회사 이프라임 영남,,,2026-2-0145,20260214021,주식회사 이프라임 영남,식육포장처리업,부산광역시 기장군,축산물
분쇄가공육제품,612,2029-04-27,BIZ047,축산물,87,1776,2026-04-28,경상남도,(주)더태양,양산시,"제조,가공",2026-2-0144,축산물가공업-식육가공업,더태양,양산시 더태양,129.1677053017244,35.411484198619206,2026-2-0144,20260945195,(주)더태양,축산물가공업-식육가공업,경상남도 양산시,축산물
빵류,106,2029-04-23,BIZ047,식품,C09300004,1777,2026-04-24,울산광역시,제이알 코리아,울주군,"제조,가공",2026-2-0143,식품제조가공업,제이알 코리아,울주군 제이알 코리아,,,2026-2-0143,20260366100,제이알 코리아,식품제조가공업,울산광역시 울주군,식품
과ㆍ채가공품,106,2029-04-21,BIZ047,식품,C10700010,1778,2026-04-22,부산광역시,성오유통(주),강서구,"제조,가공",2026-2-0142,식품제조가공업,성오유통,강서구 성오유통,,,2026-2-0142,20260203108,성오유통(주),식품제조가공업,부산광역시 강서구,식품
빵류,106,2029-04-21,BIZ047,식품,C09300004,1779,2026-04-22,부산광역시,사운즈커피 래미안포레스티지점(주),동래구,"제조,가공",2026-2-0141,식품제조가공업,사운즈커피 래미안포레스티지점,동래구 사운즈커피 래미안포레스티지점,129.07866389587605,35.21846340316671,2026-2-0141,20250182173,사운즈커피 래미안포레스티지점(주),식품제조가공업,부산광역시 동래구,식품
식육판매업,630,2029-04-21,BIZ048,축산물,176,1780,2026-04-22,울산광역시,파인컴퍼니,북구,"유통,판매,조리",2026-2-0140,축산물판매업-식육판매업,파인컴퍼니,북구 파인컴퍼니,,,2026-2-0140,20260363108,파인컴퍼니,축산물판매업-식육판매업,울산광역시 북구,축산물
식육판매업,630,2029-04-21,BIZ048,축산물,176,1781,2026-04-22,울산광역시,에스제이컴퍼니,북구,"유통,판매,조리",2026-2-0139,축산물판매업-식육판매업,에스제이컴퍼니,북구 에스제이컴퍼니,128.58709100579517,35.88536231128035,2026-2-0139,20260363107,에스제이컴퍼니,축산물판매업-식육판매업,울산광역시 북구,축산물
김치(배추김치),106,2029-04-21,BIZ047,식품,C12300001,1782,2026-04-22,부산광역시,(주)유니버셜팜,기장군,"제조,가공",2026-2-0138,식품제조가공업,유니버셜팜,기장군 유니버셜팜,129.21288639664814,35.234859203435384,2026-2-0138,20250214237,(주)유니버셜팜,식품제조가공업,부산광역시 기장군,식품
포장육,604,2029-04-19,BIZ047,축산물,78,1783,2026-04-20,부산광역시,부산최가네(주),기장군,"제조,가공",2026-2-0137,식육포장처리업,부산최가네,기장군 부산최가네,,,2026-2-0137,20220199788,부산최가네(주),식육포장처리업,부산광역시 기장군,축산물
식육판매업,630,2029-04-16,BIZ048,축산물,176,1784,2026-04-17,경상남도,지니에프앤씨,창원시 진해구,"유통,판매,조리",2026-2-0136,축산물판매업-식육판매업,지니에프앤씨,창원시 진해구 지니에프앤씨,,,2026-2-0136,20260907030,지니에프앤씨,축산물판매업-식육판매업,경상남도 창원시 진해구,축산물
포장육,604,2029-04-16,BIZ047,축산물,78,1785,2026-04-17,경상남도,(주)해드림에프에스,창녕군,"제조,가공",2026-2-0135,식육포장처리업,해드림에프에스,창녕군 해드림에프에스,128.47756329757095,35.55490770780752,2026-2-0135,20150618165,(주)해드림에프에스,식육포장처리업,경상남도 창녕군,축산물
식육판매업,630,2029-04-16,BIZ048,축산물,176,1786,2026-04-17,경상남도,윤림F&S,창원시 의창구,"유통,판매,조리",2026-2-0134,축산물판매업-식육판매업,윤림F&S,창원시 의창구 윤림F&S,,,2026-2-0134,20260907026,윤림F&S,축산물판매업-식육판매업,경상남도 창원시 의창구,축산물
즉석조리식품,106,2029-04-16,BIZ047,식품,C11300005,1787,2026-04-17,경상남도,(주)해드림에프에스,창녕군,"제조,가공",2026-2-0133,식품제조가공업,해드림에프에스,창녕군 해드림에프에스,128.47756329757095,35.55490770780752,2026-2-0133,20090618022,(주)해드림에프에스,식품제조가공업,경상남도 창녕군,식품
축산물유통전문판매업,634,2029-04-16,BIZ048,축산물,K00300001,1788,2026-04-17,경상남도,호야축산,김해시,"유통,판매,조리",2026-2-0132,축산물판매업-축산물유통전문판매업,호야축산,김해시 호야축산,128.84690929956452,35.19768060118551,2026-2-0132,20200599096,호야축산,축산물판매업-식육판매업,경상남도 김해시,축산물
기타 수산물가공품 중 냉동어류,106,2029-04-15,BIZ047,식품,C11700001,1789,2026-04-16,경상남도,바른푸드,김해시,"제조,가공",2026-2-0131,식품제조가공업,바른푸드,김해시 바른푸드,128.90394279998716,35.240318200132734,2026-2-0131,20260935214,바른푸드,식품제조가공업,경상남도 김해시,식품
포장육,604,2029-04-15,BIZ047,축산물,78,1790,2026-04-16,부산광역시,육송식품,기장군,"제조,가공",2026-2-0130,식육포장처리업,육송식품,기장군 육송식품,,,2026-2-0130,20260214108,육송식품,식육포장처리업,부산광역시 기장군,축산물
양념육,612,2029-04-15,BIZ047,축산물,86,1791,2026-04-16,부산광역시,육송식품,기장군,"제조,가공",2026-2-0129,축산물가공업-식육가공업,육송식품,기장군 육송식품,,,2026-2-0129,20260167003,육송식품,축산물가공업-식육가공업,부산광역시 기장군,축산물
향미유,106,2029-04-14,BIZ047,식품,C09900021,1792,2026-04-15,경상남도,농업회사법인(주)힐링팜,거창군,"제조,가공",2026-2-0128,식품제조가공업,농업회사법인힐링팜,거창군 농업회사법인힐링팜,,,2026-2-0128,20090624059,농업회사법인(주)힐링팜,식품제조가공업,경상남도 거창군,식품
곡류가공품,106,2029-04-14,BIZ047,식품,C10700011,1793,2026-04-15,부산광역시,동원수산㈜부산공장,사하구,"제조,가공",2026-2-0127,식품제조가공업,동원수산㈜부산공장,사하구 동원수산㈜부산공장,128.97942550111716,35.08288927419381,2026-2-0127,19900144061,동원수산(주)부산공장,식품제조가공업,부산광역시 사하구,식품
식육판매업,630,2029-04-14,BIZ048,축산물,176,1794,2026-04-15,경상남도,청윤F&C,창원시 의창구,"유통,판매,조리",2026-2-0126,축산물판매업-식육판매업,청윤F&C,창원시 의창구 청윤F&C,,,2026-2-0126,20260907028,청윤F&C,축산물판매업-식육판매업,경상남도 창원시 의창구,축산물
기타 수산물가공품 중 냉동조미가공품,106,2029-04-13,BIZ047,식품,C11900001,1795,2026-04-14,부산광역시,(주)이씨푸드,사하구,"제조,가공",2026-2-0125,식품제조가공업,이씨푸드,사하구 이씨푸드,128.9738314995412,35.07344600101257,2026-2-0125,20160599016,(주)서진참치,식품제조가공업,경상남도 창원시 진해구,식품
빵류,106,2029-04-12,BIZ047,식품,C09300004,1798,2026-04-13,경상남도,(주)메이드인케이크,김해시,"제조,가공",2026-2-0122,식품제조가공업,메이드인케이크,김해시 메이드인케이크,,,2026-2-0122,20260935170,(주)메이드인케이크,식품제조가공업,경상남도 김해시,식품
과자,106,2029-04-12,BIZ047,식품,C09300001,1799,2026-04-13,경상남도,(주)메이드인케이크,김해시,"제조,가공",2026-2-0121,식품제조가공업,메이드인케이크,김해시 메이드인케이크,,,2026-2-0121,20260935170,(주)메이드인케이크,식품제조가공업,경상남도 김해시,식품
식육판매업,630,2029-04-08,BIZ048,축산물,176,1800,2026-04-09,울산광역시,정안미트,울주군,"유통,판매,조리",2026-2-0120,축산물판매업-식육판매업,정안미트,울주군 정안미트,,,2026-2-0120,20260366074,정안미트,축산물판매업-식육판매업,울산광역시 울주군,축산물
신선편의식품,106,2029-04-08,BIZ047,식품,C11300004,1801,2026-04-09,경상남도,도원외식산업,진주시,"제조,가공",2026-2-0119,식품제조가공업,도원외식산업,진주시 도원외식산업,128.1032956002976,35.125799500570686,2026-2-0119,19910601097,도원외식산업,식품제조가공업,경상남도 진주시,식품
포장육,604,2029-04-08,BIZ047,축산물,78,1802,2026-04-09,경상남도,새벽축산,창원시 마산합포구,"제조,가공",2026-2-0118,식육포장처리업,새벽축산,창원시 마산합포구 새벽축산,,,2026-2-0118,20260907015,새벽축산,식육포장처리업,경상남도 창원시 마산합포구,축산물
기타가공품,106,2029-04-07,BIZ047,식품,C11400002,1803,2026-04-08,부산광역시,주식회사 데이즈투컴,사상구,"제조,가공",2026-2-0117,식품제조가공업,주식회사 데이즈투컴,사상구 주식회사 데이즈투컴,128.9859768054188,35.16119449625525,2026-2-0117,20230204409,주식회사 데이즈투컴,식품제조가공업,부산광역시 사상구,식품
기타 수산물가공품 중 냉동조미가공품,106,2029-04-06,BIZ047,식품,C11900001,1805,2026-04-07,경상남도,근해장어통발수산업협동조합산지가공공장,통영시,"제조,가공",2026-2-0115,식품제조가공업,근해장어통발수산업협동조합산지가공공장,통영시 근해장어통발수산업협동조합산지가공공장,,,2026-2-0115,20130604145,근해장어통발수산업협동조합산지가공공장,식품제조가공업,경상남도 통영시,식품
포장육,604,2029-04-06,BIZ047,축산물,78,1806,2026-04-07,부산광역시,이든미트,사상구,"제조,가공",2026-2-0114,식육포장처리업,이든미트,사상구 이든미트,128.9811574984369,35.153184400185964,2026-2-0114,20250211386,이든미트,식육포장처리업,부산광역시 사상구,축산물
음료베이스,106,2029-04-06,BIZ047,식품,C10100017,1807,2026-04-07,경상남도,동아오츠카㈜,함안군,"제조,가공",2026-2-0113,식품제조가공업,동아오츠카㈜,함안군 동아오츠카㈜,128.47965700264075,35.368106402789486,2026-2-0113,19960617053,동아오츠카(주),식품제조가공업,경상남도 함안군,식품
양념육,612,2029-04-01,BIZ047,축산물,86,1808,2026-04-02,울산광역시,(주)123푸드2공장,울주군,"제조,가공",2026-2-0112,축산물가공업-식육가공업,123푸드2공장,울주군 123푸드2공장,,,2026-2-0112,20250345004,(주)123푸드2공장,축산물가공업-식육가공업,울산광역시 울주군,축산물
포장육,604,2029-04-01,BIZ047,축산물,78,1809,2026-04-02,울산광역시,(주)123푸드 2공장,울주군,"제조,가공",2026-2-0111,식육포장처리업,123푸드 2공장,울주군 123푸드 2공장,,,2026-2-0111,20250362685,(주)123푸드 2공장,식육포장처리업,울산광역시 울주군,축산물
기타가공품,106,2029-04-01,BIZ047,식품,C11400002,1810,2026-04-02,부산광역시,(주)푸드어셈블,기장군,"제조,가공",2026-2-0110,식품제조가공업,푸드어셈블,기장군 푸드어셈블,129.27029159954728,35.35944950052438,2026-2-0110,20180137238,(주)푸드어셈블,식품제조가공업,부산광역시 남구,식품
기타 수산물가공품 중 냉동어류,106,2029-04-01,BIZ047,식품,C11700001,1811,2026-04-02,부산광역시,(주)이씨푸드,사하구,"제조,가공",2026-2-0109,식품제조가공업,이씨푸드,사하구 이씨푸드,128.9738314995412,35.07344600101257,2026-2-0109,20160599016,(주)이씨푸드,식품제조가공업,부산광역시 사하구,식품
기타 수산물가공품,106,2029-04-01,BIZ047,식품,C11000016,1812,2026-04-02,부산광역시,(주)이씨푸드,사하구,"제조,가공",2026-2-0108,식품제조가공업,이씨푸드,사하구 이씨푸드,128.9738314995412,35.07344600101257,2026-2-0108,20160599016,(주)서진참치,식품제조가공업,경상남도 창원시 진해구,식품
기타 수산물가공품 중 냉동연체류,106,2029-04-01,BIZ047,식품,C11800001,1813,2026-04-02,부산광역시,(주)이씨푸드,사하구,"제조,가공",2026-2-0107,식품제조가공업,이씨푸드,사하구 이씨푸드,128.9738314995412,35.07344600101257,2026-2-0107,20160599016,(주)서진참치,식품제조가공업,경상남도 창원시 진해구,식품
기타 수산물가공품 중 냉동조미가공품,106,2029-04-01,BIZ047,식품,C11900001,1814,2026-04-02,부산광역시,㈜복주,사하구,"제조,가공",2026-2-0106,식품제조가공업,㈜복주,사하구 ㈜복주,128.9729167051737,35.07993500411093,2026-2-0106,20090144260,(주)복주,식품제조가공업,부산광역시 사하구,식품
복합조미식품,106,2029-03-31,BIZ047,식품,C10400006,1815,2026-04-01,경상남도,화창푸드시스템주식회사 향촌제2공장,사천시,"제조,가공",2026-2-0105,식품제조가공업,화창푸드시스템주식회사 향촌제2공장,사천시 화창푸드시스템주식회사 향촌제2공장,,,2026-2-0105,20260933028,화창푸드시스템주식회사 향촌제2공장,식품제조가공업,경상남도 사천시,식품
소스,106,2029-03-31,BIZ047,식품,C10400003,1816,2026-04-01,경상남도,화창푸드시스템주식회사 향촌제2공장,사천시,"제조,가공",2026-2-0104,식품제조가공업,화창푸드시스템주식회사 향촌제2공장,사천시 화창푸드시스템주식회사 향촌제2공장,,,2026-2-0104,20260933028,화창푸드시스템주식회사 향촌제2공장,식품제조가공업,경상남도 사천시,식품
"양념육,분쇄가공육제품",612,2029-03-31,BIZ047,축산물,"86,87",1817,2026-04-01,경상남도,(주)대산푸드 주촌,김해시,"제조,가공",2026-2-0103,축산물가공업-식육가공업,대산푸드 주촌,김해시 대산푸드 주촌,,,2026-2-0103,20250920543,(주)대산푸드 주촌,축산물가공업-식육가공업,경상남도 김해시,축산물
기타 식용유지가공품,106,2029-03-30,BIZ047,식품,C09900027,1818,2026-03-31,경상남도,(주)케이지앤에프,김해시,"제조,가공",2026-2-0102,식품제조가공업,케이지앤에프,김해시 케이지앤에프,128.7698667003787,35.232694300625894,2026-2-0102,19880607021,(주)케이지앤에프,식품제조가공업,경상남도 김해시,식품
조미건어포,106,2029-03-26,BIZ047,식품,C11000011,1819,2026-03-27,부산광역시,(주)명성리프레쉬,사하구,"제조,가공",2026-2-0101,식품제조가공업,명성리프레쉬,사하구 명성리프레쉬,128.97560149976778,35.07567890107528,2026-2-0101,19850144063,(주)명성리프레쉬,식품제조가공업,부산광역시 사하구,식품
양념육,612,2029-03-23,BIZ047,축산물,86,1820,2026-03-24,부산광역시,주식회사 한창미트,사하구,"제조,가공",2026-2-0100,축산물가공업-식육가공업,주식회사 한창미트,사하구 주식회사 한창미트,,,2026-2-0100,20260167001,주식회사 한창미트,축산물가공업-식육가공업,부산광역시 사하구,축산물
식육판매업,630,2029-03-23,BIZ048,축산물,176,1821,2026-03-24,경상남도,삼현푸드,창원시 마산합포구,"유통,판매,조리",2026-2-0099,축산물판매업-식육판매업,삼현푸드,창원시 마산합포구 삼현푸드,,,2026-2-0099,20260907014,삼현푸드,축산물판매업-식육판매업,경상남도 창원시 마산합포구,축산물
기타 수산물가공품 중 냉동조미가공품,106,2029-03-23,BIZ047,식품,C11900001,1822,2026-03-24,부산광역시,동원산업㈜부산공장,서구,"제조,가공",2026-2-0098,식품제조가공업,동원산업㈜부산공장,서구 동원산업㈜부산공장,129.011514400047,35.06611154099401,2026-2-0098,19990128291,동원산업(주)부산공장,식품제조가공업,부산광역시 서구,식품
기타 수산물가공품 중 냉동어류,106,2029-03-22,BIZ047,식품,C11700001,1823,2026-03-23,경상남도,(주)해서물산,김해시,"제조,가공",2026-2-0097,식품제조가공업,해서물산,김해시 해서물산,128.83741410004728,35.199024771235656,2026-2-0097,20130607034,(주)해서물산,식품제조가공업,경상남도 김해시,식품
기타 수산물가공품 중 냉동연체류,106,2029-03-22,BIZ047,식품,C11800001,1824,2026-03-23,경상남도,(주)해서물산,김해시,"제조,가공",2026-2-0096,식품제조가공업,해서물산,김해시 해서물산,128.83741410004728,35.199024771235656,2026-2-0096,20130607034,(주)해서물산,식품제조가공업,경상남도 김해시,식품
기타식물성유지,106,2029-03-19,BIZ047,식품,C09900017,1825,2026-03-20,경상남도,(주)케이지앤에프,김해시,"제조,가공",2026-2-0095,식품제조가공업,케이지앤에프,김해시 케이지앤에프,128.7698667003787,35.232694300625894,2026-2-0095,19880607021,(주)케이지앤에프,식품제조가공업,경상남도 김해시,식품
두류가공품,106,2029-03-18,BIZ047,식품,C10700012,1826,2026-03-19,경상남도,콩사랑영농조합법인,사천시,"제조,가공",2026-2-0094,식품제조가공업,콩사랑영농조합법인,사천시 콩사랑영농조합법인,127.93908310551436,35.08291453338536,2026-2-0094,20260933015,콩사랑영농조합법인,식품제조가공업,경상남도 사천시,식품
포장육,604,2029-03-15,BIZ047,축산물,78,1827,2026-03-16,부산광역시,제이푸드,해운대구,"제조,가공",2026-2-0093,식육포장처리업,제이푸드,해운대구 제이푸드,129.13340880001115,35.166415299914334,2026-2-0093,20260192144,제이푸드,식육포장처리업,부산광역시 해운대구,축산물
기타 수산물가공품 중 냉동조미가공품,106,2029-03-15,BIZ047,식품,C11900001,1828,2026-03-16,경상남도,농업회사법인(주) 콧털삼촌,고성군,"제조,가공",2026-2-0092,식품제조가공업,농업회사법인 콧털삼촌,고성군 농업회사법인 콧털삼촌,128.45746050386734,35.03973526464017,2026-2-0092,20250939121,농업회사법인(주) 콧털삼촌,식품제조가공업,경상남도 고성군,식품
캔디류,106,2029-03-15,BIZ047,식품,C09300002,1829,2026-03-16,경상남도,슬로푸드 주식회사 농업회사법인,하동군,"제조,가공",2026-2-0091,식품제조가공업,슬로푸드 주식회사 농업회사법인,하동군 슬로푸드 주식회사 농업회사법인,127.7179300974991,35.090888299994724,2026-2-0091,20210614032,슬로푸드 주식회사 농업회사법인,식품제조가공업,경상남도 하동군,식품
즉석섭취식품,106,2029-03-15,BIZ047,식품,C11300003,1830,2026-03-16,부산광역시,(주)밥스컴퍼니,기장군,"제조,가공",2026-2-0090,식품제조가공업,밥스컴퍼니,기장군 밥스컴퍼니,,,2026-2-0090,20260214049,(주)밥스컴퍼니,식품제조가공업,부산광역시 기장군,식품
김치(기타김치),106,2029-03-15,BIZ047,식품,C10500002,1831,2026-03-16,부산광역시,(주)밥스컴퍼니,기장군,"제조,가공",2026-2-0089,식품제조가공업,밥스컴퍼니,기장군 밥스컴퍼니,,,2026-2-0089,20260214049,(주)밥스컴퍼니,식품제조가공업,부산광역시 기장군,식품
식육판매업,630,2029-03-12,BIZ048,축산물,176,1832,2026-03-13,경상남도,진영유통,김해시,"유통,판매,조리",2026-2-0088,축산물판매업-식육판매업,진영유통,김해시 진영유통,128.71747380402724,35.27741670122088,2026-2-0088,20260935141,진영유통,축산물판매업-식육판매업,경상남도 김해시,축산물
포장육,604,2029-03-12,BIZ047,축산물,78,1833,2026-03-13,부산광역시,가온유통,강서구,"제조,가공",2026-2-0087,식육포장처리업,가온유통,강서구 가온유통,,,2026-2-0087,20260203049,가온유통,식육포장처리업,부산광역시 강서구,축산물
식육판매업,630,2029-03-12,BIZ048,축산물,176,1834,2026-03-13,경상남도,해성유통,김해시,"유통,판매,조리",2026-2-0086,축산물판매업-식육판매업,해성유통,김해시 해성유통,128.88337130029785,35.23483160059884,2026-2-0086,20260935178,해성유통,축산물판매업-식육판매업,경상남도 김해시,축산물
기타 수산물가공품,106,2029-03-12,BIZ047,식품,C11000016,1835,2026-03-13,경상남도,주식회사 용이씨푸드,창원시 마산합포구,"제조,가공",2026-2-0085,식품제조가공업,주식회사 용이씨푸드,창원시 마산합포구 주식회사 용이씨푸드,,,2026-2-0085,20250901610,주식회사 용이씨푸드,식품제조가공업,경상남도 창원시 마산합포구,식품
기타 수산물가공품 중 냉동연체류,106,2029-03-11,BIZ047,식품,C11800001,1836,2026-03-12,부산광역시,(주)비지오션,사하구,"제조,가공",2026-2-0084,식품제조가공업,비지오션,사하구 비지오션,128.95573410051517,35.08013520112239,2026-2-0084,20230189112,(주)비지오션,식품제조가공업,부산광역시 사하구,식품
포장육,604,2029-03-10,BIZ047,축산물,78,1838,2026-03-11,부산광역시,코베스,강서구,"제조,가공",2026-2-0082,식육포장처리업,코베스,강서구 코베스,,,2026-2-0082,20200149702,코베스,식육포장처리업,부산광역시 강서구,축산물
냉동식품 중 만두,106,2029-03-10,BIZ047,식품,C12000001,1839,2026-03-11,울산광역시,해뜰식품,중구,"제조,가공",2026-2-0081,식품제조가공업,해뜰식품,중구 해뜰식품,,,2026-2-0081,20250347461,해뜰식품,식품제조가공업,울산광역시 중구,식품
기타 수산물가공품,106,2029-03-09,BIZ047,식품,C11000016,1840,2026-03-10,부산광역시,(주)해청수산,서구,"제조,가공",2026-2-0080,식품제조가공업,해청수산,서구 해청수산,129.01122400255866,35.0554324965903,2026-2-0080,20170128005,(주)해청수산,식품제조가공업,부산광역시 서구,식품
기타 수산물가공품,106,2029-03-08,BIZ047,식품,C11000016,1841,2026-03-09,부산광역시,(주)더이룸,서구,"제조,가공",2026-2-0079,식품제조가공업,더이룸,서구 더이룸,126.76940290030862,37.68579669841029,2026-2-0079,20120144202,이룸유통,식품제조가공업,부산광역시 사하구,식품
효소식품,106,2029-03-08,BIZ047,식품,C10700009,1842,2026-03-09,경상남도,주식회사 일백,남해군,"제조,가공",2026-2-0078,식품제조가공업,주식회사 일백,남해군 주식회사 일백,127.88948270021176,34.8646190008672,2026-2-0078,20070620047,주식회사 일백,식품제조가공업,경상남도 남해군,식품
복합조미식품,106,2029-03-08,BIZ047,식품,C10400006,1843,2026-03-09,울산광역시,(주)원그대로,울주군,"제조,가공",2026-2-0077,식품제조가공업,원그대로,울주군 원그대로,129.20069640244694,35.43729790329151,2026-2-0077,20240362352,(주)원그대로,식품제조가공업,울산광역시 울주군,식품
식육추출가공품,612,2029-03-08,BIZ047,축산물,89,1844,2026-03-09,울산광역시,(주)사랑밭,울주군,"제조,가공",2026-2-0076,축산물가공업-식육가공업,사랑밭,울주군 사랑밭,,,2026-2-0076,20250345003,(주)사랑밭,축산물가공업-식육가공업,울산광역시 울주군,축산물
즉석조리식품,106,2029-03-08,BIZ047,식품,C11300005,1845,2026-03-09,울산광역시,(주)사랑밭,울주군,"제조,가공",2026-2-0075,식품제조가공업,사랑밭,울주군 사랑밭,,,2026-2-0075,20250362705,(주)사랑밭,식품제조가공업,울산광역시 울주군,식품
포장육,604,2029-03-05,BIZ047,축산물,78,1846,2026-03-06,부산광역시,호나푸드,기장군,"제조,가공",2026-2-0074,식육포장처리업,호나푸드,기장군 호나푸드,129.21495950008668,35.243240580457325,2026-2-0074,20260214033,호나푸드,식육포장처리업,부산광역시 기장군,축산물
간편조리세트,106,2029-03-05,BIZ047,식품,C0322020400000,1847,2026-03-06,경상남도,승천푸드,거제시,"제조,가공",2026-2-0073,식품제조가공업,승천푸드,거제시 승천푸드,128.618732201114,34.88299325551091,2026-2-0073,20220869320,승천푸드,식품제조가공업,경상남도 거제시,식품
포장육,604,2029-03-05,BIZ047,축산물,78,1848,2026-03-06,부산광역시,아진푸드,기장군,"제조,가공",2026-2-0072,식육포장처리업,아진푸드,기장군 아진푸드,,,2026-2-0072,20260214032,아진푸드,식육포장처리업,부산광역시 기장군,축산물
기타가공품,106,2029-03-05,BIZ047,식품,C11400002,1849,2026-03-06,경상남도,(주)진현,김해시,"제조,가공",2026-2-0071,식품제조가공업,진현,김해시 진현,128.8522914258923,35.27565573817432,2026-2-0071,20150607609,(주)진현,식품제조가공업,경상남도 김해시,식품
기타 수산물가공품 중 냉동연체류,106,2029-03-04,BIZ047,식품,C11800001,1850,2026-03-05,경상남도,주식회사해오름식품,사천시,"제조,가공",2026-2-0070,식품제조가공업,주식회사해오름식품,사천시 주식회사해오름식품,128.06035480025915,34.93083380108053,2026-2-0070,20230868382,주식회사 해오름식품,식품제조가공업,경상남도 사천시,식품
프레스햄,612,2029-03-03,BIZ047,축산물,80,1851,2026-03-04,경상남도,아시안푸드,김해시,"제조,가공",2026-2-0069,축산물가공업-식육가공업,아시안푸드,김해시 아시안푸드,128.88336220052437,35.233459708493875,2026-2-0069,20250920024,아시안푸드,축산물가공업-식육가공업,경상남도 김해시,축산물
액상차,106,2029-03-03,BIZ047,식품,C10100002,1852,2026-03-04,경상남도,농업회사법인 시골원(주),하동군,"제조,가공",2026-2-0068,식품제조가공업,농업회사법인 시골원,하동군 농업회사법인 시골원,127.72514090528468,35.08825130363058,2026-2-0068,20240943011,농업회사법인 시골원(주),식품제조가공업,경상남도 하동군,식품
기타 수산물가공품 중 냉동연체류,106,2029-02-25,BIZ047,식품,C11800001,1853,2026-02-26,부산광역시,㈜세림글로벌,해운대구,"제조,가공",2026-2-0067,식품제조가공업,㈜세림글로벌,해운대구 ㈜세림글로벌,129.1448818998854,35.224541400559765,2026-2-0067,20130141135,(주)세림글로벌,식품제조가공업,부산광역시 해운대구,식품
신선편의식품,106,2029-02-25,BIZ047,식품,C11300004,1854,2026-02-26,경상남도,햇살바른김 거제점,거제시,"제조,가공",2026-2-0066,식품제조가공업,햇살바른김 거제점,거제시 햇살바른김 거제점,128.60780659990886,34.83608010077095,2026-2-0066,20220869849,햇살바른김 거제점,식품제조가공업,경상남도 거제시,식품
소스,106,2029-02-25,BIZ047,식품,C10400003,1855,2026-02-26,부산광역시,그린식품,중구,"제조,가공",2026-2-0065,식품제조가공업,그린식품,중구 그린식품,129.02400149996004,35.10353940098312,2026-2-0065,20110126139,그린식품,식품제조가공업,부산광역시 중구,식품
김치(기타김치),106,2029-02-25,BIZ047,식품,C10500002,1857,2026-02-26,경상남도,두미팜,창원시 의창구,"제조,가공",2026-2-0063,식품제조가공업,두미팜,창원시 의창구 두미팜,128.68973990361883,35.310796042538215,2026-2-0063,20220836090,두미팜,식품제조가공업,경상남도 창원시 의창구,식품
신선편의식품,106,2029-02-24,BIZ047,식품,C11300004,1858,2026-02-25,경상남도,주식회사 호승,진주시,"제조,가공",2026-2-0062,식품제조가공업,주식회사 호승,진주시 주식회사 호승,128.1194597985781,35.17920659858731,2026-2-0062,20250910517,주식회사 호승,식품제조가공업,경상남도 진주시,식품
즉석섭취식품,106,2029-02-23,BIZ047,식품,C11300003,1859,2026-02-24,부산광역시,꾸움제과,강서구,"제조,가공",2026-2-0061,식품제조가공업,꾸움제과,강서구 꾸움제과,128.94427100020005,35.20872540094167,2026-2-0061,20220188346,꾸움제과,식품제조가공업,부산광역시 강서구,식품
포장육,604,2029-02-23,BIZ047,축산물,78,1860,2026-02-24,부산광역시,마리,강서구,"제조,가공",2026-2-0060,식육포장처리업,마리,강서구 마리,126.80789393907484,37.56409271256959,2026-2-0060,20260203031,마리,식육포장처리업,부산광역시 강서구,축산물
분쇄가공육제품,612,2029-02-19,BIZ047,축산물,87,1861,2026-02-20,경상남도,금관푸드,합천군,"제조,가공",2026-2-0058,축산물가공업-식육가공업,금관푸드,합천군 금관푸드,128.13912249954856,35.75917610068425,2026-2-0058,20250951107,금관푸드,축산물가공업-식육가공업,경상남도 합천군,축산물
과ㆍ채가공품,106,2029-02-19,BIZ047,식품,C10700010,1862,2026-02-20,경상남도,주식회사 차고운,산청군,"제조,가공",2026-2-0057,식품제조가공업,주식회사 차고운,산청군 주식회사 차고운,,,2026-2-0057,20250945084,주식회사 차고운,식품제조가공업,경상남도 산청군,식품
포장육,604,2029-02-12,BIZ047,축산물,78,1863,2026-02-13,경상남도,축산유통 연암,양산시,"제조,가공",2026-2-0056,식육포장처리업,축산유통 연암,양산시 축산유통 연암,,,2026-2-0056,20260945025,축산유통 연암,식육포장처리업,경상남도 양산시,축산물
포장육,604,2029-02-12,BIZ047,축산물,78,1864,2026-02-13,부산광역시,아름푸드,기장군,"제조,가공",2026-2-0055,식육포장처리업,아름푸드,기장군 아름푸드,,,2026-2-0055,20260214029,아름푸드,식육포장처리업,부산광역시 기장군,축산물
기타 수산물가공품,106,2029-02-12,BIZ047,식품,C11000016,1865,2026-02-13,경상남도,농업회사법인(주) 콧털삼촌,고성군,"제조,가공",2026-2-0054,식품제조가공업,농업회사법인 콧털삼촌,고성군 농업회사법인 콧털삼촌,128.45746050386734,35.03973526464017,2026-2-0054,20250939121,농업회사법인(주) 콧털삼촌,식품제조가공업,경상남도 고성군,식품
포장육,604,2029-02-12,BIZ047,축산물,78,1866,2026-02-13,경상남도,바른축산,양산시,"제조,가공",2026-2-0053,식육포장처리업,바른축산,양산시 바른축산,129.14881790140362,35.37689400385149,2026-2-0053,20260945018,바른축산,식육포장처리업,경상남도 양산시,축산물
양념젓갈,106,2029-02-12,BIZ047,식품,C11000008,1867,2026-02-13,경상남도,농업회사법인(주) 콧털삼촌,고성군,"제조,가공",2026-2-0052,식품제조가공업,농업회사법인 콧털삼촌,고성군 농업회사법인 콧털삼촌,128.45746050386734,35.03973526464017,2026-2-0052,20250939121,농업회사법인(주) 콧털삼촌,식품제조가공업,경상남도 고성군,식품
곡류가공품,106,2029-02-12,BIZ047,식품,C10700011,1868,2026-02-13,경상남도,농업회사법인(주) 콧털삼촌,고성군,"제조,가공",2026-2-0051,식품제조가공업,농업회사법인 콧털삼촌,고성군 농업회사법인 콧털삼촌,128.45746050386734,35.03973526464017,2026-2-0051,20250939121,농업회사법인(주) 콧털삼촌,식품제조가공업,경상남도 고성군,식품
과ㆍ채가공품,106,2029-02-12,BIZ047,식품,C10700010,1869,2026-02-13,경상남도,농업회사법인(주) 콧털삼촌,고성군,"제조,가공",2026-2-0050,식품제조가공업,농업회사법인 콧털삼촌,고성군 농업회사법인 콧털삼촌,128.45746050386734,35.03973526464017,2026-2-0050,20250939121,농업회사법인(주) 콧털삼촌,식품제조가공업,경상남도 고성군,식품
절임식품,106,2029-02-12,BIZ047,식품,C10500003,1870,2026-02-13,경상남도,농업회사법인(주) 콧털삼촌,고성군,"제조,가공",2026-2-0049,식품제조가공업,농업회사법인 콧털삼촌,고성군 농업회사법인 콧털삼촌,128.45746050386734,35.03973526464017,2026-2-0049,20250939121,농업회사법인(주) 콧털삼촌,식품제조가공업,경상남도 고성군,식품
기타 수산물가공품,106,2029-02-28,BIZ047,식품,C11000016,1871,2026-02-12,부산광역시,㈜한려엔쵸비,사하구,"제조,가공",2026-2-0048,식품제조가공업,㈜한려엔쵸비,사하구 ㈜한려엔쵸비,128.98955399990658,35.0759829508983,2026-2-0048,20040144472,(주)한려엔쵸비,식품제조가공업,부산광역시 사하구,식품
소스,106,2029-02-10,BIZ047,식품,C10400003,1872,2026-02-11,경상남도,㈜합천식품,김해시,"제조,가공",2026-2-0047,식품제조가공업,㈜합천식품,김해시 ㈜합천식품,128.77500789906384,35.251096202659355,2026-2-0047,20000607077,(주)합천식품,식품제조가공업,경상남도 김해시,식품
땅콩 또는 견과류가공품,106,2029-02-10,BIZ047,식품,C10700006,1873,2026-02-11,경상남도,(주)젠푸드,양산시,"제조,가공",2026-2-0046,식품제조가공업,젠푸드,양산시 젠푸드,129.15690519959162,35.40293410091158,2026-2-0046,20030614307,(주)젠푸드,식품제조가공업,경상남도 양산시,식품
잼,106,2029-02-09,BIZ047,식품,C09700001,1874,2026-02-10,부산광역시,(주)행복한느림보 이흥용과자점,금정구,"제조,가공",2026-2-0045,식품제조가공업,행복한느림보 이흥용과자점,금정구 행복한느림보 이흥용과자점,,,2026-2-0045,20250200543,(주)행복한느림보 이흥용과자점,식품제조가공업,부산광역시 금정구,식품
빵류,106,2029-02-09,BIZ047,식품,C09300004,1875,2026-02-10,부산광역시,(주)행복한느림보 이흥용과자점,금정구,"제조,가공",2026-2-0044,식품제조가공업,행복한느림보 이흥용과자점,금정구 행복한느림보 이흥용과자점,,,2026-2-0044,20250200543,(주)행복한느림보 이흥용과자점,식품제조가공업,부산광역시 금정구,식품
과자,106,2029-02-09,BIZ047,식품,C09300001,1876,2026-02-10,부산광역시,(주)행복한느림보 이흥용과자점,금정구,"제조,가공",2026-2-0043,식품제조가공업,행복한느림보 이흥용과자점,금정구 행복한느림보 이흥용과자점,,,2026-2-0043,20250200543,(주)행복한느림보 이흥용과자점,식품제조가공업,부산광역시 금정구,식품
식육판매업,630,2029-02-09,BIZ048,축산물,176,1877,2026-02-10,경상남도,현승푸드,김해시,"유통,판매,조리",2026-2-0042,축산물판매업-식육판매업,현승푸드,김해시 현승푸드,128.8820206025439,35.22563530270415,2026-2-0042,20260935016,현승푸드,축산물판매업-식육판매업,경상남도 김해시,축산물
가공두부,106,2029-02-09,BIZ047,식품,C09800003,1878,2026-02-10,경상남도,야베스푸드,창원시 마산합포구,"제조,가공",2026-2-0041,식품제조가공업,야베스푸드,창원시 마산합포구 야베스푸드,,,2026-2-0041,20250901349,야베스푸드,식품제조가공업,경상남도 창원시 마산합포구,식품
두부,106,2029-02-09,BIZ047,식품,C09800001,1879,2026-02-10,경상남도,야베스푸드,창원시 마산합포구,"제조,가공",2026-2-0040,식품제조가공업,야베스푸드,창원시 마산합포구 야베스푸드,,,2026-2-0040,20250901349,야베스푸드,식품제조가공업,경상남도 창원시 마산합포구,식품
신선편의식품,106,2029-02-08,BIZ047,식품,C11300004,1880,2026-02-09,경상남도,농업회사법인 주식회사 진푸드,진주시,"제조,가공",2026-2-0039,식품제조가공업,농업회사법인 주식회사 진푸드,진주시 농업회사법인 주식회사 진푸드,128.10544060340644,35.12808323328309,2026-2-0039,20220853390,농업회사법인 주식회사 진푸드,식품제조가공업,경상남도 진주시,식품
포장육,604,2029-02-08,BIZ047,축산물,78,1881,2026-02-09,부산광역시,일광축산,기장군,"제조,가공",2026-2-0038,식육포장처리업,일광축산,기장군 일광축산,129.2351355970907,35.29943290573809,2026-2-0038,20260214030,일광축산,식육포장처리업,부산광역시 기장군,축산물
과ㆍ채주스,106,2029-02-08,BIZ047,식품,C10100006,1882,2026-02-09,경상남도,고성군농업기술센터(농산물가공지원센터),고성군,"제조,가공",2026-2-0037,식품제조가공업,고성군농업기술센터,고성군 고성군농업기술센터,128.3257882037287,34.995994698806534,2026-2-0037,20220882004,고성군농업기술센터(농산물가공지원센터),식품제조가공업,경상남도 고성군,식품
과ㆍ채주스,106,2029-02-05,BIZ047,식품,C10100006,1883,2026-02-06,경상남도,거제사슴영농조합법인,거제시,"제조,가공",2026-2-0036,식품제조가공업,거제사슴영농조합법인,거제시 거제사슴영농조합법인,128.592522999947,34.85370270097675,2026-2-0036,20020612459,거제사슴영농조합법인,식품제조가공업,경상남도 거제시,식품
기타가공품,106,2029-02-04,BIZ047,식품,C11400002,1884,2026-02-05,경상남도,(주)아워홈,양산시,"제조,가공",2026-2-0035,식품제조가공업,아워홈,양산시 아워홈,129.0140683002113,35.38747920078824,2026-2-0035,20020614179,(주)아워홈,식품제조가공업,경상남도 양산시,식품
어육반제품,106,2029-02-03,BIZ047,식품,C11000003,1885,2026-02-04,경상남도,(주)환공식품,김해시,"제조,가공",2026-2-0034,식품제조가공업,환공식품,김해시 환공식품,128.75495370336358,35.27024199986262,2026-2-0034,19960607392,(주)환공식품,식품제조가공업,경상남도 김해시,식품
포장육,604,2029-02-03,BIZ047,축산물,78,1886,2026-02-04,부산광역시,정온푸드,강서구,"제조,가공",2026-2-0033,식육포장처리업,정온푸드,강서구 정온푸드,,,2026-2-0033,20250203712,정온푸드,식육포장처리업,부산광역시 강서구,축산물
기타 수산물가공품 중 냉동연체류,106,2029-03-12,BIZ047,식품,C11800001,1887,2026-02-03,부산광역시,합천수산,서구,"제조,가공",2026-2-0032,식품제조가공업,합천수산,서구 합천수산,129.0255418998492,35.082990781039506,2026-2-0032,20100128200,합천수산,식품제조가공업,부산광역시 서구,식품
포장육,604,2029-02-02,BIZ047,축산물,78,1888,2026-02-03,부산광역시,신박축산,북구,"제조,가공",2026-2-0031,식육포장처리업,신박축산,북구 신박축산,,,2026-2-0031,20250189467,신박축산,식육포장처리업,부산광역시 북구,축산물
포장육,604,2029-02-02,BIZ047,축산물,78,1889,2026-02-03,부산광역시,아이엠미트,강서구,"제조,가공",2026-2-0030,식육포장처리업,아이엠미트,강서구 아이엠미트,,,2026-2-0030,20190149407,아이엠미트,식육포장처리업,부산광역시 강서구,축산물
포장육,604,2029-02-02,BIZ047,축산물,78,1890,2026-02-03,부산광역시,강동푸드,강서구,"제조,가공",2026-2-0029,식육포장처리업,강동푸드,강서구 강동푸드,,,2026-2-0029,20190149396,강동푸드,식육포장처리업,부산광역시 강서구,축산물
천연향신료,106,2029-02-01,BIZ047,식품,C10400011,1891,2026-02-02,경상남도,무안농협 판매유통사업소,밀양시,"제조,가공",2026-2-0028,식품제조가공업,무안농협 판매유통사업소,밀양시 무안농협 판매유통사업소,128.65644060134113,35.48821890164957,2026-2-0028,20120611013,무안농협 판매유통사업소,식품제조가공업,경상남도 밀양시,식품
기타 수산물가공품,106,2029-01-28,BIZ047,식품,C11000016,1893,2026-01-29,부산광역시,(주)비에스,사상구,"제조,가공",2026-2-0026,식품제조가공업,비에스,사상구 비에스,129.00166449803106,35.152547402168345,2026-2-0026,20250211086,(주)비에스,식품제조가공업,부산광역시 사상구,식품
조미건어포,106,2029-01-28,BIZ047,식품,C11000011,1894,2026-01-29,부산광역시,(주)비에스,사상구,"제조,가공",2026-2-0025,식품제조가공업,비에스,사상구 비에스,129.00166449803106,35.152547402168345,2026-2-0025,20250211086,(주)비에스,식품제조가공업,부산광역시 사상구,식품
땅콩 또는 견과류가공품,106,2029-01-28,BIZ047,식품,C10700006,1895,2026-01-29,부산광역시,(주)비에스,사상구,"제조,가공",2026-2-0024,식품제조가공업,비에스,사상구 비에스,129.00166449803106,35.152547402168345,2026-2-0024,20250211086,(주)비에스,식품제조가공업,부산광역시 사상구,식품
포장육,604,2029-01-28,BIZ047,축산물,78,1896,2026-01-29,경상남도,태진축산,김해시,"제조,가공",2026-2-0023,식육포장처리업,태진축산,김해시 태진축산,,,2026-2-0023,20250920189,태진축산,식육포장처리업,경상남도 김해시,축산물
소스,106,2029-01-27,BIZ047,식품,C10400003,1897,2026-01-28,경상남도,태화식품공업(주)2공장,양산시,"제조,가공",2026-2-0022,식품제조가공업,태화식품공업2공장,양산시 태화식품공업2공장,129.05460519981582,35.37170990113414,2026-2-0022,20230880192,태화식품공업(주)2공장,식품제조가공업,경상남도 양산시,식품
혼합장,106,2029-01-27,BIZ047,식품,C10300013,1898,2026-01-28,경상남도,태화식품공업(주)2공장,양산시,"제조,가공",2026-2-0021,식품제조가공업,태화식품공업2공장,양산시 태화식품공업2공장,129.05460519981582,35.37170990113414,2026-2-0021,20230880192,태화식품공업(주)2공장,식품제조가공업,경상남도 양산시,식품
고추장,106,2029-01-27,BIZ047,식품,C10300010,1899,2026-01-28,경상남도,태화식품공업(주)2공장,양산시,"제조,가공",2026-2-0020,식품제조가공업,태화식품공업2공장,양산시 태화식품공업2공장,129.05460519981582,35.37170990113414,2026-2-0020,20230880192,태화식품공업(주)2공장,식품제조가공업,경상남도 양산시,식품
된장,106,2029-01-27,BIZ047,식품,C10300009,1900,2026-01-28,경상남도,태화식품공업(주)2공장,양산시,"제조,가공",2026-2-0019,식품제조가공업,태화식품공업2공장,양산시 태화식품공업2공장,129.05460519981582,35.37170990113414,2026-2-0019,20230880192,태화식품공업(주)2공장,식품제조가공업,경상남도 양산시,식품
혼합간장,106,2029-01-27,BIZ047,식품,C10300007,1901,2026-01-28,경상남도,태화식품공업(주)2공장,양산시,"제조,가공",2026-2-0018,식품제조가공업,태화식품공업2공장,양산시 태화식품공업2공장,129.05460519981582,35.37170990113414,2026-2-0018,20230880192,태화식품공업(주)2공장,식품제조가공업,경상남도 양산시,식품
양조간장,106,2029-01-27,BIZ047,식품,C10300004,1902,2026-01-28,경상남도,태화식품공업(주)2공장,양산시,"제조,가공",2026-2-0017,식품제조가공업,태화식품공업2공장,양산시 태화식품공업2공장,129.05460519981582,35.37170990113414,2026-2-0017,20230880192,태화식품공업(주)2공장,식품제조가공업,경상남도 양산시,식품
기타 수산물가공품,106,2029-01-25,BIZ047,식품,C11000016,1903,2026-01-26,경상남도,주식회사 푸드내음,창원시 마산합포구,"제조,가공",2026-2-0016,식품제조가공업,주식회사 푸드내음,창원시 마산합포구 주식회사 푸드내음,128.4651269957142,35.1801680968843,2026-2-0016,20240901470,주식회사 푸드내음,식품제조가공업,경상남도 창원시 마산합포구,식품
축산물유통전문판매업,634,2029-01-22,BIZ048,축산물,K00300001,1904,2026-01-23,경상남도,점이푸드,김해시,"유통,판매,조리",2026-2-0015,축산물판매업-축산물유통전문판매업,점이푸드,김해시 점이푸드,128.85787039992957,35.231661297958915,2026-2-0015,20250920486,점이푸드,축산물판매업-축산물유통전문판매업,경상남도 김해시,축산물
액상차,106,2029-01-21,BIZ047,식품,C10100002,1905,2026-01-22,부산광역시,(주)싸락,남구,"제조,가공",2026-2-0014,식품제조가공업,싸락,남구 싸락,129.56029299986986,35.99078160068861,2026-2-0014,20250186409,(주)싸락,식품제조가공업,부산광역시 남구,식품
캔디류,106,2029-01-21,BIZ047,식품,C09300002,1906,2026-01-22,부산광역시,(주)싸락,남구,"제조,가공",2026-2-0013,식품제조가공업,싸락,남구 싸락,129.56029299986986,35.99078160068861,2026-2-0013,20250186409,(주)싸락,식품제조가공업,부산광역시 남구,식품
식육판매업,630,2029-01-21,BIZ048,축산물,176,1907,2026-01-22,경상남도,영미트,김해시,"유통,판매,조리",2026-2-0012,축산물판매업-식육판매업,영미트,김해시 영미트,,,2026-2-0012,20250919855,영미트,축산물판매업-식육판매업,경상남도 김해시,축산물
커피,106,2029-01-21,BIZ047,식품,C10100004,1908,2026-01-22,부산광역시,(주)잼커피로스터리움,기장군,"제조,가공",2026-2-0011,식품제조가공업,잼커피로스터리움,기장군 잼커피로스터리움,,,2026-2-0011,20250214728,(주)잼커피로스터리움,식품제조가공업,부산광역시 기장군,식품
빵류,106,2029-01-14,BIZ047,식품,C09300004,1909,2026-01-15,경상남도,넉넉푸드,창원시 진해구,"제조,가공",2026-2-0010,식품제조가공업,넉넉푸드,창원시 진해구 넉넉푸드,128.79300880012178,35.11548510076985,2026-2-0010,20210591324,넉넉푸드,식품제조가공업,경상남도 창원시 진해구,식품
축산물유통전문판매업,634,2029-01-13,BIZ048,축산물,K00300001,1910,2026-01-14,경상남도,세아푸드,김해시,"유통,판매,조리",2026-2-0009,축산물판매업-축산물유통전문판매업,세아푸드,김해시 세아푸드,128.88704930517142,35.227924003439185,2026-2-0009,20250920479,세아푸드,축산물판매업-축산물유통전문판매업,경상남도 김해시,축산물
기타식물성유지,106,2029-01-13,BIZ047,식품,C09900017,1911,2026-01-14,경상남도,농업회사법인(주)힐링팜,거창군,"제조,가공",2026-2-0008,식품제조가공업,농업회사법인힐링팜,거창군 농업회사법인힐링팜,,,2026-2-0008,20090624059,농업회사법인(주)힐링팜,식품제조가공업,경상남도 거창군,식품
기타 수산물가공품 중 냉동조미가공품,106,2029-01-12,BIZ047,식품,C11900001,1912,2026-01-13,경상남도,예인씨푸드,사천시,"제조,가공",2026-2-0007,식품제조가공업,예인씨푸드,사천시 예인씨푸드,,,2026-2-0007,20250917202,예인씨푸드,식품제조가공업,경상남도 사천시,식품
기타 수산물가공품 중 냉동어류,106,2029-01-12,BIZ047,식품,C11700001,1913,2026-01-13,경상남도,예인씨푸드,사천시,"제조,가공",2026-2-0006,식품제조가공업,예인씨푸드,사천시 예인씨푸드,,,2026-2-0006,20250917202,예인씨푸드,식품제조가공업,경상남도 사천시,식품
축산물유통전문판매업,634,2029-01-08,BIZ048,축산물,K00300001,1914,2026-01-09,경상남도,선우푸드,김해시,"유통,판매,조리",2026-2-0005,축산물판매업-축산물유통전문판매업,선우푸드,김해시 선우푸드,128.87722660347296,35.29955610030296,2026-2-0005,20250920478,선우푸드,축산물판매업-축산물유통전문판매업,경상남도 김해시,축산물
빵류,106,2029-01-08,BIZ047,식품,C09300004,1915,2026-01-09,부산광역시,럭키팩토리,수영구,"제조,가공",2026-2-0004,식품제조가공업,럭키팩토리,수영구 럭키팩토리,,,2026-2-0004,20250208425,럭키팩토리,식품제조가공업,부산광역시 수영구,식품
포장육,604,2029-01-07,BIZ047,축산물,78,1916,2026-01-08,경상남도,청운축산,김해시,"제조,가공",2026-2-0003,식육포장처리업,청운축산,김해시 청운축산,128.88562899572472,35.2404732009474,2026-2-0003,20220863864,청운축산,식육포장처리업,경상남도 김해시,축산물
올리브유,106,2029-01-07,BIZ047,식품,C09900013,1917,2026-01-08,경상남도,(주)젠푸드,양산시,"제조,가공",2026-2-0002,식품제조가공업,젠푸드,양산시 젠푸드,129.15690519959162,35.40293410091158,2026-2-0002,20030614307,(주)젠푸드,식품제조가공업,경상남도 양산시,식품
과자,106,2029-01-06,BIZ047,식품,C09300001,1918,2026-01-07,부산광역시,온타임,부산진구,"제조,가공",2026-2-0001,식품제조가공업,온타임,부산진구 온타임,129.03813340005988,35.17067990071275,2026-2-0001,20240178078,온타임,식품제조가공업,부산광역시 부산진구,식품
"양념육,식육추출가공품",612,2029-09-10,BIZ047,축산물,"86,89",1927,2026-09-11,경기도,(주)더올푸드인더스트리,남양주시,"제조,가공",2026-1-0458,축산물가공업-식육가공업,더올푸드인더스트리,남양주시 더올푸드인더스트리,127.1879034994596,37.66485139992346,2026-1-0458,20210267053,(주)더올푸드인더스트리,축산물가공업-식육가공업,경기도 남양주시,축산물
과자,106,2029-09-10,BIZ047,식품,C09300001,1928,2026-09-11,강원특별자치도,가배만쥬,강릉시,"제조,가공",2026-1-0457,식품제조가공업,가배만쥬,강릉시 가배만쥬,128.91422220546875,37.78696300138559,2026-1-0457,20150386241,가배만쥬,식품제조가공업,강원특별자치도 강릉시,식품
빵류,106,2029-09-10,BIZ047,식품,C09300004,1929,2026-09-11,강원특별자치도,온세까세로태장공장,원주시,"제조,가공",2026-1-0456,식품제조가공업,온세까세로태장공장,원주시 온세까세로태장공장,,,2026-1-0456,20260610691,온세까세로태장공장,식품제조가공업,강원특별자치도 원주시,식품
과자,106,2029-09-10,BIZ047,식품,C09300001,1930,2026-09-11,강원특별자치도,온세까세로태장공장,원주시,"제조,가공",2026-1-0455,식품제조가공업,온세까세로태장공장,원주시 온세까세로태장공장,,,2026-1-0455,20260610691,온세까세로태장공장,식품제조가공업,강원특별자치도 원주시,식품
커피,106,2029-09-10,BIZ047,식품,C10100004,1931,2026-09-11,경기도,(주)씨엔더블유,파주시,"제조,가공",2026-1-0454,식품제조가공업,씨엔더블유,파주시 씨엔더블유,126.79009670002428,37.72564299936343,2026-1-0454,20130033455,(주)씨엔더블유,식품제조가공업,경기도 파주시,식품
떡류,106,2029-09-09,BIZ047,식품,C09300005,1932,2026-09-10,서울특별시,핫시즈너 가공(3),성동구,"제조,가공",2026-1-0453,식품제조가공업,핫시즈너 가공,성동구 핫시즈너 가공,127.0580470996852,37.54278270128682,2026-1-0453,20260054859,핫시즈너 가공(3),식품제조가공업,서울특별시 성동구,식품
포장육,604,2029-09-09,BIZ047,축산물,78,1933,2026-09-10,경기도,주식회사 능동미나리 센트럴키친,파주시,"제조,가공",2026-1-0452,식육포장처리업,주식회사 능동미나리 센트럴키친,파주시 주식회사 능동미나리 센트럴키친,,,2026-1-0452,20240542655,주식회사 능동미나리 센트럴키친,식육포장처리업,경기도 파주시,축산물
기타잼,106,2029-09-09,BIZ047,식품,C09700002,1934,2026-09-10,경기도,주식회사 잼홀릭,양주시,"제조,가공",2026-1-0451,식품제조가공업,주식회사 잼홀릭,양주시 주식회사 잼홀릭,127.08479900037166,37.80022290098567,2026-1-0451,20220517149,주식회사 잼홀릭,식품제조가공업,경기도 양주시,식품
잼,106,2029-09-09,BIZ047,식품,C09700001,1935,2026-09-10,경기도,주식회사 잼홀릭,양주시,"제조,가공",2026-1-0450,식품제조가공업,주식회사 잼홀릭,양주시 주식회사 잼홀릭,127.08479900037166,37.80022290098567,2026-1-0450,20220517149,주식회사 잼홀릭,식품제조가공업,경기도 양주시,식품
떡류,106,2029-09-07,BIZ047,식품,C09300005,1938,2026-09-08,경기도,(주)베이코,파주시,"제조,가공",2026-1-0447,식품제조가공업,베이코,파주시 베이코,126.75275049998844,37.72341380188729,2026-1-0447,20240543432,(주)베이코,식품제조가공업,경기도 파주시,식품
포장육,604,2029-09-07,BIZ047,축산물,78,1939,2026-09-08,서울특별시,주식회사 새벽우,성동구,"제조,가공",2026-1-0446,식육포장처리업,주식회사 새벽우,성동구 주식회사 새벽우,,,2026-1-0446,20260054136,주식회사 새벽우,식육포장처리업,서울특별시 성동구,축산물
기타 수산물가공품,106,2027-04-08,BIZ047,식품,C11000016,1940,2026-09-07,경기도,주식회사 디알푸드 솔루션,파주시,"제조,가공",2026-1-0445,식품제조가공업,주식회사 디알푸드 솔루션,파주시 주식회사 디알푸드 솔루션,126.88828489999482,37.84966010101009,2026-1-0445,20210371322,주식회사 디알푸드 솔루션,식품제조가공업,경기도 파주시,식품
즉석조리식품,106,2029-09-03,BIZ047,식품,C11300005,1941,2026-09-04,강원특별자치도,농업회사법인백이동골(주),홍천군,"제조,가공",2026-1-0444,식품제조가공업,농업회사법인백이동골,홍천군 농업회사법인백이동골,127.93279469726336,37.78633253252699,2026-1-0444,20030394260,농업회사법인백이동골(주),식품제조가공업,강원특별자치도 홍천군,식품
냉동식품 중 만두,106,2029-09-03,BIZ047,식품,C12000001,1942,2026-09-04,서울특별시,린궁즈식품,영등포구,"제조,가공",2026-1-0443,식품제조가공업,린궁즈식품,영등포구 린궁즈식품,126.9031411999365,37.49072050056565,2026-1-0443,20230115414,린궁즈식품,식품제조가공업,서울특별시 영등포구,식품
포장육,604,2029-09-03,BIZ047,축산물,78,1943,2026-09-04,강원특별자치도,델리퀸(춘천점),춘천시,"제조,가공",2026-1-0442,식육포장처리업,델리퀸,춘천시 델리퀸,127.74177910520324,37.8538116158161,2026-1-0442,20160380385,델리퀸(춘천점),식육포장처리업,강원특별자치도 춘천시,축산물
기타가공품,106,2029-09-03,BIZ047,식품,C11400002,1944,2026-09-04,강원특별자치도,농업회사법인백이동골(주),홍천군,"제조,가공",2026-1-0441,식품제조가공업,농업회사법인백이동골,홍천군 농업회사법인백이동골,127.93279469726336,37.78633253252699,2026-1-0441,20030394260,농업회사법인백이동골(주),식품제조가공업,강원특별자치도 홍천군,식품
캔디류(공유주방 이용업소),106,2029-09-02,BIZ047,식품,C09300002,1945,2026-09-03,강원특별자치도,0월 0일,영월군,"제조,가공",2026-1-0440,식품제조가공업,0월 0일,영월군 0월 0일,,,2026-1-0440,20260631089,0월 0일,식품제조가공업,강원특별자치도 영월군,식품
과자(공유주방 이용업소),106,2029-09-02,BIZ047,식품,C09300001,1946,2026-09-03,강원특별자치도,달콤한쭈니네,영월군,"제조,가공",2026-1-0439,식품제조가공업,달콤한쭈니네,영월군 달콤한쭈니네,128.46628559890834,37.179850955764856,2026-1-0439,20260631105,달콤한쭈니네,식품제조가공업,강원특별자치도 영월군,식품
양념육,612,2029-09-02,BIZ047,축산물,86,1947,2026-09-03,서울특별시,좋은사람들협동조합,중랑구,"제조,가공",2026-1-0438,축산물가공업-식육가공업,좋은사람들협동조합,중랑구 좋은사람들협동조합,127.10356449999736,37.616892289006046,2026-1-0438,20230062460,좋은사람들협동조합,축산물가공업-식육가공업,서울특별시 중랑구,축산물
포장육,604,2029-09-01,BIZ047,축산물,78,1948,2026-09-02,경기도,주식회사 금한우 남양주 지점,남양주시,"제조,가공",2026-1-0437,식육포장처리업,주식회사 금한우 남양주 지점,남양주시 주식회사 금한우 남양주 지점,,,2026-1-0437,20260508366,주식회사 금한우 남양주 지점,식육포장처리업,경기도 남양주시,축산물
포장육,604,2029-08-30,BIZ047,축산물,78,1949,2026-08-31,강원특별자치도,(주)공신미트,춘천시,"제조,가공",2026-1-0436,식육포장처리업,공신미트,춘천시 공신미트,127.72546839958244,37.867173001277976,2026-1-0436,20170380442,(주)공신미트,식육포장처리업,강원특별자치도 춘천시,축산물
커피,106,2029-08-30,BIZ047,식품,C10100004,1950,2026-08-31,강원특별자치도,(주)피크로스트,태백시,"제조,가공",2026-1-0435,식품제조가공업,피크로스트,태백시 피크로스트,,,2026-1-0435,20250605054,(주)피크로스트,식품제조가공업,강원특별자치도 태백시,식품
땅콩 또는 견과류가공품,106,2029-08-30,BIZ047,식품,C10700006,1951,2026-08-31,경기도,비앤엔푸드(B&N푸드),파주시,"제조,가공",2026-1-0434,식품제조가공업,비앤엔푸드,파주시 비앤엔푸드,,,2026-1-0434,20240544396,비앤엔푸드(B&N푸드),식품제조가공업,경기도 파주시,식품
즉석조리식품(공유주방 이용업소),106,2029-08-27,BIZ047,식품,C11300005,1952,2026-08-28,경기도,슬로우힐스,가평군,"제조,가공",2026-1-0433,식품제조가공업,슬로우힐스,가평군 슬로우힐스,,,2026-1-0433,20260600010,슬로우힐스,식품제조가공업,경기도 가평군,식품
식용란선별포장업,009,2029-08-27,BIZ048,축산물,901,1953,2026-08-28,경기도,농업회사법인 (주)여진축산,남양주시,"유통,판매,조리",2026-1-0432,식용란선별포장업,농업회사법인 여진축산,남양주시 농업회사법인 여진축산,,,2026-1-0432,20260375056,농업회사법인 (주)여진축산,식용란선별포장업,경기도 남양주시,축산물
절임식품,106,2029-08-27,BIZ047,식품,C10500003,1954,2026-08-28,경기도,영동씨푸드(주),남양주시,"제조,가공",2026-1-0431,식품제조가공업,영동씨푸드,남양주시 영동씨푸드,127.20042319982042,37.69207741814696,2026-1-0431,20100333065,영동씨푸드(주),식품제조가공업,경기도 남양주시,식품
포장육,604,2029-08-27,BIZ047,축산물,78,1955,2026-08-28,경기도,엘엔티유통 주식회사,파주시,"제조,가공",2026-1-0430,식육포장처리업,엘엔티유통 주식회사,파주시 엘엔티유통 주식회사,,,2026-1-0430,20260546882,엘엔티유통 주식회사,식육포장처리업,경기도 파주시,축산물
분쇄가공육제품,612,2029-08-27,BIZ047,축산물,87,1956,2026-08-28,경기도,엘엔티유통 주식회사,파주시,"제조,가공",2026-1-0429,축산물가공업-식육가공업,엘엔티유통 주식회사,파주시 엘엔티유통 주식회사,,,2026-1-0429,20260375053,엘엔티유통 주식회사,축산물가공업-식육가공업,경기도 파주시,축산물
포장육,604,2029-08-26,BIZ047,축산물,78,1957,2026-08-27,강원특별자치도,영월농협하나로마트사업소,영월군,"제조,가공",2026-1-0428,식육포장처리업,영월농협하나로마트사업소,영월군 영월농협하나로마트사업소,128.46800550011147,37.18337250019088,2026-1-0428,20110396105,영월농협하나로마트사업소,식육포장처리업,강원특별자치도 영월군,축산물
떡류,106,2029-08-25,BIZ047,식품,C09300005,1958,2026-08-26,경기도,파주시농산물종합가공센터 2동,파주시,"제조,가공",2026-1-0427,식품제조가공업,파주시농산물종합가공센터 2동,파주시 파주시농산물종합가공센터 2동,,,2026-1-0427,20260546281,파주시농산물종합가공센터 2동,식품제조가공업,경기도 파주시,식품
빵류,106,2029-08-25,BIZ047,식품,C09300004,1959,2026-08-26,경기도,파주시농산물종합가공센터 2동,파주시,"제조,가공",2026-1-0426,식품제조가공업,파주시농산물종합가공센터 2동,파주시 파주시농산물종합가공센터 2동,,,2026-1-0426,20260546281,파주시농산물종합가공센터 2동,식품제조가공업,경기도 파주시,식품
포장육,604,2029-08-25,BIZ047,축산물,78,1960,2026-08-26,서울특별시,주식회사 천명미트통상,성동구,"제조,가공",2026-1-0425,식육포장처리업,주식회사 천명미트통상,성동구 주식회사 천명미트통상,127.03906590003317,37.57039289552468,2026-1-0425,20260054085,주식회사 천명미트통상,식육포장처리업,서울특별시 성동구,축산물
기타가공품,106,2029-08-24,BIZ047,식품,C11400002,1961,2026-08-25,경기도,셀미트(주),구리시,"제조,가공",2026-1-0424,식품제조가공업,셀미트,구리시 셀미트,127.12522370051008,37.63556780055516,2026-1-0424,20230465691,셀미트(주),식품제조가공업,경기도 구리시,식품
김치(배추김치),106,2029-08-23,BIZ047,식품,C12300001,1962,2026-08-24,경기도,(주)다리와사람들,고양시 일산동구,"제조,가공",2026-1-0423,식품제조가공업,다리와사람들,고양시 일산동구 다리와사람들,126.7872211004291,37.66063354789527,2026-1-0423,20260486911,(주)다리와사람들,식품제조가공업,경기도 고양시 일산동구,식품
김치(기타김치),106,2029-08-23,BIZ047,식품,C10500002,1963,2026-08-24,경기도,(주)다리와사람들,고양시 일산동구,"제조,가공",2026-1-0422,식품제조가공업,다리와사람들,고양시 일산동구 다리와사람들,126.7872211004291,37.66063354789527,2026-1-0422,20260486911,(주)다리와사람들,식품제조가공업,경기도 고양시 일산동구,식품
발효식초,106,2029-08-23,BIZ047,식품,C10400001,1965,2026-08-24,강원특별자치도,(주)웰파인,횡성군,"제조,가공",2026-1-0420,식품제조가공업,웰파인,횡성군 웰파인,128.0623260040426,37.44778646227397,2026-1-0420,20110084489,(주)웰파인,식품제조가공업,경기도 파주시,식품
포장육,604,2029-08-23,BIZ047,축산물,78,1966,2026-08-24,경기도,농업회사법인 고담 주식회사,포천시,"제조,가공",2026-1-0419,식육포장처리업,농업회사법인 고담 주식회사,포천시 농업회사법인 고담 주식회사,127.13284830001614,37.79230540056261,2026-1-0419,20230528680,농업회사법인 고담 주식회사,식육포장처리업,경기도 포천시,축산물
과자,106,2029-08-19,BIZ047,식품,C09300001,1967,2026-08-20,경기도,레꼴두스,가평군,"제조,가공",2026-1-0418,식품제조가공업,레꼴두스,가평군 레꼴두스,,,2026-1-0418,20260600085,레꼴두스,식품제조가공업,경기도 가평군,식품
간편조리세트,106,2029-08-19,BIZ047,식품,C0322020400000,1969,2026-08-20,강원특별자치도,주식회사 해밀,원주시,"제조,가공",2026-1-0416,식품제조가공업,주식회사 해밀,원주시 주식회사 해밀,,,2026-1-0416,20150383066,주식회사 해밀,식품제조가공업,강원특별자치도 원주시,식품
복합조미식품,106,2029-08-18,BIZ047,식품,C10400006,1971,2026-08-19,경기도,(주)뜨레봄,고양시 일산동구,"제조,가공",2026-1-0414,식품제조가공업,뜨레봄,고양시 일산동구 뜨레봄,126.82148670003969,37.71623460123157,2026-1-0414,20060320339,(주)뜨레봄,식품제조가공업,경기도 고양시 일산동구,식품
기타가공품,106,2029-08-18,BIZ047,식품,C11400002,1972,2026-08-19,경기도,(주)뜨레봄,고양시 일산동구,"제조,가공",2026-1-0413,식품제조가공업,뜨레봄,고양시 일산동구 뜨레봄,126.82148670003969,37.71623460123157,2026-1-0413,20060320339,(주)뜨레봄,식품제조가공업,경기도 고양시 일산동구,식품
기타가공품,106,2029-08-18,BIZ047,식품,C11400002,1973,2026-08-19,경기도,원도라지,남양주시,"제조,가공",2026-1-0412,식품제조가공업,원도라지,남양주시 원도라지,,,2026-1-0412,20250505163,원도라지,식품제조가공업,경기도 남양주시,식품
당절임,106,2029-08-18,BIZ047,식품,C10500004,1974,2026-08-19,경기도,원도라지,남양주시,"제조,가공",2026-1-0411,식품제조가공업,원도라지,남양주시 원도라지,,,2026-1-0411,20250505163,원도라지,식품제조가공업,경기도 남양주시,식품
기타 수산물가공품 중 냉동연체류,106,2027-04-08,BIZ047,식품,C11800001,1975,2026-08-19,경기도,주식회사 디알푸드 솔루션,파주시,"제조,가공",2026-1-0410,식품제조가공업,주식회사 디알푸드 솔루션,파주시 주식회사 디알푸드 솔루션,126.88828489999482,37.84966010101009,2026-1-0410,20210371322,주식회사 디알푸드 솔루션,식품제조가공업,경기도 파주시,식품
기타가공품,106,2029-08-18,BIZ047,식품,C11400002,1976,2026-08-19,강원특별자치도,넥스트바이오 주식회사,횡성군,"제조,가공",2026-1-0409,식품제조가공업,넥스트바이오 주식회사,횡성군 넥스트바이오 주식회사,128.06410600012043,37.45057430051287,2026-1-0409,20170395062,넥스트바이오 주식회사,식품제조가공업,강원특별자치도 횡성군,식품
효소식품,106,2029-08-18,BIZ047,식품,C10700009,1977,2026-08-19,강원특별자치도,넥스트바이오 주식회사,횡성군,"제조,가공",2026-1-0408,식품제조가공업,넥스트바이오 주식회사,횡성군 넥스트바이오 주식회사,128.06410600012043,37.45057430051287,2026-1-0408,20170395062,넥스트바이오 주식회사,식품제조가공업,강원특별자치도 횡성군,식품
즉석조리식품,106,2029-08-17,BIZ047,식품,C11300005,1978,2026-08-18,경기도,(주)보승식품,파주시,"제조,가공",2026-1-0407,식품제조가공업,보승식품,파주시 보승식품,126.83331090024072,37.76628514853164,2026-1-0407,19990355527,(주)보승식품,식품제조가공업,경기도 파주시,식품
절임식품,106,2029-08-17,BIZ047,식품,C10500003,1980,2026-08-18,서울특별시,아리향 에프앤비,도봉구,"제조,가공",2026-1-0405,식품제조가공업,아리향 에프앤비,도봉구 아리향 에프앤비,,,2026-1-0405,20210056485,아리향 에프앤비,식품제조가공업,서울특별시 도봉구,식품
포장육,604,2029-08-13,BIZ047,축산물,78,1981,2026-08-14,서울특별시,주식회사 우하라,성동구,"제조,가공",2026-1-0404,식육포장처리업,주식회사 우하라,성동구 주식회사 우하라,127.03921260028724,37.57007900128705,2026-1-0404,20050036728,주식회사 우하라,식육포장처리업,서울특별시 성동구,축산물
과ㆍ채주스,106,2029-08-13,BIZ047,식품,C10100006,1982,2026-08-14,경기도,미금지구배작목회,남양주시,"제조,가공",2026-1-0403,식품제조가공업,미금지구배작목회,남양주시 미금지구배작목회,127.17891390006947,37.615297901740384,2026-1-0403,20050332066,미금지구배작목회,식품제조가공업,경기도 남양주시,식품
양념육,612,2029-08-11,BIZ047,축산물,86,1984,2026-08-12,강원특별자치도,뽈살푸드,철원군,"제조,가공",2026-1-0401,축산물가공업-식육가공업,뽈살푸드,철원군 뽈살푸드,,,2026-1-0401,20260604007,뽈살푸드,축산물가공업-식육가공업,강원특별자치도 철원군,축산물
즉석조리식품,106,2029-08-11,BIZ047,식품,C11300005,1985,2026-08-12,경기도,춘분푸드,남양주시,"제조,가공",2026-1-0400,식품제조가공업,춘분푸드,남양주시 춘분푸드,,,2026-1-0400,20260508120,춘분푸드,식품제조가공업,경기도 남양주시,식품
축산물유통전문판매업,634,2029-08-09,BIZ048,축산물,K00300001,1986,2026-08-10,경기도,수리푸드,고양시 덕양구,"유통,판매,조리",2026-1-0399,축산물판매업-축산물유통전문판매업,수리푸드,고양시 덕양구 수리푸드,126.9033996995014,37.70571200093491,2026-1-0399,20260486970,수리푸드,축산물판매업-축산물유통전문판매업,경기도 고양시 덕양구,축산물
양념육,612,2029-08-09,BIZ047,축산물,86,1987,2026-08-10,경기도,주식회사 석진유통,구리시,"제조,가공",2026-1-0398,축산물가공업-식육가공업,주식회사 석진유통,구리시 주식회사 석진유통,,,2026-1-0398,20260375058,주식회사 석진유통,축산물가공업-식육가공업,경기도 구리시,축산물
조림류,106,2029-08-09,BIZ047,식품,C10500005,1988,2026-08-10,경기도,팀호완 남양주센터,남양주시,"제조,가공",2026-1-0397,식품제조가공업,팀호완 남양주센터,남양주시 팀호완 남양주센터,,,2026-1-0397,20250505264,팀호완 남양주센터,식품제조가공업,경기도 남양주시,식품
향미유,106,2029-08-09,BIZ047,식품,C09900021,1989,2026-08-10,경기도,팀호완 남양주센터,남양주시,"제조,가공",2026-1-0396,식품제조가공업,팀호완 남양주센터,남양주시 팀호완 남양주센터,,,2026-1-0396,20250505264,팀호완 남양주센터,식품제조가공업,경기도 남양주시,식품
기타 수산물가공품,106,2029-08-09,BIZ047,식품,C11000016,1990,2026-08-10,경기도,팀호완 남양주센터,남양주시,"제조,가공",2026-1-0395,식품제조가공업,팀호완 남양주센터,남양주시 팀호완 남양주센터,,,2026-1-0395,20250505264,팀호완 남양주센터,식품제조가공업,경기도 남양주시,식품
빵류,106,2029-08-09,BIZ047,식품,C09300004,1991,2026-08-10,경기도,팀호완 남양주센터,남양주시,"제조,가공",2026-1-0394,식품제조가공업,팀호완 남양주센터,남양주시 팀호완 남양주센터,,,2026-1-0394,20250505264,팀호완 남양주센터,식품제조가공업,경기도 남양주시,식품
소스,106,2029-08-09,BIZ047,식품,C10400003,1992,2026-08-10,경기도,팀호완 남양주센터,남양주시,"제조,가공",2026-1-0393,식품제조가공업,팀호완 남양주센터,남양주시 팀호완 남양주센터,,,2026-1-0393,20250505264,팀호완 남양주센터,식품제조가공업,경기도 남양주시,식품
"양념육,분쇄가공육제품",612,2029-08-09,BIZ047,축산물,"86,87",1993,2026-08-10,경기도,팀호완 남양주 센터(주),남양주시,"제조,가공",2026-1-0392,축산물가공업-식육가공업,팀호완 남양주 센터,남양주시 팀호완 남양주 센터,,,2026-1-0392,20250371107,팀호완 남양주 센터(주),축산물가공업-식육가공업,경기도 남양주시,축산물
묵류,106,2029-08-06,BIZ047,식품,C09800004,1994,2026-08-07,경기도,(주)다름 2공장,고양시,"제조,가공",2026-1-0391,식품제조가공업,다름 2공장,고양시 다름 2공장,,,2026-1-0391,20260486885,(주)다름 2공장,식품제조가공업,경기도 고양시 일산동구,식품
기타 수산물가공품 중 냉동연체류,106,2029-08-06,BIZ047,식품,C11800001,1995,2026-08-07,강원특별자치도,주식회사 에버스,원주시,"제조,가공",2026-1-0390,식품제조가공업,주식회사 에버스,원주시 주식회사 에버스,127.99418630007148,37.4249759008538,2026-1-0390,20220538344,주식회사 에버스,식품제조가공업,강원특별자치도 원주시,식품
기타 수산물가공품 중 냉동어류,106,2029-08-06,BIZ047,식품,C11700001,1996,2026-08-07,강원특별자치도,주식회사 에버스,원주시,"제조,가공",2026-1-0389,식품제조가공업,주식회사 에버스,원주시 주식회사 에버스,127.99418630007148,37.4249759008538,2026-1-0389,20220538344,주식회사 에버스,식품제조가공업,강원특별자치도 원주시,식품
서류가공품,106,2029-08-05,BIZ047,식품,C10700013,1997,2026-08-06,경기도,(주)탑프레시,파주시,"제조,가공",2026-1-0388,식품제조가공업,탑프레시,파주시 탑프레시,,,2026-1-0388,20160355186,(주)탑프레시,식품제조가공업,경기도 파주시,식품
초콜릿가공품,106,2029-07-30,BIZ047,식품,C09500009,2001,2026-07-31,경기도,비스킷블랑,남양주시,"제조,가공",2026-1-0384,식품제조가공업,비스킷블랑,남양주시 비스킷블랑,,,2026-1-0384,20260508116,비스킷블랑,식품제조가공업,경기도 남양주시,식품
빵류,106,2029-07-30,BIZ047,식품,C09300004,2002,2026-07-31,경기도,비스킷블랑,남양주시,"제조,가공",2026-1-0383,식품제조가공업,비스킷블랑,남양주시 비스킷블랑,,,2026-1-0383,20260508116,비스킷블랑,식품제조가공업,경기도 남양주시,식품
땅콩 또는 견과류가공품,106,2029-07-30,BIZ047,식품,C10700006,2003,2026-07-31,경기도,비스킷블랑,남양주시,"제조,가공",2026-1-0382,식품제조가공업,비스킷블랑,남양주시 비스킷블랑,,,2026-1-0382,20260508116,비스킷블랑,식품제조가공업,경기도 남양주시,식품
과자,106,2029-07-30,BIZ047,식품,C09300001,2004,2026-07-31,경기도,비스킷블랑,남양주시,"제조,가공",2026-1-0381,식품제조가공업,비스킷블랑,남양주시 비스킷블랑,,,2026-1-0381,20260508116,비스킷블랑,식품제조가공업,경기도 남양주시,식품
기타 수산물가공품,106,2029-07-29,BIZ047,식품,C11000016,2005,2026-07-30,강원특별자치도,31건어물,삼척시,"제조,가공",2026-1-0380,식품제조가공업,31건어물,삼척시 31건어물,129.10512540342896,37.42656542958616,2026-1-0380,20200411138,31건어물,식품제조가공업,강원특별자치도 삼척시,식품
포장육,604,2029-07-29,BIZ047,축산물,78,2006,2026-07-30,경기도,하면푸드,남양주시,"제조,가공",2026-1-0379,식육포장처리업,하면푸드,남양주시 하면푸드,127.2116528000912,37.75080023717502,2026-1-0379,20170333261,하면푸드,식육포장처리업,경기도 남양주시,축산물
포장육,604,2029-07-28,BIZ047,축산물,78,2007,2026-07-29,경기도,립몬스터,포천시,"제조,가공",2026-1-0378,식육포장처리업,립몬스터,포천시 립몬스터,127.14821729963442,37.81406909754544,2026-1-0378,20190391447,립몬스터,식육포장처리업,경기도 포천시,축산물
혼합음료,106,2029-07-27,BIZ047,식품,C10100016,2013,2026-07-28,경기도,이즈바이오F1,포천시,"제조,가공",2026-1-0372,식품제조가공업,이즈바이오F1,포천시 이즈바이오F1,127.18225520026768,37.82656040077708,2026-1-0372,20240577205,이즈바이오F1,식품제조가공업,경기도 포천시,식품
인삼ㆍ홍삼음료,106,2029-07-27,BIZ047,식품,C10100015,2014,2026-07-28,경기도,이즈바이오F1,포천시,"제조,가공",2026-1-0371,식품제조가공업,이즈바이오F1,포천시 이즈바이오F1,127.18225520026768,37.82656040077708,2026-1-0371,20240577205,이즈바이오F1,식품제조가공업,경기도 포천시,식품
과ㆍ채주스,106,2029-07-27,BIZ047,식품,C10100006,2015,2026-07-28,경기도,이즈바이오F1,포천시,"제조,가공",2026-1-0370,식품제조가공업,이즈바이오F1,포천시 이즈바이오F1,127.18225520026768,37.82656040077708,2026-1-0370,20240577205,이즈바이오F1,식품제조가공업,경기도 포천시,식품
액상차,106,2029-07-27,BIZ047,식품,C10100002,2016,2026-07-28,경기도,이즈바이오F1,포천시,"제조,가공",2026-1-0369,식품제조가공업,이즈바이오F1,포천시 이즈바이오F1,127.18225520026768,37.82656040077708,2026-1-0369,20240577205,이즈바이오F1,식품제조가공업,경기도 포천시,식품
캔디류,106,2029-07-27,BIZ047,식품,C09300002,2017,2026-07-28,경기도,이즈바이오F1,포천시,"제조,가공",2026-1-0368,식품제조가공업,이즈바이오F1,포천시 이즈바이오F1,127.18225520026768,37.82656040077708,2026-1-0368,20240577205,이즈바이오F1,식품제조가공업,경기도 포천시,식품
양념육,612,2029-07-26,BIZ047,축산물,86,2018,2026-07-27,경기도,주식회사 양지농축산,남양주시,"제조,가공",2026-1-0367,축산물가공업-식육가공업,주식회사 양지농축산,남양주시 주식회사 양지농축산,,,2026-1-0367,20250371101,주식회사 양지농축산,축산물가공업-식육가공업,경기도 남양주시,축산물
포장육,604,2029-07-26,BIZ047,축산물,78,2019,2026-07-27,경기도,주식회사 양지농축산,남양주시,"제조,가공",2026-1-0366,식육포장처리업,주식회사 양지농축산,남양주시 주식회사 양지농축산,,,2026-1-0366,20180350167,주식회사 양지농축산,식육포장처리업,경기도 남양주시,축산물
떡류,106,2029-07-26,BIZ047,식품,C09300005,2020,2026-07-27,경기도,선하푸드,가평군,"제조,가공",2026-1-0365,식품제조가공업,선하푸드,가평군 선하푸드,,,2026-1-0365,20260600090,선하푸드,식품제조가공업,경기도 가평군,식품
빵류,106,2029-07-26,BIZ047,식품,C09300004,2021,2026-07-27,경기도,선하푸드,가평군,"제조,가공",2026-1-0364,식품제조가공업,선하푸드,가평군 선하푸드,,,2026-1-0364,20260600090,선하푸드,식품제조가공업,경기도 가평군,식품
빵류,106,2029-07-26,BIZ047,식품,C09300004,2022,2026-07-27,서울특별시,에프앤비 커맨더 이노베이션,성동구,"제조,가공",2026-1-0363,식품제조가공업,에프앤비 커맨더 이노베이션,성동구 에프앤비 커맨더 이노베이션,,,2026-1-0363,20260054492,에프앤비 커맨더 이노베이션,식품제조가공업,서울특별시 성동구,식품
포장육,604,2029-07-26,BIZ047,축산물,78,2023,2026-07-27,서울특별시,(주)국보유통,성동구,"제조,가공",2026-1-0362,식육포장처리업,국보유통,성동구 국보유통,127.03565109957673,37.57057080097096,2026-1-0362,20040036951,(주)국보유통,식육포장처리업,서울특별시 성동구,축산물
식육추출가공품,612,2029-07-26,BIZ047,축산물,89,2024,2026-07-27,경기도,건강마루,고양시 덕양구,"제조,가공",2026-1-0361,축산물가공업-식육가공업,건강마루,고양시 덕양구 건강마루,126.87121710000508,37.62668453859246,2026-1-0361,20260375047,건강마루,축산물가공업-식육가공업,경기도 고양시 덕양구,축산물
액상차,106,2029-07-26,BIZ047,식품,C10100002,2025,2026-07-27,경기도,건강마루,고양시 덕양구,"제조,가공",2026-1-0360,식품제조가공업,건강마루,고양시 덕양구 건강마루,126.87121710000508,37.62668453859246,2026-1-0360,20260486748,건강마루,식품제조가공업,경기도 고양시 덕양구,식품
기타 수산물가공품,106,2029-07-23,BIZ047,식품,C11000016,2026,2026-07-24,강원특별자치도,주식회사 웰메이드웰니스,속초시,"제조,가공",2026-1-0359,식품제조가공업,주식회사 웰메이드웰니스,속초시 주식회사 웰메이드웰니스,128.59662940309613,38.172443302815786,2026-1-0359,20240607406,주식회사 웰메이드웰니스,식품제조가공업,강원특별자치도 속초시,식품
간편조리세트,106,2029-07-23,BIZ047,식품,C0322020400000,2027,2026-07-24,강원특별자치도,주식회사 웰메이드웰니스,속초시,"제조,가공",2026-1-0358,식품제조가공업,주식회사 웰메이드웰니스,속초시 주식회사 웰메이드웰니스,128.59662940309613,38.172443302815786,2026-1-0358,20240607406,주식회사 웰메이드웰니스,식품제조가공업,강원특별자치도 속초시,식품
빵류,106,2029-07-23,BIZ047,식품,C09300004,2028,2026-07-24,강원특별자치도,탄광마을주식회사,삼척시,"제조,가공",2026-1-0357,식품제조가공업,탄광마을주식회사,삼척시 탄광마을주식회사,,,2026-1-0357,20260625020,탄광마을주식회사,식품제조가공업,강원특별자치도 삼척시,식품
즉석조리식품,106,2029-07-22,BIZ047,식품,C11300005,2029,2026-07-23,경기도,주식회사 에스케이디에프엔에이치,양주시,"제조,가공",2026-1-0356,식품제조가공업,주식회사 에스케이디에프엔에이치,양주시 주식회사 에스케이디에프엔에이치,,,2026-1-0356,20260590397,주식회사 에스케이디에프엔에이치,식품제조가공업,경기도 양주시,식품
소스,106,2029-07-22,BIZ047,식품,C10400003,2030,2026-07-23,경기도,주식회사 에스케이디에프엔에이치,양주시,"제조,가공",2026-1-0355,식품제조가공업,주식회사 에스케이디에프엔에이치,양주시 주식회사 에스케이디에프엔에이치,,,2026-1-0355,20260590397,주식회사 에스케이디에프엔에이치,식품제조가공업,경기도 양주시,식품
간편조리세트,106,2029-07-22,BIZ047,식품,C0322020400000,2031,2026-07-23,경기도,주식회사 에스케이디에프엔에이치,양주시,"제조,가공",2026-1-0354,식품제조가공업,주식회사 에스케이디에프엔에이치,양주시 주식회사 에스케이디에프엔에이치,,,2026-1-0354,20260590397,주식회사 에스케이디에프엔에이치,식품제조가공업,경기도 양주시,식품
식육추출가공품,612,2029-07-22,BIZ047,축산물,89,2032,2026-07-23,경기도,주식회사 에스케이디 에프엔에이치,양주시,"제조,가공",2026-1-0353,축산물가공업-식육가공업,주식회사 에스케이디 에프엔에이치,양주시 주식회사 에스케이디 에프엔에이치,,,2026-1-0353,20260375049,주식회사 에스케이디 에프엔에이치,축산물가공업-식육가공업,경기도 양주시,축산물
식품소분업(떡류),405,2029-07-22,BIZ048,식품,H02200001,2034,2026-07-23,경기도,금색떡집,포천시,"유통,판매,조리",2026-1-0351,식품소분업,금색떡집,포천시 금색떡집,127.16206190014516,37.87581009631567,2026-1-0351,20260593306,금색떡집,식품소분업,경기도 포천시,식품
땅콩 또는 견과류가공품,106,2029-07-21,BIZ047,식품,C10700006,2035,2026-07-22,경기도,주식회사 더푸드웨이,포천시,"제조,가공",2026-1-0350,식품제조가공업,주식회사 더푸드웨이,포천시 주식회사 더푸드웨이,127.23965470035584,37.7845240018368,2026-1-0350,20250577283,주식회사 더푸드웨이,식품제조가공업,경기도 포천시,식품
식용란수집판매업,635,2029-07-20,BIZ048,축산물,581,2036,2026-07-21,경기도,주식회사 에스제이컴퍼니,고양시 일산동구,"유통,판매,조리",2026-1-0349,축산물판매업-식용란수집판매업,주식회사 에스제이컴퍼니,고양시 일산동구 주식회사 에스제이컴퍼니,126.76999289975332,37.65375138877461,2026-1-0349,20260486557,주식회사 에스제이컴퍼니,축산물판매업-식용란수집판매업,경기도 고양시 일산동구,축산물
과ㆍ채주스,106,2029-07-14,BIZ047,식품,C10100006,2037,2026-07-15,강원특별자치도,다다식품,횡성군,"제조,가공",2026-1-0348,식품제조가공업,다다식품,횡성군 다다식품,128.16075710602425,37.415722299720265,2026-1-0348,20190413077,다다식품,식품제조가공업,강원특별자치도 횡성군,식품
냉동식품 중 피자류,106,2029-07-14,BIZ047,식품,C12100001,2039,2026-07-15,강원특별자치도,어바운드컴퍼니,원주시,"제조,가공",2026-1-0346,식품제조가공업,어바운드컴퍼니,원주시 어바운드컴퍼니,,,2026-1-0346,20230545553,어바운드컴퍼니,식품제조가공업,강원특별자치도 원주시,식품
기타가공품,106,2029-07-14,BIZ047,식품,C11400002,2040,2026-07-15,강원특별자치도,(주)팜텍코리아,원주시,"제조,가공",2026-1-0345,식품제조가공업,팜텍코리아,원주시 팜텍코리아,127.80365639914922,37.29325344168839,2026-1-0345,20020383603,(주)팜텍코리아,식품제조가공업,강원특별자치도 원주시,식품
과자,106,2029-07-13,BIZ047,식품,C09300001,2041,2026-07-14,경기도,(주)보다더코퍼레이션,고양시 덕양구,"제조,가공",2026-1-0344,식품제조가공업,보다더코퍼레이션,고양시 덕양구 보다더코퍼레이션,126.86478010008474,37.64712266895379,2026-1-0344,20260486807,(주)보다더코퍼레이션,식품제조가공업,경기도 고양시 덕양구,식품
빵류,106,2029-07-13,BIZ047,식품,C09300004,2042,2026-07-14,경기도,(주)보다더코퍼레이션,고양시 덕양구,"제조,가공",2026-1-0343,식품제조가공업,보다더코퍼레이션,고양시 덕양구 보다더코퍼레이션,126.86478010008474,37.64712266895379,2026-1-0343,20260486807,(주)보다더코퍼레이션,식품제조가공업,경기도 고양시 덕양구,식품
즉석섭취식품,106,2029-07-13,BIZ047,식품,C11300003,2043,2026-07-14,경기도,(주)보다더코퍼레이션,고양시 덕양구,"제조,가공",2026-1-0342,식품제조가공업,보다더코퍼레이션,고양시 덕양구 보다더코퍼레이션,126.86478010008474,37.64712266895379,2026-1-0342,20260486807,(주)보다더코퍼레이션,식품제조가공업,경기도 고양시 덕양구,식품
기타 농산가공품,106,2029-07-13,BIZ047,식품,C10700014,2044,2026-07-14,경기도,한울그린농원 주식회사,남양주시,"제조,가공",2026-1-0341,식품제조가공업,한울그린농원 주식회사,남양주시 한울그린농원 주식회사,,,2026-1-0341,20260507769,한울그린농원 주식회사,식품제조가공업,경기도 남양주시,식품
올리브유,106,2029-07-13,BIZ047,식품,C09900013,2045,2026-07-14,경기도,(주)한미양행 선유공장,파주시,"제조,가공",2026-1-0340,식품제조가공업,한미양행 선유공장,파주시 한미양행 선유공장,,,2026-1-0340,20220495001,(주)한미양행 선유공장,식품제조가공업,경기도 파주시,식품
포장육,604,2029-07-12,BIZ047,축산물,78,2046,2026-07-13,경기도,주식회사 동진유통,포천시,"제조,가공",2026-1-0339,식육포장처리업,주식회사 동진유통,포천시 주식회사 동진유통,,,2026-1-0339,20120372464,주식회사 동진유통,식육포장처리업,경기도 포천시,축산물
기타 수산물가공품,106,2027-05-12,BIZ047,식품,C11000016,2047,2026-07-13,경기도,주식회사 국도에프엔비,남양주시,"제조,가공",2026-1-0338,식품제조가공업,주식회사 국도에프엔비,남양주시 주식회사 국도에프엔비,127.18289780050786,37.63220947257104,2026-1-0338,20120115137,국도수산,식품제조가공업,서울특별시 송파구,식품
"양념육,식육추출가공품",612,2029-07-09,BIZ047,축산물,"86,89",2048,2026-07-10,경기도,선미식품,파주시,"제조,가공",2026-1-0337,축산물가공업-식육가공업,선미식품,파주시 선미식품,126.80913139990236,37.76118666881802,2026-1-0337,20200267060,선미식품,축산물가공업-식육가공업,경기도 파주시,축산물
과자,106,2029-07-09,BIZ047,식품,C09300001,2049,2026-07-10,서울특별시,(주)카카오브라운,구로구,"제조,가공",2026-1-0336,식품제조가공업,카카오브라운,구로구 카카오브라운,126.8930020995296,37.48350810124285,2026-1-0336,20160080733,(주)카카오브라운,식품제조가공업,서울특별시 구로구,식품
포장육,604,2029-07-09,BIZ047,축산물,78,2051,2026-07-10,경기도,주식회사 일편단우,구리시,"제조,가공",2026-1-0334,식육포장처리업,주식회사 일편단우,구리시 주식회사 일편단우,,,2026-1-0334,20260504250,주식회사 일편단우,식육포장처리업,경기도 구리시,축산물
과자(공유주방 이용업소),106,2029-07-07,BIZ047,식품,C09300001,2052,2026-07-08,서울특별시,(주)인베이크먼트,영등포구,"제조,가공",2026-1-0333,식품제조가공업,인베이크먼트,영등포구 인베이크먼트,,,2026-1-0333,20260121201,(주)인베이크먼트,식품제조가공업,서울특별시 영등포구,식품
포장육,604,2029-07-06,BIZ047,축산물,78,2053,2026-07-07,경기도,주식회사 연희푸드,고양시 일산서구,"제조,가공",2026-1-0332,식육포장처리업,주식회사 연희푸드,고양시 일산서구 주식회사 연희푸드,,,2026-1-0332,20250482600,주식회사 연희푸드,식육포장처리업,경기도 고양시 일산서구,축산물
양념육,612,2029-07-05,BIZ047,축산물,86,2054,2026-07-06,강원특별자치도,횡성푸드,횡성군,"제조,가공",2026-1-0331,축산물가공업-식육가공업,횡성푸드,횡성군 횡성푸드,127.90932069980803,37.52811470062258,2026-1-0331,20260604001,횡성푸드,축산물가공업-식육가공업,강원특별자치도 횡성군,축산물
빙과,106,2029-07-02,BIZ047,식품,C09400001,2055,2026-07-03,강원특별자치도,농업회사법인 밭 주식회사,춘천시,"제조,가공",2026-1-0330,식품제조가공업,농업회사법인 밭 주식회사,춘천시 농업회사법인 밭 주식회사,127.66414680045143,37.7361603119045,2026-1-0330,20260606137,농업회사법인 밭 주식회사,식품제조가공업,강원특별자치도 춘천시,식품
과자,106,2029-07-02,BIZ047,식품,C09300001,2056,2026-07-03,강원특별자치도,농업회사법인 밭 주식회사,춘천시,"제조,가공",2026-1-0329,식품제조가공업,농업회사법인 밭 주식회사,춘천시 농업회사법인 밭 주식회사,127.66414680045143,37.7361603119045,2026-1-0329,20260606137,농업회사법인 밭 주식회사,식품제조가공업,강원특별자치도 춘천시,식품
아이스크림,611,2029-07-02,BIZ047,축산물,C0302010100000,2057,2026-07-03,강원특별자치도,농업회사법인 밭 주식회사,춘천시,"제조,가공",2026-1-0328,축산물가공업-유가공업,농업회사법인 밭 주식회사,춘천시 농업회사법인 밭 주식회사,127.66414680045143,37.7361603119045,2026-1-0328,20260604002,농업회사법인 밭 주식회사,축산물가공업-유가공업,강원특별자치도 춘천시,축산물
기타 수산물가공품 중 냉동연체류,106,2029-07-01,BIZ047,식품,C11800001,2058,2026-07-02,경기도,은혜유통,파주시,"제조,가공",2026-1-0327,식품제조가공업,은혜유통,파주시 은혜유통,,,2026-1-0327,20130355389,은혜유통,식품제조가공업,경기도 파주시,식품
기타 수산물가공품 중 냉동어류,106,2029-07-01,BIZ047,식품,C11700001,2059,2026-07-02,경기도,은혜유통,파주시,"제조,가공",2026-1-0326,식품제조가공업,은혜유통,파주시 은혜유통,,,2026-1-0326,20130355389,은혜유통,식품제조가공업,경기도 파주시,식품
포장육,604,2029-07-01,BIZ047,축산물,78,2060,2026-07-02,경기도,은혜유통,파주시,"제조,가공",2026-1-0325,식육포장처리업,은혜유통,파주시 은혜유통,,,2026-1-0325,20260546739,은혜유통,식육포장처리업,경기도 파주시,축산물
효소식품,106,2029-07-01,BIZ047,식품,C10700009,2061,2026-07-02,강원특별자치도,고려인삼,철원군,"제조,가공",2026-1-0324,식품제조가공업,고려인삼,철원군 고려인삼,,,2026-1-0324,20080399004,고려인삼,식품제조가공업,강원특별자치도 철원군,식품
식용란수집판매업,635,2029-07-01,BIZ048,축산물,581,2062,2026-07-02,경기도,농업회사법인 영일(주),양주시,"유통,판매,조리",2026-1-0323,축산물판매업-식용란수집판매업,농업회사법인 영일,양주시 농업회사법인 영일,126.97674961747536,37.798986627128606,2026-1-0323,20260590378,농업회사법인 영일(주),축산물판매업-식용란수집판매업,경기도 양주시,축산물
빵류,106,2029-06-29,BIZ047,식품,C09300004,2063,2026-06-30,서울특별시,주식회사 고트앤코,금천구,"제조,가공",2026-1-0322,식품제조가공업,주식회사 고트앤코,금천구 주식회사 고트앤코,,,2026-1-0322,20260118255,주식회사 고트앤코,식품제조가공업,서울특별시 금천구,식품
"햄,소시지,베이컨류",612,2029-06-29,BIZ047,축산물,"79,82,84",2064,2026-06-30,서울특별시,주식회사 고트앤코,금천구,"제조,가공",2026-1-0321,축산물가공업-식육가공업,주식회사 고트앤코,금천구 주식회사 고트앤코,,,2026-1-0321,20260118259,주식회사 고트앤코,축산물가공업-식육가공업,서울특별시 금천구,축산물
양념육,612,2029-06-28,BIZ047,축산물,86,2065,2026-06-29,경기도,브로미트,구리시,"제조,가공",2026-1-0320,축산물가공업-식육가공업,브로미트,구리시 브로미트,,,2026-1-0320,20260375036,주식회사 수담푸드,축산물가공업-식육가공업,경기도 구리시,축산물
포장육,604,2029-06-28,BIZ047,축산물,78,2066,2026-06-29,경기도,브로미트,구리시,"제조,가공",2026-1-0319,식육포장처리업,브로미트,구리시 브로미트,,,2026-1-0319,20260504258,(주)수담푸드,식육포장처리업,경기도 구리시,축산물
기타 수산물가공품,106,2029-06-25,BIZ047,식품,C11000016,2067,2026-06-26,경기도,(주)강고집,남양주시,"제조,가공",2026-1-0318,식품제조가공업,강고집,남양주시 강고집,127.19916440028211,37.68205545294827,2026-1-0318,20140332261,(주)강고집,식품제조가공업,경기도 남양주시,식품
탄산음료,106,2029-06-25,BIZ047,식품,C10100008,2068,2026-06-26,경기도,(주)카브루 비전브루어리,가평군,"제조,가공",2026-1-0317,식품제조가공업,카브루 비전브루어리,가평군 카브루 비전브루어리,127.33749840032011,37.797716302276136,2026-1-0317,20260600054,(주)카브루 비전브루어리,식품제조가공업,경기도 가평군,식품
냉동식품 중 면류(생면),106,2029-06-25,BIZ047,식품,C12200001,2069,2026-06-26,강원특별자치도,사방식품,동해시,"제조,가공",2026-1-0316,식품제조가공업,사방식품,동해시 사방식품,129.13047469978983,37.47800520094089,2026-1-0316,20230553098,사방식품,식품제조가공업,강원특별자치도 동해시,식품
초콜릿가공품,106,2029-06-24,BIZ047,식품,C09500009,2070,2026-06-25,강원특별자치도,알랭뒤카스쇼콜라파리 메뉴팩처 강릉,강릉시,"제조,가공",2026-1-0315,식품제조가공업,알랭뒤카스쇼콜라파리 메뉴팩처 강릉,강릉시 알랭뒤카스쇼콜라파리 메뉴팩처 강릉,,,2026-1-0315,20230549550,알랭뒤카스쇼콜라파리 메뉴팩처 강릉,식품제조가공업,강원특별자치도 강릉시,식품
밀크초콜릿,106,2029-06-24,BIZ047,식품,C09500006,2071,2026-06-25,강원특별자치도,알랭뒤카스쇼콜라파리 메뉴팩처 강릉,강릉시,"제조,가공",2026-1-0314,식품제조가공업,알랭뒤카스쇼콜라파리 메뉴팩처 강릉,강릉시 알랭뒤카스쇼콜라파리 메뉴팩처 강릉,,,2026-1-0314,20230549550,알랭뒤카스쇼콜라파리 메뉴팩처 강릉,식품제조가공업,강원특별자치도 강릉시,식품
빵류,106,2029-06-24,BIZ047,식품,C09300004,2072,2026-06-25,강원특별자치도,알랭뒤카스쇼콜라파리 메뉴팩처 강릉,강릉시,"제조,가공",2026-1-0313,식품제조가공업,알랭뒤카스쇼콜라파리 메뉴팩처 강릉,강릉시 알랭뒤카스쇼콜라파리 메뉴팩처 강릉,,,2026-1-0313,20230549550,알랭뒤카스쇼콜라파리 메뉴팩처 강릉,식품제조가공업,강원특별자치도 강릉시,식품
포장육,604,2029-06-23,BIZ047,축산물,78,2073,2026-06-24,서울특별시,아우유통,성북구,"제조,가공",2026-1-0312,식육포장처리업,아우유통,성북구 아우유통,127.0176974995914,37.60244250072473,2026-1-0312,20260072104,아우유통,식육포장처리업,서울특별시 성북구,축산물
양념육,612,2029-06-23,BIZ047,축산물,86,2074,2026-06-24,경기도,쉘위푸드,고양시 덕양구,"제조,가공",2026-1-0311,축산물가공업-식육가공업,쉘위푸드,고양시 덕양구 쉘위푸드,,,2026-1-0311,20260375001,쉘위푸드,축산물가공업-식육가공업,경기도 고양시 덕양구,축산물
"양념육,식육추출가공품",612,2029-06-23,BIZ047,축산물,"86,89",2075,2026-06-24,서울특별시,꿈꾸는이상 주식회사,동대문구,"제조,가공",2026-1-0310,축산물가공업-식육가공업,꿈꾸는이상 주식회사,동대문구 꿈꾸는이상 주식회사,,,2026-1-0310,20260062319,꿈꾸는이상 주식회사,축산물가공업-식육가공업,서울특별시 동대문구,축산물
두부,106,2029-06-23,BIZ047,식품,C09800001,2076,2026-06-24,강원특별자치도,평창명품두부,평창군,"제조,가공",2026-1-0309,식품제조가공업,평창명품두부,평창군 평창명품두부,128.56216910211825,37.64084569736428,2026-1-0309,19730397006,평창명품두부,식품제조가공업,강원특별자치도 평창군,식품
양념육,612,2029-06-21,BIZ047,축산물,86,2077,2026-06-22,경기도,주식회사 엘케이코퍼레이션,남양주시,"제조,가공",2026-1-0308,축산물가공업-식육가공업,주식회사 엘케이코퍼레이션,남양주시 주식회사 엘케이코퍼레이션,127.3163661996882,37.71917319183052,2026-1-0308,20220350150,주식회사 엘케이코퍼레이션,축산물가공업-식육가공업,경기도 남양주시,축산물
빵류,106,2029-06-18,BIZ047,식품,C09300004,2078,2026-06-19,서울특별시,골든 성수,성동구,"제조,가공",2026-1-0307,식품제조가공업,골든 성수,성동구 골든 성수,127.05365179991186,37.54307670241624,2026-1-0307,20260054054,골든 성수,식품제조가공업,서울특별시 성동구,식품
기타 수산물가공품,106,2029-06-18,BIZ047,식품,C11000016,2079,2026-06-19,강원특별자치도,(주)정찬씨앤에프,속초시,"제조,가공",2026-1-0306,식품제조가공업,정찬씨앤에프,속초시 정찬씨앤에프,,,2026-1-0306,20250607242,(주)정찬씨앤에프,식품제조가공업,강원특별자치도 속초시,식품
곡류가공품,106,2029-06-18,BIZ047,식품,C10700011,2080,2026-06-19,강원특별자치도,(주)정찬씨앤에프,속초시,"제조,가공",2026-1-0305,식품제조가공업,정찬씨앤에프,속초시 정찬씨앤에프,,,2026-1-0305,20250607242,(주)정찬씨앤에프,식품제조가공업,강원특별자치도 속초시,식품
과ㆍ채가공품,106,2029-06-18,BIZ047,식품,C10700010,2081,2026-06-19,강원특별자치도,(주)정찬씨앤에프,속초시,"제조,가공",2026-1-0304,식품제조가공업,정찬씨앤에프,속초시 정찬씨앤에프,,,2026-1-0304,20250607242,(주)정찬씨앤에프,식품제조가공업,강원특별자치도 속초시,식품
"양념육,식육추출가공품",612,2029-06-16,BIZ047,축산물,"86,89",2082,2026-06-17,경기도,주식회사 우슴지음,남양주시,"제조,가공",2026-1-0303,축산물가공업-식육가공업,주식회사 우슴지음,남양주시 주식회사 우슴지음,,,2026-1-0303,20260375003,주식회사 우슴지음,축산물가공업-식육가공업,경기도 남양주시,축산물
소스,106,2029-06-16,BIZ047,식품,C10400003,2083,2026-06-17,경기도,(주)우슴지음,남양주시,"제조,가공",2026-1-0302,식품제조가공업,우슴지음,남양주시 우슴지음,,,2026-1-0302,20250504468,(주)우슴지음,식품제조가공업,경기도 남양주시,식품
소스,106,2029-06-16,BIZ047,식품,C10400003,2084,2026-06-17,경기도,도우 팩토리아,남양주시,"제조,가공",2026-1-0301,식품제조가공업,도우 팩토리아,남양주시 도우 팩토리아,,,2026-1-0301,20240543250,도우 팩토리아,식품제조가공업,경기도 남양주시,식품
기타가공품,106,2029-06-15,BIZ047,식품,C11400002,2086,2026-06-16,강원특별자치도,(주)삼진GNF,홍천군,"제조,가공",2026-1-0299,식품제조가공업,삼진GNF,홍천군 삼진GNF,127.95069770171736,37.7282272923856,2026-1-0299,20060394112,(주)삼진GNF,식품제조가공업,강원특별자치도 홍천군,식품
축산물운반업,008,2029-06-15,BIZ048,축산물,179,2087,2026-06-16,경기도,한뫼트랜스(주),연천군,"유통,판매,조리",2026-1-0298,축산물운반업,한뫼트랜스,연천군 한뫼트랜스,,,2026-1-0298,19990376149,한뫼트랜스(주),축산물운반업,경기도 연천군,축산물
포장육,604,2029-06-14,BIZ047,축산물,78,2088,2026-06-15,경기도,(주) 바라기,남양주시,"제조,가공",2026-1-0297,식육포장처리업,바라기,남양주시  바라기,127.20750920021123,37.69321100055251,2026-1-0297,20160333479,(주) 바라기,식육포장처리업,경기도 남양주시,축산물
"양념육,분쇄가공육제품",612,2029-06-14,BIZ047,축산물,"86,87",2089,2026-06-15,경기도,주식회사 바라기,남양주시,"제조,가공",2026-1-0296,축산물가공업-식육가공업,주식회사 바라기,남양주시 주식회사 바라기,127.2067811002204,37.69044922023984,2026-1-0296,20160262162,주식회사 바라기,축산물가공업-식육가공업,경기도 남양주시,축산물
액상차(공유주방 이용업소),106,2029-06-11,BIZ047,식품,C10100002,2090,2026-06-12,강원특별자치도,미래촌농원,철원군,"제조,가공",2026-1-0295,식품제조가공업,미래촌농원,철원군 미래촌농원,127.4062172005238,38.13643568897818,2026-1-0295,20170399133,미래촌농원,식품제조가공업,강원특별자치도 철원군,식품
포장육,604,2029-06-11,BIZ047,축산물,78,2091,2026-06-12,강원특별자치도,서진축산,속초시,"제조,가공",2026-1-0292,식육포장처리업,서진축산,속초시 서진축산,128.5757074004371,38.19017940071268,2026-1-0292,20150392131,서진축산,식육포장처리업,강원특별자치도 속초시,축산물
혼합음료,106,2029-06-11,BIZ047,식품,C10100016,2092,2026-06-12,강원특별자치도,평창모린,평창군,"제조,가공",2026-1-0291,식품제조가공업,평창모린,평창군 평창모린,128.37773660494796,37.61456250369141,2026-1-0291,20190415028,평창모린,식품제조가공업,강원특별자치도 평창군,식품
즉석섭취식품,106,2029-06-10,BIZ047,식품,C11300003,2093,2026-06-11,강원특별자치도,춘천애(愛)온봄찬,춘천시,"제조,가공",2026-1-0290,식품제조가공업,춘천애온봄찬,춘천시 춘천애온봄찬,,,2026-1-0290,20250591235,춘천애(愛)온봄찬,식품제조가공업,강원특별자치도 춘천시,식품
조미건어포,106,2029-06-10,BIZ047,식품,C11000011,2095,2026-06-11,경기도,(주)웅남,파주시,"제조,가공",2026-1-0288,식품제조가공업,웅남,파주시 웅남,,,2026-1-0288,20180371497,(주)웅남,식품제조가공업,경기도 파주시,식품
과자(공유주방 이용업소),106,2029-06-10,BIZ047,식품,C09300001,2096,2026-06-11,강원특별자치도,영농조합법인 김화디엠지청정한과,철원군,"제조,가공",2026-1-0287,식품제조가공업,영농조합법인 김화디엠지청정한과,철원군 영농조합법인 김화디엠지청정한과,,,2026-1-0287,20250621124,영농조합법인 김화디엠지청정한과,식품제조가공업,강원특별자치도 철원군,식품
과ㆍ채주스,106,2029-06-10,BIZ047,식품,C10100006,2097,2026-06-11,경기도,주식회사 핀코퍼레이션,남양주시,"제조,가공",2026-1-0286,식품제조가공업,주식회사 핀코퍼레이션,남양주시 주식회사 핀코퍼레이션,127.21719749980257,37.6711679037277,2026-1-0286,20250503810,주식회사 핀코퍼레이션,식품제조가공업,경기도 남양주시,식품
기타발효음료,106,2029-06-07,BIZ047,식품,C10100014,2098,2026-06-08,경기도,(주)카브루 비전브루어리,가평군,"제조,가공",2026-1-0285,식품제조가공업,카브루 비전브루어리,가평군 카브루 비전브루어리,127.33749840032011,37.797716302276136,2026-1-0285,20260600054,(주)카브루 비전브루어리,식품제조가공업,경기도 가평군,식품
양념육,612,2029-06-07,BIZ047,축산물,86,2099,2026-06-08,경기도,주식회사 한강푸드,파주시,"제조,가공",2026-1-0284,축산물가공업-식육가공업,주식회사 한강푸드,파주시 주식회사 한강푸드,,,2026-1-0284,20260375026,주식회사 한강푸드,축산물가공업-식육가공업,경기도 파주시,축산물
포장육,604,2029-06-07,BIZ047,축산물,78,2100,2026-06-08,경기도,주식회사 한강푸드,파주시,"제조,가공",2026-1-0283,식육포장처리업,주식회사 한강푸드,파주시 주식회사 한강푸드,,,2026-1-0283,20250543724,주식회사 한강푸드,식육포장처리업,경기도 파주시,축산물
곡류가공품,106,2029-06-07,BIZ047,식품,C10700011,2101,2026-06-08,강원특별자치도,농업회사법인 엠지에프철기 주식회사,철원군,"제조,가공",2026-1-0282,식품제조가공업,농업회사법인 엠지에프철기 주식회사,철원군 농업회사법인 엠지에프철기 주식회사,,,2026-1-0282,20260637058,농업회사법인 엠지에프철기 주식회사,식품제조가공업,강원특별자치도 철원군,식품
식용란수집판매업,635,2029-06-07,BIZ048,축산물,581,2102,2026-06-08,서울특별시,진솔농장,도봉구,"유통,판매,조리",2026-1-0281,축산물판매업-식용란수집판매업,진솔농장,도봉구 진솔농장,127.03707363012074,37.66633907578683,2026-1-0281,20110056668,진솔농장,축산물판매업-식용란수집판매업,서울특별시 도봉구,축산물
가공김(조미김 또는 구운김),106,2029-06-04,BIZ047,식품,C11000017,2103,2026-06-05,경기도,와이앤에프,포천시,"제조,가공",2026-1-0280,식품제조가공업,와이앤에프,포천시 와이앤에프,,,2026-1-0280,20220520683,와이앤에프,식품제조가공업,경기도 포천시,식품
포장육,604,2029-06-01,BIZ047,축산물,78,2104,2026-06-02,서울특별시,(주)수북축산,성동구,"제조,가공",2026-1-0279,식육포장처리업,수북축산,성동구 수북축산,127.03648590001788,37.57148040070267,2026-1-0279,20240054282,(주)수북축산,식육포장처리업,서울특별시 성동구,축산물
빵류,106,2029-06-01,BIZ047,식품,C09300004,2105,2026-06-02,서울특별시,성베스 씨케이,성동구,"제조,가공",2026-1-0278,식품제조가공업,성베스 씨케이,성동구 성베스 씨케이,127.0556139995052,37.54355110310164,2026-1-0278,20250055037,성베스 씨케이,식품제조가공업,서울특별시 성동구,식품
과자,106,2029-06-01,BIZ047,식품,C09300001,2106,2026-06-02,서울특별시,성베스 씨케이,성동구,"제조,가공",2026-1-0277,식품제조가공업,성베스 씨케이,성동구 성베스 씨케이,127.0556139995052,37.54355110310164,2026-1-0277,20250055037,성베스 씨케이,식품제조가공업,서울특별시 성동구,식품
양념육,612,2029-06-01,BIZ047,축산물,86,2107,2026-06-02,경기도,하나푸드,고양시 덕양구,"제조,가공",2026-1-0276,축산물가공업-식육가공업,하나푸드,고양시 덕양구 하나푸드,126.8578221002094,37.721660400740426,2026-1-0276,20260375030,하나푸드,축산물가공업-식육가공업,경기도 고양시 덕양구,축산물
즉석조리식품,106,2029-06-01,BIZ047,식품,C11300005,2108,2026-06-02,경기도,한양제너럴 푸드,파주시,"제조,가공",2026-1-0275,식품제조가공업,한양제너럴 푸드,파주시 한양제너럴 푸드,,,2026-1-0275,20170355541,한양제너럴푸드,식품제조가공업,경기도 파주시,식품
빵류,106,2029-06-01,BIZ047,식품,C09300004,2109,2026-06-02,경기도,한양제너럴 푸드,파주시,"제조,가공",2026-1-0274,식품제조가공업,한양제너럴 푸드,파주시 한양제너럴 푸드,,,2026-1-0274,20170355541,한양제너럴푸드,식품제조가공업,경기도 파주시,식품
과자,106,2029-05-28,BIZ047,식품,C09300001,2110,2026-05-29,경기도,온이도,고양시 덕양구,"제조,가공",2026-1-0273,식품제조가공업,온이도,고양시 덕양구 온이도,126.84496719992352,37.61908275195256,2026-1-0273,20260486408,온이도1,식품제조가공업,경기도 고양시 덕양구,식품
곡류가공품,106,2029-05-28,BIZ047,식품,C10700011,2111,2026-05-29,경기도,온이도,고양시 덕양구,"제조,가공",2026-1-0272,식품제조가공업,온이도,고양시 덕양구 온이도,126.84496719992352,37.61908275195256,2026-1-0272,20260486408,온이도1,식품제조가공업,경기도 고양시 덕양구,식품
즉석조리식품,106,2029-05-26,BIZ047,식품,C11300005,2118,2026-05-27,경기도,주식회사 플라잉닥터 제2공장,고양시 덕양구,"제조,가공",2026-1-0265,식품제조가공업,주식회사 플라잉닥터 제2공장,고양시 덕양구 주식회사 플라잉닥터 제2공장,,,2026-1-0265,20250483015,주식회사 플라잉닥터 제2공장,식품제조가공업,경기도 고양시 덕양구,식품
체중조절용 조제식품,106,2029-05-26,BIZ047,식품,C10200009,2119,2026-05-27,경기도,아임퓨어,포천시,"제조,가공",2026-1-0264,식품제조가공업,아임퓨어,포천시 아임퓨어,127.19270799976488,37.836455200545,2026-1-0264,20200391441,아임퓨어,식품제조가공업,경기도 포천시,식품
김칫속,106,2029-05-26,BIZ047,식품,C10500001,2120,2026-05-27,경기도,(주)츄리온더쇼어,포천시,"제조,가공",2026-1-0263,식품제조가공업,츄리온더쇼어,포천시 츄리온더쇼어,127.31371440054724,37.94000879643322,2026-1-0263,19990372268,(주)츄리온더쇼어,식품제조가공업,경기도 포천시,식품
곡류가공품,106,2029-05-26,BIZ047,식품,C10700011,2121,2026-05-27,경기도,(주)포앤그린,포천시,"제조,가공",2026-1-0262,식품제조가공업,포앤그린,포천시 포앤그린,127.1880010997546,37.83773989760633,2026-1-0262,20120372101,(주)포앤그린,식품제조가공업,경기도 포천시,식품
소스,106,2029-05-26,BIZ047,식품,C10400003,2122,2026-05-27,경기도,(주)포앤그린,포천시,"제조,가공",2026-1-0261,식품제조가공업,포앤그린,포천시 포앤그린,127.1880010997546,37.83773989760633,2026-1-0261,20120372101,(주)포앤그린,식품제조가공업,경기도 포천시,식품
복합조미식품,106,2029-05-26,BIZ047,식품,C10400006,2123,2026-05-27,경기도,(주)포앤그린,포천시,"제조,가공",2026-1-0260,식품제조가공업,포앤그린,포천시 포앤그린,127.1880010997546,37.83773989760633,2026-1-0260,20120372101,(주)포앤그린,식품제조가공업,경기도 포천시,식품
과자,106,2029-05-25,BIZ047,식품,C09300001,2124,2026-05-26,경기도,(주)마음,가평군,"제조,가공",2026-1-0259,식품제조가공업,마음,가평군 마음,127.34381269965904,37.80002485790256,2026-1-0259,20200395112,(주)마음,식품제조가공업,경기도 가평군,식품
양념육,612,2029-05-20,BIZ047,축산물,86,2125,2026-05-21,서울특별시,(주)선우프레시,송파구,"제조,가공",2026-1-0258,축산물가공업-식육가공업,선우프레시,송파구 선우프레시,127.1489640001922,37.50164970097466,2026-1-0258,20260154689,(주)선우프레시,축산물가공업-식육가공업,서울특별시 송파구,축산물
즉석판매제조가공업(즉석섭취식품(운반급식 포함)),107,2029-05-18,BIZ048,식품,H00100006,2126,2026-05-19,서울특별시,키즈 푸드 플러스,성동구,"유통,판매,조리",2026-1-0257,즉석판매제조가공업,키즈 푸드 플러스,성동구 키즈 푸드 플러스,,,2026-1-0257,20250055128,키즈 푸드 플러스,즉석판매제조가공업,서울특별시 성동구,식품
포장육,604,2029-05-18,BIZ047,축산물,78,2127,2026-05-19,경기도,바른푸드,동두천시,"제조,가공",2026-1-0256,식육포장처리업,바른푸드,동두천시 바른푸드,127.05132349976704,37.93803630131935,2026-1-0256,20160310039,바른푸드,식육포장처리업,경기도 동두천시,축산물
식육추출가공품,612,2029-05-18,BIZ047,축산물,89,2128,2026-05-19,강원특별자치도,농업회사법인(주)정선물산,정선군,"제조,가공",2026-1-0255,축산물가공업-식육가공업,농업회사법인정선물산,정선군 농업회사법인정선물산,128.66585400586425,37.44557907769865,2026-1-0255,20260604003,농업회사법인(주)정선물산,축산물가공업-식육가공업,강원특별자치도 정선군,축산물
식육판매업,630,2029-05-18,BIZ048,축산물,176,2129,2026-05-19,강원특별자치도,주식회사락희,양양군,"유통,판매,조리",2026-1-0254,축산물판매업-식육판매업,주식회사락희,양양군 주식회사락희,128.6129175951506,38.08032829726056,2026-1-0254,20260647026,주식회사락희,축산물판매업-식육판매업,강원특별자치도 양양군,축산물
기타 식용유지가공품,106,2029-05-17,BIZ047,식품,C09900027,2130,2026-05-18,강원특별자치도,(주)휴온스엔,횡성군,"제조,가공",2026-1-0253,식품제조가공업,휴온스엔,횡성군 휴온스엔,,,2026-1-0253,20040275056,(주)로제트,식품제조가공업,경기도 성남시 중원구,식품
올리브유,106,2029-05-17,BIZ047,식품,C09900013,2131,2026-05-18,강원특별자치도,(주)휴온스엔,횡성군,"제조,가공",2026-1-0252,식품제조가공업,휴온스엔,횡성군 휴온스엔,,,2026-1-0252,20040275056,(주)로제트,식품제조가공업,경기도 성남시 중원구,식품
떡류,106,2029-05-17,BIZ047,식품,C09300005,2132,2026-05-18,강원특별자치도,농업회사법인 산애찬 주식회사,횡성군,"제조,가공",2026-1-0251,식품제조가공업,농업회사법인 산애찬 주식회사,횡성군 농업회사법인 산애찬 주식회사,127.95938669481156,37.52824410093147,2026-1-0251,20190413060,농업회사법인 산애찬 주식회사,식품제조가공업,강원특별자치도 횡성군,식품
포장육,604,2029-05-17,BIZ047,축산물,78,2133,2026-05-18,서울특별시,신호미트,성동구,"제조,가공",2026-1-0250,식육포장처리업,신호미트,성동구 신호미트,127.03995559986332,37.56876960046538,2026-1-0250,20220041279,신호미트,식육포장처리업,서울특별시 성동구,축산물
땅콩 또는 견과류가공품,106,2029-05-17,BIZ047,식품,C10700006,2134,2026-05-18,경기도,(주)한국네스트 제2공장,포천시,"제조,가공",2026-1-0249,식품제조가공업,한국네스트 제2공장,포천시 한국네스트 제2공장,127.20222599949858,37.86775260131006,2026-1-0249,20200391537,(주)한국네스트 제2공장,식품제조가공업,경기도 포천시,식품
포장육,604,2029-05-14,BIZ047,축산물,78,2135,2026-05-15,경기도,닭스푸드&희수축산,동두천시,"제조,가공",2026-1-0248,식육포장처리업,닭스푸드&희수축산,동두천시 닭스푸드&희수축산,127.06650940034856,37.89933300105852,2026-1-0248,20260472064,닭스푸드&희수축산,식육포장처리업,경기도 동두천시,축산물
빵류,106,2029-05-13,BIZ047,식품,C09300004,2136,2026-05-14,서울특별시,성수씨케이(성수CK),성동구,"제조,가공",2026-1-0247,식품제조가공업,성수씨케이,성동구 성수씨케이,,,2026-1-0247,20260054306,성수씨케이(성수CK),식품제조가공업,서울특별시 성동구,식품
절임식품,106,2029-05-13,BIZ047,식품,C10500003,2137,2026-05-14,경기도,두리식품,동두천시,"제조,가공",2026-1-0246,식품제조가공업,두리식품,동두천시 두리식품,127.05144180051612,37.95075189696835,2026-1-0246,20120310113,두리식품,식품제조가공업,경기도 동두천시,식품
떡류,106,2029-05-13,BIZ047,식품,C09300005,2138,2026-05-14,서울특별시,전통떡집,중랑구,"제조,가공",2026-1-0245,식품제조가공업,전통떡집,중랑구 전통떡집,127.07107500034331,37.59608330072649,2026-1-0245,19990047048,전통떡집,식품제조가공업,서울특별시 중랑구,식품
포장육,604,2029-05-13,BIZ047,축산물,78,2139,2026-05-14,경기도,정연 에프앤비,고양시,"제조,가공",2026-1-0244,식육포장처리업,정연 에프앤비,고양시 정연 에프앤비,126.80887449988576,37.689015203313005,2026-1-0244,20220442525,정연 에프앤비,식육포장처리업,경기도 고양시 일산동구,축산물
기타가공품,106,2029-05-13,BIZ047,식품,C11400002,2140,2026-05-14,경기도,한일식품,포천시,"제조,가공",2026-1-0243,식품제조가공업,한일식품,포천시 한일식품,127.19568569978031,37.83561900135446,2026-1-0243,20220520688,한일식품,식품제조가공업,경기도 포천시,식품
양념육,612,2029-05-10,BIZ047,축산물,86,2141,2026-05-11,경기도,㈜비에프에프앤비,남양주시,"제조,가공",2026-1-0242,축산물가공업-식육가공업,㈜비에프에프앤비,남양주시 ㈜비에프에프앤비,127.28408149950732,37.64463030063856,2026-1-0242,20260375024,㈜비에프에프앤비,축산물가공업-식육가공업,경기도 남양주시,축산물
포장육,604,2029-05-10,BIZ047,축산물,78,2142,2026-05-11,경기도,비에프 에프앤비,남양주시,"제조,가공",2026-1-0241,식육포장처리업,비에프 에프앤비,남양주시 비에프 에프앤비,127.28408149950732,37.64463030063856,2026-1-0241,20230470020,비에프 에프앤비,식육포장처리업,경기도 남양주시,축산물
준초콜릿,106,2029-05-10,BIZ047,식품,C09500008,2143,2026-05-11,경기도,(주)디어푸드,고양시 덕양구,"제조,가공",2026-1-0240,식품제조가공업,디어푸드,고양시 덕양구 디어푸드,126.90216589950104,37.649128901112384,2026-1-0240,20250482273,(주)디어푸드,식품제조가공업,경기도 고양시 덕양구,식품
당류가공품,106,2029-05-10,BIZ047,식품,C09600012,2144,2026-05-11,경기도,(주)디어푸드,고양시 덕양구,"제조,가공",2026-1-0239,식품제조가공업,디어푸드,고양시 덕양구 디어푸드,126.90216589950104,37.649128901112384,2026-1-0239,20250482273,(주)디어푸드,식품제조가공업,경기도 고양시 덕양구,식품
초콜릿가공품,106,2029-05-10,BIZ047,식품,C09500009,2145,2026-05-11,경기도,(주)디어푸드,고양시 덕양구,"제조,가공",2026-1-0238,식품제조가공업,디어푸드,고양시 덕양구 디어푸드,126.90216589950104,37.649128901112384,2026-1-0238,20250482273,(주)디어푸드,식품제조가공업,경기도 고양시 덕양구,식품
초콜릿,106,2029-05-10,BIZ047,식품,C09500005,2146,2026-05-11,경기도,(주)디어푸드,고양시 덕양구,"제조,가공",2026-1-0237,식품제조가공업,디어푸드,고양시 덕양구 디어푸드,126.90216589950104,37.649128901112384,2026-1-0237,20250482273,(주)디어푸드,식품제조가공업,경기도 고양시 덕양구,식품
화이트초콜릿,106,2029-05-10,BIZ047,식품,C09500007,2147,2026-05-11,경기도,(주)디어푸드,고양시 덕양구,"제조,가공",2026-1-0236,식품제조가공업,디어푸드,고양시 덕양구 디어푸드,126.90216589950104,37.649128901112384,2026-1-0236,20250482273,(주)디어푸드,식품제조가공업,경기도 고양시 덕양구,식품
밀크초콜릿,106,2029-05-10,BIZ047,식품,C09500006,2148,2026-05-11,경기도,(주)디어푸드,고양시 덕양구,"제조,가공",2026-1-0235,식품제조가공업,디어푸드,고양시 덕양구 디어푸드,126.90216589950104,37.649128901112384,2026-1-0235,20250482273,(주)디어푸드,식품제조가공업,경기도 고양시 덕양구,식품
포장육,604,2029-05-10,BIZ047,축산물,78,2149,2026-05-11,경기도,(주)돈비에스,남양주시,"제조,가공",2026-1-0234,식육포장처리업,돈비에스,남양주시 돈비에스,127.21326619987389,37.68055999559078,2026-1-0234,20250505235,(주)돈비에스,식육포장처리업,경기도 남양주시,축산물
올리브유,106,2029-05-07,BIZ047,식품,C09900013,2150,2026-05-08,경기도,(주)네추럴웨이 포천제2공장,포천시,"제조,가공",2026-1-0233,식품제조가공업,네추럴웨이 포천제2공장,포천시 네추럴웨이 포천제2공장,127.19959509990292,37.87646180065156,2026-1-0233,20190391582,(주)네추럴웨이 포천제2공장,식품제조가공업,경기도 포천시,식품
포장육,604,2029-05-07,BIZ047,축산물,78,2151,2026-05-08,경기도,(주)구리축산,남양주시,"제조,가공",2026-1-0232,식육포장처리업,구리축산,남양주시 구리축산,,,2026-1-0232,20130330469,(주)구리축산,식육포장처리업,경기도 남양주시,축산물
과자,106,2029-05-06,BIZ047,식품,C09300001,2152,2026-05-07,강원특별자치도,주식회사 맨땅,영월군,"제조,가공",2026-1-0231,식품제조가공업,주식회사 맨땅,영월군 주식회사 맨땅,128.2520619966755,37.26723903095074,2026-1-0231,20220558072,주식회사 맨땅,식품제조가공업,강원특별자치도 영월군,식품
두류가공품,106,2029-05-06,BIZ047,식품,C10700012,2153,2026-05-07,강원특별자치도,기린원당조공법인 두류가공품사업소,인제군,"제조,가공",2026-1-0230,식품제조가공업,기린원당조공법인 두류가공품사업소,인제군 기린원당조공법인 두류가공품사업소,,,2026-1-0230,20250627145,기린원당조공법인 두류가공품사업소,식품제조가공업,강원특별자치도 인제군,식품
포장육,604,2029-05-06,BIZ047,축산물,78,2154,2026-05-07,경기도,주식회사 요나단푸드,양주시,"제조,가공",2026-1-0229,식육포장처리업,주식회사 요나단푸드,양주시 주식회사 요나단푸드,,,2026-1-0229,20250574914,주식회사 요나단푸드,식육포장처리업,경기도 양주시,축산물
복합조미식품,106,2029-05-06,BIZ047,식품,C10400006,2155,2026-05-07,서울특별시,주식회사 제이케이푸드시스템(6),성동구,"제조,가공",2026-1-0228,식품제조가공업,주식회사 제이케이푸드시스템,성동구 주식회사 제이케이푸드시스템,127.05079779961156,37.544912030666325,2026-1-0228,20260054121,주식회사 제이케이푸드시스템(6),식품제조가공업,서울특별시 성동구,식품
레토르트식품(즉석조리식품(공유주방 이용업소)),106,2029-05-06,BIZ047,식품,C00200001,2156,2026-05-07,경기도,주식회사 그린팜푸드,가평군,"제조,가공",2026-1-0227,식품제조가공업,주식회사 그린팜푸드,가평군 주식회사 그린팜푸드,,,2026-1-0227,20250584290,주식회사 그린팜푸드,식품제조가공업,경기도 가평군,식품
양념육,612,2029-05-06,BIZ047,축산물,86,2157,2026-05-07,강원특별자치도,주식회사 해현,춘천시,"제조,가공",2026-1-0226,축산물가공업-식육가공업,주식회사 해현,춘천시 주식회사 해현,,,2026-1-0226,20250588009,주식회사 해현,축산물가공업-식육가공업,강원특별자치도 춘천시,축산물
포장육,604,2029-05-06,BIZ047,축산물,78,2158,2026-05-07,강원특별자치도,주식회사 해현,춘천시,"제조,가공",2026-1-0225,식육포장처리업,주식회사 해현,춘천시 주식회사 해현,,,2026-1-0225,20250591106,주식회사 해현,식육포장처리업,강원특별자치도 춘천시,축산물
포장육,604,2029-05-06,BIZ047,축산물,78,2159,2026-05-07,경기도,(주)정성푸드,포천시,"제조,가공",2026-1-0224,식육포장처리업,정성푸드,포천시 정성푸드,,,2026-1-0224,20260593137,(주)정성푸드,식육포장처리업,경기도 포천시,축산물
양념육,612,2029-05-06,BIZ047,축산물,86,2160,2026-05-07,경기도,(주)정성푸드,포천시,"제조,가공",2026-1-0223,축산물가공업-식육가공업,정성푸드,포천시 정성푸드,,,2026-1-0223,20260375019,(주)정성푸드,축산물가공업-식육가공업,경기도 포천시,축산물
땅콩 또는 견과류가공품,106,2029-05-05,BIZ047,식품,C10700006,2161,2026-05-06,경기도,주식회사 슈퍼너츠팩토리,남양주시,"제조,가공",2026-1-0222,식품제조가공업,주식회사 슈퍼너츠팩토리,남양주시 주식회사 슈퍼너츠팩토리,127.2159646997562,37.745981799965406,2026-1-0222,20250503606,주식회사 슈퍼너츠팩토리,식품제조가공업,경기도 남양주시,식품
김치(기타김치),106,2029-05-05,BIZ047,식품,C10500002,2162,2026-05-06,경기도,(주)신채,파주시,"제조,가공",2026-1-0221,식품제조가공업,신채,파주시 신채,126.8341186025875,37.785832312616506,2026-1-0221,20250543558,(주)신채,식품제조가공업,경기도 파주시,식품
김치(배추김치),106,2029-05-05,BIZ047,식품,C12300001,2163,2026-05-06,경기도,(주)신채,파주시,"제조,가공",2026-1-0220,식품제조가공업,신채,파주시 신채,126.8341186025875,37.785832312616506,2026-1-0220,20250543558,(주)신채,식품제조가공업,경기도 파주시,식품
농후발효유,611,2029-05-03,BIZ047,축산물,C0318040200000,2164,2026-05-04,서울특별시,레이지요거트 공장,성동구,"제조,가공",2026-1-0219,축산물가공업-유가공업,레이지요거트 공장,성동구 레이지요거트 공장,,,2026-1-0219,20260054131,레이지요거트 공장,축산물가공업-유가공업,서울특별시 성동구,축산물
리큐르,402,2029-05-03,BIZ047,식품,C10600010,2165,2026-05-04,경기도,라이트힐 브루어리 앤드 디스틸러리,가평군,"제조,가공",2026-1-0218,식품제조가공업(주류제조),라이트힐 브루어리 앤드 디스틸러리,가평군 라이트힐 브루어리 앤드 디스틸러리,,,2026-1-0218,20230004892,라이트힐 브루어리 앤드 디스틸러리,식품제조가공업(주류),경기도 가평군,식품
과실주,402,2029-05-03,BIZ047,식품,C10600005,2166,2026-05-04,경기도,라이트힐 브루어리 앤드 디스틸러리,가평군,"제조,가공",2026-1-0217,식품제조가공업(주류제조),라이트힐 브루어리 앤드 디스틸러리,가평군 라이트힐 브루어리 앤드 디스틸러리,,,2026-1-0217,20230004892,라이트힐 브루어리 앤드 디스틸러리,식품제조가공업(주류),경기도 가평군,식품
포장육,604,2029-04-29,BIZ047,축산물,78,2167,2026-04-30,서울특별시,장수한우,성동구,"제조,가공",2026-1-0216,식육포장처리업,장수한우,성동구 장수한우,127.04251980020048,37.56681460098227,2026-1-0216,20030036826,장수한우,식육포장처리업,서울특별시 성동구,축산물
포장육,604,2029-04-29,BIZ047,축산물,78,2168,2026-04-30,경기도,경원씨앤에프,남양주시,"제조,가공",2026-1-0215,식육포장처리업,경원씨앤에프,남양주시 경원씨앤에프,127.16099260035551,37.71033360115999,2026-1-0215,20200348537,경원씨앤에프,식육포장처리업,경기도 남양주시,축산물
일반환자용 균형영양조제식품(균형영양조제식품),106,2029-04-29,BIZ047,식품,C0324010100000,2169,2026-04-30,경기도,서울우유 양주신공장,양주시,"제조,가공",2026-1-0214,식품제조가공업,서울우유 양주신공장,양주시 서울우유 양주신공장,127.0375246999916,37.84209850101125,2026-1-0214,20200267192,서울우유협동조합 양주신공장,축산물가공업-유가공업,경기도 양주시,축산물
김치(배추김치),106,2029-04-28,BIZ047,식품,C12300001,2170,2026-04-29,강원특별자치도,농업회사법인 김백규 태백항아리김치 주식회사,태백시,"제조,가공",2026-1-0213,식품제조가공업,농업회사법인 김백규 태백항아리김치 주식회사,태백시 농업회사법인 김백규 태백항아리김치 주식회사,,,2026-1-0213,20260621018,농업회사법인 김백규 태백항아리김치 주식회사,식품제조가공업,강원특별자치도 태백시,식품
절임식품,106,2029-04-28,BIZ047,식품,C10500003,2171,2026-04-29,강원특별자치도,농업회사법인 김백규 태백항아리김치 주식회사,태백시,"제조,가공",2026-1-0212,식품제조가공업,농업회사법인 김백규 태백항아리김치 주식회사,태백시 농업회사법인 김백규 태백항아리김치 주식회사,,,2026-1-0212,20260621018,농업회사법인 김백규 태백항아리김치 주식회사,식품제조가공업,강원특별자치도 태백시,식품
김치(기타김치),106,2029-04-28,BIZ047,식품,C10500002,2172,2026-04-29,강원특별자치도,농업회사법인 김백규 태백항아리김치 주식회사,태백시,"제조,가공",2026-1-0211,식품제조가공업,농업회사법인 김백규 태백항아리김치 주식회사,태백시 농업회사법인 김백규 태백항아리김치 주식회사,,,2026-1-0211,20260621018,농업회사법인 김백규 태백항아리김치 주식회사,식품제조가공업,강원특별자치도 태백시,식품
김칫속,106,2029-04-28,BIZ047,식품,C10500001,2173,2026-04-29,강원특별자치도,농업회사법인 김백규 태백항아리김치 주식회사,태백시,"제조,가공",2026-1-0210,식품제조가공업,농업회사법인 김백규 태백항아리김치 주식회사,태백시 농업회사법인 김백규 태백항아리김치 주식회사,,,2026-1-0210,20260621018,농업회사법인 김백규 태백항아리김치 주식회사,식품제조가공업,강원특별자치도 태백시,식품
조미건어포,106,2029-04-28,BIZ047,식품,C11000011,2174,2026-04-29,경기도,너울푸드,파주시,"제조,가공",2026-1-0209,식품제조가공업,너울푸드,파주시 너울푸드,,,2026-1-0209,20190335694,너울푸드,식품제조가공업,경기도 파주시,식품
포장육,604,2029-04-27,BIZ047,축산물,78,2175,2026-04-28,강원특별자치도,은하푸드,동해시,"제조,가공",2026-1-0208,식육포장처리업,은하푸드,동해시 은하푸드,,,2026-1-0208,20260618039,은하푸드,식육포장처리업,강원특별자치도 동해시,축산물
포장육,604,2029-04-27,BIZ047,축산물,78,2176,2026-04-28,경기도,(주)하루하나,양주시,"제조,가공",2026-1-0207,식육포장처리업,하루하나,양주시 하루하나,,,2026-1-0207,20180389078,(주)하루하나,식육포장처리업,경기도 양주시,축산물
포장육,604,2029-04-27,BIZ047,축산물,78,2177,2026-04-28,경기도,주식회사 중앙에프앤비,포천시,"제조,가공",2026-1-0206,식육포장처리업,주식회사 중앙에프앤비,포천시 주식회사 중앙에프앤비,127.15172190037684,37.85381770129443,2026-1-0206,20230528724,주식회사 중앙에프앤비,식육포장처리업,경기도 포천시,축산물
양념육,612,2029-04-27,BIZ047,축산물,86,2178,2026-04-28,경기도,(주)중앙에프앤비,포천시,"제조,가공",2026-1-0205,축산물가공업-식육가공업,중앙에프앤비,포천시 중앙에프앤비,127.15172190037684,37.85381770129443,2026-1-0205,20180267091,(주)중앙에프앤비,축산물가공업-식육가공업,경기도 포천시,축산물
과ㆍ채주스,106,2029-04-27,BIZ047,식품,C10100006,2179,2026-04-28,경기도,(주)대은바이오,파주시,"제조,가공",2026-1-0204,식품제조가공업,대은바이오,파주시 대은바이오,126.8984623001024,37.80638770315056,2026-1-0204,20030355450,(주)대은바이오,식품제조가공업,경기도 파주시,식품
땅콩 또는 견과류가공품,106,2029-04-26,BIZ047,식품,C10700006,2180,2026-04-27,경기도,자연농장,남양주시,"제조,가공",2026-1-0203,식품제조가공업,자연농장,남양주시 자연농장,127.21553739992774,37.58719550270738,2026-1-0203,20170333328,자연농장,식품제조가공업,경기도 남양주시,식품
빵류,106,2029-04-26,BIZ047,식품,C09300004,2181,2026-04-27,경기도,주식회사 데일리브레드,포천시,"제조,가공",2026-1-0202,식품제조가공업,주식회사 데일리브레드,포천시 주식회사 데일리브레드,,,2026-1-0202,20260593068,주식회사 데일리브레드,식품제조가공업,경기도 포천시,식품
기타엿,106,2029-04-26,BIZ047,식품,C09600010,2182,2026-04-27,경기도,(주) 청우식품,포천시,"제조,가공",2026-1-0201,식품제조가공업,청우식품,포천시  청우식품,127.2713766853478,38.05916143088457,2026-1-0201,20100372386,(주) 청우식품,식품제조가공업,경기도 포천시,식품
"아이스크림믹스,우유,농후발효유",611,2029-04-26,BIZ047,축산물,"C0318010100000,C0318040200000,C0302020100000",2184,2026-04-27,경기도,벗골목장,연천군,"제조,가공",2026-1-0199,축산물가공업-유가공업,벗골목장,연천군 벗골목장,,,2026-1-0199,20260375021,벗골목장,축산물가공업-유가공업,경기도 연천군,축산물
식육함유가공품,106,2029-04-23,BIZ047,식품,C10800001,2185,2026-04-24,경기도,파티센타 남양주 CK,남양주시,"제조,가공",2026-1-0198,식품제조가공업,파티센타 남양주 CK,남양주시 파티센타 남양주 CK,,,2026-1-0198,20160333356,파티센타 남양주 CK,식품제조가공업,경기도 남양주시,식품
즉석섭취식품,106,2029-04-23,BIZ047,식품,C11300003,2186,2026-04-24,경기도,파티센타 남양주 CK,남양주시,"제조,가공",2026-1-0197,식품제조가공업,파티센타 남양주 CK,남양주시 파티센타 남양주 CK,,,2026-1-0197,20160333356,파티센타 남양주 CK,식품제조가공업,경기도 남양주시,식품
신선편의식품,106,2029-04-23,BIZ047,식품,C11300004,2187,2026-04-24,경기도,파티센타 남양주 CK,남양주시,"제조,가공",2026-1-0196,식품제조가공업,파티센타 남양주 CK,남양주시 파티센타 남양주 CK,,,2026-1-0196,20160333356,파티센타 남양주 CK,식품제조가공업,경기도 남양주시,식품
빵류,106,2029-04-22,BIZ047,식품,C09300004,2188,2026-04-23,서울특별시,가산 브레드CK,금천구,"제조,가공",2026-1-0195,식품제조가공업,가산 브레드CK,금천구 가산 브레드CK,,,2026-1-0195,20260118129,가산 브레드CK,식품제조가공업,서울특별시 금천구,식품
신장질환자용 식단형 식품,106,2029-04-22,BIZ047,식품,C0324030200000,2189,2026-04-23,경기도,(주)드림찬,파주시,"제조,가공",2026-1-0194,식품제조가공업,드림찬,파주시 드림찬,126.76843260025193,37.72163785399301,2026-1-0194,20220495373,(주)드림찬,식품제조가공업,경기도 파주시,식품
암환자용 식단형 식품,106,2029-04-22,BIZ047,식품,C0324030300000,2190,2026-04-23,경기도,(주)드림찬,파주시,"제조,가공",2026-1-0193,식품제조가공업,드림찬,파주시 드림찬,126.76843260025193,37.72163785399301,2026-1-0193,20220495373,(주)드림찬,식품제조가공업,경기도 파주시,식품
당뇨환자용 식단형 식품,106,2029-04-22,BIZ047,식품,C0324030100000,2191,2026-04-23,경기도,(주)드림찬,파주시,"제조,가공",2026-1-0192,식품제조가공업,드림찬,파주시 드림찬,126.76843260025193,37.72163785399301,2026-1-0192,20220495373,(주)드림찬,식품제조가공업,경기도 파주시,식품
과자,106,2029-04-22,BIZ047,식품,C09300001,2192,2026-04-23,경기도,서븐,남양주시,"제조,가공",2026-1-0191,식품제조가공업,서븐,남양주시 서븐,,,2026-1-0191,20260507521,서븐,식품제조가공업,경기도 남양주시,식품
빵류,106,2029-04-22,BIZ047,식품,C09300004,2193,2026-04-23,경기도,서븐,남양주시,"제조,가공",2026-1-0190,식품제조가공업,서븐,남양주시 서븐,,,2026-1-0190,20260507521,서븐,식품제조가공업,경기도 남양주시,식품
포장육,604,2029-04-19,BIZ047,축산물,78,2194,2026-04-20,경기도,소잡는녀석들,의정부시,"제조,가공",2026-1-0189,식육포장처리업,소잡는녀석들,의정부시 소잡는녀석들,,,2026-1-0189,20260408272,소잡는녀석들,식육포장처리업,경기도 의정부시,축산물
생면,106,2029-04-19,BIZ047,식품,C10000001,2195,2026-04-20,경기도,주식회사 고려농산,파주시,"제조,가공",2026-1-0188,식품제조가공업,주식회사 고려농산,파주시 주식회사 고려농산,,,2026-1-0188,20230502542,주식회사 고려농산,식품제조가공업,경기도 파주시,식품
떡류,106,2029-04-16,BIZ047,식품,C09300005,2196,2026-04-17,경기도,와이제이 푸드,남양주시,"제조,가공",2026-1-0187,식품제조가공업,와이제이 푸드,남양주시 와이제이 푸드,,,2026-1-0187,20260507306,와이제이 푸드,식품제조가공업,경기도 남양주시,식품
땅콩 또는 견과류가공품,106,2029-04-16,BIZ047,식품,C10700006,2197,2026-04-17,강원특별자치도,주식회사 에버스,원주시,"제조,가공",2026-1-0186,식품제조가공업,주식회사 에버스,원주시 주식회사 에버스,127.99418630007148,37.4249759008538,2026-1-0186,20220538344,주식회사 에버스,식품제조가공업,강원특별자치도 원주시,식품
기타가공품,106,2029-04-15,BIZ047,식품,C11400002,2198,2026-04-16,경기도,상아생명과학주식회사 F1,포천시,"제조,가공",2026-1-0185,식품제조가공업,상아생명과학주식회사 F1,포천시 상아생명과학주식회사 F1,,,2026-1-0185,20240577206,상아생명과학주식회사 F1,식품제조가공업,경기도 포천시,식품
효소식품,106,2029-04-15,BIZ047,식품,C10700009,2199,2026-04-16,경기도,상아생명과학주식회사 F1,포천시,"제조,가공",2026-1-0184,식품제조가공업,상아생명과학주식회사 F1,포천시 상아생명과학주식회사 F1,,,2026-1-0184,20240577206,상아생명과학주식회사 F1,식품제조가공업,경기도 포천시,식품
캔디류,106,2029-04-15,BIZ047,식품,C09300002,2200,2026-04-16,경기도,상아생명과학주식회사 F1,포천시,"제조,가공",2026-1-0183,식품제조가공업,상아생명과학주식회사 F1,포천시 상아생명과학주식회사 F1,,,2026-1-0183,20240577206,상아생명과학주식회사 F1,식품제조가공업,경기도 포천시,식품
향신료조제품,106,2029-04-15,BIZ047,식품,C10400012,2201,2026-04-16,경기도,향토농산,양주시,"제조,가공",2026-1-0182,식품제조가공업,향토농산,양주시 향토농산,127.08396640031656,37.85927019969228,2026-1-0182,20250575055,향토농산,식품제조가공업,경기도 양주시,식품
고춧가루,106,2029-04-15,BIZ047,식품,C10400009,2202,2026-04-16,경기도,향토농산,양주시,"제조,가공",2026-1-0181,식품제조가공업,향토농산,양주시 향토농산,127.08396640031656,37.85927019969228,2026-1-0181,20250575055,향토농산,식품제조가공업,경기도 양주시,식품
효소식품,106,2029-04-15,BIZ047,식품,C10700009,2203,2026-04-16,경기도,(주)한국네스트 제2공장,포천시,"제조,가공",2026-1-0180,식품제조가공업,한국네스트 제2공장,포천시 한국네스트 제2공장,127.20222599949858,37.86775260131006,2026-1-0180,20200391537,(주)한국네스트 제2공장,식품제조가공업,경기도 포천시,식품
양념육,612,2029-04-15,BIZ047,축산물,86,2204,2026-04-16,서울특별시,(주)도원식품,금천구,"제조,가공",2026-1-0179,축산물가공업-식육가공업,도원식품,금천구 도원식품,126.8949304002289,37.46583650050058,2026-1-0179,20130084649,(주)도원식품,축산물가공업-식육가공업,서울특별시 금천구,축산물
포장육,604,2029-04-14,BIZ047,축산물,78,2206,2026-04-15,서울특별시,(주)미래미트,성동구,"제조,가공",2026-1-0177,식육포장처리업,미래미트,성동구 미래미트,127.03888709983264,37.568905900715855,2026-1-0177,20030036833,(주)미래미트,식육포장처리업,서울특별시 성동구,축산물
기타가공품,106,2029-04-14,BIZ047,식품,C11400002,2207,2026-04-15,경기도,주식회사 삼덕푸드,포천시,"제조,가공",2026-1-0176,식품제조가공업,주식회사 삼덕푸드,포천시 주식회사 삼덕푸드,127.36640780055863,38.0106363007583,2026-1-0176,20260593029,주식회사 삼덕푸드,식품제조가공업,경기도 포천시,식품
과ㆍ채가공품,106,2029-04-13,BIZ047,식품,C10700010,2208,2026-04-14,강원특별자치도,안심가공공유플랫폼,횡성군,"제조,가공",2026-1-0175,식품제조가공업,안심가공공유플랫폼,횡성군 안심가공공유플랫폼,,,2026-1-0175,20250613079,횡성안심가공플랫폼,식품제조가공업,강원특별자치도 횡성군,식품
고형차,106,2029-04-13,BIZ047,식품,C10100003,2209,2026-04-14,강원특별자치도,안심가공공유플랫폼,횡성군,"제조,가공",2026-1-0174,식품제조가공업,안심가공공유플랫폼,횡성군 안심가공공유플랫폼,,,2026-1-0174,20250613079,횡성안심가공플랫폼,식품제조가공업,강원특별자치도 횡성군,식품
캔디류,106,2029-04-11,BIZ047,식품,C09300002,2210,2026-04-12,경기도,(주)바이오닷,파주시,"제조,가공",2026-1-0173,식품제조가공업,바이오닷,파주시 바이오닷,126.89110850033856,37.74235740081269,2026-1-0173,20160356390,(주)바이오닷,식품제조가공업,경기도 파주시,식품
기타가공품,106,2029-04-11,BIZ047,식품,C11400002,2211,2026-04-12,강원특별자치도,(주)에프비신영,횡성군,"제조,가공",2026-1-0172,식품제조가공업,에프비신영,횡성군 에프비신영,128.06529280299588,37.446416812062864,2026-1-0172,20130275074,(주)에프비신영,식품제조가공업,강원특별자치도 횡성군,식품
빵류(공유주방 이용업소),106,2029-04-11,BIZ047,식품,C09300004,2212,2026-04-12,서울특별시,(주)인베이크먼트,영등포구,"제조,가공",2026-1-0171,식품제조가공업,인베이크먼트,영등포구 인베이크먼트,,,2026-1-0171,20260121201,(주)인베이크먼트,식품제조가공업,서울특별시 영등포구,식품
포장육,604,2029-04-08,BIZ047,축산물,78,2213,2026-04-09,경기도,엄마네한우,남양주시,"제조,가공",2026-1-0170,식육포장처리업,엄마네한우,남양주시 엄마네한우,127.18093420050288,37.70069115494485,2026-1-0170,20240504242,엄마네한우,식육포장처리업,경기도 남양주시,축산물
서류가공품,106,2029-04-08,BIZ047,식품,C10700013,2214,2026-04-09,경기도,(주)티엔푸드 2공장,고양시 일산동구,"제조,가공",2026-1-0169,식품제조가공업,티엔푸드 2공장,고양시 일산동구 티엔푸드 2공장,,,2026-1-0169,20250483509,(주)티엔푸드 2공장,식품제조가공업,경기도 고양시 일산동구,식품
소스,106,2029-04-08,BIZ047,식품,C10400003,2215,2026-04-09,경기도,주식회사유니식품,포천시,"제조,가공",2026-1-0168,식품제조가공업,주식회사유니식품,포천시 주식회사유니식품,127.22490019986044,37.92572000129224,2026-1-0168,20200391171,주식회사유니식품,식품제조가공업,경기도 포천시,식품
과자,106,2029-04-08,BIZ047,식품,C09300001,2216,2026-04-09,경기도,(주)티엔푸드 4공장,고양시 일산동구,"제조,가공",2026-1-0167,식품제조가공업,티엔푸드 4공장,고양시 일산동구 티엔푸드 4공장,,,2026-1-0167,20260486152,(주)티엔푸드 4공장,식품제조가공업,경기도 고양시 일산동구,식품
포장육,604,2029-04-02,BIZ047,축산물,78,2217,2026-04-03,강원특별자치도,부경미트웰,춘천시,"제조,가공",2026-1-0166,식육포장처리업,부경미트웰,춘천시 부경미트웰,,,2026-1-0166,20260606052,부경미트웰,식육포장처리업,강원특별자치도 춘천시,축산물
국수(생면),106,2029-04-02,BIZ047,식품,C12400001,2218,2026-04-03,경기도,부흥식품,고양시 일산서구,"제조,가공",2026-1-0165,식품제조가공업,부흥식품,고양시 일산서구 부흥식품,,,2026-1-0165,20250484119,부흥식품,식품제조가공업,경기도 고양시 일산서구,식품
양념육,612,2029-04-01,BIZ047,축산물,86,2220,2026-04-02,서울특별시,우대감식품,은평구,"제조,가공",2026-1-0163,축산물가공업-식육가공업,우대감식품,은평구 우대감식품,126.92112550053746,37.58672530069168,2026-1-0163,20200063671,우대감식품,축산물가공업-식육가공업,서울특별시 은평구,축산물
축산물유통전문판매업,634,2029-03-31,BIZ048,축산물,K00300001,2221,2026-04-01,서울특별시,성심유통,서대문구,"유통,판매,조리",2026-1-0162,축산물판매업-축산물유통전문판매업,성심유통,서대문구 성심유통,,,2026-1-0162,20260093205,성심유통,축산물판매업-축산물유통전문판매업,서울특별시 서대문구,축산물
포장육,604,2029-03-31,BIZ047,축산물,78,2222,2026-04-01,강원특별자치도,동양축산,춘천시,"제조,가공",2026-1-0161,식육포장처리업,동양축산,춘천시 동양축산,127.71285960316752,37.87334536997702,2026-1-0161,20250590531,동양축산,식육포장처리업,강원특별자치도 춘천시,축산물
양념육,612,2029-03-31,BIZ047,축산물,86,2223,2026-04-01,강원특별자치도,동양축산,춘천시,"제조,가공",2026-1-0160,축산물가공업-식육가공업,동양축산,춘천시 동양축산,127.71285960316752,37.87334536997702,2026-1-0160,20250588005,동양축산,축산물가공업-식육가공업,강원특별자치도 춘천시,축산물
떡류,106,2029-03-31,BIZ047,식품,C09300005,2224,2026-04-01,경기도,케이팸웨이,의정부시,"제조,가공",2026-1-0159,식품제조가공업,케이팸웨이,의정부시 케이팸웨이,127.03682900021144,37.7419610960088,2026-1-0159,20260408065,케이팸웨이,식품제조가공업,경기도 의정부시,식품
빵류,106,2029-03-31,BIZ047,식품,C09300004,2225,2026-04-01,경기도,케이팸웨이,의정부시,"제조,가공",2026-1-0158,식품제조가공업,케이팸웨이,의정부시 케이팸웨이,127.03682900021144,37.7419610960088,2026-1-0158,20260408065,케이팸웨이,식품제조가공업,경기도 의정부시,식품
국수(생면),106,2029-03-29,BIZ047,식품,C12400001,2226,2026-03-30,서울특별시,(주)오직코리아,강서구,"제조,가공",2026-1-0157,식품제조가공업,오직코리아,강서구 오직코리아,126.82699590026736,37.56734310086633,2026-1-0157,20250109771,(주)오직코리아,식품제조가공업,서울특별시 강서구,식품
즉석조리식품,106,2029-03-29,BIZ047,식품,C11300005,2227,2026-03-30,서울특별시,(주)오직코리아,강서구,"제조,가공",2026-1-0156,식품제조가공업,오직코리아,강서구 오직코리아,126.82699590026736,37.56734310086633,2026-1-0156,20250109771,(주)오직코리아,식품제조가공업,서울특별시 강서구,식품
식육추출가공품,612,2029-03-29,BIZ047,축산물,89,2228,2026-03-30,경기도,주식회사 케이드림고트,남양주시,"제조,가공",2026-1-0155,축산물가공업-식육가공업,주식회사 케이드림고트,남양주시 주식회사 케이드림고트,127.12941819979112,37.65159360375896,2026-1-0155,20250371098,주식회사 케이드림고트,축산물가공업-식육가공업,경기도 남양주시,축산물
즉석섭취식품(운반급식 포함),106,2029-03-25,BIZ047,식품,H03000002,2229,2026-03-26,경기도,아이 밥(I meal),파주시,"제조,가공",2026-1-0154,식품제조가공업,아이 밥,파주시 아이 밥,126.77994260031328,37.72875883348688,2026-1-0154,20250543199,아이 밥(I meal),식품제조가공업,경기도 파주시,식품
기타 코코아가공품,106,2029-03-25,BIZ047,식품,C09500004,2230,2026-03-26,경기도,자연그대로(주),양주시,"제조,가공",2026-1-0153,식품제조가공업,자연그대로,양주시 자연그대로,126.99337170027827,37.80676050015619,2026-1-0153,20110372457,농업회사법인 자연그대로(주),식품제조가공업,경기도 포천시,식품
당류가공품,106,2029-03-23,BIZ047,식품,C09600012,2231,2026-03-24,경기도,주식회사 잼홀릭,고양시 일산동구,"제조,가공",2026-1-0152,식품제조가공업,주식회사 잼홀릭,고양시 일산동구 주식회사 잼홀릭,126.82228329977424,37.72107560062958,2026-1-0152,20240484284,주식회사 잼홀릭,식품제조가공업,경기도 고양시 일산동구,식품
포장육,604,2029-03-22,BIZ047,축산물,78,2232,2026-03-23,서울특별시,주경미트,강북구,"제조,가공",2026-1-0151,식육포장처리업,주경미트,강북구 주경미트,,,2026-1-0151,20250076869,주경미트,식육포장처리업,서울특별시 강북구,축산물
"양념육,식육추출가공품",612,2029-03-22,BIZ047,축산물,"86,89",2233,2026-03-23,경기도,(주)창구식품,남양주시,"제조,가공",2026-1-0150,축산물가공업-식육가공업,창구식품,남양주시 창구식품,127.2117061003094,37.75275839747339,2026-1-0150,20260375015,(주)창구식품,축산물가공업-식육가공업,경기도 남양주시,축산물
음료베이스,106,2029-03-22,BIZ047,식품,C10100017,2234,2026-03-23,경기도,(주)네추럴웨이 포천제2공장,포천시,"제조,가공",2026-1-0149,식품제조가공업,네추럴웨이 포천제2공장,포천시 네추럴웨이 포천제2공장,127.19959509990292,37.87646180065156,2026-1-0149,20190391582,(주)네추럴웨이 포천제2공장,식품제조가공업,경기도 포천시,식품
과자,106,2029-03-19,BIZ047,식품,C09300001,2235,2026-03-20,경기도,(주)베이코,파주시,"제조,가공",2026-1-0148,식품제조가공업,베이코,파주시 베이코,126.75275049998844,37.72341380188729,2026-1-0148,20240543432,(주)베이코,식품제조가공업,경기도 파주시,식품
"농후발효유,탈지분유",611,2029-03-19,BIZ047,축산물,"C0318040200000,C0318102000000",2236,2026-03-20,경기도,(주)프롬데어리,고양시 덕양구,"제조,가공",2026-1-0147,축산물가공업-유가공업,프롬데어리,고양시 덕양구 프롬데어리,,,2026-1-0147,20260375011,(주)프롬데어리,축산물가공업-유가공업,경기도 고양시 덕양구,축산물
양념젓갈,106,2029-03-19,BIZ047,식품,C11000008,2237,2026-03-20,강원특별자치도,주식회사 청아굿푸드,횡성군,"제조,가공",2026-1-0146,식품제조가공업,주식회사 청아굿푸드,횡성군 주식회사 청아굿푸드,127.9137052026551,37.53110749960991,2026-1-0146,20080395007,주식회사 청아굿푸드,식품제조가공업,강원특별자치도 횡성군,식품
식품첨가물제조업(혼합제제),108,2029-03-18,BIZ047,식품,C8700007,2238,2026-03-19,경기도,주식회사 삼원에프앤씨,고양시 일산동구,"제조,가공",2026-1-0145,식품첨가물제조업,주식회사 삼원에프앤씨,고양시 일산동구 주식회사 삼원에프앤씨,,,2026-1-0145,20250483859,주식회사 삼원에프앤씨,식품제조가공업,경기도 고양시 일산동구,식품
만두피,106,2029-03-18,BIZ047,식품,C11300007,2239,2026-03-19,경기도,국민식품,고양시 일산동구,"제조,가공",2026-1-0144,식품제조가공업,국민식품,고양시 일산동구 국민식품,126.77695440017445,37.634288500556,2026-1-0144,20170320142,국민식품,식품제조가공업,경기도 고양시 일산동구,식품
서류가공품,106,2029-03-17,BIZ047,식품,C10700013,2240,2026-03-18,강원특별자치도,(주)씨월드,속초시,"제조,가공",2026-1-0143,식품제조가공업,씨월드,속초시 씨월드,128.59565630246956,38.170457878267385,2026-1-0143,20100392140,(주)씨월드,식품제조가공업,강원특별자치도 속초시,식품
곡류가공품,106,2029-03-17,BIZ047,식품,C10700011,2241,2026-03-18,강원특별자치도,(주)씨월드,속초시,"제조,가공",2026-1-0142,식품제조가공업,씨월드,속초시 씨월드,128.59565630246956,38.170457878267385,2026-1-0142,20100392140,(주)씨월드,식품제조가공업,강원특별자치도 속초시,식품
혼합음료,106,2029-03-17,BIZ047,식품,C10100016,2242,2026-03-18,강원특별자치도,(주)메디언스 공장,춘천시,"제조,가공",2026-1-0141,식품제조가공업,메디언스 공장,춘천시 메디언스 공장,127.71623780055582,37.748897701149225,2026-1-0141,20110380845,(주)메디언스 공장,식품제조가공업,강원특별자치도 춘천시,식품
포장육,604,2029-03-17,BIZ047,축산물,78,2243,2026-03-18,경기도,서희푸드,포천시,"제조,가공",2026-1-0140,식육포장처리업,서희푸드,포천시 서희푸드,127.11367830010954,37.77883910094977,2026-1-0140,20220520120,서희푸드,식육포장처리업,경기도 포천시,축산물
기타가공품,106,2029-03-16,BIZ047,식품,C11400002,2246,2026-03-17,강원특별자치도,(주)하티,홍천군,"제조,가공",2026-1-0137,식품제조가공업,하티,홍천군 하티,127.88005040006269,37.67835210125977,2026-1-0137,20110394009,(주)하티,식품제조가공업,강원특별자치도 홍천군,식품
기타 수산물가공품 중 냉동조미가공품,106,2029-03-15,BIZ047,식품,C11900001,2247,2026-03-16,강원특별자치도,진양씨푸드 주식회사,고성군,"제조,가공",2026-1-0136,식품제조가공업,진양씨푸드 주식회사,고성군 진양씨푸드 주식회사,,,2026-1-0136,20250629191,진양씨푸드 주식회사,식품제조가공업,강원특별자치도 고성군,식품
복합조미식품,106,2029-03-15,BIZ047,식품,C10400006,2248,2026-03-16,경기도,(주)푸드피아,양주시,"제조,가공",2026-1-0135,식품제조가공업,푸드피아,양주시 푸드피아,127.01562009992114,37.87664800061333,2026-1-0135,20080370312,(주)푸드피아,식품제조가공업,경기도 양주시,식품
빵류(공유주방 이용업소),106,2029-03-15,BIZ047,식품,C09300004,2249,2026-03-16,경기도,오드투디저트,남양주시,"제조,가공",2026-1-0134,식품제조가공업,오드투디저트,남양주시 오드투디저트,127.15168999966184,37.61267749779526,2026-1-0134,20250503702,오드투디저트,식품제조가공업,경기도 남양주시,식품
기타 수산물가공품 중 냉동조미가공품,106,2029-03-12,BIZ047,식품,C11900001,2250,2026-03-13,경기도,(주)미라클푸드,파주시,"제조,가공",2026-1-0133,식품제조가공업,미라클푸드,파주시 미라클푸드,,,2026-1-0133,20250544075,(주)미라클푸드,식품제조가공업,경기도 파주시,식품
식용돈지,612,2029-03-12,BIZ047,축산물,93,2251,2026-03-13,경기도,나우쿡,고양시 일산동구,"제조,가공",2026-1-0132,축산물가공업-식육가공업,나우쿡,고양시 일산동구 나우쿡,126.7960901000268,37.69789112154351,2026-1-0132,20260375005,나우쿡,축산물가공업-식육가공업,경기도 고양시 일산동구,축산물
혼합음료,106,2029-03-12,BIZ047,식품,C10100016,2252,2026-03-13,경기도,나우쿡,고양시 일산동구,"제조,가공",2026-1-0131,식품제조가공업,나우쿡,고양시 일산동구 나우쿡,126.7960901000268,37.69789112154351,2026-1-0131,20210372399,나우쿡,식품제조가공업,경기도 고양시 일산동구,식품
양념육,612,2029-03-12,BIZ047,축산물,86,2253,2026-03-13,경기도,주식회사 초록햇살,파주시,"제조,가공",2026-1-0130,축산물가공업-식육가공업,주식회사 초록햇살,파주시 주식회사 초록햇살,126.82622510006604,37.77202830905198,2026-1-0130,20180267098,주식회사 초록햇살,축산물가공업-식육가공업,경기도 파주시,축산물
과ㆍ채음료,106,2029-03-12,BIZ047,식품,C10100007,2254,2026-03-13,경기도,(주)화인내츄럴,포천시,"제조,가공",2026-1-0129,식품제조가공업,화인내츄럴,포천시 화인내츄럴,127.1337485998973,37.8180617605052,2026-1-0129,19900372087,(주)화인내츄럴,식품제조가공업,경기도 포천시,식품
액상차,106,2029-03-10,BIZ047,식품,C10100002,2255,2026-03-11,강원특별자치도,고려인삼,철원군,"제조,가공",2026-1-0128,식품제조가공업,고려인삼,철원군 고려인삼,,,2026-1-0128,20080399004,고려인삼,식품제조가공업,강원특별자치도 철원군,식품
포장육,604,2029-03-10,BIZ047,축산물,78,2256,2026-03-11,경기도,고기팩트,남양주시,"제조,가공",2026-1-0127,식육포장처리업,고기팩트,남양주시 고기팩트,127.27240370018382,37.6539206758417,2026-1-0127,20200348664,고기팩트,식육포장처리업,경기도 남양주시,축산물
추출가공식품,106,2029-03-09,BIZ047,식품,C11100007,2257,2026-03-10,경기도,주식회사 신비향,남양주시,"제조,가공",2026-1-0126,식품제조가공업,주식회사 신비향,남양주시 주식회사 신비향,127.21582169966584,37.669901200862085,2026-1-0126,20220461259,주식회사 신비향,식품제조가공업,경기도 남양주시,식품
액상차,106,2029-03-09,BIZ047,식품,C10100002,2258,2026-03-10,경기도,주식회사 신비향,남양주시,"제조,가공",2026-1-0125,식품제조가공업,주식회사 신비향,남양주시 주식회사 신비향,127.21582169966584,37.669901200862085,2026-1-0125,20220461259,주식회사 신비향,식품제조가공업,경기도 남양주시,식품
침출차,106,2029-03-09,BIZ047,식품,C10100001,2259,2026-03-10,경기도,주식회사 신비향,남양주시,"제조,가공",2026-1-0124,식품제조가공업,주식회사 신비향,남양주시 주식회사 신비향,127.21582169966584,37.669901200862085,2026-1-0124,20220461259,주식회사 신비향,식품제조가공업,경기도 남양주시,식품
서류가공품,106,2029-03-05,BIZ047,식품,C10700013,2261,2026-03-06,경기도,(주)한맥홈푸드,포천시,"제조,가공",2026-1-0122,식품제조가공업,한맥홈푸드,포천시 한맥홈푸드,127.26962259999549,37.83847350052768,2026-1-0122,20190391141,(주)한맥홈푸드,식품제조가공업,경기도 포천시,식품
떡류(공유주방 이용업소),106,2029-03-05,BIZ047,식품,C09300005,2262,2026-03-06,서울특별시,주식회사 설고,영등포구,"제조,가공",2026-1-0121,식품제조가공업,주식회사 설고,영등포구 주식회사 설고,,,2026-1-0121,20250123484,주식회사 설고,식품제조가공업,서울특별시 영등포구,식품
과자(공유주방 이용업소),106,2029-03-05,BIZ047,식품,C09300001,2263,2026-03-06,서울특별시,주식회사 설고,영등포구,"제조,가공",2026-1-0120,식품제조가공업,주식회사 설고,영등포구 주식회사 설고,,,2026-1-0120,20250123484,주식회사 설고,식품제조가공업,서울특별시 영등포구,식품
빵류(공유주방 이용업소),106,2029-03-05,BIZ047,식품,C09300004,2264,2026-03-06,서울특별시,주식회사 설고,영등포구,"제조,가공",2026-1-0119,식품제조가공업,주식회사 설고,영등포구 주식회사 설고,,,2026-1-0119,20250123484,주식회사 설고,식품제조가공업,서울특별시 영등포구,식품
포장육,604,2029-03-05,BIZ047,축산물,78,2265,2026-03-06,서울특별시,천품한우,성동구,"제조,가공",2026-1-0118,식육포장처리업,천품한우,성동구 천품한우,127.03032970028411,37.56628540060447,2026-1-0118,20230049353,천품한우,식육포장처리업,서울특별시 성동구,축산물
조림류,106,2029-03-04,BIZ047,식품,C10500005,2266,2026-03-05,강원특별자치도,주식회사 황금에프앤비,원주시,"제조,가공",2026-1-0117,식품제조가공업,주식회사 황금에프앤비,원주시 주식회사 황금에프앤비,127.88915069979952,37.37141630064456,2026-1-0117,20200402013,주식회사 황금에프앤비,식품제조가공업,강원특별자치도 원주시,식품
즉석조리식품,106,2029-03-04,BIZ047,식품,C11300005,2267,2026-03-05,강원특별자치도,안심가공공유플랫폼,횡성군,"제조,가공",2026-1-0116,식품제조가공업,안심가공공유플랫폼,횡성군 안심가공공유플랫폼,,,2026-1-0116,20250613079,횡성안심가공플랫폼,식품제조가공업,강원특별자치도 횡성군,식품
잼,106,2029-03-04,BIZ047,식품,C09700001,2268,2026-03-05,강원특별자치도,안심가공공유플랫폼,횡성군,"제조,가공",2026-1-0115,식품제조가공업,안심가공공유플랫폼,횡성군 안심가공공유플랫폼,,,2026-1-0115,20250613079,횡성안심가공플랫폼,식품제조가공업,강원특별자치도 횡성군,식품
곡류가공품,106,2029-03-04,BIZ047,식품,C10700011,2269,2026-03-05,강원특별자치도,안심가공공유플랫폼,횡성군,"제조,가공",2026-1-0114,식품제조가공업,안심가공공유플랫폼,횡성군 안심가공공유플랫폼,,,2026-1-0114,20250613079,횡성안심가공플랫폼,식품제조가공업,강원특별자치도 횡성군,식품
과ㆍ채주스,106,2029-03-04,BIZ047,식품,C10100006,2270,2026-03-05,강원특별자치도,안심가공공유플랫폼,횡성군,"제조,가공",2026-1-0113,식품제조가공업,안심가공공유플랫폼,횡성군 안심가공공유플랫폼,,,2026-1-0113,20250613079,횡성안심가공플랫폼,식품제조가공업,강원특별자치도 횡성군,식품
과ㆍ채주스,106,2029-03-04,BIZ047,식품,C10100006,2271,2026-03-05,경기도,(주)한국네스트 제2공장,포천시,"제조,가공",2026-1-0112,식품제조가공업,한국네스트 제2공장,포천시 한국네스트 제2공장,127.20222599949858,37.86775260131006,2026-1-0112,20200391537,(주)한국네스트 제2공장,식품제조가공업,경기도 포천시,식품
식물성크림,106,2029-03-04,BIZ047,식품,C09900026,2272,2026-03-05,경기도,㈜금촌베이커리,파주시,"제조,가공",2026-1-0111,식품제조가공업,㈜금촌베이커리,파주시 ㈜금촌베이커리,,,2026-1-0111,19930355035,(주)금촌베이커리,식품제조가공업,경기도 파주시,식품
양념육,612,2029-03-04,BIZ047,축산물,86,2273,2026-03-05,경기도,베스트푸드,양주시,"제조,가공",2026-1-0110,축산물가공업-식육가공업,베스트푸드,양주시 베스트푸드,127.09281840051752,37.82073360112072,2026-1-0110,20220350133,베스트푸드,축산물가공업-식육가공업,경기도 양주시,축산물
식육판매업,630,2029-02-26,BIZ048,축산물,176,2274,2026-02-27,서울특별시,(주)황우캐터링,송파구,"유통,판매,조리",2026-1-0109,축산물판매업-식육판매업,황우캐터링,송파구 황우캐터링,127.1402072998813,37.49880462010914,2026-1-0109,20250155866,(주)황우캐터링,축산물판매업-식육판매업,서울특별시 송파구,축산물
알가열제품,613,2029-02-26,BIZ047,축산물,100,2275,2026-02-27,경기도,서울상회,포천시,"제조,가공",2026-1-0108,축산물가공업-알가공업,서울상회,포천시 서울상회,,,2026-1-0108,20250371106,서울상회,축산물가공업-알가공업,경기도 포천시,축산물
김치(배추김치),106,2029-02-21,BIZ047,식품,C12300001,2276,2026-02-22,경기도,망향식품,포천시,"제조,가공",2026-1-0107,식품제조가공업,망향식품,포천시 망향식품,127.1741102998148,37.98771770253977,2026-1-0107,20080372472,망향식품,식품제조가공업,경기도 포천시,식품
김치(기타김치),106,2029-02-21,BIZ047,식품,C10500002,2277,2026-02-22,경기도,망향식품,포천시,"제조,가공",2026-1-0106,식품제조가공업,망향식품,포천시 망향식품,127.1741102998148,37.98771770253977,2026-1-0106,20080372472,망향식품,식품제조가공업,경기도 포천시,식품
절임식품,106,2029-02-21,BIZ047,식품,C10500003,2278,2026-02-22,경기도,망향식품,포천시,"제조,가공",2026-1-0105,식품제조가공업,망향식품,포천시 망향식품,127.1741102998148,37.98771770253977,2026-1-0105,20080372472,망향식품,식품제조가공업,경기도 포천시,식품
즉석조리식품,106,2029-02-25,BIZ047,식품,C11300005,2279,2026-02-26,경기도,팜드림(주),고양시 일산동구,"제조,가공",2026-1-0104,식품제조가공업,팜드림,고양시 일산동구 팜드림,,,2026-1-0104,20080320042,팜드림(주),식품제조가공업,경기도 고양시 일산동구,식품
포장육,604,2029-02-25,BIZ047,축산물,78,2280,2026-02-26,서울특별시,명성축산,성동구,"제조,가공",2026-1-0103,식육포장처리업,명성축산,성동구 명성축산,127.03436080017369,37.56676530101955,2026-1-0103,20130036954,명성축산,식육포장처리업,서울특별시 성동구,축산물
조미건어포,106,2029-02-23,BIZ047,식품,C11000011,2282,2026-02-24,강원특별자치도,하늘내린용대영농조합법인 금빛바람,인제군,"제조,가공",2026-1-0101,식품제조가공업,하늘내린용대영농조합법인 금빛바람,인제군 하늘내린용대영농조합법인 금빛바람,128.34734670039774,38.202020000954505,2026-1-0101,20190420112,하늘내린용대영농조합법인 금빛바람,식품제조가공업,강원특별자치도 인제군,식품
레토르트식품(즉석조리식품),106,2029-02-23,BIZ047,식품,C00200001,2283,2026-02-24,강원특별자치도,하늘내린용대영농조합법인 금빛바람,인제군,"제조,가공",2026-1-0100,식품제조가공업,하늘내린용대영농조합법인 금빛바람,인제군 하늘내린용대영농조합법인 금빛바람,128.34734670039774,38.202020000954505,2026-1-0100,20190420112,하늘내린용대영농조합법인 금빛바람,식품제조가공업,강원특별자치도 인제군,식품
캔디류,106,2029-02-23,BIZ047,식품,C09300002,2284,2026-02-24,경기도,(주)레오스푸드,고양시 덕양구,"제조,가공",2026-1-0099,식품제조가공업,레오스푸드,고양시 덕양구 레오스푸드,126.89173590002552,37.60741530077275,2026-1-0099,20110029795,(주)레오스푸드,식품제조가공업,경기도 고양시 덕양구,식품
과자,106,2029-02-19,BIZ047,식품,C09300001,2285,2026-02-20,경기도,포천시농산물종합가공센터,포천시,"제조,가공",2026-1-0093,식품제조가공업,포천시농산물종합가공센터,포천시 포천시농산물종합가공센터,127.20085460004988,37.87544010103502,2026-1-0093,20230528060,포천시농산물종합가공센터,식품제조가공업,경기도 포천시,식품
서류가공품,106,2029-02-19,BIZ047,식품,C10700013,2286,2026-02-20,경기도,주식회사 지엔오24,양주시,"제조,가공",2026-1-0092,식품제조가공업,주식회사 지엔오24,양주시 주식회사 지엔오24,,,2026-1-0092,20250574911,주식회사 지엔오24,식품제조가공업,경기도 양주시,식품
농후발효유,611,2029-02-19,BIZ047,축산물,C0318040200000,2287,2026-02-20,경기도,(주)웨이온,고양시 덕양구,"제조,가공",2026-1-0091,축산물가공업-유가공업,웨이온,고양시 덕양구 웨이온,126.84370770024732,37.6540954299258,2026-1-0091,20220350172,(주)웨이온,축산물가공업-유가공업,경기도 고양시 덕양구,축산물
기타 수산물가공품,106,2029-02-18,BIZ047,식품,C11000016,2288,2026-02-19,경기도,주식회사 참한식품,연천군,"제조,가공",2026-1-0090,식품제조가공업,주식회사 참한식품,연천군 주식회사 참한식품,127.08596380032616,38.07413370191879,2026-1-0090,19930376019,주식회사 참한식품,식품제조가공업,경기도 연천군,식품
기타 건포류,106,2029-02-18,BIZ047,식품,C11000013,2289,2026-02-19,경기도,주식회사 참한식품,연천군,"제조,가공",2026-1-0089,식품제조가공업,주식회사 참한식품,연천군 주식회사 참한식품,127.08596380032616,38.07413370191879,2026-1-0089,19930376019,주식회사 참한식품,식품제조가공업,경기도 연천군,식품
기타 수산물가공품 중 냉동조미가공품,106,2029-02-21,BIZ047,식품,C11900001,2290,2026-02-19,경기도,한국에프앤비(주) 포천2지사,포천시,"제조,가공",2026-1-0088,식품제조가공업,한국에프앤비 포천2지사,포천시 한국에프앤비 포천2지사,,,2026-1-0088,20080372049,한국에프앤비(주) 포천2지사,식품제조가공업,경기도 포천시,식품
포장육,604,2029-02-12,BIZ047,축산물,78,2291,2026-02-13,경기도,우수푸드,고양시 일산동구,"제조,가공",2026-1-0087,식육포장처리업,우수푸드,고양시 일산동구 우수푸드,,,2026-1-0087,20250483269,우수푸드,식육포장처리업,경기도 고양시 일산동구,축산물
즉석조리식품,106,2029-02-12,BIZ047,식품,C11300005,2292,2026-02-13,경기도,우수푸드,고양시 일산동구,"제조,가공",2026-1-0086,식품제조가공업,우수푸드,고양시 일산동구 우수푸드,,,2026-1-0086,20250483051,우수푸드,식품제조가공업,경기도 고양시 일산동구,식품
간편조리세트,106,2029-02-12,BIZ047,식품,C0322020400000,2293,2026-02-13,경기도,우수푸드,고양시 일산동구,"제조,가공",2026-1-0085,식품제조가공업,우수푸드,고양시 일산동구 우수푸드,,,2026-1-0085,20250483051,우수푸드,식품제조가공업,경기도 고양시 일산동구,식품
잼,106,2029-02-12,BIZ047,식품,C09700001,2294,2026-02-13,강원특별자치도,주식회사홍홍이,홍천군,"제조,가공",2026-1-0084,식품제조가공업,주식회사홍홍이,홍천군 주식회사홍홍이,127.89960110094124,37.73390440213046,2026-1-0084,20250611069,주식회사홍홍이,식품제조가공업,강원특별자치도 홍천군,식품
떡류,106,2029-02-12,BIZ047,식품,C09300005,2295,2026-02-13,강원특별자치도,주식회사홍홍이,홍천군,"제조,가공",2026-1-0083,식품제조가공업,주식회사홍홍이,홍천군 주식회사홍홍이,127.89960110094124,37.73390440213046,2026-1-0083,20250611069,주식회사홍홍이,식품제조가공업,강원특별자치도 홍천군,식품
식육추출가공품,612,2029-02-10,BIZ047,축산물,89,2297,2026-02-11,경기도,주식회사 더스타푸드,의정부시,"제조,가공",2026-1-0081,축산물가공업-식육가공업,주식회사 더스타푸드,의정부시 주식회사 더스타푸드,,,2026-1-0081,20250371108,주식회사 더스타푸드,축산물가공업-식육가공업,경기도 의정부시,축산물
김치(배추김치),106,2029-02-10,BIZ047,식품,C12300001,2298,2026-02-11,경기도,지디푸드,의정부시,"제조,가공",2026-1-0080,식품제조가공업,지디푸드,의정부시 지디푸드,127.03053709962474,37.74587190093512,2026-1-0080,20260408032,지디푸드,식품제조가공업,경기도 의정부시,식품
포장육,604,2029-02-10,BIZ047,축산물,78,2299,2026-02-11,서울특별시,주식회사 태성축산유통,성동구,"제조,가공",2026-1-0079,식육포장처리업,주식회사 태성축산유통,성동구 주식회사 태성축산유통,127.03748989943736,37.565905244222805,2026-1-0079,20260054064,주식회사 태성축산유통,식육포장처리업,서울특별시 성동구,축산물
혼합분유,611,2029-02-10,BIZ047,축산물,C0318104000000,2300,2026-02-11,강원특별자치도,일동후디스(주),춘천시,"제조,가공",2026-1-0078,축산물가공업-유가공업,일동후디스,춘천시 일동후디스,127.78308259998646,37.86683920066127,2026-1-0078,20080379006,일동후디스(주),축산물가공업-유가공업,강원특별자치도 춘천시,축산물
냉동식품 중 면류(숙면),106,2029-02-10,BIZ047,식품,C12200001,2302,2026-02-11,경기도,코스모 식품,고양시 일산동구,"제조,가공",2026-1-0076,식품제조가공업,코스모 식품,고양시 일산동구 코스모 식품,,,2026-1-0076,20250483541,코스모 식품,식품제조가공업,경기도 고양시 일산동구,식품
즉석조리식품,106,2029-02-10,BIZ047,식품,C11300005,2303,2026-02-11,경기도,주식회사 더스타푸드,의정부시,"제조,가공",2026-1-0075,식품제조가공업,주식회사 더스타푸드,의정부시 주식회사 더스타푸드,,,2026-1-0075,20250405389,주식회사 더스타푸드,식품제조가공업,경기도 의정부시,식품
과ㆍ채주스(공유주방 이용업소),106,2029-02-05,BIZ047,식품,C10100006,2304,2026-02-06,강원특별자치도,사천사과영농조합법인,강릉시,"제조,가공",2026-1-0074,식품제조가공업,사천사과영농조합법인,강릉시 사천사과영농조합법인,,,2026-1-0074,20250599219,사천사과영농조합법인,식품제조가공업,강원특별자치도 강릉시,식품
빵류,106,2029-02-05,BIZ047,식품,C09300004,2305,2026-02-06,서울특별시,(주)셰아 에프앤비,금천구,"제조,가공",2026-1-0073,식품제조가공업,셰아 에프앤비,금천구 셰아 에프앤비,,,2026-1-0073,20250118946,(주)셰아 에프앤비,식품제조가공업,서울특별시 금천구,식품
과자,106,2029-02-05,BIZ047,식품,C09300001,2306,2026-02-06,서울특별시,(주)셰아 에프앤비,금천구,"제조,가공",2026-1-0072,식품제조가공업,셰아 에프앤비,금천구 셰아 에프앤비,,,2026-1-0072,20250118946,(주)셰아 에프앤비,식품제조가공업,서울특별시 금천구,식품
포장육,604,2029-02-05,BIZ047,축산물,78,2307,2026-02-06,강원특별자치도,(주)오성포크,원주시,"제조,가공",2026-1-0071,식육포장처리업,오성포크,원주시 오성포크,127.9259271994887,37.34925400135917,2026-1-0071,20040384116,(주)오성포크,식육포장처리업,강원특별자치도 원주시,축산물
침출차,106,2029-02-05,BIZ047,식품,C10100001,2309,2026-02-06,경기도,(주)성진바이오 제1공장,포천시,"제조,가공",2026-1-0069,식품제조가공업,성진바이오 제1공장,포천시 성진바이오 제1공장,127.17669210020544,37.88180340014668,2026-1-0069,20200391559,(주)성진바이오 제1공장,식품제조가공업,경기도 포천시,식품
곡류가공품,106,2029-02-05,BIZ047,식품,C10700011,2310,2026-02-06,경기도,스마일식품,포천시,"제조,가공",2026-1-0068,식품제조가공업,스마일식품,포천시 스마일식품,127.17459040020869,37.82830610410712,2026-1-0068,20240577340,스마일식품,식품제조가공업,경기도 포천시,식품
가공소금,106,2029-02-05,BIZ047,식품,C10400018,2311,2026-02-06,경기도,스마일식품,포천시,"제조,가공",2026-1-0067,식품제조가공업,스마일식품,포천시 스마일식품,127.17459040020869,37.82830610410712,2026-1-0067,20240577340,스마일식품,식품제조가공업,경기도 포천시,식품
복합조미식품,106,2029-02-05,BIZ047,식품,C10400006,2312,2026-02-06,경기도,스마일식품,포천시,"제조,가공",2026-1-0066,식품제조가공업,스마일식품,포천시 스마일식품,127.17459040020869,37.82830610410712,2026-1-0066,20240577340,스마일식품,식품제조가공업,경기도 포천시,식품
소스,106,2029-02-05,BIZ047,식품,C10400003,2313,2026-02-06,경기도,스마일식품,포천시,"제조,가공",2026-1-0065,식품제조가공업,스마일식품,포천시 스마일식품,127.17459040020869,37.82830610410712,2026-1-0065,20240577340,스마일식품,식품제조가공업,경기도 포천시,식품
빵류,106,2029-02-05,BIZ047,식품,C09300004,2314,2026-02-06,서울특별시,주식회사 엠디케이컴퍼니,은평구,"제조,가공",2026-1-0064,식품제조가공업,주식회사 엠디케이컴퍼니,은평구 주식회사 엠디케이컴퍼니,126.92493680052132,37.600760600948014,2026-1-0064,20220076824,주식회사 오네뜨 컴퍼니,식품제조가공업,서울특별시 은평구,식품
포장육,604,2029-02-04,BIZ047,축산물,78,2315,2026-02-05,경기도,(주)제이앤케이푸드,포천시,"제조,가공",2026-1-0063,식육포장처리업,제이앤케이푸드,포천시 제이앤케이푸드,,,2026-1-0063,20250577654,(주)제이앤케이푸드,식육포장처리업,경기도 포천시,축산물
캔디류,106,2029-02-03,BIZ047,식품,C09300002,2317,2026-02-04,강원특별자치도,영농조합법인텃밭 다모아지점,횡성군,"제조,가공",2026-1-0061,식품제조가공업,영농조합법인텃밭 다모아지점,횡성군 영농조합법인텃밭 다모아지점,,,2026-1-0061,20260629001,영농조합법인텃밭 다모아지점,식품제조가공업,강원특별자치도 횡성군,식품
과자,106,2029-02-03,BIZ047,식품,C09300001,2318,2026-02-04,강원특별자치도,영농조합법인텃밭 다모아지점,횡성군,"제조,가공",2026-1-0060,식품제조가공업,영농조합법인텃밭 다모아지점,횡성군 영농조합법인텃밭 다모아지점,,,2026-1-0060,20260629001,영농조합법인텃밭 다모아지점,식품제조가공업,강원특별자치도 횡성군,식품
기타가공품,106,2029-02-02,BIZ047,식품,C11400002,2319,2026-02-03,경기도,원바이오 주식회사,남양주시,"제조,가공",2026-1-0059,식품제조가공업,원바이오 주식회사,남양주시 원바이오 주식회사,127.12930899982386,37.65243240056519,2026-1-0059,20220460602,원바이오 주식회사,식품제조가공업,경기도 남양주시,식품
기타가공품,106,2029-02-01,BIZ047,식품,C11400002,2321,2026-02-02,경기도,(주)다감로식품 농업회사법인,포천시,"제조,가공",2026-1-0057,식품제조가공업,다감로식품 농업회사법인,포천시 다감로식품 농업회사법인,127.2343625999186,37.86874159796401,2026-1-0057,20250577107,(주)다감로식품 농업회사법인,식품제조가공업,경기도 포천시,식품
김치(기타김치),106,2029-02-01,BIZ047,식품,C10500002,2322,2026-02-02,경기도,(주)다감로식품 농업회사법인,포천시,"제조,가공",2026-1-0056,식품제조가공업,다감로식품 농업회사법인,포천시 다감로식품 농업회사법인,127.2343625999186,37.86874159796401,2026-1-0056,20250577107,(주)다감로식품 농업회사법인,식품제조가공업,경기도 포천시,식품
떡류,106,2029-02-01,BIZ047,식품,C09300005,2323,2026-02-02,경기도,하연푸드,양주시,"제조,가공",2026-1-0055,식품제조가공업,하연푸드,양주시 하연푸드,,,2026-1-0055,20250574474,하연푸드,식품제조가공업,경기도 양주시,식품
액상차,106,2029-01-30,BIZ047,식품,C10100002,2324,2026-01-31,강원특별자치도,(주)다움,정선군,"제조,가공",2026-1-0054,식품제조가공업,다움,정선군 다움,128.67245940443587,37.45458529946176,2026-1-0054,20180416146,(주)다움,식품제조가공업,강원특별자치도 정선군,식품
음료베이스,106,2029-01-30,BIZ047,식품,C10100017,2325,2026-01-31,강원특별자치도,일동후디스(주),춘천시,"제조,가공",2026-1-0053,식품제조가공업,일동후디스,춘천시 일동후디스,127.78308259998646,37.86683920066127,2026-1-0053,20080380239,일동후디스(주),식품제조가공업,강원특별자치도 춘천시,식품
양념육,612,2029-01-30,BIZ047,축산물,86,2326,2026-01-31,경기도,에이치엘하모니,고양시 일산동구,"제조,가공",2026-1-0052,축산물가공업-식육가공업,에이치엘하모니,고양시 일산동구 에이치엘하모니,126.76758709967416,37.6598586005577,2026-1-0052,20250371092,에이치엘하모니,축산물가공업-식육가공업,경기도 고양시 일산동구,축산물
기타가공품,106,2029-01-30,BIZ047,식품,C11400002,2327,2026-01-31,경기도,라사,양주시,"제조,가공",2026-1-0051,식품제조가공업,라사,양주시 라사,126.97879330033004,37.833960800100336,2026-1-0051,20110275074,라사,식품제조가공업,경기도 양주시,식품
포장육,604,2029-01-30,BIZ047,축산물,78,2328,2026-01-31,경기도,이레유통,파주시,"제조,가공",2026-1-0050,식육포장처리업,이레유통,파주시 이레유통,,,2026-1-0050,20220494322,이레유통,식육포장처리업,경기도 파주시,축산물
양념육,612,2029-01-30,BIZ047,축산물,86,2329,2026-01-31,경기도,풍림식품,포천시,"제조,가공",2026-1-0049,축산물가공업-식육가공업,풍림식품,포천시 풍림식품,127.17154300019084,37.85301540122019,2026-1-0049,20130262122,풍림식품,축산물가공업-식육가공업,경기도 포천시,축산물
포장육,604,2029-01-28,BIZ047,축산물,78,2330,2026-01-29,경기도,한우민속촌,구리시,"제조,가공",2026-1-0048,식육포장처리업,한우민속촌,구리시 한우민속촌,,,2026-1-0048,20250500452,한우민속촌,식육포장처리업,경기도 구리시,축산물
김칫속,106,2029-01-27,BIZ047,식품,C10500001,2331,2026-01-28,강원특별자치도,㈜우영채널,홍천군,"제조,가공",2026-1-0047,식품제조가공업,㈜우영채널,홍천군 ㈜우영채널,127.82663879951568,37.65458280116751,2026-1-0047,20110394023,(주)우영채널,식품제조가공업,강원특별자치도 홍천군,식품
과자,106,2029-01-27,BIZ047,식품,C09300001,2332,2026-01-28,경기도,주식회사 아리담 에프앤비,포천시,"제조,가공",2026-1-0046,식품제조가공업,주식회사 아리담 에프앤비,포천시 주식회사 아리담 에프앤비,127.188142286321,37.84967490478165,2026-1-0046,20250577720,주식회사 아리담 에프앤비,식품제조가공업,경기도 포천시,식품
식육함유가공품,106,2029-01-26,BIZ047,식품,C10800001,2333,2026-01-27,경기도,(주)미라클푸드,파주시,"제조,가공",2026-1-0045,식품제조가공업,미라클푸드,파주시 미라클푸드,,,2026-1-0045,20250544075,(주)미라클푸드,식품제조가공업,경기도 파주시,식품
포장육,604,2029-01-26,BIZ047,축산물,78,2334,2026-01-27,서울특별시,진품한우,성동구,"제조,가공",2026-1-0044,식육포장처리업,진품한우,성동구 진품한우,127.03897919967268,37.57000510066179,2026-1-0044,20060036595,진품한우,식육포장처리업,서울특별시 성동구,축산물
포장육,604,2029-01-25,BIZ047,축산물,78,2335,2026-01-26,서울특별시,(주)호강푸드,성동구,"제조,가공",2026-1-0043,식육포장처리업,호강푸드,성동구 호강푸드,127.0361613005663,37.57137110100098,2026-1-0043,20160036474,(주)호강푸드,식육포장처리업,서울특별시 성동구,축산물
소스,106,2029-01-22,BIZ047,식품,C10400003,2338,2026-01-23,경기도,(주)엠디에스코리아 3공장,파주시,"제조,가공",2026-1-0040,식품제조가공업,엠디에스코리아 3공장,파주시 엠디에스코리아 3공장,126.83179049989693,37.81968269846142,2026-1-0040,20150355222,(주)엠디에스코리아 3공장,식품제조가공업,경기도 파주시,식품
기타잼,106,2029-01-22,BIZ047,식품,C09700002,2339,2026-01-23,경기도,(주)엠디에스코리아 3공장,파주시,"제조,가공",2026-1-0039,식품제조가공업,엠디에스코리아 3공장,파주시 엠디에스코리아 3공장,126.83179049989693,37.81968269846142,2026-1-0039,20150355222,(주)엠디에스코리아 3공장,식품제조가공업,경기도 파주시,식품
식용란수집판매업,635,2029-01-22,BIZ048,축산물,581,2340,2026-01-23,강원특별자치도,일심축산,원주시,"유통,판매,조리",2026-1-0038,축산물판매업-식용란수집판매업,일심축산,원주시 일심축산,127.91443029946376,37.36617285087336,2026-1-0038,20180401103,일심축산,축산물판매업-식용란수집판매업,강원특별자치도 원주시,축산물
포장육,604,2029-01-21,BIZ047,축산물,78,2341,2026-01-22,경기도,정인미트,남양주시,"제조,가공",2026-1-0037,식육포장처리업,정인미트,남양주시 정인미트,127.28056649993268,37.63842680047492,2026-1-0037,20240503155,정인미트,식육포장처리업,경기도 남양주시,축산물
김칫속,106,2029-01-20,BIZ047,식품,C10500001,2342,2026-01-21,강원특별자치도,평창올푸드주식회사농업회사법인,평창군,"제조,가공",2026-1-0036,식품제조가공업,평창올푸드주식회사농업회사법인,평창군 평창올푸드주식회사농업회사법인,,,2026-1-0036,20070397110,평창올푸드주식회사농업회사법인,식품제조가공업,강원특별자치도 평창군,식품
아이스크림,611,2029-01-20,BIZ047,축산물,C0302010100000,2343,2026-01-21,경기도,주식회사 엠더블유씨(MWC),남양주시,"제조,가공",2026-1-0035,축산물가공업-유가공업,주식회사 엠더블유씨,남양주시 주식회사 엠더블유씨,,,2026-1-0035,20250371105,주식회사 엠더블유씨(MWC),축산물가공업-유가공업,경기도 남양주시,축산물
식육추출가공품,612,2029-01-19,BIZ047,축산물,89,2345,2026-01-20,경기도,한국에프앤비 주식회사,포천시,"제조,가공",2026-1-0033,축산물가공업-식육가공업,한국에프앤비 주식회사,포천시 한국에프앤비 주식회사,127.1877649999998,38.02503079597807,2026-1-0033,20240371101,한국에프앤비 주식회사,축산물가공업-식육가공업,경기도 포천시,축산물
양념육,612,2029-01-19,BIZ047,축산물,86,2346,2026-01-20,경기도,주식회사 주윈스피제이,파주시,"제조,가공",2026-1-0032,축산물가공업-식육가공업,주식회사 주윈스피제이,파주시 주식회사 주윈스피제이,,,2026-1-0032,20130262104,주식회사 주윈스피제이,축산물가공업-식육가공업,경기도 파주시,축산물
기타 식용유지가공품,106,2029-01-19,BIZ047,식품,C09900027,2347,2026-01-20,경기도,(주)네추럴웨이 포천제2공장,포천시,"제조,가공",2026-1-0031,식품제조가공업,네추럴웨이 포천제2공장,포천시 네추럴웨이 포천제2공장,127.19959509990292,37.87646180065156,2026-1-0031,20190391582,(주)네추럴웨이 포천제2공장,식품제조가공업,경기도 포천시,식품
올리브유,106,2029-01-18,BIZ047,식품,C09900013,2348,2026-01-19,강원특별자치도,(주)서울에프엔비,원주시,"제조,가공",2026-1-0030,식품제조가공업,서울에프엔비,원주시 서울에프엔비,127.88100450246604,37.37083209625733,2026-1-0030,20200401439,(주)서울에프엔비,식품제조가공업,강원특별자치도 원주시,식품
식품소분업(설탕),405,2029-01-15,BIZ048,식품,H02200001,2350,2026-01-16,경기도,정우푸드,남양주시,"유통,판매,조리",2026-1-0028,식품소분업,정우푸드,남양주시 정우푸드,127.31595429964518,37.72016450130355,2026-1-0028,20220460726,정우푸드,식품소분업,경기도 남양주시,식품
즉석조리식품,106,2029-01-15,BIZ047,식품,C11300005,2351,2026-01-16,강원특별자치도,주)씨엔에스테크,춘천시,"제조,가공",2026-1-0027,식품제조가공업,주)씨엔에스테크,춘천시 주)씨엔에스테크,127.71255679579212,37.9552374002798,2026-1-0027,20150380724,주)씨엔에스테크,식품제조가공업,강원특별자치도 춘천시,식품
두류가공품,106,2029-01-15,BIZ047,식품,C10700012,2352,2026-01-16,강원특별자치도,주)씨엔에스테크,춘천시,"제조,가공",2026-1-0026,식품제조가공업,주)씨엔에스테크,춘천시 주)씨엔에스테크,127.71255679579212,37.9552374002798,2026-1-0026,20150380724,주)씨엔에스테크,식품제조가공업,강원특별자치도 춘천시,식품
간편조리세트,106,2029-01-15,BIZ047,식품,C0322020400000,2353,2026-01-16,강원특별자치도,주)씨엔에스테크,춘천시,"제조,가공",2026-1-0025,식품제조가공업,주)씨엔에스테크,춘천시 주)씨엔에스테크,127.71255679579212,37.9552374002798,2026-1-0025,20150380724,주)씨엔에스테크,식품제조가공업,강원특별자치도 춘천시,식품
기타가공품,106,2029-01-14,BIZ047,식품,C11400002,2354,2026-01-15,경기도,칠갑농산 주식회사,파주시,"제조,가공",2026-1-0024,식품제조가공업,칠갑농산 주식회사,파주시 칠갑농산 주식회사,,,2026-1-0024,19970355569,칠갑농산 주식회사,식품제조가공업,경기도 파주시,식품
빵류,106,2029-01-13,BIZ047,식품,C09300004,2355,2026-01-14,경기도,주식회사 청안크루,양주시,"제조,가공",2026-1-0023,식품제조가공업,주식회사 청안크루,양주시 주식회사 청안크루,126.93935150053863,37.715272100801336,2026-1-0023,20240574642,주식회사 청안크루,식품제조가공업,경기도 양주시,식품
과자,106,2029-01-13,BIZ047,식품,C09300001,2356,2026-01-14,경기도,주식회사 청안크루,양주시,"제조,가공",2026-1-0022,식품제조가공업,주식회사 청안크루,양주시 주식회사 청안크루,126.93935150053863,37.715272100801336,2026-1-0022,20240574642,주식회사 청안크루,식품제조가공업,경기도 양주시,식품
빵류,106,2029-01-13,BIZ047,식품,C09300004,2357,2026-01-14,경기도,한국이앤에스 주식회사 (고양삼송공장),고양시 덕양구,"제조,가공",2026-1-0021,식품제조가공업,한국이앤에스 주식회사,고양시 덕양구 한국이앤에스 주식회사,,,2026-1-0021,20240482639,한국이앤에스 주식회사 (고양삼송공장),식품제조가공업,경기도 고양시 덕양구,식품
향신료조제품,106,2029-01-12,BIZ047,식품,C10400012,2358,2026-01-13,경기도,풍년농산,고양시 일산동구,"제조,가공",2026-1-0020,식품제조가공업,풍년농산,고양시 일산동구 풍년농산,126.8062577998334,37.70494769865224,2026-1-0020,20210337471,풍년농산,식품제조가공업,경기도 고양시 일산동구,식품
고춧가루,106,2029-01-12,BIZ047,식품,C10400009,2359,2026-01-13,경기도,풍년농산,고양시 일산동구,"제조,가공",2026-1-0019,식품제조가공업,풍년농산,고양시 일산동구 풍년농산,126.8062577998334,37.70494769865224,2026-1-0019,20210337471,풍년농산,식품제조가공업,경기도 고양시 일산동구,식품
식용란수집판매업,635,2029-01-12,BIZ048,축산물,581,2360,2026-01-13,서울특별시,해나농장,도봉구,"유통,판매,조리",2026-1-0018,축산물판매업-식용란수집판매업,해나농장,도봉구 해나농장,,,2026-1-0018,20250080663,해나농장,축산물판매업-식용란수집판매업,서울특별시 도봉구,축산물
기타 농산가공품,106,2029-01-11,BIZ047,식품,C10700014,2362,2026-01-12,경기도,칠갑농산 주식회사,파주시,"제조,가공",2026-1-0016,식품제조가공업,칠갑농산 주식회사,파주시 칠갑농산 주식회사,,,2026-1-0016,19970355569,칠갑농산 주식회사,식품제조가공업,경기도 파주시,식품
복합조미식품,106,2029-01-11,BIZ047,식품,C10400006,2363,2026-01-12,경기도,칠갑농산 주식회사,파주시,"제조,가공",2026-1-0015,식품제조가공업,칠갑농산 주식회사,파주시 칠갑농산 주식회사,,,2026-1-0015,19970355569,칠갑농산 주식회사,식품제조가공업,경기도 파주시,식품
조림류,106,2029-01-11,BIZ047,식품,C10500005,2364,2026-01-12,강원특별자치도,농업회사법인 주식회사 아리파머스,정선군,"제조,가공",2026-1-0014,식품제조가공업,농업회사법인 주식회사 아리파머스,정선군 농업회사법인 주식회사 아리파머스,128.63668830051654,37.20689980079097,2026-1-0014,20220562146,농업회사법인 주식회사 아리파머스,식품제조가공업,강원특별자치도 정선군,식품
두류가공품,106,2029-01-11,BIZ047,식품,C10700012,2365,2026-01-12,서울특별시,에이아이 천년식향 신사 아뜰리에,서초구,"제조,가공",2026-1-0013,식품제조가공업,에이아이 천년식향 신사 아뜰리에,서초구 에이아이 천년식향 신사 아뜰리에,,,2026-1-0013,20250137477,에이아이 천년식향 신사 아뜰리에,식품제조가공업,서울특별시 서초구,식품
과ㆍ채가공품,106,2029-01-11,BIZ047,식품,C10700010,2366,2026-01-12,서울특별시,에이아이 천년식향 신사 아뜰리에,서초구,"제조,가공",2026-1-0012,식품제조가공업,에이아이 천년식향 신사 아뜰리에,서초구 에이아이 천년식향 신사 아뜰리에,,,2026-1-0012,20250137477,에이아이 천년식향 신사 아뜰리에,식품제조가공업,서울특별시 서초구,식품
"전란액,난황액,난백액",613,2029-01-11,BIZ047,축산물,"94,95,96",2367,2026-01-12,경기도,주식회사 한알,포천시,"제조,가공",2026-1-0011,축산물가공업-알가공업,주식회사 한알,포천시 주식회사 한알,,,2026-1-0011,20250371096,주식회사 한알,축산물가공업-알가공업,경기도 포천시,축산물
소스,106,2029-01-11,BIZ047,식품,C10400003,2368,2026-01-12,강원특별자치도,그래도팜 농업회사법인(주),영월군,"제조,가공",2026-1-0010,식품제조가공업,그래도팜 농업회사법인,영월군 그래도팜 농업회사법인,128.28758190094732,37.262972433471575,2026-1-0010,20250615132,그래도팜 농업회사법인(주),식품제조가공업,강원특별자치도 영월군,식품
조미건어포,106,2029-01-11,BIZ047,식품,C11000011,2369,2026-01-12,경기도,동해씨푸드,포천시,"제조,가공",2026-1-0009,식품제조가공업,동해씨푸드,포천시 동해씨푸드,127.27094239984493,37.83921430061889,2026-1-0009,20170333464,동해씨푸드,식품제조가공업,경기도 남양주시,식품
양념육,612,2029-01-07,BIZ047,축산물,86,2370,2026-01-08,경기도,주식회사 유니식품,포천시,"제조,가공",2026-1-0008,축산물가공업-식육가공업,주식회사 유니식품,포천시 주식회사 유니식품,127.22490019986044,37.92572000129224,2026-1-0008,20250371095,주식회사 유니식품,축산물가공업-식육가공업,경기도 포천시,축산물
포장육,604,2029-01-07,BIZ047,축산물,78,2371,2026-01-08,서울특별시,진한우,성동구,"제조,가공",2026-1-0007,식육포장처리업,진한우,성동구 진한우,127.03526450001706,37.570354601086585,2026-1-0007,20150036608,진한우,식육포장처리업,서울특별시 성동구,축산물
포장육,604,2029-01-06,BIZ047,축산물,78,2372,2026-01-07,경기도,(주)대호푸드,파주시,"제조,가공",2026-1-0006,식육포장처리업,대호푸드,파주시 대호푸드,126.85585260023235,37.81297397435456,2026-1-0006,20030355646,(주)대호푸드,식육포장처리업,경기도 파주시,축산물
포장육,604,2029-01-05,BIZ047,축산물,78,2373,2026-01-06,서울특별시,전일식품,성동구,"제조,가공",2026-1-0005,식육포장처리업,전일식품,성동구 전일식품,,,2026-1-0005,20250055025,전일식품,식육포장처리업,서울특별시 성동구,축산물
냉동식품 중 면류(숙면),106,2029-01-05,BIZ047,식품,C12200001,2374,2026-01-06,강원특별자치도,주식회사 엔케이푸드,속초시,"제조,가공",2026-1-0004,식품제조가공업,주식회사 엔케이푸드,속초시 주식회사 엔케이푸드,128.59419920053082,38.17394780104402,2026-1-0004,20240607058,주식회사 엔케이푸드,식품제조가공업,강원특별자치도 속초시,식품
포장육,604,2029-01-05,BIZ047,축산물,78,2375,2026-01-06,서울특별시,(주)영원축산,성동구,"제조,가공",2026-1-0003,식육포장처리업,영원축산,성동구 영원축산,,,2026-1-0003,20070036607,(주)영원축산,식육포장처리업,서울특별시 성동구,축산물
과ㆍ채가공품,106,2029-01-05,BIZ047,식품,C10700010,2376,2026-01-06,강원특별자치도,주식회사 대웅생명과학,영월군,"제조,가공",2026-1-0002,식품제조가공업,주식회사 대웅생명과학,영월군 주식회사 대웅생명과학,128.47218730020077,37.26677430134293,2026-1-0002,20060396013,주식회사 대웅생명과학,식품제조가공업,강원특별자치도 영월군,식품
소스,106,2029-01-01,BIZ047,식품,C10400003,2377,2026-01-02,경기도,주식회사 지앤식품,파주시,"제조,가공",2026-1-0001,식품제조가공업,주식회사 지앤식품,파주시 주식회사 지앤식품,126.7796447995866,37.73252089832673,2026-1-0001,20230502891,주식회사 지앤식품,식품제조가공업,경기도 파주시,식품
가공김(조미김 또는 구운김),106,2028-12-29,BIZ047,식품,C11000017,2395,2025-12-30,충청남도,충남마른김가공수산업협동조합,서천군,"제조,가공",2025-6-0672,식품제조가공업,충남마른김가공수산업협동조합,서천군 충남마른김가공수산업협동조합,126.68540960035595,36.07819035045332,2025-6-0672,20220657007,충남마른김가공수산업협동조합,식품제조가공업,충청남도 서천군,식품
인삼ㆍ홍삼음료,106,2028-12-28,BIZ047,식품,C10100015,2396,2025-12-29,충청남도,한국금차도,금산군,"제조,가공",2025-6-0671,식품제조가공업,한국금차도,금산군 한국금차도,127.48971469985683,36.1083545986524,2025-6-0671,20000467052,한국금차도,식품제조가공업,충청남도 금산군,식품
서류가공품,106,2028-12-28,BIZ047,식품,C10700013,2397,2025-12-29,충청남도,타임스퀘어,논산시,"제조,가공",2025-6-0670,식품제조가공업,타임스퀘어,논산시 타임스퀘어,127.09981759973375,36.15668428554218,2025-6-0670,20250707316,타임스퀘어,식품제조가공업,충청남도 논산시,식품
즉석조리식품,106,2028-12-28,BIZ047,식품,C11300005,2398,2025-12-29,충청북도,농업회사법인(주)옥구촌한우,음성군,"제조,가공",2025-6-0669,식품제조가공업,농업회사법인옥구촌한우,음성군 농업회사법인옥구촌한우,,,2025-6-0669,20250676540,농업회사법인(주)옥구촌한우,식품제조가공업,충청북도 음성군,식품
분쇄가공육제품,612,2028-12-28,BIZ047,축산물,87,2399,2025-12-29,충청북도,(주)일월식품,제천시,"제조,가공",2025-6-0668,축산물가공업-식육가공업,일월식품,제천시 일월식품,128.19247679939448,37.15482229767179,2025-6-0668,20020435437,(주)일월식품,축산물가공업-식육가공업,충청북도 제천시,축산물
포장육,604,2028-12-28,BIZ047,축산물,78,2400,2025-12-29,충청북도,농업회사법인 주식회사 옥구촌한우,음성군,"제조,가공",2025-6-0667,식육포장처리업,농업회사법인 주식회사 옥구촌한우,음성군 농업회사법인 주식회사 옥구촌한우,,,2025-6-0667,20250676543,농업회사법인 주식회사 옥구촌한우,식육포장처리업,충청북도 음성군,축산물
"양념육,식육추출가공품",612,2028-12-28,BIZ047,축산물,"86,89",2401,2025-12-29,충청북도,농업회사법인 주식회사 옥구촌,음성군,"제조,가공",2025-6-0666,축산물가공업-식육가공업,농업회사법인 주식회사 옥구촌,음성군 농업회사법인 주식회사 옥구촌,,,2025-6-0666,20250633021,농업회사법인 주식회사 옥구촌,축산물가공업-식육가공업,충청북도 음성군,축산물
신선편의식품,106,2028-12-25,BIZ047,식품,C11300004,2402,2025-12-26,충청북도,농업회사법인(주)에코팜푸드,청주시 청원구,"제조,가공",2025-6-0665,식품제조가공업,농업회사법인에코팜푸드,청주시 청원구 농업회사법인에코팜푸드,,,2025-6-0665,20200424137,농업회사법인(주)에코팜푸드,식품제조가공업,충청북도 청주시 청원구,식품
기타가공품,106,2028-12-25,BIZ047,식품,C11400002,2403,2025-12-26,충청북도,(주)서흥헬스케어 2공장,청주시 흥덕구,"제조,가공",2025-6-0664,식품제조가공업,서흥헬스케어 2공장,청주시 흥덕구 서흥헬스케어 2공장,127.43994180043212,36.64116370060141,2025-6-0664,20180424010,(주)서흥헬스케어 2공장,식품제조가공업,충청북도 청주시 흥덕구,식품
기타가공품,106,2028-12-25,BIZ047,식품,C11400002,2404,2025-12-26,충청남도,농업회사법인 불원 주식회사,예산군,"제조,가공",2025-6-0663,식품제조가공업,농업회사법인 불원 주식회사,예산군 농업회사법인 불원 주식회사,126.87322660030227,36.61681590738024,2025-6-0663,20210478142,농업회사법인 불원 주식회사,식품제조가공업,충청남도 예산군,식품
식용란선별포장업,009,2028-12-23,BIZ048,축산물,901,2405,2025-12-24,충청남도,농업회사법인 주식회사 알림,천안시 서북구,"유통,판매,조리",2025-6-0662,식용란선별포장업,농업회사법인 주식회사 알림,천안시 서북구 농업회사법인 주식회사 알림,,,2025-6-0662,20250681016,농업회사법인 주식회사 알림,식용란선별포장업,충청남도 천안시 서북구,축산물
곡류가공품,106,2028-12-23,BIZ047,식품,C10700011,2406,2025-12-24,충청남도,윤농수산식품,보령시,"제조,가공",2025-6-0661,식품제조가공업,윤농수산식품,보령시 윤농수산식품,,,2025-6-0661,20190475128,윤농수산식품,식품제조가공업,충청남도 보령시,식품
즉석섭취식품(운반급식 포함),106,2028-12-23,BIZ047,식품,H03000002,2407,2025-12-24,충청북도,다미청푸드,음성군,"제조,가공",2025-6-0660,식품제조가공업,다미청푸드,음성군 다미청푸드,,,2025-6-0660,20250676364,다미청푸드,식품제조가공업,충청북도 음성군,식품
즉석조리식품,106,2028-10-13,BIZ047,식품,C11300005,2409,2025-10-14,충청남도,아침 주식회사,보령시,"제조,가공",2025-6-0658,식품제조가공업,아침 주식회사,보령시 아침 주식회사,,,2025-6-0658,20070461053,(주)동우F&C,식품제조가공업,충청남도 아산시,식품
땅콩 또는 견과류가공품,106,2028-12-21,BIZ047,식품,C10700006,2410,2025-12-22,충청북도,한성신약주식회사,진천군,"제조,가공",2025-6-0657,식품제조가공업,한성신약주식회사,진천군 한성신약주식회사,,,2025-6-0657,20250672196,한성신약주식회사,식품제조가공업,충청북도 진천군,식품
즉석조리식품,106,2028-12-21,BIZ047,식품,C11300005,2411,2025-12-22,충청북도,주식회사 두런에프앤비,증평군,"제조,가공",2025-6-0656,식품제조가공업,주식회사 두런에프앤비,증평군 주식회사 두런에프앤비,,,2025-6-0656,20210449048,주식회사 두런에프앤비,식품제조가공업,충청북도 증평군,식품
유탕면,106,2028-12-21,BIZ047,식품,C10000004,2412,2025-12-22,충청북도,주식회사 두런에프앤비,증평군,"제조,가공",2025-6-0655,식품제조가공업,주식회사 두런에프앤비,증평군 주식회사 두런에프앤비,,,2025-6-0655,20210449048,주식회사 두런에프앤비,식품제조가공업,충청북도 증평군,식품
준초콜릿,106,2029-06-06,BIZ047,식품,C09500008,2413,2025-12-22,충청북도,(주)오리온제4청주공장,청주시 흥덕구,"제조,가공",2025-6-0654,식품제조가공업,오리온제4청주공장,청주시 흥덕구 오리온제4청주공장,127.45356189990927,36.65625779701735,2025-6-0654,19870415003,(주)오리온제4청주공장,식품제조가공업,충청북도 청주시 흥덕구,식품
포장육,604,2028-12-21,BIZ047,축산물,78,2414,2025-12-22,충청북도,한결컴퍼니,청주시 청원구,"제조,가공",2025-6-0653,식육포장처리업,한결컴퍼니,청주시 청원구 한결컴퍼니,127.42435449979924,36.698904898607886,2025-6-0653,20240635144,한결컴퍼니,식육포장처리업,충청북도 청주시 청원구,축산물
들기름,106,2028-12-20,BIZ047,식품,C09900007,2415,2025-12-21,세종특별자치시,방앗간 문주리 유,,"제조,가공",2025-6-0652,식품제조가공업,방앗간 문주리 유,,128.55103810048135,35.93255540021562,2025-6-0652,20240365201,방앗간 문주리유,식품제조가공업,세종특별자치시,식품
참기름,106,2028-12-20,BIZ047,식품,C09900005,2416,2025-12-21,세종특별자치시,방앗간 문주리 유,,"제조,가공",2025-6-0651,식품제조가공업,방앗간 문주리 유,,128.55103810048135,35.93255540021562,2025-6-0651,20240365201,방앗간 문주리유,식품제조가공업,세종특별자치시,식품
식육함유가공품,106,2028-12-20,BIZ047,식품,C10800001,2417,2025-12-21,충청남도,파인쿡(Fine cook),예산군,"제조,가공",2025-6-0650,식품제조가공업,파인쿡,예산군 파인쿡,126.72597610044993,36.760452501223526,2025-6-0650,20240722337,파인쿡(Fine cook),식품제조가공업,충청남도 예산군,식품
곡류가공품,106,2028-12-20,BIZ047,식품,C10700011,2418,2025-12-21,충청북도,(주)에스엠바이오,음성군,"제조,가공",2025-6-0649,식품제조가공업,에스엠바이오,음성군 에스엠바이오,127.60836989590354,37.025260967765504,2025-6-0649,20200452306,(주)에스엠바이오,식품제조가공업,충청북도 음성군,식품
두류가공품,106,2028-12-20,BIZ047,식품,C10700012,2419,2025-12-21,대전광역시,주식회사 바맘,대덕구,"제조,가공",2025-6-0648,식품제조가공업,주식회사 바맘,대덕구 주식회사 바맘,127.42569749947616,36.426417000768126,2025-6-0648,20220317883,주식회사 바맘,식품제조가공업,대전광역시 대덕구,식품
혼합음료,106,2028-12-20,BIZ047,식품,C10100016,2420,2025-12-21,충청남도,농업회사법인(주)글로벌금산진생,금산군,"제조,가공",2025-6-0647,식품제조가공업,농업회사법인글로벌금산진생,금산군 농업회사법인글로벌금산진생,127.50794740582197,36.10191979553738,2025-6-0647,20190473163,농업회사법인(주)글로벌금산진생,식품제조가공업,충청남도 금산군,식품
"햄,프레스햄,소시지,분쇄가공육제품",612,2028-12-18,BIZ047,축산물,"79,80,82,87",2421,2025-12-19,충청남도,주식회사 샤르베티에,천안시 서북구,"제조,가공",2025-6-0646,축산물가공업-식육가공업,주식회사 샤르베티에,천안시 서북구 주식회사 샤르베티에,,,2025-6-0646,20250681018,주식회사 샤르베티에,축산물가공업-식육가공업,충청남도 천안시 서북구,축산물
양념육,612,2028-12-18,BIZ047,축산물,86,2422,2025-12-19,충청남도,농업회사법인(주)프레쉬빌,천안시 서북구,"제조,가공",2025-6-0645,축산물가공업-식육가공업,농업회사법인프레쉬빌,천안시 서북구 농업회사법인프레쉬빌,127.130099899817,36.86399310068676,2025-6-0645,20160448030,주식회사 프레쉬빌,축산물가공업-식육가공업,충청남도 천안시 서북구,축산물
포장육,604,2028-12-18,BIZ047,축산물,78,2423,2025-12-19,충청남도,농업회사법인(주)프레쉬빌,천안시 서북구,"제조,가공",2025-6-0644,식육포장처리업,농업회사법인프레쉬빌,천안시 서북구 농업회사법인프레쉬빌,127.130099899817,36.86399310068676,2025-6-0644,20160449048,주식회사 프레쉬빌,식육포장처리업,충청남도 천안시 서북구,축산물
즉석섭취식품(운반급식 포함),106,2028-12-17,BIZ047,식품,H03000002,2424,2025-12-18,충청북도,이명순맛손반찬,충주시,"제조,가공",2025-6-0643,식품제조가공업,이명순맛손반찬,충주시 이명순맛손반찬,127.92806489680778,36.98940839656272,2025-6-0643,20250658870,이명순맛손반찬,식품제조가공업,충청북도 충주시,식품
액상차,106,2028-12-17,BIZ047,식품,C10100002,2425,2025-12-18,충청남도,주식회사 내추럴앤그린바이오 농업회사법인,금산군,"제조,가공",2025-6-0642,식품제조가공업,주식회사 내추럴앤그린바이오 농업회사법인,금산군 주식회사 내추럴앤그린바이오 농업회사법인,,,2025-6-0642,20230661190,주식회사 내추럴앤그린바이오 농업회사법인,식품제조가공업,충청남도 금산군,식품
기타가공품,106,2028-12-17,BIZ047,식품,C11400002,2426,2025-12-18,충청남도,(주)신우코퍼레이션,금산군,"제조,가공",2025-6-0641,식품제조가공업,신우코퍼레이션,금산군 신우코퍼레이션,127.50672979703457,36.22317959875766,2025-6-0641,20240712144,(주)신우코퍼레이션,식품제조가공업,충청남도 금산군,식품
고혈압환자용 식단형 식품,106,2028-12-17,BIZ047,식품,C0324030400000,2427,2025-12-18,충청북도,에이푸드 주식회사,음성군,"제조,가공",2025-6-0640,식품제조가공업,에이푸드 주식회사,음성군 에이푸드 주식회사,127.46459840031662,37.00706517059054,2025-6-0640,20090445082,에이푸드 주식회사,식품제조가공업,충청북도 음성군,식품
식육판매업,630,2028-12-16,BIZ048,축산물,176,2428,2025-12-17,충청남도,대천농협 하나로마트 본점,보령시,"유통,판매,조리",2025-6-0639,축산물판매업-식육판매업,대천농협 하나로마트 본점,보령시 대천농협 하나로마트 본점,,,2025-6-0639,20250699203,대천농협 하나로마트 본점,축산물판매업-식육판매업,충청남도 보령시,축산물
음료베이스,106,2028-12-16,BIZ047,식품,C10100017,2429,2025-12-17,충청남도,주식회사바이오360,천안시 서북구,"제조,가공",2025-6-0638,식품제조가공업,주식회사바이오360,천안시 서북구 주식회사바이오360,127.12236200032538,36.85927240071712,2025-6-0638,20200456111,주식회사바이오360,식품제조가공업,충청남도 천안시 서북구,식품
리큐르,402,2028-12-15,BIZ047,식품,C10600010,2430,2025-12-16,충청남도,플래티넘맥주주식회사,예산군,"제조,가공",2025-6-0637,식품제조가공업(주류제조),플래티넘맥주주식회사,예산군 플래티넘맥주주식회사,126.6979706999522,36.79770370075782,2025-6-0637,20220020725,플래티넘맥주주식회사,식품제조가공업(주류),충청남도 예산군,식품
기타 식용유지가공품,106,2028-12-14,BIZ047,식품,C09900027,2432,2025-12-15,충청북도,콜마비앤에이치(주) 음성공장,음성군,"제조,가공",2025-6-0635,식품제조가공업,콜마비앤에이치 음성공장,음성군 콜마비앤에이치 음성공장,127.46274050017568,36.97164600117112,2025-6-0635,20060445110,콜마비앤에이치(주) 음성공장,식품제조가공업,충청북도 음성군,식품
복합조미식품,106,2028-12-14,BIZ047,식품,C10400006,2433,2025-12-15,충청북도,엔에이치 바이오,제천시,"제조,가공",2025-6-0634,식품제조가공업,엔에이치 바이오,제천시 엔에이치 바이오,128.16180080013035,37.15068650111799,2025-6-0634,20210444104,엔에이치 바이오,식품제조가공업,충청북도 제천시,식품
침출차,106,2028-12-11,BIZ047,식품,C10100001,2434,2025-12-12,충청남도,금산인삼협동조합,금산군,"제조,가공",2025-6-0633,식품제조가공업,금산인삼협동조합,금산군 금산인삼협동조합,127.49864799351276,36.10071729980146,2025-6-0633,20160467038,금산인삼협동조합,식품제조가공업,충청남도 금산군,식품
"양념육,분쇄가공육제품",612,2028-12-11,BIZ047,축산물,"86,87",2435,2025-12-12,충청남도,으뜸배방참포크 (주)농업회사법인,아산시,"제조,가공",2025-6-0632,축산물가공업-식육가공업,으뜸배방참포크 농업회사법인,아산시 으뜸배방참포크 농업회사법인,127.0665497995859,36.784296103305614,2025-6-0632,20250681017,으뜸배방참포크 (주)농업회사법인,축산물가공업-식육가공업,충청남도 아산시,축산물
포장육,604,2028-12-11,BIZ047,축산물,78,2436,2025-12-12,충청남도,으뜸배방참포크 주식회사농업회사법인,아산시,"제조,가공",2025-6-0631,식육포장처리업,으뜸배방참포크 주식회사농업회사법인,아산시 으뜸배방참포크 주식회사농업회사법인,127.0665497995859,36.784296103305614,2025-6-0631,20250702457,으뜸배방참포크 주식회사농업회사법인,식육포장처리업,충청남도 아산시,축산물
"양념육,분쇄가공육제품",612,2028-12-11,BIZ047,축산물,"87,86",2437,2025-12-12,세종특별자치시,주식회사 달인푸드,,"제조,가공",2025-6-0630,축산물가공업-식육가공업,주식회사 달인푸드,,128.55103810048135,35.93255540021562,2025-6-0630,20250366207,주식회사 달인푸드,축산물가공업-식육가공업,세종특별자치시,축산물
포장육,604,2028-12-11,BIZ047,축산물,78,2438,2025-12-12,대전광역시,아름푸드,중구,"제조,가공",2025-6-0629,식육포장처리업,아름푸드,중구 아름푸드,127.3796508998481,36.2893935009746,2025-6-0629,20060233549,아름푸드,식육포장처리업,대전광역시 중구,축산물
식용란선별포장업,009,2028-12-10,BIZ048,축산물,901,2439,2025-12-11,충청북도,써니팜스,진천군,"유통,판매,조리",2025-6-0628,식용란선별포장업,써니팜스,진천군 써니팜스,,,2025-6-0628,20250633010,써니팜스,식용란선별포장업,충청북도 진천군,축산물
혼합음료,106,2028-12-10,BIZ047,식품,C10100016,2440,2025-12-11,충청남도,(주)농심,아산시,"제조,가공",2025-6-0627,식품제조가공업,농심,아산시 농심,127.09049360049607,36.82872680377312,2025-6-0627,19910461101,(주)농심,식품제조가공업,충청남도 아산시,식품
체중조절용 조제식품,106,2028-12-10,BIZ047,식품,C10200009,2441,2025-12-11,충청북도,(주)제이엠바이오,음성군,"제조,가공",2025-6-0626,식품제조가공업,제이엠바이오,음성군 제이엠바이오,127.48983459962244,36.958294401207695,2025-6-0626,20220619034,(주)제이엠바이오,식품제조가공업,충청북도 음성군,식품
포장육,604,2028-12-10,BIZ047,축산물,78,2443,2025-12-11,충청북도,(주)제일포크육가공,청주시 청원구,"제조,가공",2025-6-0624,식육포장처리업,제일포크육가공,청주시 청원구 제일포크육가공,127.5397404002187,36.720441101128586,2025-6-0624,20250635107,(주)제일포크육가공,식육포장처리업,충청북도 청주시 청원구,축산물
포장육,604,2028-12-10,BIZ047,축산물,78,2444,2025-12-11,충청남도,주식회사 미래,서산시,"제조,가공",2025-6-0623,식육포장처리업,주식회사 미래,서산시 주식회사 미래,126.35858940052177,36.78839608763499,2025-6-0623,20230654400,주식회사 미래,식육포장처리업,충청남도 서산시,축산물
과ㆍ채주스,106,2028-12-10,BIZ047,식품,C10100006,2447,2025-12-11,충청남도,땡큐베리,서천군,"제조,가공",2025-6-0620,식품제조가공업,땡큐베리,서천군 땡큐베리,126.79436369967,36.11941860088615,2025-6-0620,20230665048,땡큐베리,식품제조가공업,충청남도 서천군,식품
떡류,106,2028-12-10,BIZ047,식품,C09300005,2448,2025-12-11,충청남도,주식회사야레,천안시 서북구,"제조,가공",2025-6-0619,식품제조가공업,주식회사야레,천안시 서북구 주식회사야레,,,2025-6-0619,20250684006,주식회사야레,식품제조가공업,충청남도 천안시 서북구,식품
과자,106,2028-12-10,BIZ047,식품,C09300001,2449,2025-12-11,충청남도,주식회사야레,천안시 서북구,"제조,가공",2025-6-0618,식품제조가공업,주식회사야레,천안시 서북구 주식회사야레,,,2025-6-0618,20250684006,주식회사야레,식품제조가공업,충청남도 천안시 서북구,식품
초콜릿,106,2028-12-09,BIZ047,식품,C09500005,2450,2025-12-10,충청남도,해미여유 초콜릿,서산시,"제조,가공",2025-6-0617,식품제조가공업,해미여유 초콜릿,서산시 해미여유 초콜릿,126.44870850029017,36.777501498187824,2025-6-0617,20250705088,해미여유 초콜릿,식품제조가공업,충청남도 서산시,식품
과ㆍ채음료,106,2028-12-08,BIZ047,식품,C10100007,2451,2025-12-09,충청남도,금산군농업기술센터,금산군,"제조,가공",2025-6-0615,식품제조가공업,금산군농업기술센터,금산군 금산군농업기술센터,127.49608134581172,36.12595875728094,2025-6-0615,20190473089,금산군농업기술센터,식품제조가공업,충청남도 금산군,식품
과자,106,2028-12-07,BIZ047,식품,C09300001,2452,2025-12-08,충청남도,청양골 예진네,청양군,"제조,가공",2025-6-0614,식품제조가공업,청양골 예진네,청양군 청양골 예진네,126.88057860023976,36.33140777000735,2025-6-0614,20150472004,청양골 예진네,식품제조가공업,충청남도 청양군,식품
빵류,106,2028-12-07,BIZ047,식품,C09300004,2453,2025-12-08,대전광역시,꿈심당호두,서구,"제조,가공",2025-6-0613,식품제조가공업,꿈심당호두,서구 꿈심당호두,127.40079179963772,36.35298430109139,2025-6-0613,20250334264,꿈심당호두,식품제조가공업,대전광역시 서구,식품
절임식품,106,2028-12-07,BIZ047,식품,C10500003,2454,2025-12-08,충청남도,농업회사법인(주)가온길,논산시,"제조,가공",2025-6-0612,식품제조가공업,농업회사법인가온길,논산시 농업회사법인가온길,,,2025-6-0612,20170464326,농업회사법인(주)가온길,식품제조가공업,충청남도 논산시,식품
즉석조리식품,106,2028-12-07,BIZ047,식품,C11300005,2455,2025-12-08,충청남도,연기나는마을,공주시,"제조,가공",2025-6-0611,식품제조가공업,연기나는마을,공주시 연기나는마을,127.1703225994532,36.56028270044315,2025-6-0611,20250697245,연기나는마을,식품제조가공업,충청남도 공주시,식품
카레(커리),106,2028-12-07,BIZ047,식품,C10400008,2456,2025-12-08,충청북도,(주)송림에프에스,진천군,"제조,가공",2025-6-0610,식품제조가공업,송림에프에스,진천군 송림에프에스,127.49352590014088,36.91063220125331,2025-6-0610,20180450029,(주)송림에프에스,식품제조가공업,충청북도 진천군,식품
과ㆍ채가공품,106,2028-12-07,BIZ047,식품,C10700010,2457,2025-12-08,충청남도,주식회사 아마존허브,예산군,"제조,가공",2025-6-0609,식품제조가공업,주식회사 아마존허브,예산군 주식회사 아마존허브,126.81894489973324,36.68103820055196,2025-6-0609,20200478173,주식회사 아마존허브,식품제조가공업,충청남도 예산군,식품
인삼ㆍ홍삼음료,106,2028-12-07,BIZ047,식품,C10100015,2458,2025-12-08,충청남도,인삼세계로영농조합법인,금산군,"제조,가공",2025-6-0608,식품제조가공업,인삼세계로영농조합법인,금산군 인삼세계로영농조합법인,127.49379910011592,36.14840289828648,2025-6-0608,20070467221,인삼세계로영농조합법인,식품제조가공업,충청남도 금산군,식품
액상차,106,2028-12-07,BIZ047,식품,C10100002,2459,2025-12-08,충청남도,인삼세계로영농조합법인,금산군,"제조,가공",2025-6-0607,식품제조가공업,인삼세계로영농조합법인,금산군 인삼세계로영농조합법인,127.49379910011592,36.14840289828648,2025-6-0607,20070467221,인삼세계로영농조합법인,식품제조가공업,충청남도 금산군,식품
양념육,612,2028-12-07,BIZ047,축산물,86,2460,2025-12-08,충청북도,건강한한우 미토리 2공방,괴산군,"제조,가공",2025-6-0606,축산물가공업-식육가공업,건강한한우 미토리 2공방,괴산군 건강한한우 미토리 2공방,,,2025-6-0606,20250633019,건강한한우 미토리 2공방,축산물가공업-식육가공업,충청북도 괴산군,축산물
기타가공품,106,2028-12-07,BIZ047,식품,C11400002,2461,2025-12-08,충청북도,주식회사 노바렉스,청주시 흥덕구,"제조,가공",2025-6-0605,식품제조가공업,주식회사 노바렉스,청주시 흥덕구 주식회사 노바렉스,127.30378989947428,36.62332820099853,2025-6-0605,20030415157,주식회사 노바렉스,식품제조가공업,충청북도 청주시 흥덕구,식품
음료베이스,106,2028-12-07,BIZ047,식품,C10100017,2462,2025-12-08,세종특별자치시,월드웨이㈜,,"제조,가공",2025-6-0604,식품제조가공업,월드웨이㈜,,128.55103810048135,35.93255540021562,2025-6-0604,20020257030,월드웨이(주),식품제조가공업,세종특별자치시,식품
냉동식품 중 면류(생면),106,2028-12-04,BIZ047,식품,C12200001,2463,2025-12-05,충청남도,엠에치티에프앤비,천안시 서북구,"제조,가공",2025-6-0603,식품제조가공업,엠에치티에프앤비,천안시 서북구 엠에치티에프앤비,127.10933050010824,36.81931680404893,2025-6-0603,20220627151,엠에이치티에프앤비,식품제조가공업,충청남도 천안시 서북구,식품
떡류,106,2028-12-04,BIZ047,식품,C09300005,2464,2025-12-05,대전광역시,관록,중구,"제조,가공",2025-6-0602,식품제조가공업,관록,중구 관록,,,2025-6-0602,20250329680,관록,식품제조가공업,대전광역시 중구,식품
포장육,604,2028-12-04,BIZ047,축산물,78,2466,2025-12-05,충청북도,주식회사 프랜즈,청주시 청원구,"제조,가공",2025-6-0600,식육포장처리업,주식회사 프랜즈,청주시 청원구 주식회사 프랜즈,127.47855209984776,36.75508609877957,2025-6-0600,20240635097,주식회사 프랜즈,식육포장처리업,충청북도 청주시 청원구,축산물
포장육,604,2028-12-04,BIZ047,축산물,78,2467,2025-12-05,충청남도,해나루한돈축산영농조합법인,당진시,"제조,가공",2025-6-0599,식육포장처리업,해나루한돈축산영농조합법인,당진시 해나루한돈축산영농조합법인,126.64731980001852,36.90322330419185,2025-6-0599,20160456566,해나루한돈축산영농조합법인,식육포장처리업,충청남도 당진시,축산물
알가열제품,613,2028-12-04,BIZ047,축산물,100,2468,2025-12-05,충청남도,농업회사법인 주식회사 지앤씨,아산시,"제조,가공",2025-6-0598,축산물가공업-알가공업,농업회사법인 주식회사 지앤씨,아산시 농업회사법인 주식회사 지앤씨,,,2025-6-0598,20220624020,농업회사법인 주식회사 지앤씨,축산물가공업-알가공업,충청남도 아산시,축산물
기타가공품,106,2028-12-02,BIZ047,식품,C11400002,2469,2025-12-03,충청남도,(주)동원에프앤비((주)동원F&B),천안시 서북구,"제조,가공",2025-6-0597,식품제조가공업,동원에프앤비동원F&B),천안시 서북구 동원에프앤비동원F&B),127.16021059980662,36.86393640134001,2025-6-0597,20100449016,(주)동원에프앤비((주)동원F&B),식품제조가공업,충청남도 천안시 서북구,식품
포장육,604,2028-12-01,BIZ047,축산물,78,2470,2025-12-02,충청남도,대천농협 하나로마트 본점,보령시,"제조,가공",2025-6-0596,식육포장처리업,대천농협 하나로마트 본점,보령시 대천농협 하나로마트 본점,,,2025-6-0596,20250699237,대천농협 하나로마트 본점,식육포장처리업,충청남도 보령시,축산물
기타식물성유지,106,2029-07-10,BIZ047,식품,C09900017,2471,2025-12-02,충청북도,(주)코지맘바이오,음성군,"제조,가공",2025-6-0595,식품제조가공업,코지맘바이오,음성군 코지맘바이오,127.5303421003017,36.961087601054906,2025-6-0595,20230627153,(주)코지맘바이오,식품제조가공업,충청북도 음성군,식품
포장육,604,2028-12-01,BIZ047,축산물,78,2472,2025-12-02,충청남도,천안남영축산,천안시 동남구,"제조,가공",2025-6-0594,식육포장처리업,천안남영축산,천안시 동남구 천안남영축산,127.22713749983512,36.77358800073557,2025-6-0594,20160449025,천안남영축산,식육포장처리업,충청남도 천안시 동남구,축산물
곡류가공품,106,2028-12-01,BIZ047,식품,C10700011,2473,2025-12-02,충청북도,주식회사 라이스온,제천시,"제조,가공",2025-6-0593,식품제조가공업,주식회사 라이스온,제천시 주식회사 라이스온,,,2025-6-0593,20250661538,주식회사 라이스온,식품제조가공업,충청북도 제천시,식품
냉동식품 중 피자류,106,2028-12-01,BIZ047,식품,C12100001,2474,2025-12-02,충청남도,명주원보호작업장(주원베이커리),공주시,"제조,가공",2025-6-0592,식품제조가공업,명주원보호작업장,공주시 명주원보호작업장,127.26404533166176,36.41357569847565,2025-6-0592,20100458169,명주원보호작업장(주원베이커리),식품제조가공업,충청남도 공주시,식품
기타 수산물가공품,106,2028-11-27,BIZ047,식품,C11000016,2475,2025-11-28,대전광역시,젬스토랑,유성구,"제조,가공",2025-6-0591,식품제조가공업,젬스토랑,유성구 젬스토랑,127.33291269987797,36.35655990052674,2025-6-0591,20230326504,젬스토랑,식품제조가공업,대전광역시 유성구,식품
포장육,604,2028-11-25,BIZ047,축산물,78,2476,2025-11-26,충청남도,주식회사 제이아이식품,예산군,"제조,가공",2025-6-0590,식육포장처리업,주식회사 제이아이식품,예산군 주식회사 제이아이식품,126.75368199976438,36.684730218718045,2025-6-0590,20250722251,주식회사 제이아이식품,식육포장처리업,충청남도 예산군,축산물
천연향신료,106,2028-11-27,BIZ047,식품,C10400011,2477,2025-11-28,충청북도,베이시스푸드㈜,진천군,"제조,가공",2025-6-0589,식품제조가공업,베이시스푸드㈜,진천군 베이시스푸드㈜,127.38652153959865,36.82578818173564,2025-6-0589,20100443196,베이시스푸드(주),식품제조가공업,충청북도 진천군,식품
고춧가루,106,2028-11-27,BIZ047,식품,C10400009,2478,2025-11-28,충청북도,(주)제이수컴퍼니,충주시,"제조,가공",2025-6-0588,식품제조가공업,제이수컴퍼니,충주시 제이수컴퍼니,127.92506210039863,36.97480130125547,2025-6-0588,20250658766,(주)제이수컴퍼니,식품제조가공업,충청북도 충주시,식품
즉석섭취식품(운반급식 포함),106,2028-11-25,BIZ047,식품,H03000002,2479,2025-11-26,세종특별자치시,명인정,,"제조,가공",2025-6-0587,식품제조가공업,명인정,,128.55103810048135,35.93255540021562,2025-6-0587,20250366131,명인정,식품제조가공업,세종특별자치시,식품
과ㆍ채음료,106,2028-11-24,BIZ047,식품,C10100007,2480,2025-11-25,충청남도,천안로컬푸드생산자협동조합,천안시 서북구,"제조,가공",2025-6-0586,식품제조가공업,천안로컬푸드생산자협동조합,천안시 서북구 천안로컬푸드생산자협동조합,,,2025-6-0586,20250683465,천안로컬푸드생산자협동조합,식품제조가공업,충청남도 천안시 서북구,식품
과ㆍ채주스,106,2028-11-24,BIZ047,식품,C10100006,2481,2025-11-25,충청남도,천안로컬푸드생산자협동조합,천안시 서북구,"제조,가공",2025-6-0585,식품제조가공업,천안로컬푸드생산자협동조합,천안시 서북구 천안로컬푸드생산자협동조합,,,2025-6-0585,20250683465,천안로컬푸드생산자협동조합,식품제조가공업,충청남도 천안시 서북구,식품
가공김(조미김 또는 구운김),106,2028-11-23,BIZ047,식품,C11000017,2482,2025-11-24,충청남도,주식회사 소문난삼부자(홍성지점),홍성군,"제조,가공",2025-6-0584,식품제조가공업,주식회사 소문난삼부자,홍성군 주식회사 소문난삼부자,126.71287909962967,36.66212250096577,2025-6-0584,20200477298,주식회사 소문난삼부자(홍성지점),식품제조가공업,충청남도 홍성군,식품
기타 농산가공품,106,2028-11-23,BIZ047,식품,C10700014,2483,2025-11-24,충청남도,청양농부,청양군,"제조,가공",2025-6-0583,식품제조가공업,청양농부,청양군 청양농부,126.72012580042326,36.44784016174194,2025-6-0583,20180476054,청양농부,식품제조가공업,충청남도 청양군,식품
들기름,106,2028-11-23,BIZ047,식품,C09900007,2484,2025-11-24,충청남도,청양농부,청양군,"제조,가공",2025-6-0582,식품제조가공업,청양농부,청양군 청양농부,126.72012580042326,36.44784016174194,2025-6-0582,20180476054,청양농부,식품제조가공업,충청남도 청양군,식품
참기름,106,2028-11-23,BIZ047,식품,C09900005,2485,2025-11-24,충청남도,청양농부,청양군,"제조,가공",2025-6-0581,식품제조가공업,청양농부,청양군 청양농부,126.72012580042326,36.44784016174194,2025-6-0581,20180476054,청양농부,식품제조가공업,충청남도 청양군,식품
떡류,106,2028-11-23,BIZ047,식품,C09300005,2486,2025-11-24,충청남도,청양농부,청양군,"제조,가공",2025-6-0580,식품제조가공업,청양농부,청양군 청양농부,126.72012580042326,36.44784016174194,2025-6-0580,20180476054,청양농부,식품제조가공업,충청남도 청양군,식품
양념육,612,2028-11-23,BIZ047,축산물,86,2487,2025-11-24,충청남도,주식회사 신우푸드,천안시 동남구,"제조,가공",2025-6-0579,축산물가공업-식육가공업,주식회사 신우푸드,천안시 동남구 주식회사 신우푸드,,,2025-6-0579,20250681015,주식회사 신우푸드,축산물가공업-식육가공업,충청남도 천안시 동남구,축산물
된장,106,2028-11-19,BIZ047,식품,C10300009,2488,2025-11-20,충청남도,농업회사법인(주)맛가마식품,논산시,"제조,가공",2025-6-0578,식품제조가공업,농업회사법인맛가마식품,논산시 농업회사법인맛가마식품,127.18173609967558,36.202463801537306,2025-6-0578,19940464178,농업회사법인(주)맛가마식품,식품제조가공업,충청남도 논산시,식품
과자,106,2028-11-19,BIZ047,식품,C09300001,2489,2025-11-20,충청북도,유한회사류은,충주시,"제조,가공",2025-6-0577,식품제조가공업,유한회사류은,충주시 유한회사류은,,,2025-6-0577,20250658406,유한회사류은,식품제조가공업,충청북도 충주시,식품
빵류,106,2028-11-19,BIZ047,식품,C09300004,2490,2025-11-20,대전광역시,에이트팜,중구,"제조,가공",2025-6-0576,식품제조가공업,에이트팜,중구 에이트팜,127.3851076005044,36.296242701633744,2025-6-0576,20240329442,에이트팜,식품제조가공업,대전광역시 중구,식품
소스,106,2028-11-19,BIZ047,식품,C10400003,2491,2025-11-20,충청남도,농업회사법인(주)맛가마식품,논산시,"제조,가공",2025-6-0575,식품제조가공업,농업회사법인맛가마식품,논산시 농업회사법인맛가마식품,127.18173609967558,36.202463801537306,2025-6-0575,19940464178,농업회사법인(주)맛가마식품,식품제조가공업,충청남도 논산시,식품
"양념육,식육추출가공품",612,2028-11-19,BIZ047,축산물,"86,89",2492,2025-11-20,충청북도,주식회사 정월식품,청주시 청원구,"제조,가공",2025-6-0574,축산물가공업-식육가공업,주식회사 정월식품,청주시 청원구 주식회사 정월식품,,,2025-6-0574,20250633004,주식회사 정월식품,축산물가공업-식육가공업,충청북도 청주시 청원구,축산물
즉석섭취식품(운반급식 포함),106,2028-11-19,BIZ047,식품,H03000002,2493,2025-11-20,대전광역시,딘딘푸드,동구,"제조,가공",2025-6-0573,식품제조가공업,딘딘푸드,동구 딘딘푸드,127.46407849991516,36.27414610427893,2025-6-0573,20220305486,딘딘푸드,식품제조가공업,대전광역시 동구,식품
포장육,604,2028-11-18,BIZ047,축산물,78,2494,2025-11-19,충청남도,에프원육가공 제2공장,천안시 동남구,"제조,가공",2025-6-0571,식육포장처리업,에프원육가공 제2공장,천안시 동남구 에프원육가공 제2공장,,,2025-6-0571,20130449039,에프원육가공 제2공장,식육포장처리업,충청남도 천안시 동남구,축산물
소스,106,2028-11-18,BIZ047,식품,C10400003,2495,2025-11-19,충청남도,(주)락앤롤푸드,서산시,"제조,가공",2025-6-0570,식품제조가공업,락앤롤푸드,서산시 락앤롤푸드,126.5559623001683,36.7429143034022,2025-6-0570,20250705160,(주)락앤롤푸드,식품제조가공업,충청남도 서산시,식품
"소시지,분쇄가공육제품",612,2028-11-16,BIZ047,축산물,"82,87",2496,2025-11-17,충청북도,농업회사법인 고래푸드 주식회사,청주시 청원구,"제조,가공",2025-6-0569,축산물가공업-식육가공업,농업회사법인 고래푸드 주식회사,청주시 청원구 농업회사법인 고래푸드 주식회사,127.3525383999659,36.74291010125204,2025-6-0569,20230584024,농업회사법인 고래푸드 주식회사,축산물가공업-식육가공업,충청북도 청주시 청원구,축산물
코코아분말,106,2028-11-16,BIZ047,식품,C09500003,2497,2025-11-17,충청북도,플레이버팝스(주),음성군,"제조,가공",2025-6-0568,식품제조가공업,플레이버팝스,음성군 플레이버팝스,127.55618969439868,36.91383510351809,2025-6-0568,20140275259,플레이버팝스(주),식품제조가공업,경기도 광주시,식품
액상차,106,2028-11-13,BIZ047,식품,C10100002,2498,2025-11-14,충청북도,다솔푸드테크주식회사,청주시 청원구,"제조,가공",2025-6-0567,식품제조가공업,다솔푸드테크주식회사,청주시 청원구 다솔푸드테크주식회사,127.34593809991068,36.73139230088492,2025-6-0567,20110257153,다솔푸드테크 주식회사,식품제조가공업,충청북도 청주시 청원구,식품
당류가공품,106,2028-11-13,BIZ047,식품,C09600012,2499,2025-11-14,충청북도,다솔푸드테크주식회사,청주시 청원구,"제조,가공",2025-6-0566,식품제조가공업,다솔푸드테크주식회사,청주시 청원구 다솔푸드테크주식회사,127.34593809991068,36.73139230088492,2025-6-0566,20110257153,다솔푸드테크,식품제조가공업,세종특별자치시,식품
전분가공품,106,2028-11-13,BIZ047,식품,C10700002,2500,2025-11-14,충청남도,주식회사 SL푸드원 생태산업단지 3공장,서천군,"제조,가공",2025-6-0565,식품제조가공업,주식회사 SL푸드원 생태산업단지 3공장,서천군 주식회사 SL푸드원 생태산업단지 3공장,,,2025-6-0565,20240716010,주식회사 SL푸드원 생태산업단지 3공장,식품제조가공업,충청남도 서천군,식품
소스,106,2028-11-12,BIZ047,식품,C10400003,2501,2025-11-13,충청남도,씨제이제일제당(주),공주시,"제조,가공",2025-6-0564,식품제조가공업,씨제이제일제당,공주시 씨제이제일제당,127.14223150052726,36.37203210357564,2025-6-0564,19910458047,씨제이제일제당(주),식품제조가공업,충청남도 공주시,식품
기타 식용유지가공품,106,2028-11-12,BIZ047,식품,C09900027,2502,2025-11-13,충청북도,광동헬스바이오(주) 2공장,청주시 청원구,"제조,가공",2025-6-0563,식품제조가공업,광동헬스바이오 2공장,청주시 청원구 광동헬스바이오 2공장,127.44085849986884,36.71449720069189,2025-6-0563,20190424102,광동헬스바이오(주) 2공장,식품제조가공업,충청북도 청주시 청원구,식품
가공김(조미김 또는 구운김),106,2028-11-12,BIZ047,식품,C11000017,2503,2025-11-13,충청남도,어업회사법인 청담 주식회사,서천군,"제조,가공",2025-6-0562,식품제조가공업,어업회사법인 청담 주식회사,서천군 어업회사법인 청담 주식회사,126.5940968000067,36.13889979758113,2025-6-0562,19960471002,어업회사법인 청담 주식회사,식품제조가공업,충청남도 서천군,식품
식용란수집판매업,635,2028-11-11,BIZ048,축산물,581,2504,2025-11-12,대전광역시,다산푸드,대덕구,"유통,판매,조리",2025-6-0561,축산물판매업-식용란수집판매업,다산푸드,대덕구 다산푸드,127.40623479989118,36.35124340300647,2025-6-0561,20250342145,다산푸드,축산물판매업-식용란수집판매업,대전광역시 대덕구,축산물
식육판매업,630,2028-11-11,BIZ048,축산물,176,2505,2025-11-12,대전광역시,미르 에프엔에스,유성구,"유통,판매,조리",2025-6-0560,축산물판매업-식육판매업,미르 에프엔에스,유성구 미르 에프엔에스,127.3328510002488,36.35014120055028,2025-6-0560,20210243066,미르 에프엔에스,축산물판매업-식육판매업,대전광역시 유성구,축산물
식육판매업,630,2028-11-10,BIZ048,축산물,176,2506,2025-11-11,대전광역시,디에이치푸드,유성구,"유통,판매,조리",2025-6-0559,축산물판매업-식육판매업,디에이치푸드,유성구 디에이치푸드,127.31758580027844,36.30052100051672,2025-6-0559,20210243065,디에이치푸드,축산물판매업-식육판매업,대전광역시 유성구,축산물
올리브유,106,2028-11-10,BIZ047,식품,C09900013,2507,2025-11-11,충청북도,(주)네이처텍,진천군,"제조,가공",2025-6-0558,식품제조가공업,네이처텍,진천군 네이처텍,127.51509860016978,36.84078628100316,2025-6-0558,19860443015,(주)네이처텍,식품제조가공업,충청북도 진천군,식품
기타 농산가공품,106,2028-11-09,BIZ047,식품,C10700014,2508,2025-11-10,충청남도,농업회사법인공주식품(유),공주시,"제조,가공",2025-6-0557,식품제조가공업,농업회사법인공주식품,공주시 농업회사법인공주식품,127.10149649970852,36.48348160068136,2025-6-0557,20210464027,농업회사법인공주식품(유),식품제조가공업,충청남도 공주시,식품
포장육,604,2028-11-09,BIZ047,축산물,78,2509,2025-11-10,대전광역시,(주)유정식품,서구,"제조,가공",2025-6-0556,식육포장처리업,유정식품,서구 유정식품,127.3794090003992,36.2972901011612,2025-6-0556,20140237362,(주)유정식품,식육포장처리업,대전광역시 서구,축산물
김치(배추김치),106,2028-11-06,BIZ047,식품,C12300001,2510,2025-11-07,대전광역시,주식회사 손맛,동구,"제조,가공",2025-6-0555,식품제조가공업,주식회사 손맛,동구 주식회사 손맛,,,2025-6-0555,20250326573,주식회사 손맛,식품제조가공업,대전광역시 동구,식품
가공두부,106,2028-11-06,BIZ047,식품,C09800003,2511,2025-11-07,충청북도,농업회사법인(주)참좋은콩 제천지점,제천시,"제조,가공",2025-6-0554,식품제조가공업,농업회사법인참좋은콩 제천지점,제천시 농업회사법인참좋은콩 제천지점,128.15533500053152,37.14936300118414,2025-6-0554,20240661204,농업회사법인(주)참좋은콩 제천지점,식품제조가공업,충청북도 제천시,식품
포장육,604,2028-11-06,BIZ047,축산물,78,2512,2025-11-07,대전광역시,농업법인 유성축산(주),대덕구,"제조,가공",2025-6-0552,식육포장처리업,농업법인 유성축산,대덕구 농업법인 유성축산,127.42695530013246,36.4446997007684,2025-6-0552,20010242788,농업법인 유성축산(주),식육포장처리업,대전광역시 대덕구,축산물
일반환자용 균형영양조제식품(균형영양조제식품),106,2028-11-05,BIZ047,식품,C0324010100000,2513,2025-11-06,충청북도,주식회사 엔푸드,청주시 청원구,"제조,가공",2025-6-0551,식품제조가공업,주식회사 엔푸드,청주시 청원구 주식회사 엔푸드,127.4322253996139,36.70779680430797,2025-6-0551,20040415088,주식회사 엔푸드,식품제조가공업,충청북도 청주시 청원구,식품
절임식품,106,2028-11-04,BIZ047,식품,C10500003,2514,2025-11-05,충청북도,하늘느티,괴산군,"제조,가공",2025-6-0550,식품제조가공업,하늘느티,괴산군 하늘느티,127.86968470047672,36.66611770129167,2025-6-0550,20230625068,하늘느티,식품제조가공업,충청북도 괴산군,식품
김칫속,106,2028-11-04,BIZ047,식품,C10500001,2515,2025-11-05,충청북도,하늘느티,괴산군,"제조,가공",2025-6-0549,식품제조가공업,하늘느티,괴산군 하늘느티,127.86968470047672,36.66611770129167,2025-6-0549,20230625068,하늘느티,식품제조가공업,충청북도 괴산군,식품
기타 농산가공품,106,2028-11-03,BIZ047,식품,C10700014,2516,2025-11-04,충청북도,신농영농조합,영동군,"제조,가공",2025-6-0548,식품제조가공업,신농영농조합,영동군 신농영농조합,127.72997770270828,36.20308409991799,2025-6-0548,19970441007,신농영농조합,식품제조가공업,충청북도 영동군,식품
절임식품,106,2029-08-02,BIZ047,식품,C10500003,2517,2025-11-04,충청남도,프레시플러스(주)공주제1공장,공주시,"제조,가공",2025-6-0547,식품제조가공업,프레시플러스공주제1공장,공주시 프레시플러스공주제1공장,127.1456363994648,36.39619730375655,2025-6-0547,20080458027,프레시플러스(주)공주제1공장,식품제조가공업,충청남도 공주시,식품
혼합음료,106,2028-11-02,BIZ047,식품,C10100016,2518,2025-11-03,충청북도,(주)에이치엘사이언스,충주시,"제조,가공",2025-6-0546,식품제조가공업,에이치엘사이언스,충주시 에이치엘사이언스,127.82878860012347,37.00352840072719,2025-6-0546,20030364667,(주)에이치엘사이언스,식품제조가공업,경기도 화성시 효행구,식품
식용란수집판매업,635,2028-11-02,BIZ048,축산물,581,2519,2025-11-03,충청남도,농업회사법인(주)미르팜,당진시,"유통,판매,조리",2025-6-0545,축산물판매업-식용란수집판매업,농업회사법인미르팜,당진시 농업회사법인미르팜,,,2025-6-0545,20250694183,농업회사법인(주)미르팜,축산물판매업-식용란수집판매업,충청남도 당진시,축산물
즉석조리식품,106,2028-11-02,BIZ047,식품,C11300005,2520,2025-11-03,충청북도,농업회사법인 주식회사 미소가,진천군,"제조,가공",2025-6-0544,식품제조가공업,농업회사법인 주식회사 미소가,진천군 농업회사법인 주식회사 미소가,127.47367000005616,36.866651701299766,2025-6-0544,20250635057,농업회사법인 주식회사 미소가,식품제조가공업,충청북도 진천군,식품
빵류,106,2028-11-01,BIZ047,식품,C09300004,2521,2025-11-02,대전광역시,주식회사 가온해,서구,"제조,가공",2025-6-0543,식품제조가공업,주식회사 가온해,서구 주식회사 가온해,126.75219120031667,37.673725622071046,2025-6-0543,20250333728,주식회사 가온해,식품제조가공업,대전광역시 서구,식품
땅콩버터,106,2028-10-30,BIZ047,식품,C10700005,2522,2025-10-31,충청남도,주식회사 대상다이브스,논산시,"제조,가공",2025-6-0542,식품제조가공업,주식회사 대상다이브스,논산시 주식회사 대상다이브스,127.04739549945036,36.2193413009192,2025-6-0542,20060464021,주식회사 대상다이브스,식품제조가공업,충청남도 논산시,식품
음료베이스,106,2028-10-30,BIZ047,식품,C10100017,2523,2025-10-31,충청북도,(주)디엔 농업회사법인,충주시,"제조,가공",2025-6-0541,식품제조가공업,디엔 농업회사법인,충주시 디엔 농업회사법인,127.95185399918908,37.09525610295556,2025-6-0541,20170433536,(주)디엔 농업회사법인,식품제조가공업,충청북도 충주시,식품
커피,106,2028-10-30,BIZ047,식품,C10100004,2524,2025-10-31,충청북도,(주)디엔 농업회사법인,충주시,"제조,가공",2025-6-0540,식품제조가공업,디엔 농업회사법인,충주시 디엔 농업회사법인,127.95185399918908,37.09525610295556,2025-6-0540,20170433536,(주)디엔 농업회사법인,식품제조가공업,충청북도 충주시,식품
양념육,612,2028-10-29,BIZ047,축산물,86,2526,2025-10-30,대전광역시,주식회사 마성,중구,"제조,가공",2025-6-0538,축산물가공업-식육가공업,주식회사 마성,중구 주식회사 마성,127.37722510049356,36.28779263859026,2025-6-0538,20200233002,주식회사 마성,축산물가공업-식육가공업,대전광역시 중구,축산물
양념육,612,2028-10-29,BIZ047,축산물,86,2527,2025-10-30,대전광역시,보부상푸드,중구,"제조,가공",2025-6-0537,축산물가공업-식육가공업,보부상푸드,중구 보부상푸드,127.37866669973576,36.29106770170897,2025-6-0537,20250324004,보부상푸드,축산물가공업-식육가공업,대전광역시 중구,축산물
냉동식품 중 피자류,106,2028-10-29,BIZ047,식품,C12100001,2528,2025-10-30,충청북도,주식회사 조흥,음성군,"제조,가공",2025-6-0536,식품제조가공업,주식회사 조흥,음성군 주식회사 조흥,127.46382499951685,36.96838380066654,2025-6-0536,20220619309,주식회사 조흥,식품제조가공업,충청북도 음성군,식품
빵류,106,2028-10-27,BIZ047,식품,C09300004,2529,2025-10-28,충청북도,주식회사 포이드캐롯,청주시 흥덕구,"제조,가공",2025-6-0535,식품제조가공업,주식회사 포이드캐롯,청주시 흥덕구 주식회사 포이드캐롯,,,2025-6-0535,20250635068,주식회사 포이드캐롯,식품제조가공업,충청북도 청주시 흥덕구,식품
액상차,106,2028-10-26,BIZ047,식품,C10100002,2530,2025-10-27,충청북도,주식회사 삼정,음성군,"제조,가공",2025-6-0533,식품제조가공업,주식회사 삼정,음성군 주식회사 삼정,127.50173480405464,36.96488217532744,2025-6-0533,20220619271,주식회사 삼정,식품제조가공업,충청북도 음성군,식품
소스,106,2028-10-23,BIZ047,식품,C10400003,2531,2025-10-24,세종특별자치시,주식회사 일미농수산,,"제조,가공",2025-6-0532,식품제조가공업,주식회사 일미농수산,,128.55103810048135,35.93255540021562,2025-6-0532,19980257052,주식회사 일미농수산,식품제조가공업,세종특별자치시,식품
분쇄가공육제품,612,2028-10-23,BIZ047,축산물,87,2532,2025-10-24,충청북도,(주)더나은푸드,진천군,"제조,가공",2025-6-0531,축산물가공업-식육가공업,더나은푸드,진천군 더나은푸드,127.42961809949642,36.94220100073466,2025-6-0531,20210423024,떡갈비대장,축산물가공업-식육가공업,충청북도 진천군,축산물
기타가공품,106,2028-10-22,BIZ047,식품,C11400002,2533,2025-10-23,충청북도,주식회사 시즈너FS,괴산군,"제조,가공",2025-6-0530,식품제조가공업,주식회사 시즈너FS,괴산군 주식회사 시즈너FS,127.65500860016324,36.78058730120028,2025-6-0530,20010444002,주식회사 시즈너FS,식품제조가공업,충청북도 괴산군,식품
혼합음료,106,2028-10-22,BIZ047,식품,C10100016,2534,2025-10-23,충청북도,삼덕뜰식품,진천군,"제조,가공",2025-6-0529,식품제조가공업,삼덕뜰식품,진천군 삼덕뜰식품,127.47116589993496,36.85352350050417,2025-6-0529,20240672041,삼덕뜰식품,식품제조가공업,충청북도 진천군,식품
기타 수산물가공품 중 냉동조미가공품,106,2028-10-21,BIZ047,식품,C11900001,2535,2025-10-22,충청북도,(주)동해식품 2공장,청주시 상당구,"제조,가공",2025-6-0528,식품제조가공업,동해식품 2공장,청주시 상당구 동해식품 2공장,127.499853200518,36.58489810087201,2025-6-0528,20250635033,(주)동해식품 2공장,식품제조가공업,충청북도 청주시 상당구,식품
기타 수산물가공품,106,2028-10-21,BIZ047,식품,C11000016,2536,2025-10-22,충청북도,(주)동해식품 2공장,청주시 상당구,"제조,가공",2025-6-0527,식품제조가공업,동해식품 2공장,청주시 상당구 동해식품 2공장,127.499853200518,36.58489810087201,2025-6-0527,20250635033,(주)동해식품 2공장,식품제조가공업,충청북도 청주시 상당구,식품
땅콩 또는 견과류가공품,106,2029-07-05,BIZ047,식품,C10700006,2537,2025-10-22,충청남도,주식회사 SL푸드원,서천군,"제조,가공",2025-6-0526,식품제조가공업,주식회사 SL푸드원,서천군 주식회사 SL푸드원,,,2025-6-0526,20200475051,주식회사 SL푸드원,식품제조가공업,충청남도 서천군,식품
절임식품,106,2029-07-05,BIZ047,식품,C10500003,2538,2025-10-22,충청남도,주식회사 SL푸드원,서천군,"제조,가공",2025-6-0525,식품제조가공업,주식회사 SL푸드원,서천군 주식회사 SL푸드원,,,2025-6-0525,20200475051,주식회사 SL푸드원,식품제조가공업,충청남도 서천군,식품
물엿,106,2028-10-21,BIZ047,식품,C09600009,2539,2025-10-22,충청남도,주식회사 SL푸드원 생태산업단지 3공장,서천군,"제조,가공",2025-6-0524,식품제조가공업,주식회사 SL푸드원 생태산업단지 3공장,서천군 주식회사 SL푸드원 생태산업단지 3공장,,,2025-6-0524,20240716010,주식회사 SL푸드원 생태산업단지 3공장,식품제조가공업,충청남도 서천군,식품
곡류가공품,106,2028-10-21,BIZ047,식품,C10700011,2540,2025-10-22,충청남도,주식회사 SL푸드원 생태산업단지 3공장,서천군,"제조,가공",2025-6-0523,식품제조가공업,주식회사 SL푸드원 생태산업단지 3공장,서천군 주식회사 SL푸드원 생태산업단지 3공장,,,2025-6-0523,20240716010,주식회사 SL푸드원 생태산업단지 3공장,식품제조가공업,충청남도 서천군,식품
농후발효유,611,2028-10-21,BIZ047,축산물,C0318040200000,2541,2025-10-22,충청남도,맘맘스,천안시 동남구,"제조,가공",2025-6-0522,축산물가공업-유가공업,맘맘스,천안시 동남구 맘맘스,127.28323290035732,36.868379496895614,2025-6-0522,20170448019,맘맘스,축산물가공업-유가공업,충청남도 천안시 동남구,축산물
혼합음료,106,2028-10-20,BIZ047,식품,C10100016,2542,2025-10-21,충청북도,엔에이치 바이오,제천시,"제조,가공",2025-6-0521,식품제조가공업,엔에이치 바이오,제천시 엔에이치 바이오,128.16180080013035,37.15068650111799,2025-6-0521,20210444104,엔에이치 바이오,식품제조가공업,충청북도 제천시,식품
소스,106,2028-10-19,BIZ047,식품,C10400003,2543,2025-10-20,충청북도,만디식품,진천군,"제조,가공",2025-6-0520,식품제조가공업,만디식품,진천군 만디식품,127.4125450999144,36.95389013046993,2025-6-0520,20100443202,만디식품,식품제조가공업,충청북도 진천군,식품
혼합장,106,2028-10-19,BIZ047,식품,C10300013,2544,2025-10-20,충청북도,만디식품,진천군,"제조,가공",2025-6-0519,식품제조가공업,만디식품,진천군 만디식품,127.4125450999144,36.95389013046993,2025-6-0519,20100443202,만디식품,식품제조가공업,충청북도 진천군,식품
포장육,604,2028-10-19,BIZ047,축산물,78,2545,2025-10-20,대전광역시,주식회사 재니유,동구,"제조,가공",2025-6-0518,식육포장처리업,주식회사 재니유,동구 주식회사 재니유,127.4651977994842,36.28276230069754,2025-6-0518,20230313314,주식회사 재니유,식육포장처리업,대전광역시 동구,축산물
포장육,604,2028-10-19,BIZ047,축산물,78,2546,2025-10-20,대전광역시,한밭축산,동구,"제조,가공",2025-6-0517,식육포장처리업,한밭축산,동구 한밭축산,127.46777810007056,36.27508850123854,2025-6-0517,20250326536,한밭축산,식육포장처리업,대전광역시 동구,축산물
냉동식품 중 만두,106,2028-10-15,BIZ047,식품,C12000001,2548,2025-10-16,충청북도,솔푸드(주),보은군,"제조,가공",2025-6-0515,식품제조가공업,솔푸드,보은군 솔푸드,,,2025-6-0515,20250664083,솔푸드(주),식품제조가공업,충청북도 보은군,식품
인삼ㆍ홍삼음료,106,2028-10-16,BIZ047,식품,C10100015,2549,2025-10-17,충청북도,대풍,청주시 흥덕구,"제조,가공",2025-6-0514,식품제조가공업,대풍,청주시 흥덕구 대풍,127.40322240053374,36.61676349267474,2025-6-0514,20100415069,대풍,식품제조가공업,충청북도 청주시 흥덕구,식품
기타 수산물가공품 중 냉동연체류,106,2028-10-13,BIZ047,식품,C11800001,2550,2025-10-14,충청남도,바다림영어조합법인,태안군,"제조,가공",2025-6-0513,식품제조가공업,바다림영어조합법인,태안군 바다림영어조합법인,126.27462252677348,36.784280296943024,2025-6-0513,20130475031,바다림영어조합법인,식품제조가공업,충청남도 태안군,식품
간편조리세트,106,2028-10-13,BIZ047,식품,C0322020400000,2551,2025-10-14,충청남도,바다림영어조합법인,태안군,"제조,가공",2025-6-0512,식품제조가공업,바다림영어조합법인,태안군 바다림영어조합법인,126.27462252677348,36.784280296943024,2025-6-0512,20130475031,바다림영어조합법인,식품제조가공업,충청남도 태안군,식품
기타가공품,106,2028-10-13,BIZ047,식품,C11400002,2552,2025-10-14,충청북도,(주)씨이에스팜,진천군,"제조,가공",2025-6-0511,식품제조가공업,씨이에스팜,진천군 씨이에스팜,127.4939252994712,36.8871489012723,2025-6-0511,20240672181,(주)씨이에스팜,식품제조가공업,충청북도 진천군,식품
효소식품,106,2028-10-13,BIZ047,식품,C10700009,2553,2025-10-14,충청북도,(주)씨이에스팜,진천군,"제조,가공",2025-6-0510,식품제조가공업,씨이에스팜,진천군 씨이에스팜,127.4939252994712,36.8871489012723,2025-6-0510,20240672181,(주)씨이에스팜,식품제조가공업,충청북도 진천군,식품
음료베이스,106,2028-10-13,BIZ047,식품,C10100017,2554,2025-10-14,충청북도,(주)씨이에스팜,진천군,"제조,가공",2025-6-0509,식품제조가공업,씨이에스팜,진천군 씨이에스팜,127.4939252994712,36.8871489012723,2025-6-0509,20240672181,(주)씨이에스팜,식품제조가공업,충청북도 진천군,식품
기타가공품,106,2028-10-01,BIZ047,식품,C11400002,2555,2025-10-02,충청북도,(주)충청바이오텍,청주시 흥덕구,"제조,가공",2025-6-0508,식품제조가공업,충청바이오텍,청주시 흥덕구 충청바이오텍,127.4360656994872,36.64110750258358,2025-6-0508,20150415125,(주)충청바이오텍,식품제조가공업,충청북도 청주시 흥덕구,식품
기타가공품,106,2028-10-01,BIZ047,식품,C11400002,2556,2025-10-02,충청북도,주식회사 에이치더블유,괴산군,"제조,가공",2025-6-0507,식품제조가공업,주식회사 에이치더블유,괴산군 주식회사 에이치더블유,,,2025-6-0507,20250674053,주식회사 에이치더블유,식품제조가공업,충청북도 괴산군,식품
향신료조제품,106,2028-10-01,BIZ047,식품,C10400012,2557,2025-10-02,충청북도,주식회사 에이치더블유,괴산군,"제조,가공",2025-6-0506,식품제조가공업,주식회사 에이치더블유,괴산군 주식회사 에이치더블유,,,2025-6-0506,20250674053,주식회사 에이치더블유,식품제조가공업,충청북도 괴산군,식품
카레(커리),106,2028-10-01,BIZ047,식품,C10400008,2558,2025-10-02,충청북도,주식회사 에이치더블유,괴산군,"제조,가공",2025-6-0505,식품제조가공업,주식회사 에이치더블유,괴산군 주식회사 에이치더블유,,,2025-6-0505,20250674053,주식회사 에이치더블유,식품제조가공업,충청북도 괴산군,식품
카레(커리)분,106,2028-10-01,BIZ047,식품,C10400007,2559,2025-10-02,충청북도,주식회사 에이치더블유,괴산군,"제조,가공",2025-6-0504,식품제조가공업,주식회사 에이치더블유,괴산군 주식회사 에이치더블유,,,2025-6-0504,20250674053,주식회사 에이치더블유,식품제조가공업,충청북도 괴산군,식품
복합조미식품,106,2028-10-01,BIZ047,식품,C10400006,2560,2025-10-02,충청북도,주식회사 에이치더블유,괴산군,"제조,가공",2025-6-0503,식품제조가공업,주식회사 에이치더블유,괴산군 주식회사 에이치더블유,,,2025-6-0503,20250674053,주식회사 에이치더블유,식품제조가공업,충청북도 괴산군,식품
소스,106,2028-10-01,BIZ047,식품,C10400003,2561,2025-10-02,충청북도,주식회사 에이치더블유,괴산군,"제조,가공",2025-6-0502,식품제조가공업,주식회사 에이치더블유,괴산군 주식회사 에이치더블유,,,2025-6-0502,20250674053,주식회사 에이치더블유,식품제조가공업,충청북도 괴산군,식품
된장,106,2028-10-01,BIZ047,식품,C10300009,2562,2025-10-02,충청북도,주식회사 에이치더블유,괴산군,"제조,가공",2025-6-0501,식품제조가공업,주식회사 에이치더블유,괴산군 주식회사 에이치더블유,,,2025-6-0501,20250674053,주식회사 에이치더블유,식품제조가공업,충청북도 괴산군,식품
향미유,106,2028-10-01,BIZ047,식품,C09900021,2563,2025-10-02,충청북도,주식회사 에이치더블유,괴산군,"제조,가공",2025-6-0500,식품제조가공업,주식회사 에이치더블유,괴산군 주식회사 에이치더블유,,,2025-6-0500,20250674053,주식회사 에이치더블유,식품제조가공업,충청북도 괴산군,식품
과ㆍ채가공품,106,2028-09-30,BIZ047,식품,C10700010,2565,2025-10-01,충청북도,(주)리얼팜,괴산군,"제조,가공",2025-6-0497,식품제조가공업,리얼팜,괴산군 리얼팜,127.65096400181449,36.80903608707824,2025-6-0497,20190451099,(주)리얼팜,식품제조가공업,충청북도 괴산군,식품
"양념육,식육추출가공품",612,2028-09-30,BIZ047,축산물,"86,89",2566,2025-10-01,충청남도,본정심,당진시,"제조,가공",2025-6-0496,축산물가공업-식육가공업,본정심,당진시 본정심,126.63131770044862,36.89489689888549,2025-6-0496,20250681014,본정심,축산물가공업-식육가공업,충청남도 당진시,축산물
혼합장,106,2029-03-15,BIZ047,식품,C10300013,2567,2025-10-01,충청남도,주식회사후레쉬서브천안공장,천안시 동남구,"제조,가공",2025-6-0495,식품제조가공업,주식회사후레쉬서브천안공장,천안시 동남구 주식회사후레쉬서브천안공장,127.29099329966736,36.722862400810016,2025-6-0495,20120449005,주식회사후레쉬서브천안공장,식품제조가공업,충청남도 천안시 동남구,식품
고형차,106,2028-09-30,BIZ047,식품,C10100003,2568,2025-10-01,충청북도,태웅식품㈜,음성군,"제조,가공",2025-6-0494,식품제조가공업,태웅식품㈜,음성군 태웅식품㈜,127.4665441999696,36.97723662071376,2025-6-0494,19890445014,태웅식품(주),식품제조가공업,충청북도 음성군,식품
건면,106,2028-09-29,BIZ047,식품,C10000003,2569,2025-09-30,충청남도,우일수산㈜,서천군,"제조,가공",2025-6-0493,식품제조가공업,우일수산㈜,서천군 우일수산㈜,126.72015809974688,36.00964523076607,2025-6-0493,19940471029,우일수산(주),식품제조가공업,충청남도 서천군,식품
식육추출가공품,612,2028-09-28,BIZ047,축산물,89,2572,2025-09-29,충청남도,염소뜰에 주식회사,예산군,"제조,가공",2025-6-0489,축산물가공업-식육가공업,염소뜰에 주식회사,예산군 염소뜰에 주식회사,126.6647460996356,36.70002320062648,2025-6-0489,20230632027,염소뜰에 주식회사,축산물가공업-식육가공업,충청남도 예산군,축산물
두류가공품,106,2028-09-28,BIZ047,식품,C10700012,2573,2025-09-29,충청북도,주식회사 개미산업 2공장,음성군,"제조,가공",2025-6-0488,식품제조가공업,주식회사 개미산업 2공장,음성군 주식회사 개미산업 2공장,,,2025-6-0488,20250676159,주식회사 개미산업 2공장,식품제조가공업,충청북도 음성군,식품
곡류가공품,106,2028-09-28,BIZ047,식품,C10700011,2574,2025-09-29,충청북도,주식회사 개미산업 2공장,음성군,"제조,가공",2025-6-0487,식품제조가공업,주식회사 개미산업 2공장,음성군 주식회사 개미산업 2공장,,,2025-6-0487,20250676159,주식회사 개미산업 2공장,식품제조가공업,충청북도 음성군,식품
전분가공품,106,2028-09-28,BIZ047,식품,C10700002,2575,2025-09-29,충청북도,주식회사 개미산업 2공장,음성군,"제조,가공",2025-6-0486,식품제조가공업,주식회사 개미산업 2공장,음성군 주식회사 개미산업 2공장,,,2025-6-0486,20250676159,주식회사 개미산업 2공장,식품제조가공업,충청북도 음성군,식품
절임식품,106,2028-09-24,BIZ047,식품,C10500003,2577,2025-09-25,충청남도,어업회사법인 주식회사 서해,보령시,"제조,가공",2025-6-0484,식품제조가공업,어업회사법인 주식회사 서해,보령시 어업회사법인 주식회사 서해,126.51425310036755,36.32711070075103,2025-6-0484,20250699145,어업회사법인 주식회사 서해,식품제조가공업,충청남도 보령시,식품
당절임,106,2028-09-23,BIZ047,식품,C10500004,2578,2025-09-24,충청북도,농업회사법인주식회사정푸드코리아,충주시,"제조,가공",2025-6-0483,식품제조가공업,농업회사법인주식회사정푸드코리아,충주시 농업회사법인주식회사정푸드코리아,127.9939715959338,36.87999385021875,2025-6-0483,19920433127,농업회사법인주식회사정푸드코리아,식품제조가공업,충청북도 충주시,식품
즉석조리식품,106,2028-09-23,BIZ047,식품,C11300005,2579,2025-09-24,충청남도,(주)우양 서천공장,서천군,"제조,가공",2025-6-0482,식품제조가공업,우양 서천공장,서천군 우양 서천공장,126.68988540045082,36.0372673007514,2025-6-0482,20210475029,(주)우양 서천공장,식품제조가공업,충청남도 서천군,식품
김치(배추김치),106,2028-09-23,BIZ047,식품,C12300001,2580,2025-09-24,충청남도,농업회사법인해나루유통사업단(주),당진시,"제조,가공",2025-6-0480,식품제조가공업,농업회사법인해나루유통사업단,당진시 농업회사법인해나루유통사업단,126.72162329978327,36.8849679010994,2025-6-0480,20180462641,농업회사법인해나루유통사업단(주),식품제조가공업,충청남도 당진시,식품
절임식품,106,2028-09-23,BIZ047,식품,C10500003,2581,2025-09-24,충청남도,농업회사법인해나루유통사업단(주),당진시,"제조,가공",2025-6-0479,식품제조가공업,농업회사법인해나루유통사업단,당진시 농업회사법인해나루유통사업단,126.72162329978327,36.8849679010994,2025-6-0479,20180462641,농업회사법인해나루유통사업단(주),식품제조가공업,충청남도 당진시,식품
김치(기타김치),106,2028-09-23,BIZ047,식품,C10500002,2582,2025-09-24,충청남도,농업회사법인해나루유통사업단(주),당진시,"제조,가공",2025-6-0478,식품제조가공업,농업회사법인해나루유통사업단,당진시 농업회사법인해나루유통사업단,126.72162329978327,36.8849679010994,2025-6-0478,20180462641,농업회사법인해나루유통사업단(주),식품제조가공업,충청남도 당진시,식품
즉석조리식품,106,2028-09-22,BIZ047,식품,C11300005,2583,2025-09-23,충청북도,제이에스푸드,청주시 청원구,"제조,가공",2025-6-0477,식품제조가공업,제이에스푸드,청주시 청원구 제이에스푸드,127.43029109982834,36.712171901322456,2025-6-0477,20250635040,제이에스푸드,식품제조가공업,충청북도 청주시 청원구,식품
복합조미식품,106,2028-09-22,BIZ047,식품,C10400006,2584,2025-09-23,충청북도,제이에스푸드,청주시 청원구,"제조,가공",2025-6-0476,식품제조가공업,제이에스푸드,청주시 청원구 제이에스푸드,127.43029109982834,36.712171901322456,2025-6-0476,20250635040,제이에스푸드,식품제조가공업,충청북도 청주시 청원구,식품
효소식품,106,2028-09-22,BIZ047,식품,C10700009,2585,2025-09-23,충청남도,주식회사한국코스모,천안시,"제조,가공",2025-6-0475,식품제조가공업,주식회사한국코스모,천안시 주식회사한국코스모,127.09649900036774,36.72631870067112,2025-6-0475,20200456711,주식회사한국코스모,식품제조가공업,충청남도 천안시 동남구,식품
포장육,604,2028-09-22,BIZ047,축산물,78,2586,2025-09-23,충청남도,대전충남양돈농협 포크빌 제2공장,천안시 동남구,"제조,가공",2025-6-0474,식육포장처리업,대전충남양돈농협 포크빌 제2공장,천안시 동남구 대전충남양돈농협 포크빌 제2공장,127.1230628001452,36.76694249966376,2025-6-0474,20250683898,대전충남양돈농협 포크빌 제2공장,식육포장처리업,충청남도 천안시 동남구,축산물
혼합음료,106,2028-09-22,BIZ047,식품,C10100016,2587,2025-09-23,충청남도,주식회사 금산인삼골,금산군,"제조,가공",2025-6-0473,식품제조가공업,주식회사 금산인삼골,금산군 주식회사 금산인삼골,127.52896419950902,36.23085440161035,2025-6-0473,20250712036,주식회사 금산인삼골,식품제조가공업,충청남도 금산군,식품
양념육,612,2028-09-21,BIZ047,축산물,86,2588,2025-09-22,충청북도,부산물 천국,옥천군,"제조,가공",2025-6-0472,축산물가공업-식육가공업,부산물 천국,옥천군 부산물 천국,127.5850656997284,36.31434710078115,2025-6-0472,20250633017,부산물 천국,축산물가공업-식육가공업,충청북도 옥천군,축산물
혼합장,106,2028-09-21,BIZ047,식품,C10300013,2589,2025-09-22,충청북도,주식회사 동방푸드마스타,음성군,"제조,가공",2025-6-0471,식품제조가공업,주식회사 동방푸드마스타,음성군 주식회사 동방푸드마스타,127.46466240034722,36.98784280339584,2025-6-0471,19910445077,주식회사 동방푸드마스타,식품제조가공업,충청북도 음성군,식품
올리브유,106,2028-09-17,BIZ047,식품,C09900013,2590,2025-09-18,충청남도,대동고려삼(주),금산군,"제조,가공",2025-6-0470,식품제조가공업,대동고려삼,금산군 대동고려삼,127.5297003574123,36.15661448465429,2025-6-0470,20030467108,대동고려삼(주),식품제조가공업,충청남도 금산군,식품
과ㆍ채가공품,106,2028-09-17,BIZ047,식품,C10700010,2591,2025-09-18,충청남도,대동고려삼(주),금산군,"제조,가공",2025-6-0469,식품제조가공업,대동고려삼,금산군 대동고려삼,127.5297003574123,36.15661448465429,2025-6-0469,20030467108,대동고려삼(주),식품제조가공업,충청남도 금산군,식품
복합조미식품,106,2028-09-17,BIZ047,식품,C10400006,2592,2025-09-18,충청남도,(유)에치비,예산군,"제조,가공",2025-6-0468,식품제조가공업,에치비,예산군 에치비,126.72191930042752,36.7667437613063,2025-6-0468,20190478175,(유)에치비,식품제조가공업,충청남도 예산군,식품
가공김(조미김 또는 구운김),106,2028-09-17,BIZ047,식품,C11000017,2593,2025-09-18,충청남도,서천군장애인보호작업장,서천군,"제조,가공",2025-6-0467,식품제조가공업,서천군장애인보호작업장,서천군 서천군장애인보호작업장,126.6560029882238,36.10852145197194,2025-6-0467,20100471044,서천군장애인보호작업장,식품제조가공업,충청남도 서천군,식품
포장육,604,2028-09-17,BIZ047,축산물,78,2594,2025-09-18,충청북도,주식회사 씨제이더웰,청주시 흥덕구,"제조,가공",2025-6-0466,식육포장처리업,주식회사 씨제이더웰,청주시 흥덕구 주식회사 씨제이더웰,,,2025-6-0466,20250635070,주식회사 씨제이더웰,식육포장처리업,충청북도 청주시 흥덕구,축산물
기타가공품,106,2028-09-17,BIZ047,식품,C11400002,2596,2025-09-18,충청남도,주식회사대현에벤에셀,당진시,"제조,가공",2025-6-0464,식품제조가공업,주식회사대현에벤에셀,당진시 주식회사대현에벤에셀,,,2025-6-0464,20250694341,주식회사대현에벤에셀,식품제조가공업,충청남도 당진시,식품
효소식품,106,2028-09-17,BIZ047,식품,C10700009,2597,2025-09-18,충청남도,주식회사대현에벤에셀,당진시,"제조,가공",2025-6-0463,식품제조가공업,주식회사대현에벤에셀,당진시 주식회사대현에벤에셀,,,2025-6-0463,20250694341,주식회사대현에벤에셀,식품제조가공업,충청남도 당진시,식품
음료베이스,106,2028-09-17,BIZ047,식품,C10100017,2598,2025-09-18,충청남도,주식회사대현에벤에셀,당진시,"제조,가공",2025-6-0462,식품제조가공업,주식회사대현에벤에셀,당진시 주식회사대현에벤에셀,,,2025-6-0462,20250694341,주식회사대현에벤에셀,식품제조가공업,충청남도 당진시,식품
캔디류,106,2028-09-17,BIZ047,식품,C09300002,2599,2025-09-18,충청남도,주식회사대현에벤에셀,당진시,"제조,가공",2025-6-0461,식품제조가공업,주식회사대현에벤에셀,당진시 주식회사대현에벤에셀,,,2025-6-0461,20250694341,주식회사대현에벤에셀,식품제조가공업,충청남도 당진시,식품
포장육,604,2028-09-17,BIZ047,축산물,78,2600,2025-09-18,충청남도,이석유통,태안군,"제조,가공",2025-6-0460,식육포장처리업,이석유통,태안군 이석유통,126.29484660006604,36.75312080183871,2025-6-0460,20250724057,이석유통(고기든 남자),식육포장처리업,충청남도 태안군,축산물
냉동식품 중 만두,106,2028-09-15,BIZ047,식품,C12000001,2601,2025-09-16,충청남도,늘한결푸드,천안시 서북구,"제조,가공",2025-6-0459,식품제조가공업,늘한결푸드,천안시 서북구 늘한결푸드,,,2025-6-0459,20250683642,늘한결푸드,식품제조가공업,충청남도 천안시 서북구,식품
포장육,604,2028-09-15,BIZ047,축산물,78,2602,2025-09-16,충청북도,성경축산물유통,증평군,"제조,가공",2025-6-0458,식육포장처리업,성경축산물유통,증평군 성경축산물유통,127.59196149999048,36.782461500555456,2025-6-0458,20030442105,성경축산물유통,식육포장처리업,충청북도 증평군,축산물
포장육,604,2028-09-15,BIZ047,축산물,78,2603,2025-09-16,충청북도,주식회사 호성식품,청주시 청원구,"제조,가공",2025-6-0457,식육포장처리업,주식회사 호성식품,청주시 청원구 주식회사 호성식품,,,2025-6-0457,20250635061,주식회사 호성식품,식육포장처리업,충청북도 청주시 청원구,축산물
식육판매업,630,2028-09-15,BIZ048,축산물,176,2604,2025-09-16,대전광역시,올바른푸드,동구,"유통,판매,조리",2025-6-0455,축산물판매업-식육판매업,올바른푸드,동구 올바른푸드,126.77417569963238,37.669691300528285,2025-6-0455,20250326526,올바른푸드,축산물판매업-축산물유통전문판매업,대전광역시 동구,축산물
과ㆍ채가공품,106,2028-09-15,BIZ047,식품,C10700010,2605,2025-09-16,충청남도,(주)수경,논산시,"제조,가공",2025-6-0454,식품제조가공업,수경,논산시 수경,127.0121694004313,36.16048750160756,2025-6-0454,20180470131,(주)수경,식품제조가공업,충청남도 논산시,식품
가공김(조미김 또는 구운김),106,2028-09-11,BIZ047,식품,C11000017,2606,2025-09-12,대전광역시,주식회사성경식품제3공장,대덕구,"제조,가공",2025-6-0453,식품제조가공업,주식회사성경식품제3공장,대덕구 주식회사성경식품제3공장,127.42329510042556,36.4104712963352,2025-6-0453,20250342060,주식회사성경식품제3공장,식품제조가공업,대전광역시 대덕구,식품
떡류,106,2028-09-07,BIZ047,식품,C09300005,2607,2025-09-08,충청북도,고시랑장독대,보은군,"제조,가공",2025-6-0452,식품제조가공업,고시랑장독대,보은군 고시랑장독대,127.59577689459005,36.5311530998706,2025-6-0452,20100439027,고시랑장독대,식품제조가공업,충청북도 보은군,식품
기타 식용유지가공품,106,2028-09-09,BIZ047,식품,C09900027,2608,2025-09-10,충청북도,(주)유디바이오,진천군,"제조,가공",2025-6-0451,식품제조가공업,유디바이오,진천군 유디바이오,127.44141940048208,36.88819319551035,2025-6-0451,20200450248,(주)유디바이오,식품제조가공업,충청북도 진천군,식품
서류가공품,106,2028-09-08,BIZ047,식품,C10700013,2609,2025-09-09,충청남도,주식회사 씨위드푸드,서천군,"제조,가공",2025-6-0450,식품제조가공업,주식회사 씨위드푸드,서천군 주식회사 씨위드푸드,126.55937480012138,36.161789696693766,2025-6-0450,20240716189,주식회사 씨위드푸드,식품제조가공업,충청남도 서천군,식품
식용란수집판매업,635,2028-09-08,BIZ048,축산물,581,2610,2025-09-09,충청남도,농업회사법인 주식회사 한미팜,천안시 서북구,"유통,판매,조리",2025-6-0449,축산물판매업-식용란수집판매업,농업회사법인 주식회사 한미팜,천안시 서북구 농업회사법인 주식회사 한미팜,127.22502159988876,36.92612489624239,2025-6-0449,20250691221,농업회사법인 주식회사 한미팜,축산물판매업-식용란수집판매업,충청남도 천안시 서북구,축산물
떡류,106,2028-09-08,BIZ047,식품,C09300005,2612,2025-09-09,충청남도,시루모루,청양군,"제조,가공",2025-6-0447,식품제조가공업,시루모루,청양군 시루모루,126.7160694001452,36.428223195720165,2025-6-0447,20250718037,시루모루,식품제조가공업,충청남도 청양군,식품
포장육,604,2028-09-07,BIZ047,축산물,78,2613,2025-09-08,대전광역시,대부축산 다옴포크,동구,"제조,가공",2025-6-0446,식육포장처리업,대부축산 다옴포크,동구 대부축산 다옴포크,127.47906819989758,36.257277501770254,2025-6-0446,20250326186,대부축산 다옴포크,식육포장처리업,대전광역시 동구,축산물
식육함유가공품,106,2028-09-04,BIZ047,식품,C10800001,2614,2025-09-05,충청북도,㈜이에스그린푸드,진천군,"제조,가공",2025-6-0445,식품제조가공업,㈜이에스그린푸드,진천군 ㈜이에스그린푸드,127.5070872994958,36.9302831008776,2025-6-0445,20170443338,(주)이에스그린푸드,식품제조가공업,충청북도 진천군,식품
기타가공품,106,2028-09-04,BIZ047,식품,C11400002,2615,2025-09-05,충청북도,농업회사법인(유)더존실키팜,충주시,"제조,가공",2025-6-0444,식품제조가공업,농업회사법인더존실키팜,충주시 농업회사법인더존실키팜,,,2025-6-0444,20210442430,농업회사법인(유)더존실키팜,식품제조가공업,충청북도 충주시,식품
포장육,604,2028-09-04,BIZ047,축산물,78,2616,2025-09-05,대전광역시,임팩트 에프앤비,동구,"제조,가공",2025-6-0443,식육포장처리업,임팩트 에프앤비,동구 임팩트 에프앤비,127.46331949980862,36.31810520224841,2025-6-0443,20240326676,임팩트 에프앤비,식육포장처리업,대전광역시 동구,축산물
즉석섭취식품(운반급식 포함),106,2028-09-04,BIZ047,식품,H03000002,2617,2025-09-05,충청북도,(주)함께하는유래,청주시 청원구,"제조,가공",2025-6-0441,식품제조가공업,함께하는유래,청주시 청원구 함께하는유래,127.48172639945064,36.66687840125888,2025-6-0441,20250635054,(주)함께하는유래,식품제조가공업,충청북도 청주시 청원구,식품
효소식품,106,2028-09-04,BIZ047,식품,C10700009,2618,2025-09-05,충청북도,(주)서흥헬스케어 2공장,청주시 흥덕구,"제조,가공",2025-6-0440,식품제조가공업,서흥헬스케어 2공장,청주시 흥덕구 서흥헬스케어 2공장,127.43994180043212,36.64116370060141,2025-6-0440,20180424010,(주)서흥헬스케어 2공장,식품제조가공업,충청북도 청주시 흥덕구,식품
과자,106,2028-08-31,BIZ047,식품,C09300001,2620,2025-09-01,대전광역시,(주)퓨어팜2,동구,"제조,가공",2025-6-0438,식품제조가공업,퓨어팜2,동구 퓨어팜2,,,2025-6-0438,20250326306,(주)퓨어팜2,식품제조가공업,대전광역시 동구,식품
인삼ㆍ홍삼음료,106,2028-08-31,BIZ047,식품,C10100015,2621,2025-09-01,충청북도,몸엔용바이오 농업회사법인 주식회사,청주시 청원구,"제조,가공",2025-6-0437,식품제조가공업,몸엔용바이오 농업회사법인 주식회사,청주시 청원구 몸엔용바이오 농업회사법인 주식회사,127.50967540015432,36.75887500072691,2025-6-0437,20170415142,몸엔용바이오 농업회사법인 주식회사,식품제조가공업,충청북도 청주시 청원구,식품
서류가공품,106,2028-08-25,BIZ047,식품,C10700013,2622,2025-08-26,충청북도,농업회사법인(주)진샘,청주시 흥덕구,"제조,가공",2025-6-0436,식품제조가공업,농업회사법인진샘,청주시 흥덕구 농업회사법인진샘,127.37003339962106,36.65971470231553,2025-6-0436,20250635011,농업회사법인(주)진샘,식품제조가공업,충청북도 청주시 흥덕구,식품
곡류가공품,106,2028-08-25,BIZ047,식품,C10700011,2623,2025-08-26,충청북도,농업회사법인(주)진샘,청주시 흥덕구,"제조,가공",2025-6-0435,식품제조가공업,농업회사법인진샘,청주시 흥덕구 농업회사법인진샘,127.37003339962106,36.65971470231553,2025-6-0435,20250635011,농업회사법인(주)진샘,식품제조가공업,충청북도 청주시 흥덕구,식품
소스,106,2028-08-25,BIZ047,식품,C10400003,2624,2025-08-26,충청북도,농업회사법인(주)진샘,청주시 흥덕구,"제조,가공",2025-6-0434,식품제조가공업,농업회사법인진샘,청주시 흥덕구 농업회사법인진샘,127.37003339962106,36.65971470231553,2025-6-0434,20250635011,농업회사법인(주)진샘,식품제조가공업,충청북도 청주시 흥덕구,식품
과자,106,2028-08-28,BIZ047,식품,C09300001,2626,2025-08-29,충청북도,㈜떡과풍경,청주시 상당구,"제조,가공",2025-6-0432,식품제조가공업,㈜떡과풍경,청주시 상당구 ㈜떡과풍경,127.4998962994658,36.54292740088912,2025-6-0432,20100415013,(주)떡과풍경,식품제조가공업,충청북도 청주시 상당구,식품
가공김(조미김 또는 구운김),106,2028-08-27,BIZ047,식품,C11000017,2627,2025-08-28,충청남도,광천조양식품,홍성군,"제조,가공",2025-6-0431,식품제조가공업,광천조양식품,홍성군 광천조양식품,126.62109140050757,36.527965302486464,2025-6-0431,19850473003,광천조양식품,식품제조가공업,충청남도 홍성군,식품
유함유가공품,106,2028-08-27,BIZ047,식품,C0318140000000,2628,2025-08-28,충청북도,광동헬스바이오(주) 2공장,청주시 청원구,"제조,가공",2025-6-0430,식품제조가공업,광동헬스바이오 2공장,청주시 청원구 광동헬스바이오 2공장,127.44085849986884,36.71449720069189,2025-6-0430,20190424102,광동헬스바이오(주) 2공장,식품제조가공업,충청북도 청주시 청원구,식품
과자,106,2028-08-27,BIZ047,식품,C09300001,2629,2025-08-28,충청남도,우리에프에이,논산시,"제조,가공",2025-6-0429,식품제조가공업,우리에프에이,논산시 우리에프에이,127.146171000008,36.22082880434617,2025-6-0429,20010464393,우리에프에이,식품제조가공업,충청남도 논산시,식품
포장육,604,2028-08-27,BIZ047,축산물,78,2630,2025-08-28,충청남도,농업회사법인(주)이한축산,논산시,"제조,가공",2025-6-0428,식육포장처리업,농업회사법인이한축산,논산시 농업회사법인이한축산,127.0906261002245,36.14793030106785,2025-6-0428,20200470364,농업회사법인(주)이한축산,식육포장처리업,충청남도 논산시,축산물
체중조절용 조제식품,106,2028-08-26,BIZ047,식품,C10200009,2631,2025-08-27,충청남도,(주)쌤큐,아산시,"제조,가공",2025-6-0427,식품제조가공업,쌤큐,아산시 쌤큐,126.92935089951588,36.784662801531375,2025-6-0427,20210467708,(주)쌤큐,식품제조가공업,충청남도 아산시,식품
기타가공품,106,2028-08-26,BIZ047,식품,C11400002,2632,2025-08-27,충청남도,성연식품주식회사,논산시,"제조,가공",2025-6-0426,식품제조가공업,성연식품주식회사,논산시 성연식품주식회사,127.04796239966488,36.21994720098599,2025-6-0426,20010464480,성연식품주식회사,식품제조가공업,충청남도 논산시,식품
고형차,106,2028-08-25,BIZ047,식품,C10100003,2634,2025-08-26,충청남도,주식회사대현에벤에셀,당진시,"제조,가공",2025-6-0424,식품제조가공업,주식회사대현에벤에셀,당진시 주식회사대현에벤에셀,,,2025-6-0424,20250694341,주식회사대현에벤에셀,식품제조가공업,충청남도 당진시,식품
포장육,604,2028-08-24,BIZ047,축산물,78,2635,2025-08-25,대전광역시,(주)지지푸드시스템,동구,"제조,가공",2025-6-0423,식육포장처리업,지지푸드시스템,동구 지지푸드시스템,127.44112009951442,36.21692520117261,2025-6-0423,20250326210,(주)지지푸드시스템,식육포장처리업,대전광역시 동구,축산물
"양념육,분쇄가공육제품",612,2028-08-24,BIZ047,축산물,"86,87",2636,2025-08-25,대전광역시,(주)지지푸드시스템,동구,"제조,가공",2025-6-0422,축산물가공업-식육가공업,지지푸드시스템,동구 지지푸드시스템,127.44112009951442,36.21692520117261,2025-6-0422,20250324005,(주)지지푸드시스템,축산물가공업-식육가공업,대전광역시 동구,축산물
포장육,604,2028-08-24,BIZ047,축산물,78,2637,2025-08-25,충청북도,농업회사법인 주식회사 해성(지점),괴산군,"제조,가공",2025-6-0421,식육포장처리업,농업회사법인 주식회사 해성,괴산군 농업회사법인 주식회사 해성,,,2025-6-0421,20250674066,농업회사법인 주식회사 해성(지점),식육포장처리업,충청북도 괴산군,축산물
커피,106,2028-08-20,BIZ047,식품,C10100004,2638,2025-08-21,충청북도,플레이버팝스(주),음성군,"제조,가공",2025-6-0420,식품제조가공업,플레이버팝스,음성군 플레이버팝스,127.55618969439868,36.91383510351809,2025-6-0420,20140275259,플레이버팝스(주),식품제조가공업,충청북도 음성군,식품
농후발효유,611,2028-08-20,BIZ047,축산물,C0318040200000,2639,2025-08-21,충청북도,주식회사 칼로스푸드,청주시 청원구,"제조,가공",2025-6-0419,축산물가공업-유가공업,주식회사 칼로스푸드,청주시 청원구 주식회사 칼로스푸드,,,2025-6-0419,20250633014,주식회사 칼로스푸드,축산물가공업-유가공업,충청북도 청주시 청원구,축산물
포장육,604,2028-08-20,BIZ047,축산물,78,2640,2025-08-21,충청북도,윰푸드,제천시,"제조,가공",2025-6-0418,식육포장처리업,윰푸드,제천시 윰푸드,,,2025-6-0418,20250661371,윰푸드,식육포장처리업,충청북도 제천시,축산물
포장육,604,2028-08-20,BIZ047,축산물,78,2641,2025-08-21,충청북도,엘제이푸드,제천시,"제조,가공",2025-6-0417,식육포장처리업,엘제이푸드,제천시 엘제이푸드,,,2025-6-0417,20250661370,엘제이푸드,식육포장처리업,충청북도 제천시,축산물
올리브유,106,2028-08-18,BIZ047,식품,C09900013,2642,2025-08-19,충청북도,엔에이치 바이오,제천시,"제조,가공",2025-6-0416,식품제조가공업,엔에이치 바이오,제천시 엔에이치 바이오,128.16180080013035,37.15068650111799,2025-6-0416,20210444104,엔에이치 바이오,식품제조가공업,충청북도 제천시,식품
빵류,106,2028-08-18,BIZ047,식품,C09300004,2643,2025-08-19,충청북도,피터에프앤씨 주식회사,증평군,"제조,가공",2025-6-0415,식품제조가공업,피터에프앤씨 주식회사,증평군 피터에프앤씨 주식회사,,,2025-6-0415,20250670054,피터에프앤씨 주식회사,식품제조가공업,충청북도 증평군,식품
캔디류,106,2028-08-18,BIZ047,식품,C09300002,2644,2025-08-19,충청남도,(주)휴온스엔,금산군,"제조,가공",2025-6-0414,식품제조가공업,휴온스엔,금산군 휴온스엔,127.50174250079505,36.09846200287871,2025-6-0414,20190473161,(주)휴온스엔,식품제조가공업,충청남도 금산군,식품
혼합음료,106,2029-04-16,BIZ047,식품,C10100016,2645,2025-08-19,충청남도,농업회사법인주식회사에프앤비바이오,천안시 서북구,"제조,가공",2025-6-0413,식품제조가공업,농업회사법인주식회사에프앤비바이오,천안시 서북구 농업회사법인주식회사에프앤비바이오,127.14971430050176,36.943322801324186,2025-6-0413,20190456003,농업회사법인주식회사에프앤비바이오,식품제조가공업,충청남도 천안시 서북구,식품
포장육,604,2028-08-18,BIZ047,축산물,78,2646,2025-08-19,충청남도,한마음유통,논산시,"제조,가공",2025-6-0412,식육포장처리업,한마음유통,논산시 한마음유통,127.11498419988804,36.17507971124422,2025-6-0412,20160464321,한마음유통,식육포장처리업,충청남도 논산시,축산물
떡류,106,2028-08-13,BIZ047,식품,C09300005,2648,2025-08-14,충청남도,농업회사법인 광동주식회사,홍성군,"제조,가공",2025-6-0410,식품제조가공업,농업회사법인 광동주식회사,홍성군 농업회사법인 광동주식회사,126.6502268997384,36.51858039803513,2025-6-0410,20240720252,농업회사법인 광동주식회사,식품제조가공업,충청남도 홍성군,식품
과ㆍ채주스,106,2028-08-13,BIZ047,식품,C10100006,2649,2025-08-14,충청남도,늘샘푸드,천안시 서북구,"제조,가공",2025-6-0409,식품제조가공업,늘샘푸드,천안시 서북구 늘샘푸드,127.1776653000573,36.90632009922717,2025-6-0409,20250683331,늘샘푸드,식품제조가공업,충청남도 천안시 서북구,식품
포장육,604,2028-08-13,BIZ047,축산물,78,2650,2025-08-14,대전광역시,주식회사 대성팜스,유성구,"제조,가공",2025-6-0408,식육포장처리업,주식회사 대성팜스,유성구 주식회사 대성팜스,127.30180279985429,36.35966620341112,2025-6-0408,20130233585,주식회사 바램,식육포장처리업,대전광역시 유성구,축산물
혼합음료,106,2028-08-13,BIZ047,식품,C10100016,2651,2025-08-14,충청남도,수림원 농업회사법인 주식회사,논산시,"제조,가공",2025-6-0407,식품제조가공업,수림원 농업회사법인 주식회사,논산시 수림원 농업회사법인 주식회사,127.13143760048123,36.19818903016935,2025-6-0407,20190470337,수림원 농업회사법인 주식회사,식품제조가공업,충청남도 논산시,식품
음료베이스,106,2028-08-13,BIZ047,식품,C10100017,2652,2025-08-14,충청남도,(주)쌤큐,아산시,"제조,가공",2025-6-0406,식품제조가공업,쌤큐,아산시 쌤큐,126.92935089951588,36.784662801531375,2025-6-0406,20210467708,(주)쌤큐,식품제조가공업,충청남도 아산시,식품
떡류,106,2028-08-12,BIZ047,식품,C09300005,2653,2025-08-13,충청북도,떡하니,청주시 서원구,"제조,가공",2025-6-0405,식품제조가공업,떡하니,청주시 서원구 떡하니,127.4710436995384,36.60761020108863,2025-6-0405,20250635058,떡하니,식품제조가공업,충청북도 청주시 서원구,식품
기타 수산물가공품 중 냉동조미가공품,106,2028-08-12,BIZ047,식품,C11900001,2654,2025-08-13,충청북도,주식회사 이로운식품 어묵공방,괴산군,"제조,가공",2025-6-0404,식품제조가공업,주식회사 이로운식품 어묵공방,괴산군 주식회사 이로운식품 어묵공방,127.86359050052192,36.76570720071068,2025-6-0404,20220617013,주식회사 이로운식품 어묵공방,식품제조가공업,충청북도 괴산군,식품
양념육,612,2028-08-12,BIZ047,축산물,86,2655,2025-08-13,충청북도,이정 F&S,청주시 청원구,"제조,가공",2025-6-0403,축산물가공업-식육가공업,이정 F&S,청주시 청원구 이정 F&S,127.49077089972508,36.67017960264564,2025-6-0403,20230584011,이정 F&S,축산물가공업-식육가공업,충청북도 청주시 청원구,축산물
기타 수산물가공품,106,2028-08-11,BIZ047,식품,C11000016,2656,2025-08-12,충청북도,(주)동방엠에스,음성군,"제조,가공",2025-6-0402,식품제조가공업,동방엠에스,음성군 동방엠에스,127.53257830346764,36.96089820193534,2025-6-0402,20220619266,(주)동방엠에스,식품제조가공업,충청북도 음성군,식품
기타엿,106,2028-08-11,BIZ047,식품,C09600010,2657,2025-08-12,충청북도,장수식품,진천군,"제조,가공",2025-6-0401,식품제조가공업,장수식품,진천군 장수식품,127.50252199686446,36.91973889966132,2025-6-0401,19980443176,장수식품,식품제조가공업,충청북도 진천군,식품
두류가공품,106,2028-08-10,BIZ047,식품,C10700012,2658,2025-08-11,충청남도,판교농민식품(주),서천군,"제조,가공",2025-6-0400,식품제조가공업,판교농민식품,서천군 판교농민식품,126.68963659942268,36.15513650406977,2025-6-0400,20250716095,판교농민식품(주),식품제조가공업,충청남도 서천군,식품
가공두유,106,2028-08-10,BIZ047,식품,C10100011,2659,2025-08-11,충청남도,판교농민식품(주),서천군,"제조,가공",2025-6-0399,식품제조가공업,판교농민식품,서천군 판교농민식품,126.68963659942268,36.15513650406977,2025-6-0399,20250716095,판교농민식품(주),식품제조가공업,충청남도 서천군,식품
인삼ㆍ홍삼음료,106,2028-08-07,BIZ047,식품,C10100015,2660,2025-08-08,충청남도,장구리협동조합,논산시,"제조,가공",2025-6-0398,식품제조가공업,장구리협동조합,논산시 장구리협동조합,127.08910090032268,36.27880960378496,2025-6-0398,20180470409,장구리협동조합,식품제조가공업,충청남도 논산시,식품
액상차,106,2028-08-07,BIZ047,식품,C10100002,2661,2025-08-08,충청남도,장구리협동조합,논산시,"제조,가공",2025-6-0397,식품제조가공업,장구리협동조합,논산시 장구리협동조합,127.08910090032268,36.27880960378496,2025-6-0397,20180470409,장구리협동조합,식품제조가공업,충청남도 논산시,식품
기타발효음료,106,2028-08-07,BIZ047,식품,C10100014,2662,2025-08-08,충청북도,한올바이오 주식회사,음성군,"제조,가공",2025-6-0396,식품제조가공업,한올바이오 주식회사,음성군 한올바이오 주식회사,,,2025-6-0396,20250676251,한올바이오 주식회사,식품제조가공업,충청북도 음성군,식품
과ㆍ채주스,106,2028-08-07,BIZ047,식품,C10100006,2663,2025-08-08,충청북도,한올바이오 주식회사,음성군,"제조,가공",2025-6-0395,식품제조가공업,한올바이오 주식회사,음성군 한올바이오 주식회사,,,2025-6-0395,20250676251,한올바이오 주식회사,식품제조가공업,충청북도 음성군,식품
기타식물성유지,106,2028-08-07,BIZ047,식품,C09900017,2664,2025-08-08,충청남도,주식회사바이오360,천안시 서북구,"제조,가공",2025-6-0394,식품제조가공업,주식회사바이오360,천안시 서북구 주식회사바이오360,127.12236200032538,36.85927240071712,2025-6-0394,20200456111,주식회사바이오360,식품제조가공업,충청남도 천안시 서북구,식품
포장육,604,2028-08-07,BIZ047,축산물,78,2665,2025-08-08,대전광역시,소망글로벌축산 주식회사,대덕구,"제조,가공",2025-6-0393,식육포장처리업,소망글로벌축산 주식회사,대덕구 소망글로벌축산 주식회사,127.41431059959774,36.35492570069615,2025-6-0393,20150242287,주식회사 소망글로벌축산 농업회사법인,식육포장처리업,대전광역시 대덕구,축산물
떡류,106,2028-08-07,BIZ047,식품,C09300005,2666,2025-08-08,충청남도,주식회사 와이앤비푸드,논산시,"제조,가공",2025-6-0392,식품제조가공업,주식회사 와이앤비푸드,논산시 주식회사 와이앤비푸드,127.02387480009756,36.14072768415184,2025-6-0392,20250707138,주식회사 와이앤비푸드,식품제조가공업,충청남도 논산시,식품
조림류,106,2028-08-05,BIZ047,식품,C10500005,2667,2025-08-06,충청남도,학화1934천안베이스캠프,천안시 동남구,"제조,가공",2025-6-0391,식품제조가공업,학화1934천안베이스캠프,천안시 동남구 학화1934천안베이스캠프,127.24255809963245,36.74340089735991,2025-6-0391,20250683066,학화1934천안베이스캠프,식품제조가공업,충청남도 천안시 동남구,식품
빵류,106,2028-08-05,BIZ047,식품,C09300004,2668,2025-08-06,충청남도,학화1934천안베이스캠프,천안시 동남구,"제조,가공",2025-6-0390,식품제조가공업,학화1934천안베이스캠프,천안시 동남구 학화1934천안베이스캠프,127.24255809963245,36.74340089735991,2025-6-0390,20250683066,학화1934천안베이스캠프,식품제조가공업,충청남도 천안시 동남구,식품
"양념육,분쇄가공육제품",612,2028-08-03,BIZ047,축산물,"86,87",2670,2025-08-04,충청북도,(주)미트베이,충주시,"제조,가공",2025-6-0388,축산물가공업-식육가공업,미트베이,충주시 미트베이,127.92774529674756,37.03558870094584,2025-6-0388,20250633013,(주)미트베이,축산물가공업-식육가공업,충청북도 충주시,축산물
양념육,612,2028-07-31,BIZ047,축산물,86,2671,2025-08-01,충청북도,(주)장날에프앤디,청주시 흥덕구,"제조,가공",2025-6-0387,축산물가공업-식육가공업,장날에프앤디,청주시 흥덕구 장날에프앤디,127.46479039987246,36.64952129744334,2025-6-0387,20250633012,(주)장날에프앤디,축산물가공업-식육가공업,충청북도 청주시 흥덕구,축산물
포장육,604,2028-07-31,BIZ047,축산물,78,2672,2025-08-01,충청북도,주식회사 한울축산,괴산군,"제조,가공",2025-6-0386,식육포장처리업,주식회사 한울축산,괴산군 주식회사 한울축산,,,2025-6-0386,20250674024,주식회사 한울축산,식육포장처리업,충청북도 괴산군,축산물
토마토케첩,106,2029-08-02,BIZ047,식품,C10400005,2673,2025-08-01,충청북도,㈜예우당에프에스,음성군,"제조,가공",2025-6-0385,식품제조가공업,㈜예우당에프에스,음성군 ㈜예우당에프에스,127.57842789767132,36.96539036820518,2025-6-0385,20080445056,(주)예우당에프에스,식품제조가공업,충청북도 음성군,식품
포장육,604,2028-07-30,BIZ047,축산물,78,2674,2025-07-31,충청북도,쉐프파트너 주식회사 충주공장,충주시,"제조,가공",2025-6-0384,식육포장처리업,쉐프파트너 주식회사 충주공장,충주시 쉐프파트너 주식회사 충주공장,127.810220400058,36.99348000074509,2025-6-0384,20210442436,쉐프파트너 주식회사 충주공장,식육포장처리업,충청북도 충주시,축산물
과ㆍ채가공품,106,2028-07-30,BIZ047,식품,C10700010,2675,2025-07-31,충청북도,한국바이오팜(주)에이치피,진천군,"제조,가공",2025-6-0383,식품제조가공업,한국바이오팜에이치피,진천군 한국바이오팜에이치피,127.51328530220952,36.890490100519074,2025-6-0383,19950443100,한국바이오팜(주)에이치피,식품제조가공업,충청북도 진천군,식품
고형차,106,2028-07-30,BIZ047,식품,C10100003,2676,2025-07-31,충청북도,한국바이오팜(주)에이치피,진천군,"제조,가공",2025-6-0382,식품제조가공업,한국바이오팜에이치피,진천군 한국바이오팜에이치피,127.51328530220952,36.890490100519074,2025-6-0382,19950443100,한국바이오팜(주)에이치피,식품제조가공업,충청북도 진천군,식품
당류가공품,106,2028-07-30,BIZ047,식품,C09600012,2677,2025-07-31,충청북도,한국바이오팜(주)에이치피,진천군,"제조,가공",2025-6-0381,식품제조가공업,한국바이오팜에이치피,진천군 한국바이오팜에이치피,127.51328530220952,36.890490100519074,2025-6-0381,19950443100,한국바이오팜(주)에이치피,식품제조가공업,충청북도 진천군,식품
어유,106,2028-07-30,BIZ047,식품,C09900018,2678,2025-07-31,충청북도,광동헬스바이오(주) 2공장,청주시 청원구,"제조,가공",2025-6-0380,식품제조가공업,광동헬스바이오 2공장,청주시 청원구 광동헬스바이오 2공장,127.44085849986884,36.71449720069189,2025-6-0380,20190424102,광동헬스바이오(주) 2공장,식품제조가공업,충청북도 청주시 청원구,식품
소스,106,2028-07-30,BIZ047,식품,C10400003,2679,2025-07-31,대전광역시,늘푸른식품,서구,"제조,가공",2025-6-0379,식품제조가공업,늘푸른식품,서구 늘푸른식품,127.36318559983552,36.30606200034416,2025-6-0379,20160240589,늘푸른식품,식품제조가공업,대전광역시 유성구,식품
양념육,612,2028-07-30,BIZ047,축산물,86,2680,2025-07-31,대전광역시,늘푸른식품,서구,"제조,가공",2025-6-0378,축산물가공업-식육가공업,늘푸른식품,서구 늘푸른식품,127.36318559983552,36.30606200034416,2025-6-0378,20250324003,늘푸른식품,축산물가공업-식육가공업,대전광역시 서구,축산물
커피,106,2028-07-27,BIZ047,식품,C10100004,2682,2025-07-28,충청남도,(주)신성티엔에프,예산군,"제조,가공",2025-6-0376,식품제조가공업,신성티엔에프,예산군 신성티엔에프,126.75330170045422,36.67409187282001,2025-6-0376,20090473152,(주)신성티엔에프,식품제조가공업,충청남도 예산군,식품
양념육,612,2028-07-27,BIZ047,축산물,86,2683,2025-07-28,충청남도,(주)태이강푸드,천안시 서북구,"제조,가공",2025-6-0375,축산물가공업-식육가공업,태이강푸드,천안시 서북구 태이강푸드,127.17506299975452,36.85194220122807,2025-6-0375,20250681011,(주)태이강푸드,축산물가공업-식육가공업,충청남도 천안시 서북구,축산물
포장육,604,2028-07-27,BIZ047,축산물,78,2684,2025-07-28,충청남도,주식회사 태이강푸드,천안시 서북구,"제조,가공",2025-6-0374,식육포장처리업,주식회사 태이강푸드,천안시 서북구 주식회사 태이강푸드,127.17506299975452,36.85194220122807,2025-6-0374,20250683341,주식회사 태이강푸드,식육포장처리업,충청남도 천안시 서북구,축산물
토마토케첩,106,2028-07-27,BIZ047,식품,C10400005,2685,2025-07-28,충청북도,㈜삼아벤처,진천군,"제조,가공",2025-6-0373,식품제조가공업,㈜삼아벤처,진천군 ㈜삼아벤처,127.4829070998313,36.9185154504709,2025-6-0373,19910443024,(주)삼아벤처,식품제조가공업,충청북도 진천군,식품
토마토케첩,106,2029-07-02,BIZ047,식품,C10400005,2686,2025-07-25,충청북도,(주)신세계푸드 음성공장,음성군,"제조,가공",2025-6-0372,식품제조가공업,신세계푸드 음성공장,음성군 신세계푸드 음성공장,127.68115999814891,36.8878419983788,2025-6-0372,20150445222,(주)신세계푸드 음성공장,식품제조가공업,충청북도 음성군,식품
곡류가공품,106,2028-07-24,BIZ047,식품,C10700011,2687,2025-07-25,세종특별자치시,누룩터,,"제조,가공",2025-6-0371,식품제조가공업,누룩터,,128.55103810048135,35.93255540021562,2025-6-0371,20240366030,누룩터,식품제조가공업,세종특별자치시,식품
기타발효음료,106,2028-07-24,BIZ047,식품,C10100014,2688,2025-07-25,세종특별자치시,누룩터,,"제조,가공",2025-6-0370,식품제조가공업,누룩터,,128.55103810048135,35.93255540021562,2025-6-0370,20240366030,누룩터,식품제조가공업,세종특별자치시,식품
식육판매업,630,2028-07-24,BIZ048,축산물,176,2689,2025-07-25,충청남도,홍성축협하나로클럽,홍성군,"유통,판매,조리",2025-6-0369,축산물판매업-식육판매업,홍성축협하나로클럽,홍성군 홍성축협하나로클럽,126.65479599995702,36.59446900034414,2025-6-0369,20020473267,홍성축협하나로클럽,축산물판매업-식육판매업,충청남도 홍성군,축산물
혼합음료,106,2028-07-24,BIZ047,식품,C10100016,2690,2025-07-25,충청남도,삽다리전통한과,예산군,"제조,가공",2025-6-0368,식품제조가공업,삽다리전통한과,예산군 삽다리전통한과,126.60993579994842,36.68489659805007,2025-6-0368,19920474036,삽다리전통한과,식품제조가공업,충청남도 예산군,식품
떡류,106,2028-07-24,BIZ047,식품,C09300005,2691,2025-07-25,충청남도,삽다리전통한과,예산군,"제조,가공",2025-6-0367,식품제조가공업,삽다리전통한과,예산군 삽다리전통한과,126.60993579994842,36.68489659805007,2025-6-0367,19920474036,삽다리전통한과,식품제조가공업,충청남도 예산군,식품
과자,106,2028-07-24,BIZ047,식품,C09300001,2692,2025-07-25,충청남도,삽다리전통한과,예산군,"제조,가공",2025-6-0366,식품제조가공업,삽다리전통한과,예산군 삽다리전통한과,126.60993579994842,36.68489659805007,2025-6-0366,19920474036,삽다리전통한과,식품제조가공업,충청남도 예산군,식품
포장육,604,2028-07-24,BIZ047,축산물,78,2693,2025-07-25,충청남도,파인쿡,예산군,"제조,가공",2025-6-0365,식육포장처리업,파인쿡,예산군 파인쿡,126.72597610044993,36.760452501223526,2025-6-0365,20250722106,파인쿡,식육포장처리업,충청남도 예산군,축산물
음료베이스,106,2028-07-24,BIZ047,식품,C10100017,2694,2025-07-25,충청남도,주식회사 대상다이브스,논산시,"제조,가공",2025-6-0364,식품제조가공업,주식회사 대상다이브스,논산시 주식회사 대상다이브스,127.04739549945036,36.2193413009192,2025-6-0364,20060464021,주식회사 대상다이브스,식품제조가공업,충청남도 논산시,식품
기타가공품,106,2028-07-23,BIZ047,식품,C11400002,2695,2025-07-24,충청남도,주식회사한국코스모,천안시,"제조,가공",2025-6-0363,식품제조가공업,주식회사한국코스모,천안시 주식회사한국코스모,127.09649900036774,36.72631870067112,2025-6-0363,20200456711,주식회사한국코스모,식품제조가공업,충청남도 천안시 동남구,식품
벌집꿀,106,2028-07-23,BIZ047,식품,C11200001,2696,2025-07-24,충청남도,전국토종벌꿀협동조합,논산시,"제조,가공",2025-6-0362,식품제조가공업,전국토종벌꿀협동조합,논산시 전국토종벌꿀협동조합,127.10003620022522,36.15600538077872,2025-6-0362,20240707472,전국토종벌꿀협동조합,식품제조가공업,충청남도 논산시,식품
기타 수산물가공품,106,2028-10-20,BIZ047,식품,C11000016,2697,2025-07-24,충청남도,흥일씨푸드(주),보령시,"제조,가공",2025-6-0361,식품제조가공업,흥일씨푸드,보령시 흥일씨푸드,126.576353000146,36.34673140125904,2025-6-0361,20160459161,흥일씨푸드(주),식품제조가공업,충청남도 보령시,식품
식육추출가공품,612,2028-07-22,BIZ047,축산물,89,2699,2025-07-23,충청북도,주식회사 새빛,증평군,"제조,가공",2025-6-0359,축산물가공업-식육가공업,주식회사 새빛,증평군 주식회사 새빛,,,2025-6-0359,20180423034,주식회사 새빛,축산물가공업-식육가공업,충청북도 증평군,축산물
곡류가공품,106,2028-07-21,BIZ047,식품,C10700011,2700,2025-07-22,충청북도,(주)독일빵가루,진천군,"제조,가공",2025-6-0358,식품제조가공업,독일빵가루,진천군 독일빵가루,127.45291330030626,36.84650490865828,2025-6-0358,20190450100,(주)독일빵가루,식품제조가공업,충청북도 진천군,식품
"양념육,식육추출가공품",612,2028-07-19,BIZ047,축산물,"86,89",2702,2025-07-20,충청북도,초정담,청주시 청원구,"제조,가공",2025-6-0356,축산물가공업-식육가공업,초정담,청주시 청원구 초정담,127.54502210175716,36.71438564214627,2025-6-0356,20250633011,초정담,축산물가공업-식육가공업,충청북도 청주시 청원구,축산물
빵류,106,2028-07-19,BIZ047,식품,C09300004,2703,2025-07-20,충청북도,(주)신라명과,증평군,"제조,가공",2025-6-0355,식품제조가공업,신라명과,증평군 신라명과,127.62030010017868,36.83111980101827,2025-6-0355,20250670044,(주)신라명과,식품제조가공업,충청북도 증평군,식품
기타 수산물가공품,106,2029-07-05,BIZ047,식품,C11000016,2704,2025-07-18,충청남도,주식회사 SL푸드원,서천군,"제조,가공",2025-6-0354,식품제조가공업,주식회사 SL푸드원,서천군 주식회사 SL푸드원,,,2025-6-0354,20200475051,주식회사 SL푸드원,식품제조가공업,충청남도 서천군,식품
기타잼,106,2028-07-17,BIZ047,식품,C09700002,2705,2025-07-18,충청북도,(주)제이엔제이푸드,진천군,"제조,가공",2025-6-0353,식품제조가공업,제이엔제이푸드,진천군 제이엔제이푸드,127.48489619947829,36.90664150095628,2025-6-0353,20150443030,(주)제이엔제이푸드,식품제조가공업,충청북도 진천군,식품
과ㆍ채가공품,106,2028-07-16,BIZ047,식품,C10700010,2706,2025-07-17,충청북도,에쓰푸드(주),음성군,"제조,가공",2025-6-0352,식품제조가공업,에쓰푸드,음성군 에쓰푸드,127.68103480036262,36.89257310061088,2025-6-0352,20150199948,에쓰푸드(주),식품제조가공업,충청북도 음성군,식품
소스,106,2028-07-16,BIZ047,식품,C10400003,2707,2025-07-17,충청북도,에쓰푸드(주),음성군,"제조,가공",2025-6-0351,식품제조가공업,에쓰푸드,음성군 에쓰푸드,127.68103480036262,36.89257310061088,2025-6-0351,20150199948,에쓰푸드(주),식품제조가공업,충청북도 음성군,식품
포장육,604,2028-07-13,BIZ047,축산물,78,2708,2025-07-14,대전광역시,진부육가공,중구,"제조,가공",2025-6-0350,식육포장처리업,진부육가공,중구 진부육가공,127.38087169990716,36.29310270076088,2025-6-0350,20180236272,진부육가공,식육포장처리업,대전광역시 중구,축산물
기타가공품,106,2028-07-13,BIZ047,식품,C11400002,2709,2025-07-14,충청북도,(주)티알아이,음성군,"제조,가공",2025-6-0349,식품제조가공업,티알아이,음성군 티알아이,127.51590829952664,37.01125369102715,2025-6-0349,20120445044,(주)티알아이,식품제조가공업,충청북도 음성군,식품
곡류가공품,106,2028-07-13,BIZ047,식품,C10700011,2710,2025-07-14,충청북도,(주)티알아이,음성군,"제조,가공",2025-6-0348,식품제조가공업,티알아이,음성군 티알아이,127.51590829952664,37.01125369102715,2025-6-0348,20120445044,(주)티알아이,식품제조가공업,충청북도 음성군,식품
과ㆍ채가공품,106,2028-07-13,BIZ047,식품,C10700010,2711,2025-07-14,충청북도,(주)티알아이,음성군,"제조,가공",2025-6-0347,식품제조가공업,티알아이,음성군 티알아이,127.51590829952664,37.01125369102715,2025-6-0347,20120445044,(주)티알아이,식품제조가공업,충청북도 음성군,식품
향신료조제품,106,2028-07-13,BIZ047,식품,C10400012,2712,2025-07-14,충청북도,(주)티알아이,음성군,"제조,가공",2025-6-0346,식품제조가공업,티알아이,음성군 티알아이,127.51590829952664,37.01125369102715,2025-6-0346,20120445044,(주)티알아이,식품제조가공업,충청북도 음성군,식품
천연향신료,106,2028-07-13,BIZ047,식품,C10400011,2713,2025-07-14,충청북도,(주)티알아이,음성군,"제조,가공",2025-6-0345,식품제조가공업,티알아이,음성군 티알아이,127.51590829952664,37.01125369102715,2025-6-0345,20120445044,(주)티알아이,식품제조가공업,충청북도 음성군,식품
고춧가루,106,2028-07-13,BIZ047,식품,C10400009,2714,2025-07-14,충청북도,(주)티알아이,음성군,"제조,가공",2025-6-0344,식품제조가공업,티알아이,음성군 티알아이,127.51590829952664,37.01125369102715,2025-6-0344,20120445044,(주)티알아이,식품제조가공업,충청북도 음성군,식품
카레(커리)분,106,2028-07-13,BIZ047,식품,C10400007,2715,2025-07-14,충청북도,(주)티알아이,음성군,"제조,가공",2025-6-0343,식품제조가공업,티알아이,음성군 티알아이,127.51590829952664,37.01125369102715,2025-6-0343,20120445044,(주)티알아이,식품제조가공업,충청북도 음성군,식품
복합조미식품,106,2028-07-13,BIZ047,식품,C10400006,2716,2025-07-14,충청북도,(주)티알아이,음성군,"제조,가공",2025-6-0342,식품제조가공업,티알아이,음성군 티알아이,127.51590829952664,37.01125369102715,2025-6-0342,20120445044,(주)티알아이,식품제조가공업,충청북도 음성군,식품
기타가공품,106,2028-07-13,BIZ047,식품,C11400002,2717,2025-07-14,충청북도,주식회사 서울제약,청주시 흥덕구,"제조,가공",2025-6-0341,식품제조가공업,주식회사 서울제약,청주시 흥덕구 주식회사 서울제약,127.33820359991716,36.640745701234216,2025-6-0341,20220578056,주식회사 서울제약,식품제조가공업,충청북도 청주시 흥덕구,식품
김치(배추김치),106,2028-07-13,BIZ047,식품,C12300001,2718,2025-07-14,충청북도,주식회사 담김,청주시 청원구,"제조,가공",2025-6-0340,식품제조가공업,주식회사 담김,청주시 청원구 주식회사 담김,127.4492973001912,36.71738829970961,2025-6-0340,20120415012,주식회사 담김,식품제조가공업,충청북도 청주시 청원구,식품
포장육,604,2028-07-13,BIZ047,축산물,78,2719,2025-07-14,대전광역시,빵빵오리,중구,"제조,가공",2025-6-0339,식육포장처리업,빵빵오리,중구 빵빵오리,127.39287479949438,36.3103035344569,2025-6-0339,20080233597,빵빵오리,식육포장처리업,대전광역시 중구,축산물
과ㆍ채주스,106,2028-07-13,BIZ047,식품,C10100006,2720,2025-07-14,충청북도,여울선식품,충주시,"제조,가공",2025-6-0338,식품제조가공업,여울선식품,충주시 여울선식품,127.91077260350022,37.031280777386776,2025-6-0338,20100433330,여울선식품,식품제조가공업,충청북도 충주시,식품
"햄,소시지,분쇄가공육제품",612,2028-07-13,BIZ047,축산물,"79,82,87",2721,2025-07-14,충청북도,주식회사 송쌤푸드 농업회사법인,괴산군,"제조,가공",2025-6-0337,축산물가공업-식육가공업,주식회사 송쌤푸드 농업회사법인,괴산군 주식회사 송쌤푸드 농업회사법인,127.8171693958388,36.81862460326679,2025-6-0337,20250633005,주식회사 송쌤푸드 농업회사법인,축산물가공업-식육가공업,충청북도 괴산군,축산물
기타식물성유지,106,2028-07-10,BIZ047,식품,C09900017,2722,2025-07-11,충청북도,광동헬스바이오(주),청주시 청원구,"제조,가공",2025-6-0336,식품제조가공업,광동헬스바이오,청주시 청원구 광동헬스바이오,127.44054449954032,36.715205300500216,2025-6-0336,20200424065,광동헬스바이오(주),식품제조가공업,충청북도 청주시 청원구,식품
올리브유,106,2028-07-10,BIZ047,식품,C09900013,2723,2025-07-11,충청북도,광동헬스바이오(주),청주시 청원구,"제조,가공",2025-6-0335,식품제조가공업,광동헬스바이오,청주시 청원구 광동헬스바이오,127.44054449954032,36.715205300500216,2025-6-0335,20200424065,광동헬스바이오(주),식품제조가공업,충청북도 청주시 청원구,식품
빵류,106,2028-07-09,BIZ047,식품,C09300004,2724,2025-07-10,충청남도,성원다미락빵집,서천군,"제조,가공",2025-6-0334,식품제조가공업,성원다미락빵집,서천군 성원다미락빵집,126.70249379991814,36.01064280086645,2025-6-0334,20240716091,성원다미락빵집,식품제조가공업,충청남도 서천군,식품
과ㆍ채음료,106,2028-07-08,BIZ047,식품,C10100007,2725,2025-07-09,충청북도,(주)다원,옥천군,"제조,가공",2025-6-0331,식품제조가공업,다원,옥천군 다원,127.79121339881094,36.32903418026755,2025-6-0331,20070440079,(주)다원,식품제조가공업,충청북도 옥천군,식품
곡류가공품,106,2028-07-07,BIZ047,식품,C10700011,2726,2025-07-08,대전광역시,티엔알컴퍼니(주),동구,"제조,가공",2025-6-0330,식품제조가공업,티엔알컴퍼니,동구 티엔알컴퍼니,127.46472010028748,36.27240839831518,2025-6-0330,20250326111,티엔알컴퍼니(주),식품제조가공업,대전광역시 동구,식품
기타가공품,106,2028-07-07,BIZ047,식품,C11400002,2727,2025-07-08,충청북도,정순조감로꿀,제천시,"제조,가공",2025-6-0329,식품제조가공업,정순조감로꿀,제천시 정순조감로꿀,128.09094309634,37.056512018475,2025-6-0329,20250661084,정순조감로꿀,식품제조가공업,충청북도 제천시,식품
캔디류,106,2028-07-07,BIZ047,식품,C09300002,2728,2025-07-08,충청남도,홉스식품,금산군,"제조,가공",2025-6-0328,식품제조가공업,홉스식품,금산군 홉스식품,127.56134770295176,36.195213571661,2025-6-0328,20230661053,홉스식품,식품제조가공업,충청남도 금산군,식품
추출가공식품,106,2028-07-07,BIZ047,식품,C11100007,2729,2025-07-08,충청북도,(주)충청바이오텍,청주시 흥덕구,"제조,가공",2025-6-0327,식품제조가공업,충청바이오텍,청주시 흥덕구 충청바이오텍,127.4360656994872,36.64110750258358,2025-6-0327,20150415125,(주)충청바이오텍,식품제조가공업,충청북도 청주시 흥덕구,식품
암환자용 영양조제식품,106,2028-07-07,BIZ047,식품,C0324010700000,2730,2025-07-08,충청남도,연세대학교 연세유업,아산시,"제조,가공",2025-6-0326,식품제조가공업,연세대학교 연세유업,아산시 연세대학교 연세유업,127.09852709960974,36.826512974443006,2025-6-0326,19930461022,연세대학교 연세유업,식품제조가공업,충청남도 아산시,식품
당뇨환자용 영양조제식품,106,2028-07-07,BIZ047,식품,C0324010200000,2731,2025-07-08,충청남도,연세대학교 연세유업,아산시,"제조,가공",2025-6-0325,식품제조가공업,연세대학교 연세유업,아산시 연세대학교 연세유업,127.09852709960974,36.826512974443006,2025-6-0325,19930461022,연세대학교 연세유업,식품제조가공업,충청남도 아산시,식품
과ㆍ채가공품,106,2028-07-06,BIZ047,식품,C10700010,2732,2025-07-07,충청북도,(주)지에스바이오,음성군,"제조,가공",2025-6-0324,식품제조가공업,지에스바이오,음성군 지에스바이오,127.61050860003895,37.02804810097327,2025-6-0324,20150445390,(주)지에스바이오,식품제조가공업,충청북도 음성군,식품
음료베이스,106,2028-07-06,BIZ047,식품,C10100017,2733,2025-07-07,충청북도,(주)지에스바이오,음성군,"제조,가공",2025-6-0323,식품제조가공업,지에스바이오,음성군 지에스바이오,127.61050860003895,37.02804810097327,2025-6-0323,20150445390,(주)지에스바이오,식품제조가공업,충청북도 음성군,식품
고형차,106,2028-07-06,BIZ047,식품,C10100003,2734,2025-07-07,충청북도,(주)지에스바이오,음성군,"제조,가공",2025-6-0322,식품제조가공업,지에스바이오,음성군 지에스바이오,127.61050860003895,37.02804810097327,2025-6-0322,20150445390,(주)지에스바이오,식품제조가공업,충청북도 음성군,식품
포장육,604,2028-07-06,BIZ047,축산물,78,2735,2025-07-07,대전광역시,광성정육,동구,"제조,가공",2025-6-0321,식육포장처리업,광성정육,동구 광성정육,127.44174160006555,36.34574859875615,2025-6-0321,20240326883,광성정육,식육포장처리업,대전광역시 동구,축산물
양념육,612,2028-07-06,BIZ047,축산물,86,2736,2025-07-07,충청북도,(주)라온푸드,청주시 흥덕구,"제조,가공",2025-6-0320,축산물가공업-식육가공업,라온푸드,청주시 흥덕구 라온푸드,127.35597820038656,36.604468801077005,2025-6-0320,20210423019,(주)라온푸드,축산물가공업-식육가공업,충청북도 청주시 흥덕구,축산물
포장육,604,2028-07-06,BIZ047,축산물,78,2737,2025-07-07,대전광역시,주식회사 명품축산,중구,"제조,가공",2025-6-0319,식육포장처리업,주식회사 명품축산,중구 주식회사 명품축산,127.38725899951974,36.30838639610093,2025-6-0319,20250329037,주식회사 명품축산,식육포장처리업,대전광역시 중구,축산물
포장육,604,2028-07-03,BIZ047,축산물,78,2738,2025-07-04,충청북도,농업회사법인(주)삼원팜스토리,청주시 청원구,"제조,가공",2025-6-0318,식육포장처리업,농업회사법인삼원팜스토리,청주시 청원구 농업회사법인삼원팜스토리,127.56434569903048,36.747824298587545,2025-6-0318,20250635037,농업회사법인(주)삼원팜스토리,식육포장처리업,충청북도 청주시 청원구,축산물
"양념육,분쇄가공육제품",612,2028-07-02,BIZ047,축산물,"86,87",2739,2025-07-03,충청남도,엠에스푸드 영농조합법인,아산시,"제조,가공",2025-6-0315,축산물가공업-식육가공업,엠에스푸드 영농조합법인,아산시 엠에스푸드 영농조합법인,,,2025-6-0315,20240681020,엠에스푸드 영농조합법인,축산물가공업-식육가공업,충청남도 아산시,축산물
포장육,604,2028-07-02,BIZ047,축산물,78,2740,2025-07-03,충청남도,엠에스푸드 영농조합법인,아산시,"제조,가공",2025-6-0314,식육포장처리업,엠에스푸드 영농조합법인,아산시 엠에스푸드 영농조합법인,,,2025-6-0314,20240702856,엠에스푸드 영농조합법인,식육포장처리업,충청남도 아산시,축산물
국수(생면),106,2028-07-01,BIZ047,식품,C12400001,2741,2025-07-02,충청남도,농업회사법인 주식회사 1984그집,계룡시,"제조,가공",2025-6-0313,식품제조가공업,농업회사법인 주식회사 1984그집,계룡시 농업회사법인 주식회사 1984그집,127.2292179997902,36.27563720146647,2025-6-0313,20250710041,농업회사법인 주식회사 1984그집,식품제조가공업,충청남도 계룡시,식품
김치(배추김치),106,2028-07-01,BIZ047,식품,C12300001,2742,2025-07-02,충청남도,농업회사법인 주식회사 1984그집,계룡시,"제조,가공",2025-6-0312,식품제조가공업,농업회사법인 주식회사 1984그집,계룡시 농업회사법인 주식회사 1984그집,127.2292179997902,36.27563720146647,2025-6-0312,20250710041,농업회사법인 주식회사 1984그집,식품제조가공업,충청남도 계룡시,식품
김치(기타김치),106,2028-07-01,BIZ047,식품,C10500002,2743,2025-07-02,충청남도,농업회사법인 주식회사 1984그집,계룡시,"제조,가공",2025-6-0311,식품제조가공업,농업회사법인 주식회사 1984그집,계룡시 농업회사법인 주식회사 1984그집,127.2292179997902,36.27563720146647,2025-6-0311,20250710041,농업회사법인 주식회사 1984그집,식품제조가공업,충청남도 계룡시,식품
기타가공품,106,2029-05-26,BIZ047,식품,C11400002,2744,2025-07-02,충청북도,청원생명농협쌀조합공동사업법인 식품소재가공센터,청주시 청원구,"제조,가공",2025-6-0310,식품제조가공업,청원생명농협쌀조합공동사업법인 식품소재가공센터,청주시 청원구 청원생명농협쌀조합공동사업법인 식품소재가공센터,127.4680068998954,36.72553260075698,2025-6-0310,20190424122,청원생명농협쌀조합공동사업법인 식품소재가공센터,식품제조가공업,충청북도 청주시 청원구,식품
양념육,612,2028-07-01,BIZ047,축산물,86,2745,2025-07-02,충청남도,농업회사법인 (주)1984그집,계룡시,"제조,가공",2025-6-0309,축산물가공업-식육가공업,농업회사법인 1984그집,계룡시 농업회사법인 1984그집,127.2292179997902,36.27563720146647,2025-6-0309,20250681008,농업회사법인 (주)1984그집,축산물가공업-식육가공업,충청남도 계룡시,축산물
복합조미식품,106,2028-06-29,BIZ047,식품,C10400006,2746,2025-06-30,충청남도,제이엠제이 에프앤비,천안시 동남구,"제조,가공",2025-6-0308,식품제조가공업,제이엠제이 에프앤비,천안시 동남구 제이엠제이 에프앤비,127.13492579976872,36.77325210073055,2025-6-0308,20180243656,제이엠제이 푸드,식품제조가공업,대전광역시 유성구,식품
식육추출가공품,612,2028-06-26,BIZ047,축산물,89,2747,2025-06-27,대전광역시,동진식품(주),동구,"제조,가공",2025-6-0307,축산물가공업-식육가공업,동진식품,동구 동진식품,127.43995699998295,36.21442758572781,2025-6-0307,20190233001,동진식품(주),축산물가공업-식육가공업,대전광역시 동구,축산물
곡류가공품,106,2028-06-26,BIZ047,식품,C10700011,2748,2025-06-27,세종특별자치시,(주)스위트바이오,,"제조,가공",2025-6-0306,식품제조가공업,스위트바이오,,128.55103810048135,35.93255540021562,2025-6-0306,20250365215,(주)스위트바이오,식품제조가공업,세종특별자치시,식품
알가열제품,613,2028-06-26,BIZ047,축산물,100,2749,2025-06-27,충청남도,농업회사법인 주식회사 란투유,논산시,"제조,가공",2025-6-0305,축산물가공업-알가공업,농업회사법인 주식회사 란투유,논산시 농업회사법인 주식회사 란투유,127.12957330033804,36.268756403573335,2025-6-0305,20250681010,농업회사법인 주식회사 란투유,축산물가공업-알가공업,충청남도 논산시,축산물
즉석섭취식품(운반급식 포함),106,2028-06-26,BIZ047,식품,H03000002,2750,2025-06-27,충청북도,주식회사 더큰푸드,청주시 흥덕구,"제조,가공",2025-6-0304,식품제조가공업,주식회사 더큰푸드,청주시 흥덕구 주식회사 더큰푸드,,,2025-6-0304,20250635024,주식회사 더큰푸드,식품제조가공업,충청북도 청주시 흥덕구,식품
유함유가공품,106,2028-06-26,BIZ047,식품,C0318140000000,2751,2025-06-27,충청북도,(주)호연,음성군,"제조,가공",2025-6-0303,식품제조가공업,호연,음성군 호연,127.46692330049008,36.96327228082001,2025-6-0303,20230627277,(주)호연,식품제조가공업,충청북도 음성군,식품
과ㆍ채가공품,106,2028-06-26,BIZ047,식품,C10700010,2752,2025-06-27,충청남도,세도농협농산물산지유통센타,부여군,"제조,가공",2025-6-0302,식품제조가공업,세도농협농산물산지유통센타,부여군 세도농협농산물산지유통센타,126.9940444000768,36.15921220117422,2025-6-0302,20250714029,세도농협농산물산지유통센타,식품제조가공업,충청남도 부여군,식품
기타가공품,106,2028-06-25,BIZ047,식품,C11400002,2753,2025-06-26,충청북도,주식회사 창의씨앤알,음성군,"제조,가공",2025-6-0301,식품제조가공업,주식회사 창의씨앤알,음성군 주식회사 창의씨앤알,127.67347660419225,36.927956096006746,2025-6-0301,20140445002,주식회사 창의씨앤알,식품제조가공업,충청북도 음성군,식품
효소식품,106,2028-06-25,BIZ047,식품,C10700009,2754,2025-06-26,충청북도,주식회사 창의씨앤알,음성군,"제조,가공",2025-6-0300,식품제조가공업,주식회사 창의씨앤알,음성군 주식회사 창의씨앤알,127.67347660419225,36.927956096006746,2025-6-0300,20140445002,주식회사 창의씨앤알,식품제조가공업,충청북도 음성군,식품
캔디류,106,2028-06-24,BIZ047,식품,C09300002,2755,2025-06-25,충청북도,농업회사법인 주식회사 부성,보은군,"제조,가공",2025-6-0299,식품제조가공업,농업회사법인 주식회사 부성,보은군 농업회사법인 주식회사 부성,127.61110540552994,36.518306699318615,2025-6-0299,20240664143,농업회사법인 주식회사 부성,식품제조가공업,충청북도 보은군,식품
알가열제품,613,2028-06-24,BIZ047,축산물,100,2756,2025-06-25,충청남도,농업회사법인(주)한울,아산시,"제조,가공",2025-6-0298,축산물가공업-알가공업,농업회사법인한울,아산시 농업회사법인한울,126.96176950052316,36.77710088144076,2025-6-0298,20250681009,농업회사법인(주)한울,축산물가공업-알가공업,충청남도 아산시,축산물
과ㆍ채주스,106,2028-06-23,BIZ047,식품,C10100006,2757,2025-06-24,충청북도,신선한생각농업회사법인(주),음성군,"제조,가공",2025-6-0297,식품제조가공업,신선한생각농업회사법인,음성군 신선한생각농업회사법인,,,2025-6-0297,20210452489,신선한생각농업회사법인(주),식품제조가공업,충청북도 음성군,식품
포장육,604,2028-06-23,BIZ047,축산물,78,2758,2025-06-24,충청북도,영동축산물판매장,영동군,"제조,가공",2025-6-0296,식육포장처리업,영동축산물판매장,영동군 영동축산물판매장,127.77550579997322,36.17591500063001,2025-6-0296,20250668041,영동축산물판매장,식육포장처리업,충청북도 영동군,축산물
알가열제품,613,2028-06-23,BIZ047,축산물,100,2760,2025-06-24,충청남도,농업회사법인주식회사미르팜,당진시,"제조,가공",2025-6-0294,축산물가공업-알가공업,농업회사법인주식회사미르팜,당진시 농업회사법인주식회사미르팜,126.72292200013575,36.85388579859804,2025-6-0294,20250681005,농업회사법인주식회사미르팜,축산물가공업-알가공업,충청남도 당진시,축산물
양념육,612,2028-06-23,BIZ047,축산물,86,2761,2025-06-24,충청남도,(주)하솔푸드,천안시 동남구,"제조,가공",2025-6-0293,축산물가공업-식육가공업,하솔푸드,천안시 동남구 하솔푸드,127.11417110003816,36.726581695670966,2025-6-0293,20190455008,(주)하솔푸드,축산물가공업-식육가공업,충청남도 천안시 동남구,축산물
곡류가공품,106,2028-06-19,BIZ047,식품,C10700011,2762,2025-06-20,충청북도,농업회사법인 넉넉한 사람들(주) 2공장,제천시,"제조,가공",2025-6-0292,식품제조가공업,농업회사법인 넉넉한 사람들 2공장,제천시 농업회사법인 넉넉한 사람들 2공장,128.02580350005505,37.14272380067672,2025-6-0292,20230612130,농업회사법인 넉넉한 사람들(주) 2공장,식품제조가공업,충청북도 제천시,식품
영아용 조제식,106,2029-02-26,BIZ047,식품,C10200001,2763,2025-06-20,충청남도,매일유업(주)아산공장,아산시,"제조,가공",2025-6-0291,식품제조가공업,매일유업아산공장,아산시 매일유업아산공장,126.95219639965336,36.868912788844206,2025-6-0291,20060461020,매일유업(주)아산공장,식품제조가공업,충청남도 아산시,식품
음료베이스,106,2028-06-19,BIZ047,식품,C10100017,2764,2025-06-20,충청북도,(주)세움바이오텍,음성군,"제조,가공",2025-6-0290,식품제조가공업,세움바이오텍,음성군 세움바이오텍,127.54777780069551,36.975436800494734,2025-6-0290,20020445181,(주)세움바이오텍,식품제조가공업,충청북도 음성군,식품
복합조미식품,106,2028-06-19,BIZ047,식품,C10400006,2765,2025-06-20,충청남도,엠에스(MS)물산,천안시 서북구,"제조,가공",2025-6-0289,식품제조가공업,엠에스물산,천안시 서북구 엠에스물산,127.12572259955122,36.918070100670434,2025-6-0289,20240683188,엠에스(MS)물산,식품제조가공업,충청남도 천안시 서북구,식품
고령자용 영양조제식품,106,2028-06-19,BIZ047,식품,C10200012,2766,2025-06-20,충청북도,맥널티 바이오(주),증평군,"제조,가공",2025-6-0288,식품제조가공업,맥널티 바이오,증평군 맥널티 바이오,127.59319120255935,36.81514710210634,2025-6-0288,20170442089,맥널티 바이오(주),식품제조가공업,충청북도 증평군,식품
기타가공품,106,2028-06-17,BIZ047,식품,C11400002,2767,2025-06-18,충청북도,(주) 시즈너,괴산군,"제조,가공",2025-6-0287,식품제조가공업,시즈너,괴산군  시즈너,127.65547809986404,36.780663900775295,2025-6-0287,20100444077,(주) 시즈너,식품제조가공업,충청북도 괴산군,식품
기타 농산가공품,106,2028-06-17,BIZ047,식품,C10700014,2768,2025-06-18,충청북도,농업회사법인(주)진샘,청주시 흥덕구,"제조,가공",2025-6-0286,식품제조가공업,농업회사법인진샘,청주시 흥덕구 농업회사법인진샘,127.37003339962106,36.65971470231553,2025-6-0286,20250635011,농업회사법인(주)진샘,식품제조가공업,충청북도 청주시 흥덕구,식품
과ㆍ채가공품,106,2028-06-17,BIZ047,식품,C10700010,2769,2025-06-18,충청북도,농업회사법인(주)진샘,청주시 흥덕구,"제조,가공",2025-6-0285,식품제조가공업,농업회사법인진샘,청주시 흥덕구 농업회사법인진샘,127.37003339962106,36.65971470231553,2025-6-0285,20250635011,농업회사법인(주)진샘,식품제조가공업,충청북도 청주시 흥덕구,식품
당절임,106,2028-06-17,BIZ047,식품,C10500004,2770,2025-06-18,충청북도,농업회사법인(주)진샘,청주시 흥덕구,"제조,가공",2025-6-0284,식품제조가공업,농업회사법인진샘,청주시 흥덕구 농업회사법인진샘,127.37003339962106,36.65971470231553,2025-6-0284,20250635011,농업회사법인(주)진샘,식품제조가공업,충청북도 청주시 흥덕구,식품
당류가공품,106,2028-06-17,BIZ047,식품,C09600012,2771,2025-06-18,충청북도,농업회사법인(주)진샘,청주시 흥덕구,"제조,가공",2025-6-0283,식품제조가공업,농업회사법인진샘,청주시 흥덕구 농업회사법인진샘,127.37003339962106,36.65971470231553,2025-6-0283,20250635011,농업회사법인(주)진샘,식품제조가공업,충청북도 청주시 흥덕구,식품
로열젤리제품,106,2028-06-17,BIZ047,식품,C11200006,2772,2025-06-18,충청북도,주식회사 노바렉스,청주시 흥덕구,"제조,가공",2025-6-0282,식품제조가공업,주식회사 노바렉스,청주시 흥덕구 주식회사 노바렉스,127.30378989947428,36.62332820099853,2025-6-0282,20030415157,주식회사 노바렉스,식품제조가공업,충청북도 청주시 흥덕구,식품
당류가공품,106,2028-06-17,BIZ047,식품,C09600012,2773,2025-06-18,충청북도,주식회사 노바렉스,청주시 흥덕구,"제조,가공",2025-6-0281,식품제조가공업,주식회사 노바렉스,청주시 흥덕구 주식회사 노바렉스,127.30378989947428,36.62332820099853,2025-6-0281,20030415157,주식회사 노바렉스,식품제조가공업,충청북도 청주시 흥덕구,식품
양념육,612,2028-06-17,BIZ047,축산물,86,2774,2025-06-18,대전광역시,주식회사 지피에프씨,대덕구,"제조,가공",2025-6-0280,축산물가공업-식육가공업,주식회사 지피에프씨,대덕구 주식회사 지피에프씨,127.4446049001363,36.35377819646167,2025-6-0280,20170230010,주식회사 지피에프씨,축산물가공업-식육가공업,대전광역시 대덕구,축산물
포장육,604,2028-06-17,BIZ047,축산물,78,2775,2025-06-18,대전광역시,주식회사 지피에프씨,대덕구,"제조,가공",2025-6-0279,식육포장처리업,주식회사 지피에프씨,대덕구 주식회사 지피에프씨,127.4446049001363,36.35377819646167,2025-6-0279,20180246058,주식회사 지피에프씨,식육포장처리업,대전광역시 대덕구,축산물
커피,106,2028-06-17,BIZ047,식품,C10100004,2776,2025-06-18,충청남도,(주)선제,천안시 서북구,"제조,가공",2025-6-0278,식품제조가공업,선제,천안시 서북구 선제,127.12498779978188,36.91501148927068,2025-6-0278,20240683424,(주)선제,식품제조가공업,충청남도 천안시 서북구,식품
고형차,106,2028-06-17,BIZ047,식품,C10100003,2777,2025-06-18,충청남도,(주)선제,천안시 서북구,"제조,가공",2025-6-0277,식품제조가공업,선제,천안시 서북구 선제,127.12498779978188,36.91501148927068,2025-6-0277,20240683424,(주)선제,식품제조가공업,충청남도 천안시 서북구,식품
당류가공품,106,2028-06-17,BIZ047,식품,C09600012,2778,2025-06-18,충청남도,(주)선제,천안시 서북구,"제조,가공",2025-6-0276,식품제조가공업,선제,천안시 서북구 선제,127.12498779978188,36.91501148927068,2025-6-0276,20240683424,(주)선제,식품제조가공업,충청남도 천안시 서북구,식품
기타 코코아가공품,106,2028-06-17,BIZ047,식품,C09500004,2779,2025-06-18,충청남도,(주)선제,천안시 서북구,"제조,가공",2025-6-0275,식품제조가공업,선제,천안시 서북구 선제,127.12498779978188,36.91501148927068,2025-6-0275,20240683424,(주)선제,식품제조가공업,충청남도 천안시 서북구,식품
향신료조제품,106,2028-06-17,BIZ047,식품,C10400012,2780,2025-06-18,충청남도,(주)선제,천안시 서북구,"제조,가공",2025-6-0274,식품제조가공업,선제,천안시 서북구 선제,127.12498779978188,36.91501148927068,2025-6-0274,20240683424,(주)선제,식품제조가공업,충청남도 천안시 서북구,식품
기타가공품,106,2028-06-17,BIZ047,식품,C11400002,2781,2025-06-18,충청북도,서울향료(주)음성공장,음성군,"제조,가공",2025-6-0273,식품제조가공업,서울향료음성공장,음성군 서울향료음성공장,,,2025-6-0273,20030445177,서울향료(주)음성공장,식품제조가공업,충청북도 음성군,식품
향신료조제품,106,2028-06-17,BIZ047,식품,C10400012,2782,2025-06-18,충청북도,서울향료(주)음성공장,음성군,"제조,가공",2025-6-0272,식품제조가공업,서울향료음성공장,음성군 서울향료음성공장,,,2025-6-0272,20030445177,서울향료(주)음성공장,식품제조가공업,충청북도 음성군,식품
포장육,604,2028-06-16,BIZ047,축산물,78,2783,2025-06-17,대전광역시,(주)차오름포크 농업회사법인,중구,"제조,가공",2025-6-0271,식육포장처리업,차오름포크 농업회사법인,중구 차오름포크 농업회사법인,127.38855680015348,36.296706000605326,2025-6-0271,20130233598,(주)차오름포크 농업회사법인,식육포장처리업,대전광역시 중구,축산물
식용란수집판매업,635,2028-06-16,BIZ048,축산물,581,2784,2025-06-17,충청남도,에그조아,아산시,"유통,판매,조리",2025-6-0270,축산물판매업-식용란수집판매업,에그조아,아산시 에그조아,127.0524172003559,36.84418596285519,2025-6-0270,20190467536,에그조아,축산물판매업-식용란수집판매업,충청남도 아산시,축산물
포장육,604,2028-06-16,BIZ047,축산물,78,2785,2025-06-17,대전광역시,정든유통,중구,"제조,가공",2025-6-0269,식육포장처리업,정든유통,중구 정든유통,127.38355610033712,36.297162601041045,2025-6-0269,20110233677,정든유통,식육포장처리업,대전광역시 중구,축산물
양념육,612,2028-06-16,BIZ047,축산물,86,2786,2025-06-17,대전광역시,정든유통,중구,"제조,가공",2025-6-0268,축산물가공업-식육가공업,정든유통,중구 정든유통,127.38355610033712,36.297162601041045,2025-6-0268,20140230021,정든유통,축산물가공업-식육가공업,대전광역시 중구,축산물
콩기름(대두유),106,2028-06-16,BIZ047,식품,C09900001,2787,2025-06-17,충청북도,(주)대경오앤티,음성군,"제조,가공",2025-6-0267,식품제조가공업,대경오앤티,음성군 대경오앤티,127.46134609965348,36.98085710128712,2025-6-0267,20250676077,(주)대경오앤티,식품제조가공업,충청북도 음성군,식품
캔디류,106,2028-06-12,BIZ047,식품,C09300002,2788,2025-06-13,충청북도,한국바이오팜(주)에이치피,진천군,"제조,가공",2025-6-0266,식품제조가공업,한국바이오팜에이치피,진천군 한국바이오팜에이치피,127.51328530220952,36.890490100519074,2025-6-0266,19950443100,한국바이오팜(주)에이치피,식품제조가공업,충청북도 진천군,식품
포장육,604,2028-06-12,BIZ047,축산물,78,2789,2025-06-13,충청북도,(주)정축산,음성군,"제조,가공",2025-6-0265,식육포장처리업,정축산,음성군 정축산,127.53127820279424,36.9460363991173,2025-6-0265,20120445301,(주)정축산,식육포장처리업,충청북도 음성군,축산물
양념육,612,2028-06-12,BIZ047,축산물,86,2790,2025-06-13,충청북도,(주)정축산,음성군,"제조,가공",2025-6-0264,축산물가공업-식육가공업,정축산,음성군 정축산,127.53127820279424,36.9460363991173,2025-6-0264,20170405018,(주)정축산,축산물가공업-식육가공업,충청북도 음성군,축산물
올리브유,106,2028-06-11,BIZ047,식품,C09900013,2791,2025-06-12,충청북도,(주)한국씨엔에스팜,음성군,"제조,가공",2025-6-0263,식품제조가공업,한국씨엔에스팜,음성군 한국씨엔에스팜,127.71192359821998,36.880528198071,2025-6-0263,20030445025,(주)한국씨엔에스팜,식품제조가공업,충청북도 음성군,식품
양념육,612,2028-06-11,BIZ047,축산물,86,2792,2025-06-12,충청남도,(주)감동을주는사람들,공주시,"제조,가공",2025-6-0262,축산물가공업-식육가공업,감동을주는사람들,공주시 감동을주는사람들,127.09111679969642,36.47631250098097,2025-6-0262,20240681022,(주)감동을주는사람들,축산물가공업-식육가공업,충청남도 공주시,축산물
혼합음료,106,2028-06-11,BIZ047,식품,C10100016,2793,2025-06-12,충청북도,농업법인(주)옻가네,제천시,"제조,가공",2025-6-0261,식품제조가공업,농업법인옻가네,제천시 농업법인옻가네,128.1670519016682,37.15345850401586,2025-6-0261,20070435069,농업법인(주)옻가네,식품제조가공업,충청북도 제천시,식품
마요네즈,106,2028-06-10,BIZ047,식품,C10400004,2794,2025-06-11,충청남도,대상푸드플러스주식회사,천안시 동남구,"제조,가공",2025-6-0260,식품제조가공업,대상푸드플러스주식회사,천안시 동남구 대상푸드플러스주식회사,127.09954080006358,36.7274447475995,2025-6-0260,19880449004,대상푸드플러스주식회사,식품제조가공업,충청남도 천안시 동남구,식품
식육추출가공품,612,2028-06-10,BIZ047,축산물,89,2795,2025-06-11,충청북도,정성유통,충주시,"제조,가공",2025-6-0259,축산물가공업-식육가공업,정성유통,충주시 정성유통,127.93502219992509,36.98954320091437,2025-6-0259,20140405027,정성유통,축산물가공업-식육가공업,충청북도 충주시,축산물
액상차,106,2028-06-08,BIZ047,식품,C10100002,2796,2025-06-09,충청남도,동진바이오농업회사법인(주),금산군,"제조,가공",2025-6-0258,식품제조가공업,동진바이오농업회사법인,금산군 동진바이오농업회사법인,127.5739818999792,36.08366200111671,2025-6-0258,20190473155,동진바이오농업회사법인(주),식품제조가공업,충청남도 금산군,식품
과ㆍ채주스,106,2028-06-08,BIZ047,식품,C10100006,2797,2025-06-09,충청남도,동진바이오농업회사법인(주),금산군,"제조,가공",2025-6-0257,식품제조가공업,동진바이오농업회사법인,금산군 동진바이오농업회사법인,127.5739818999792,36.08366200111671,2025-6-0257,20190473155,동진바이오농업회사법인(주),식품제조가공업,충청남도 금산군,식품
캔디류,106,2028-06-04,BIZ047,식품,C09300002,2798,2025-06-05,대전광역시,주식회사 데미엄예푸드,대덕구,"제조,가공",2025-6-0256,식품제조가공업,주식회사 데미엄예푸드,대덕구 주식회사 데미엄예푸드,,,2025-6-0256,20250342129,주식회사 데미엄예푸드,식품제조가공업,대전광역시 대덕구,식품
과자,106,2028-06-04,BIZ047,식품,C09300001,2799,2025-06-05,대전광역시,주식회사 데미엄예푸드,대덕구,"제조,가공",2025-6-0255,식품제조가공업,주식회사 데미엄예푸드,대덕구 주식회사 데미엄예푸드,,,2025-6-0255,20250342129,주식회사 데미엄예푸드,식품제조가공업,대전광역시 대덕구,식품
당절임,106,2028-06-04,BIZ047,식품,C10500004,2800,2025-06-05,충청남도,주식회사 금산몰,금산군,"제조,가공",2025-6-0254,식품제조가공업,주식회사 금산몰,금산군 주식회사 금산몰,127.50327079723525,36.08620948282453,2025-6-0254,20070467207,주식회사 금산몰,식품제조가공업,충청남도 금산군,식품
인삼ㆍ홍삼음료,106,2028-06-04,BIZ047,식품,C10100015,2801,2025-06-05,충청남도,주식회사 금산몰,금산군,"제조,가공",2025-6-0253,식품제조가공업,주식회사 금산몰,금산군 주식회사 금산몰,127.50327079723525,36.08620948282453,2025-6-0253,20070467207,주식회사 금산몰,식품제조가공업,충청남도 금산군,식품
액상차,106,2028-06-04,BIZ047,식품,C10100002,2802,2025-06-05,충청남도,주식회사 금산몰,금산군,"제조,가공",2025-6-0252,식품제조가공업,주식회사 금산몰,금산군 주식회사 금산몰,127.50327079723525,36.08620948282453,2025-6-0252,20070467207,주식회사 금산몰,식품제조가공업,충청남도 금산군,식품
과자,106,2028-06-04,BIZ047,식품,C09300001,2803,2025-06-05,충청북도,청년농부들,제천시,"제조,가공",2025-6-0251,식품제조가공업,청년농부들,제천시 청년농부들,128.10222630214415,37.09022949925555,2025-6-0251,20170435046,청년농부들,식품제조가공업,충청북도 제천시,식품
분쇄가공육제품,612,2028-06-04,BIZ047,축산물,87,2804,2025-06-05,충청북도,주식회사 그린푸드,충주시,"제조,가공",2025-6-0250,축산물가공업-식육가공업,주식회사 그린푸드,충주시 주식회사 그린푸드,127.93668520326894,37.083276403404746,2025-6-0250,20250633015,주식회사 그린푸드,축산물가공업-식육가공업,충청북도 충주시,축산물
과자,106,2028-06-01,BIZ047,식품,C09300001,2805,2025-06-02,충청북도,(주)디에이치푸드농업회사법인,충주시,"제조,가공",2025-6-0249,식품제조가공업,디에이치푸드농업회사법인,충주시 디에이치푸드농업회사법인,127.88559440559288,36.939265100943466,2025-6-0249,20140433363,(주)디에이치푸드농업회사법인,식품제조가공업,충청북도 충주시,식품
떡류,106,2028-06-01,BIZ047,식품,C09300005,2806,2025-06-02,대전광역시,주식회사 백백,유성구,"제조,가공",2025-6-0248,식품제조가공업,주식회사 백백,유성구 주식회사 백백,127.31632890001912,36.30192069696896,2025-6-0248,20230326264,향옥 에프앤비,식품제조가공업,대전광역시 유성구,식품
포장육,604,2028-06-01,BIZ047,축산물,78,2807,2025-06-02,대전광역시,화랑,서구,"제조,가공",2025-6-0247,식육포장처리업,화랑,서구 화랑,127.38572629986476,36.36704789676624,2025-6-0247,20230321422,화랑,식육포장처리업,대전광역시 서구,축산물
기타 수산물가공품 중 냉동조미가공품,106,2028-06-01,BIZ047,식품,C11900001,2808,2025-06-02,대전광역시,주식회사 블루웨이브식품,중구,"제조,가공",2025-6-0246,식품제조가공업,주식회사 블루웨이브식품,중구 주식회사 블루웨이브식품,127.4416429004307,36.30126089714686,2025-6-0246,20250329131,주식회사 블루웨이브식품,식품제조가공업,대전광역시 중구,식품
기타 수산물가공품 중 냉동어류,106,2028-06-01,BIZ047,식품,C11700001,2809,2025-06-02,대전광역시,주식회사 블루웨이브식품,중구,"제조,가공",2025-6-0245,식품제조가공업,주식회사 블루웨이브식품,중구 주식회사 블루웨이브식품,127.4416429004307,36.30126089714686,2025-6-0245,20250329131,주식회사 블루웨이브식품,식품제조가공업,대전광역시 중구,식품
기타 수산물가공품,106,2028-06-01,BIZ047,식품,C11000016,2810,2025-06-02,대전광역시,주식회사 블루웨이브식품,중구,"제조,가공",2025-6-0244,식품제조가공업,주식회사 블루웨이브식품,중구 주식회사 블루웨이브식품,127.4416429004307,36.30126089714686,2025-6-0244,20250329131,주식회사 블루웨이브식품,식품제조가공업,대전광역시 중구,식품
포장육,604,2028-06-01,BIZ047,축산물,78,2811,2025-06-02,충청북도,라인미트,청주시 서원구,"제조,가공",2025-6-0240,식육포장처리업,라인미트,청주시 서원구 라인미트,127.4709386999222,36.58995729674944,2025-6-0240,20240635138,라인미트,식육포장처리업,충청북도 청주시 서원구,축산물
기타 농산가공품,106,2028-06-01,BIZ047,식품,C10700014,2812,2025-06-02,충청남도,삼식농가(주)농업회사법인,금산군,"제조,가공",2025-6-0239,식품제조가공업,삼식농가농업회사법인,금산군 삼식농가농업회사법인,127.48828350020266,36.09648274571497,2025-6-0239,20130467086,삼식농가(주)농업회사법인,식품제조가공업,충청남도 금산군,식품
침출차,106,2028-06-01,BIZ047,식품,C10100001,2813,2025-06-02,충청남도,삼식농가(주)농업회사법인,금산군,"제조,가공",2025-6-0238,식품제조가공업,삼식농가농업회사법인,금산군 삼식농가농업회사법인,127.48828350020266,36.09648274571497,2025-6-0238,20130467086,삼식농가(주)농업회사법인,식품제조가공업,충청남도 금산군,식품
고춧가루,106,2028-05-29,BIZ047,식품,C10400009,2814,2025-05-30,충청북도,주식회사청정식품(제2공장),충주시,"제조,가공",2025-6-0237,식품제조가공업,주식회사청정식품,충주시 주식회사청정식품,127.92062530059326,37.00236979779141,2025-6-0237,20250658177,주식회사청정식품(제2공장),식품제조가공업,충청북도 충주시,식품
혼합음료,106,2028-05-29,BIZ047,식품,C10100016,2815,2025-05-30,충청북도,(주)한국씨엔에스팜,음성군,"제조,가공",2025-6-0236,식품제조가공업,한국씨엔에스팜,음성군 한국씨엔에스팜,127.71192359821998,36.880528198071,2025-6-0236,20030445025,(주)한국씨엔에스팜,식품제조가공업,충청북도 음성군,식품
기타 식용유지가공품,106,2028-05-29,BIZ047,식품,C09900027,2816,2025-05-30,충청북도,(주)한국씨엔에스팜,음성군,"제조,가공",2025-6-0235,식품제조가공업,한국씨엔에스팜,음성군 한국씨엔에스팜,127.71192359821998,36.880528198071,2025-6-0235,20030445025,(주)한국씨엔에스팜,식품제조가공업,충청북도 음성군,식품
과ㆍ채가공품,106,2028-05-29,BIZ047,식품,C10700010,2817,2025-05-30,충청남도,주식회사바이오360,천안시 서북구,"제조,가공",2025-6-0234,식품제조가공업,주식회사바이오360,천안시 서북구 주식회사바이오360,127.12236200032538,36.85927240071712,2025-6-0234,20200456111,주식회사바이오360,식품제조가공업,충청남도 천안시 서북구,식품
양념육,612,2028-05-27,BIZ047,축산물,86,2818,2025-05-28,충청남도,농업회사법인 (주)병천순대,천안시 동남구,"제조,가공",2025-6-0233,축산물가공업-식육가공업,농업회사법인 병천순대,천안시 동남구 농업회사법인 병천순대,127.2855650999348,36.73615179631416,2025-6-0233,20230632026,농업회사법인 (주)병천순대,축산물가공업-식육가공업,충청남도 천안시 동남구,축산물
숙면,106,2028-05-27,BIZ047,식품,C10000002,2819,2025-05-28,충청남도,(주)맑음,금산군,"제조,가공",2025-6-0232,식품제조가공업,맑음,금산군 맑음,127.519005496395,36.20702559700848,2025-6-0232,20240712235,(주)맑음,식품제조가공업,충청남도 금산군,식품
유함유가공품,106,2028-05-27,BIZ047,식품,C0318140000000,2820,2025-05-28,충청남도,(주)한미식품,논산시,"제조,가공",2025-6-0231,식품제조가공업,한미식품,논산시 한미식품,127.02075750008844,36.1402483494464,2025-6-0231,20150464166,(주)한미식품,식품제조가공업,충청남도 논산시,식품
식육추출가공품,612,2028-05-27,BIZ047,축산물,89,2821,2025-05-28,대전광역시,엄니푸드,중구,"제조,가공",2025-6-0230,축산물가공업-식육가공업,엄니푸드,중구 엄니푸드,,,2025-6-0230,20210233008,엄니푸드,축산물가공업-식육가공업,대전광역시 동구,축산물
땅콩 또는 견과류가공품,106,2028-05-26,BIZ047,식품,C10700006,2822,2025-05-27,충청북도,(주)흥국에프엔비,음성군,"제조,가공",2025-6-0229,식품제조가공업,흥국에프엔비,음성군 흥국에프엔비,127.46843529994923,37.01028737432047,2025-6-0229,20110445292,(주)흥국에프엔비,식품제조가공업,충청북도 음성군,식품
커피,106,2028-05-26,BIZ047,식품,C10100004,2824,2025-05-27,충청북도,엠에스바이오텍(주),음성군,"제조,가공",2025-6-0227,식품제조가공업,엠에스바이오텍,음성군 엠에스바이오텍,127.45141360016612,36.950916361293146,2025-6-0227,20010445002,엠에스바이오텍(주),식품제조가공업,충청북도 음성군,식품
절임식품,106,2028-05-26,BIZ047,식품,C10500003,2825,2025-05-27,충청북도,영신내추럴,충주시,"제조,가공",2025-6-0226,식품제조가공업,영신내추럴,충주시 영신내추럴,127.90656180238042,37.021277955538864,2025-6-0226,20090433290,영신내추럴,식품제조가공업,충청북도 충주시,식품
김치(기타김치),106,2028-05-26,BIZ047,식품,C10500002,2826,2025-05-27,충청북도,영신내추럴,충주시,"제조,가공",2025-6-0225,식품제조가공업,영신내추럴,충주시 영신내추럴,127.90656180238042,37.021277955538864,2025-6-0225,20090433290,영신내추럴,식품제조가공업,충청북도 충주시,식품
김칫속,106,2028-05-26,BIZ047,식품,C10500001,2827,2025-05-27,충청북도,영신내추럴,충주시,"제조,가공",2025-6-0224,식품제조가공업,영신내추럴,충주시 영신내추럴,127.90656180238042,37.021277955538864,2025-6-0224,20090433290,영신내추럴,식품제조가공업,충청북도 충주시,식품
냉동식품 중 면류(생면),106,2028-12-09,BIZ047,식품,C12200001,2828,2025-05-25,충청북도,주식회사 재성,영동군,"제조,가공",2025-6-0223,식품제조가공업,주식회사 재성,영동군 주식회사 재성,127.7985938500089,36.195323785786,2025-6-0223,20190448086,주식회사 재성,식품제조가공업,충청북도 영동군,식품
액상차,106,2028-05-24,BIZ047,식품,C10100002,2829,2025-05-25,충청북도,농업회사법인(유)더존실키팜,충주시,"제조,가공",2025-6-0222,식품제조가공업,농업회사법인더존실키팜,충주시 농업회사법인더존실키팜,,,2025-6-0222,20210442430,농업회사법인(유)더존실키팜,식품제조가공업,충청북도 충주시,식품
올리브유,106,2028-05-22,BIZ047,식품,C09900013,2830,2025-05-23,,콜마비앤에이치(주)원성공장,,"제조,가공",2025-6-0221,식품제조가공업,콜마비앤에이치원성공장,,128.55103810048135,35.93255540021562,2025-6-0221,20160257576,콜마비앤에이치(주)원성공장,식품제조가공업,세종특별자치시,식품
올리브유,106,2029-07-10,BIZ047,식품,C09900013,2831,2025-05-23,충청북도,(주)코지맘바이오,음성군,"제조,가공",2025-6-0220,식품제조가공업,코지맘바이오,음성군 코지맘바이오,127.5303421003017,36.961087601054906,2025-6-0220,20230627153,(주)코지맘바이오,식품제조가공업,충청북도 음성군,식품
"양념육,갈비가공품,식육추출가공품",612,2028-05-21,BIZ047,축산물,"89,88,86",2832,2025-05-22,충청북도,주식회사위,청주시 서원구,"제조,가공",2025-6-0219,축산물가공업-식육가공업,주식회사위,청주시 서원구 주식회사위,127.43506290050782,36.5614006004806,2025-6-0219,20210423005,주식회사위,축산물가공업-식육가공업,충청북도 청주시 서원구,축산물
기타가공품,106,2028-05-20,BIZ047,식품,C11400002,2833,2025-05-21,충청남도,주식회사국일에프앤비공주지점,공주시,"제조,가공",2025-6-0218,식품제조가공업,주식회사국일에프앤비공주지점,공주시 주식회사국일에프앤비공주지점,,,2025-6-0218,20150458188,주식회사국일에프앤비공주지점,식품제조가공업,충청남도 공주시,식품
곡류가공품,106,2028-05-18,BIZ047,식품,C10700011,2835,2025-05-19,충청남도,농업회사법인연농유통,논산시,"제조,가공",2025-6-0216,식품제조가공업,농업회사법인연농유통,논산시 농업회사법인연농유통,127.15363029966392,36.24014220227229,2025-6-0216,20250707030,농업회사법인연농유통,식품제조가공업,충청남도 논산시,식품
햄,612,2028-05-15,BIZ047,축산물,79,2836,2025-05-16,충청북도,주식회사 포엘,청주시 청원구,"제조,가공",2025-6-0215,축산물가공업-식육가공업,주식회사 포엘,청주시 청원구 주식회사 포엘,127.45941859999984,36.7172120094909,2025-6-0215,20240633035,주식회사 포엘,축산물가공업-식육가공업,충청북도 청주시 청원구,축산물
"양념육,식육추출가공품",612,2028-05-15,BIZ047,축산물,"86,89",2837,2025-05-16,충청남도,하누물,천안시 서북구,"제조,가공",2025-6-0214,축산물가공업-식육가공업,하누물,천안시 서북구 하누물,127.17447750027088,36.910124796720034,2025-6-0214,20250681006,하누물 제2공장,축산물가공업-식육가공업,충청남도 천안시 서북구,축산물
음료베이스,106,2028-05-15,BIZ047,식품,C10100017,2838,2025-05-16,충청북도,괴산두루두루협동조합,괴산군,"제조,가공",2025-6-0213,식품제조가공업,괴산두루두루협동조합,괴산군 괴산두루두루협동조합,127.80394329472388,36.9127990977582,2025-6-0213,20240674170,괴산두루두루협동조합,식품제조가공업,충청북도 괴산군,식품
빵류,106,2028-05-15,BIZ047,식품,C09300004,2839,2025-05-16,충청북도,괴산두루두루협동조합,괴산군,"제조,가공",2025-6-0212,식품제조가공업,괴산두루두루협동조합,괴산군 괴산두루두루협동조합,127.80394329472388,36.9127990977582,2025-6-0212,20240674170,괴산두루두루협동조합,식품제조가공업,충청북도 괴산군,식품
빵류,106,2028-05-15,BIZ047,식품,C09300004,2840,2025-05-16,충청남도,낵스,아산시,"제조,가공",2025-6-0211,식품제조가공업,낵스,아산시 낵스,127.0477151003349,36.79554629656711,2025-6-0211,20250702245,낵스,식품제조가공업,충청남도 아산시,식품
과자,106,2028-05-15,BIZ047,식품,C09300001,2841,2025-05-16,충청남도,낵스,아산시,"제조,가공",2025-6-0210,식품제조가공업,낵스,아산시 낵스,127.0477151003349,36.79554629656711,2025-6-0210,20250702245,낵스,식품제조가공업,충청남도 아산시,식품
과자,106,2028-05-15,BIZ047,식품,C09300001,2842,2025-05-16,대전광역시,야미요밀,대덕구,"제조,가공",2025-6-0209,식품제조가공업,야미요밀,대덕구 야미요밀,127.4068714997672,36.436935900850585,2025-6-0209,20210246350,야미요밀,식품제조가공업,대전광역시 대덕구,식품
액상차,106,2028-05-13,BIZ047,식품,C10100002,2843,2025-05-14,충청남도,주)논산팜,논산시,"제조,가공",2025-6-0208,식품제조가공업,주)논산팜,논산시 주)논산팜,127.12950929985608,36.13181219716774,2025-6-0208,20250707016,주)논산팜,식품제조가공업,충청남도 논산시,식품
당절임,106,2028-05-13,BIZ047,식품,C10500004,2844,2025-05-14,충청남도,주식회사새롬푸드테크농업회사법인,천안시 동남구,"제조,가공",2025-6-0206,식품제조가공업,주식회사새롬푸드테크농업회사법인,천안시 동남구 주식회사새롬푸드테크농업회사법인,127.23419019980896,36.72571200395821,2025-6-0206,20150449037,주식회사새롬푸드테크농업회사법인,식품제조가공업,충청남도 천안시 동남구,식품
식육함유가공품,106,2029-07-06,BIZ047,식품,C10800001,2845,2025-05-13,충청남도,(주)사조오양금산공장,금산군,"제조,가공",2025-6-0205,식품제조가공업,사조오양금산공장,금산군 사조오양금산공장,127.51734540008091,36.21863475131764,2025-6-0205,20100467117,(주)사조오양금산공장,식품제조가공업,충청남도 금산군,식품
음료베이스,106,2028-05-11,BIZ047,식품,C10100017,2846,2025-05-12,충청남도,(주)우양,서천군,"제조,가공",2025-6-0204,식품제조가공업,우양,서천군 우양,126.69975440054236,36.00798600083877,2025-6-0204,20060471148,(주)우양,식품제조가공업,충청남도 서천군,식품
당뇨환자용 식단형 식품,106,2029-06-07,BIZ047,식품,C0324030100000,2847,2025-05-09,대전광역시,주식회사만풍농업회사법인,동구,"제조,가공",2025-6-0203,식품제조가공업,주식회사만풍농업회사법인,동구 주식회사만풍농업회사법인,127.43895429955754,36.21858719928758,2025-6-0203,20160458115,주식회사만풍농업회사법인,식품제조가공업,충청남도 공주시,식품
혼합음료,106,2028-05-08,BIZ047,식품,C10100016,2848,2025-05-09,충청북도,주식회사 사랑과 사람들(제2공장),보은군,"제조,가공",2025-6-0202,식품제조가공업,주식회사 사랑과 사람들,보은군 주식회사 사랑과 사람들,127.65927159663175,36.53128017132783,2025-6-0202,20010439098,주식회사 사랑과 사람들(제2공장),식품제조가공업,충청북도 보은군,식품
김치(배추김치),106,2028-05-08,BIZ047,식품,C12300001,2849,2025-05-09,충청북도,주식회사 찬담,청주시 흥덕구,"제조,가공",2025-6-0201,식품제조가공업,주식회사 찬담,청주시 흥덕구 주식회사 찬담,127.3700567994792,36.62210319668709,2025-6-0201,20240635137,주식회사 찬담,식품제조가공업,충청북도 청주시 흥덕구,식품
김치(기타김치),106,2028-05-08,BIZ047,식품,C10500002,2850,2025-05-09,충청북도,주식회사 찬담,청주시 흥덕구,"제조,가공",2025-6-0200,식품제조가공업,주식회사 찬담,청주시 흥덕구 주식회사 찬담,127.3700567994792,36.62210319668709,2025-6-0200,20240635137,주식회사 찬담,식품제조가공업,충청북도 청주시 흥덕구,식품
기타 수산물가공품,106,2028-05-08,BIZ047,식품,C11000016,2851,2025-05-09,충청북도,송학식품,보은군,"제조,가공",2025-6-0199,식품제조가공업,송학식품,보은군 송학식품,127.72531680236634,36.48921930220644,2025-6-0199,19930439001,송학식품,식품제조가공업,충청북도 보은군,식품
양념육,612,2028-05-08,BIZ047,축산물,86,2852,2025-05-09,대전광역시,(주)미트메이드,중구,"제조,가공",2025-6-0198,축산물가공업-식육가공업,미트메이드,중구 미트메이드,127.38029990021464,36.274270800510834,2025-6-0198,20170230008,(주)미트메이드,축산물가공업-식육가공업,대전광역시 중구,축산물
소스,106,2028-05-08,BIZ047,식품,C10400003,2853,2025-05-09,대전광역시,위드몬,대덕구,"제조,가공",2025-6-0197,식품제조가공업,위드몬,대덕구 위드몬,127.41391830037036,36.35301750348496,2025-6-0197,20120242143,위드몬,식품제조가공업,대전광역시 대덕구,식품
기타가공품,106,2028-05-08,BIZ047,식품,C11400002,2854,2025-05-09,충청남도,천이고려홍삼EG,금산군,"제조,가공",2025-6-0196,식품제조가공업,천이고려홍삼EG,금산군 천이고려홍삼EG,127.4940023999355,36.0804762543932,2025-6-0196,20190473180,천이고려홍삼EG,식품제조가공업,충청남도 금산군,식품
두류가공품,106,2028-10-03,BIZ047,식품,C10700012,2855,2025-05-09,대전광역시,주식회사 베리네이처,유성구,"제조,가공",2025-6-0195,식품제조가공업,주식회사 베리네이처,유성구 주식회사 베리네이처,127.30848489956776,36.33743640048274,2025-6-0195,20220317882,주식회사 베리네이처,식품제조가공업,대전광역시 유성구,식품
고형차,106,2028-05-07,BIZ047,식품,C10100003,2856,2025-05-08,충청남도,주식회사한국코스모,천안시,"제조,가공",2025-6-0194,식품제조가공업,주식회사한국코스모,천안시 주식회사한국코스모,127.09649900036774,36.72631870067112,2025-6-0194,20200456711,주식회사한국코스모,식품제조가공업,충청남도 천안시 동남구,식품
올리브유,106,2028-05-07,BIZ047,식품,C09900013,2857,2025-05-08,충청북도,광동헬스바이오(주) 2공장,청주시 청원구,"제조,가공",2025-6-0193,식품제조가공업,광동헬스바이오 2공장,청주시 청원구 광동헬스바이오 2공장,127.44085849986884,36.71449720069189,2025-6-0193,20190424102,광동헬스바이오(주) 2공장,식품제조가공업,충청북도 청주시 청원구,식품
기타식물성유지,106,2028-05-06,BIZ047,식품,C09900017,2858,2025-05-07,충청북도,(주)유디바이오,진천군,"제조,가공",2025-6-0192,식품제조가공업,유디바이오,진천군 유디바이오,127.44141940048208,36.88819319551035,2025-6-0192,20200450248,(주)유디바이오,식품제조가공업,충청북도 진천군,식품
포장육,604,2028-05-01,BIZ047,축산물,78,2859,2025-05-02,충청남도,(주)명성에프앤비,홍성군,"제조,가공",2025-6-0191,식육포장처리업,명성에프앤비,홍성군 명성에프앤비,126.64809810037276,36.56335949996642,2025-6-0191,20240720335,(주)명성에프앤비,식육포장처리업,충청남도 홍성군,축산물
잼,106,2029-07-02,BIZ047,식품,C09700001,2860,2025-05-02,충청북도,(주)신세계푸드 음성공장,음성군,"제조,가공",2025-6-0190,식품제조가공업,신세계푸드 음성공장,음성군 신세계푸드 음성공장,127.68115999814891,36.8878419983788,2025-6-0190,20150445222,(주)신세계푸드 음성공장,식품제조가공업,충청북도 음성군,식품
기타가공품,106,2028-04-29,BIZ047,식품,C11400002,2861,2025-04-30,충청북도,(주)비전바이오켐,음성군,"제조,가공",2025-6-0189,식품제조가공업,비전바이오켐,음성군 비전바이오켐,127.54228289875186,36.9658696961719,2025-6-0189,20070275103,(주)비전바이오켐,식품제조가공업,경기도 성남시 중원구,식품
과ㆍ채가공품,106,2028-04-29,BIZ047,식품,C10700010,2862,2025-04-30,충청북도,주식회사 노바렉스,청주시 흥덕구,"제조,가공",2025-6-0188,식품제조가공업,주식회사 노바렉스,청주시 흥덕구 주식회사 노바렉스,127.30378989947428,36.62332820099853,2025-6-0188,20030415157,주식회사 노바렉스,식품제조가공업,충청북도 청주시 흥덕구,식품
조미건어포,106,2028-04-29,BIZ047,식품,C11000011,2863,2025-04-30,충청북도,㈜동해식품,청주시 상당구,"제조,가공",2025-6-0187,식품제조가공업,㈜동해식품,청주시 상당구 ㈜동해식품,127.51143460039869,36.62252779074954,2025-6-0187,20150415080,(주)동해식품,식품제조가공업,충청북도 청주시 상당구,식품
즉석섭취식품,106,2028-04-29,BIZ047,식품,C11300003,2864,2025-04-30,대전광역시,리틀리커피,동구,"제조,가공",2025-6-0186,식품제조가공업,리틀리커피,동구 리틀리커피,127.43169660024344,36.35327030356372,2025-6-0186,20240326682,리틀리커피,식품제조가공업,대전광역시 동구,식품
빵류,106,2028-04-29,BIZ047,식품,C09300004,2865,2025-04-30,대전광역시,리틀리커피,동구,"제조,가공",2025-6-0185,식품제조가공업,리틀리커피,동구 리틀리커피,127.43169660024344,36.35327030356372,2025-6-0185,20240326682,리틀리커피,식품제조가공업,대전광역시 동구,식품
과자,106,2028-04-29,BIZ047,식품,C09300001,2866,2025-04-30,대전광역시,리틀리커피,동구,"제조,가공",2025-6-0184,식품제조가공업,리틀리커피,동구 리틀리커피,127.43169660024344,36.35327030356372,2025-6-0184,20240326682,리틀리커피,식품제조가공업,대전광역시 동구,식품
혼합음료,106,2028-04-28,BIZ047,식품,C10100016,2867,2025-04-29,충청북도,건영웰푸드,옥천군,"제조,가공",2025-6-0183,식품제조가공업,건영웰푸드,옥천군 건영웰푸드,127.58866989754353,36.315755200187695,2025-6-0183,20250666001,건영웰푸드,식품제조가공업,충청북도 옥천군,식품
과ㆍ채가공품,106,2028-04-28,BIZ047,식품,C10700010,2868,2025-04-29,충청남도,농업회사법인의성농산주식회사,천안시 서북구,"제조,가공",2025-6-0182,식품제조가공업,농업회사법인의성농산주식회사,천안시 서북구 농업회사법인의성농산주식회사,127.14250179953471,36.88946250078173,2025-6-0182,20250683041,농업회사법인의성농산주식회사,식품제조가공업,충청남도 천안시 서북구,식품
천연향신료,106,2028-04-28,BIZ047,식품,C10400011,2869,2025-04-29,충청남도,농업회사법인의성농산주식회사,천안시 서북구,"제조,가공",2025-6-0181,식품제조가공업,농업회사법인의성농산주식회사,천안시 서북구 농업회사법인의성농산주식회사,127.14250179953471,36.88946250078173,2025-6-0181,20250683041,농업회사법인의성농산주식회사,식품제조가공업,충청남도 천안시 서북구,식품
포장육,604,2028-04-27,BIZ047,축산물,78,2870,2025-04-28,충청북도,하모아,청주시 서원구,"제조,가공",2025-6-0180,식육포장처리업,하모아,청주시 서원구 하모아,,,2025-6-0180,20250635010,도담에프엔비,식육포장처리업,충청북도 청주시 서원구,축산물
"양념육,식육추출가공품",612,2028-04-27,BIZ047,축산물,"89,86",2871,2025-04-28,충청북도,하모아,청주시 서원구,"제조,가공",2025-6-0179,축산물가공업-식육가공업,하모아,청주시 서원구 하모아,,,2025-6-0179,20250633001,도담에프엔비,축산물가공업-식육가공업,충청북도 청주시 서원구,축산물
혼합음료,106,2028-04-24,BIZ047,식품,C10100016,2872,2025-04-25,충청북도,농업회사법인주식회사 해피푸르츠,괴산군,"제조,가공",2025-6-0178,식품제조가공업,농업회사법인주식회사 해피푸르츠,괴산군 농업회사법인주식회사 해피푸르츠,127.8206848039848,36.84116972602577,2025-6-0178,20140444093,농업회사법인주식회사 해피푸르츠,식품제조가공업,충청북도 괴산군,식품
식품소분업(식육함유가공품),405,2028-04-23,BIZ048,식품,H02200001,2873,2025-04-24,충청북도,(주)티프렌,진천군,"유통,판매,조리",2025-6-0177,식품소분업,티프렌,진천군 티프렌,127.4140880996597,36.92755982522098,2025-6-0177,20160443350,(주)티프렌,식품소분업,충청북도 진천군,식품
복합조미식품,106,2028-04-23,BIZ047,식품,C10400006,2874,2025-04-24,충청북도,주식회사 지원에프엔비,진천군,"제조,가공",2025-6-0176,식품제조가공업,주식회사 지원에프엔비,진천군 주식회사 지원에프엔비,127.47700600016712,36.86582009766212,2025-6-0176,20250672047,주식회사 지원에프엔비,식품제조가공업,충청북도 진천군,식품
소스,106,2028-04-23,BIZ047,식품,C10400003,2875,2025-04-24,충청북도,주식회사 지원에프엔비,진천군,"제조,가공",2025-6-0175,식품제조가공업,주식회사 지원에프엔비,진천군 주식회사 지원에프엔비,127.47700600016712,36.86582009766212,2025-6-0175,20250672047,주식회사 지원에프엔비,식품제조가공업,충청북도 진천군,식품
곡류가공품,106,2028-04-23,BIZ047,식품,C10700011,2876,2025-04-24,충청남도,엠에스(MS)물산,천안시 서북구,"제조,가공",2025-6-0174,식품제조가공업,엠에스물산,천안시 서북구 엠에스물산,127.12572259955122,36.918070100670434,2025-6-0174,20240683188,엠에스(MS)물산,식품제조가공업,충청남도 천안시 서북구,식품
소스,106,2028-04-23,BIZ047,식품,C10400003,2877,2025-04-24,충청남도,엠에스(MS)물산,천안시 서북구,"제조,가공",2025-6-0173,식품제조가공업,엠에스물산,천안시 서북구 엠에스물산,127.12572259955122,36.918070100670434,2025-6-0173,20240683188,엠에스(MS)물산,식품제조가공업,충청남도 천안시 서북구,식품
기타 식용유지가공품,106,2028-04-23,BIZ047,식품,C09900027,2878,2025-04-24,충청남도,엠에스(MS)물산,천안시 서북구,"제조,가공",2025-6-0172,식품제조가공업,엠에스물산,천안시 서북구 엠에스물산,127.12572259955122,36.918070100670434,2025-6-0172,20240683188,엠에스(MS)물산,식품제조가공업,충청남도 천안시 서북구,식품
양념육,612,2028-04-22,BIZ047,축산물,86,2879,2025-04-23,충청북도,(주)푸드테이너컴퍼니,청주시 청원구,"제조,가공",2025-6-0171,축산물가공업-식육가공업,푸드테이너컴퍼니,청주시 청원구 푸드테이너컴퍼니,127.49085379962123,36.68310970146639,2025-6-0171,20180423032,(주)푸드테이너컴퍼니,축산물가공업-식육가공업,충청북도 청주시 청원구,축산물
식육추출가공품,612,2028-04-22,BIZ047,축산물,89,2880,2025-04-23,대전광역시,한영식품(유통),중구,"제조,가공",2025-6-0170,축산물가공업-식육가공업,한영식품,중구 한영식품,127.39278130014358,36.31148600087005,2025-6-0170,20230311008,한영식품(유통),축산물가공업-식육가공업,대전광역시 중구,축산물
즉석조리식품(순대),106,2028-04-22,BIZ047,식품,C12500001,2881,2025-04-23,충청북도,대경식품,청주시 서원구,"제조,가공",2025-6-0169,식품제조가공업,대경식품,청주시 서원구 대경식품,127.42570470033066,36.518402964519616,2025-6-0169,20190424083,대경식품,식품제조가공업,충청북도 청주시 서원구,식품
김치(배추김치),106,2028-04-22,BIZ047,식품,C12300001,2882,2025-04-23,충청남도,농업회사법인 보령김치(주),보령시,"제조,가공",2025-6-0168,식품제조가공업,농업회사법인 보령김치,보령시 농업회사법인 보령김치,126.61822489978157,36.35975929582132,2025-6-0168,20250699062,농업회사법인 보령김치(주),식품제조가공업,충청남도 보령시,식품
김치(기타김치),106,2028-04-22,BIZ047,식품,C10500002,2883,2025-04-23,충청남도,농업회사법인 보령김치(주),보령시,"제조,가공",2025-6-0167,식품제조가공업,농업회사법인 보령김치,보령시 농업회사법인 보령김치,126.61822489978157,36.35975929582132,2025-6-0167,20250699062,농업회사법인 보령김치(주),식품제조가공업,충청남도 보령시,식품
기타 수산물가공품 중 냉동조미가공품,106,2028-04-21,BIZ047,식품,C11900001,2884,2025-04-22,충청남도,대동맛지도,천안시 서북구,"제조,가공",2025-6-0166,식품제조가공업,대동맛지도,천안시 서북구 대동맛지도,127.10158289990632,36.905123300364906,2025-6-0166,20250683131,대동맛지도,식품제조가공업,충청남도 천안시 서북구,식품
즉석조리식품,106,2028-04-21,BIZ047,식품,C11300005,2885,2025-04-22,충청남도,대동맛지도,천안시 서북구,"제조,가공",2025-6-0165,식품제조가공업,대동맛지도,천안시 서북구 대동맛지도,127.10158289990632,36.905123300364906,2025-6-0165,20250683131,대동맛지도,식품제조가공업,충청남도 천안시 서북구,식품
캔디류,106,2028-04-21,BIZ047,식품,C09300002,2886,2025-04-22,세종특별자치시,콜마비앤에이치(주)세종3공장,,"제조,가공",2025-6-0164,식품제조가공업,콜마비앤에이치세종3공장,,128.55103810048135,35.93255540021562,2025-6-0164,20240365166,콜마비앤에이치(주)세종3공장,식품제조가공업,세종특별자치시,식품
양념육,612,2028-04-21,BIZ047,축산물,86,2887,2025-04-22,충청남도,대동맛지도,천안시 서북구,"제조,가공",2025-6-0163,축산물가공업-식육가공업,대동맛지도,천안시 서북구 대동맛지도,127.10158289990632,36.905123300364906,2025-6-0163,20250681007,대동맛지도,축산물가공업-식육가공업,충청남도 천안시 서북구,축산물
소스,106,2028-04-20,BIZ047,식품,C10400003,2888,2025-04-21,충청북도,씨제이푸드빌주식회사,음성군,"제조,가공",2025-6-0162,식품제조가공업,씨제이푸드빌주식회사,음성군 씨제이푸드빌주식회사,127.4586827259602,36.98164108407559,2025-6-0162,19970445144,씨제이푸드빌주식회사,식품제조가공업,충청북도 음성군,식품
가공두유,106,2029-01-10,BIZ047,식품,C10100011,2889,2025-04-21,충청남도,(유)삼각에프엠씨 웰빙랜드,논산시,"제조,가공",2025-6-0161,식품제조가공업,삼각에프엠씨 웰빙랜드,논산시 삼각에프엠씨 웰빙랜드,127.1189626005054,36.13292120016001,2025-6-0161,20070464094,(유)삼각에프엠씨 웰빙랜드,식품제조가공업,충청남도 논산시,식품
포장육,604,2028-04-20,BIZ047,축산물,78,2890,2025-04-21,대전광역시,(주)두원미트,대덕구,"제조,가공",2025-6-0160,식육포장처리업,두원미트,대덕구 두원미트,127.40751810007288,36.4437869006016,2025-6-0160,20060242389,(주)두원미트,식육포장처리업,대전광역시 대덕구,축산물
식품소분업(기타수산물가공품),405,2028-04-20,BIZ048,식품,H02200001,2891,2025-04-21,충청남도,주식회사 바다어보,홍성군,"유통,판매,조리",2025-6-0159,식품소분업,주식회사 바다어보,홍성군 주식회사 바다어보,126.56658490041076,36.6048592036784,2025-6-0159,20240720303,주식회사 바다어보,식품소분업,충청남도 홍성군,식품
기타주류,402,2028-04-17,BIZ047,식품,C10600011,2892,2025-04-18,충청북도,데일리 브루잉,증평군,"제조,가공",2025-6-0158,식품제조가공업(주류제조),데일리 브루잉,증평군 데일리 브루잉,127.60494130150678,36.79791529563909,2025-6-0158,20240028918,데일리 브루잉,식품제조가공업(주류),충청북도 증평군,식품
리큐르,402,2028-04-17,BIZ047,식품,C10600010,2893,2025-04-18,충청북도,데일리 브루잉,증평군,"제조,가공",2025-6-0157,식품제조가공업(주류제조),데일리 브루잉,증평군 데일리 브루잉,127.60494130150678,36.79791529563909,2025-6-0157,20240028918,데일리 브루잉,식품제조가공업(주류),충청북도 증평군,식품
맥주,402,2028-04-17,BIZ047,식품,C10600004,2894,2025-04-18,충청북도,데일리 브루잉,증평군,"제조,가공",2025-6-0156,식품제조가공업(주류제조),데일리 브루잉,증평군 데일리 브루잉,127.60494130150678,36.79791529563909,2025-6-0156,20240028918,데일리 브루잉,식품제조가공업(주류),충청북도 증평군,식품
탄산음료,106,2028-04-17,BIZ047,식품,C10100008,2895,2025-04-18,충청북도,데일리브루잉,증평군,"제조,가공",2025-6-0155,식품제조가공업,데일리브루잉,증평군 데일리브루잉,127.60494130150678,36.79791529563909,2025-6-0155,20250670022,데일리브루잉,식품제조가공업,충청북도 증평군,식품
포장육,604,2028-04-16,BIZ047,축산물,78,2897,2025-04-17,충청남도,농업회사법인 홍마축산(주) 2공장,천안시 서북구,"제조,가공",2025-6-0152,식육포장처리업,농업회사법인 홍마축산 2공장,천안시 서북구 농업회사법인 홍마축산 2공장,127.21908440026849,36.91436109889705,2025-6-0152,20240683931,농업회사법인 홍마축산(주) 2공장,식육포장처리업,충청남도 천안시 서북구,축산물
음료베이스,106,2028-04-16,BIZ047,식품,C10100017,2898,2025-04-17,충청남도,주식회사 아마존허브,예산군,"제조,가공",2025-6-0151,식품제조가공업,주식회사 아마존허브,예산군 주식회사 아마존허브,126.81894489973324,36.68103820055196,2025-6-0151,20200478173,주식회사 아마존허브,식품제조가공업,충청남도 예산군,식품
복합조미식품,106,2028-04-15,BIZ047,식품,C10400006,2899,2025-04-16,충청북도,(주)시엔,음성군,"제조,가공",2025-6-0149,식품제조가공업,시엔,음성군 시엔,127.49994049751976,37.00716472293392,2025-6-0149,20240670149,(주)시엔,식품제조가공업,충청북도 음성군,식품
소스,106,2028-04-15,BIZ047,식품,C10400003,2900,2025-04-16,충청북도,(주)시엔,음성군,"제조,가공",2025-6-0148,식품제조가공업,시엔,음성군 시엔,127.49994049751976,37.00716472293392,2025-6-0148,20240670149,(주)시엔,식품제조가공업,충청북도 음성군,식품
혼합장,106,2028-04-15,BIZ047,식품,C10300013,2901,2025-04-16,충청북도,프레시플러스 주식회사 음성공장,음성군,"제조,가공",2025-6-0147,식품제조가공업,프레시플러스 주식회사 음성공장,음성군 프레시플러스 주식회사 음성공장,127.68177959484603,36.88547620085906,2025-6-0147,20240676288,프레시플러스 주식회사 음성공장,식품제조가공업,충청북도 음성군,식품
혼합장,106,2029-03-26,BIZ047,식품,C10300013,2902,2025-04-16,충청북도,프레시플러스 주식회사,진천군,"제조,가공",2025-6-0146,식품제조가공업,프레시플러스 주식회사,진천군 프레시플러스 주식회사,127.49327210006648,36.91119890131984,2025-6-0146,20030443217,프레시플러스 주식회사,식품제조가공업,충청북도 진천군,식품
빵류,106,2028-04-13,BIZ047,식품,C09300004,2903,2025-04-14,충청북도,성진식품,옥천군,"제조,가공",2025-6-0144,식품제조가공업,성진식품,옥천군 성진식품,127.55303099884225,36.30763440409592,2025-6-0144,20240666186,성진식품,식품제조가공업,충청북도 옥천군,식품
캔디류,106,2028-04-13,BIZ047,식품,C09300002,2904,2025-04-14,충청남도,금산홍삼랜드,금산군,"제조,가공",2025-6-0143,식품제조가공업,금산홍삼랜드,금산군 금산홍삼랜드,127.47832490052636,36.11072612271402,2025-6-0143,20020467226,금산홍삼랜드,식품제조가공업,충청남도 금산군,식품
즉석섭취식품,106,2028-04-10,BIZ047,식품,C11300003,2905,2025-04-11,충청남도,클라스그린도시락 주식회사,아산시,"제조,가공",2025-6-0142,식품제조가공업,클라스그린도시락 주식회사,아산시 클라스그린도시락 주식회사,127.02366220042435,36.75412229598301,2025-6-0142,20240703171,클라스그린도시락 주식회사,식품제조가공업,충청남도 아산시,식품
조림류,106,2028-04-10,BIZ047,식품,C10500005,2906,2025-04-11,충청북도,(주)동원홈푸드,충주시,"제조,가공",2025-6-0141,식품제조가공업,동원홈푸드,충주시 동원홈푸드,127.8138518995364,36.993651100707545,2025-6-0141,20190442149,(주)동원홈푸드,식품제조가공업,충청북도 충주시,식품
올리브유,106,2028-04-10,BIZ047,식품,C09900013,2907,2025-04-11,충청북도,코스맥스바이오,제천시,"제조,가공",2025-6-0140,식품제조가공업,코스맥스바이오,제천시 코스맥스바이오,128.16789529986306,37.15224331048928,2025-6-0140,19860435013,코스맥스바이오(주),식품제조가공업,충청북도 제천시,식품
혼합장,106,2028-04-09,BIZ047,식품,C10300013,2908,2025-04-10,충청북도,(주)송림에프에스,진천군,"제조,가공",2025-6-0139,식품제조가공업,송림에프에스,진천군 송림에프에스,127.49352590014088,36.91063220125331,2025-6-0139,20180450029,(주)송림에프에스,식품제조가공업,충청북도 진천군,식품
천연향신료,106,2029-07-05,BIZ047,식품,C10400011,2909,2025-04-10,충청남도,주식회사 SL푸드원,서천군,"제조,가공",2025-6-0137,식품제조가공업,주식회사 SL푸드원,서천군 주식회사 SL푸드원,,,2025-6-0137,20200475051,주식회사 SL푸드원,식품제조가공업,충청남도 서천군,식품
향미유,106,2029-07-05,BIZ047,식품,C09900021,2910,2025-04-10,충청남도,주식회사 SL푸드원,서천군,"제조,가공",2025-6-0136,식품제조가공업,주식회사 SL푸드원,서천군 주식회사 SL푸드원,,,2025-6-0136,20200475051,주식회사 SL푸드원,식품제조가공업,충청남도 서천군,식품
"생햄,햄,소시지,양념육",612,2028-04-09,BIZ047,축산물,"79,82,86,686",2911,2025-04-10,충청남도,까르네지오(CarneGio),금산군,"제조,가공",2025-6-0135,축산물가공업-식육가공업,까르네지오,금산군 까르네지오,127.45547760006416,36.19835420198852,2025-6-0135,20250681002,까르네지오(CarneGio),축산물가공업-식육가공업,충청남도 금산군,축산물
향신료조제품,106,2029-07-05,BIZ047,식품,C10400012,2912,2025-04-10,충청남도,주식회사 SL푸드원,서천군,"제조,가공",2025-6-0134,식품제조가공업,주식회사 SL푸드원,서천군 주식회사 SL푸드원,,,2025-6-0134,20200475051,주식회사 SL푸드원,식품제조가공업,충청남도 서천군,식품
즉석섭취식품,106,2028-04-09,BIZ047,식품,C11300003,2913,2025-04-10,충청남도,농업회사법인 주식회사 그린케이팜,당진시,"제조,가공",2025-6-0133,식품제조가공업,농업회사법인 주식회사 그린케이팜,당진시 농업회사법인 주식회사 그린케이팜,126.7415135998661,36.85099820100749,2025-6-0133,20240694222,농업회사법인 주식회사 그린케이팜,식품제조가공업,충청남도 당진시,식품
소스,106,2028-04-08,BIZ047,식품,C10400003,2914,2025-04-09,충청남도,파인쿡(Fine cook),예산군,"제조,가공",2025-6-0132,식품제조가공업,파인쿡,예산군 파인쿡,126.72597610044993,36.760452501223526,2025-6-0132,20240722337,파인쿡(Fine cook),식품제조가공업,충청남도 예산군,식품
고형차,106,2028-04-06,BIZ047,식품,C10100003,2915,2025-04-07,충청북도,주식회사 휴럼,청주시 흥덕구,"제조,가공",2025-6-0131,식품제조가공업,주식회사 휴럼,청주시 흥덕구 주식회사 휴럼,127.30427890018557,36.616988296481374,2025-6-0131,20080415099,주식회사 휴럼,식품제조가공업,충청북도 청주시 흥덕구,식품
가공김(조미김 또는 구운김),106,2028-04-06,BIZ047,식품,C11000017,2916,2025-04-07,충청남도,주식회사 서천김에프엠비,서천군,"제조,가공",2025-6-0130,식품제조가공업,주식회사 서천김에프엠비,서천군 주식회사 서천김에프엠비,126.53398599995674,36.15122960130232,2025-6-0130,20220657051,주식회사 서천김에프엠비,식품제조가공업,충청남도 서천군,식품
양념육,612,2028-04-03,BIZ047,축산물,86,2917,2025-04-04,대전광역시,선미식품,대덕구,"제조,가공",2025-6-0129,축산물가공업-식육가공업,선미식품,대덕구 선미식품,127.40733570051864,36.354365200461466,2025-6-0129,20170230011,선미식품,축산물가공업-식육가공업,대전광역시 대덕구,축산물
포장육,604,2028-04-03,BIZ047,축산물,78,2918,2025-04-04,대전광역시,선미식품,대덕구,"제조,가공",2025-6-0128,식육포장처리업,선미식품,대덕구 선미식품,127.40733570051864,36.354365200461466,2025-6-0128,20170242348,선미식품,식육포장처리업,대전광역시 대덕구,축산물
기타가공품,106,2029-05-01,BIZ047,식품,C11400002,2919,2025-04-02,충청북도,(주)바른푸드,진천군,"제조,가공",2025-6-0127,식품제조가공업,바른푸드,진천군 바른푸드,127.46864760053714,36.90411180075672,2025-6-0127,20200450060,(주)바른푸드,식품제조가공업,충청북도 진천군,식품
커피,106,2028-04-01,BIZ047,식품,C10100004,2920,2025-04-02,세종특별자치시,콜마비앤에이치(주)세종3공장,,"제조,가공",2025-6-0126,식품제조가공업,콜마비앤에이치세종3공장,,128.55103810048135,35.93255540021562,2025-6-0126,20240365166,콜마비앤에이치(주)세종3공장,식품제조가공업,세종특별자치시,식품
포장육,604,2028-03-31,BIZ047,축산물,78,2921,2025-04-01,대전광역시,한진육가공,중구,"제조,가공",2025-6-0125,식육포장처리업,한진육가공,중구 한진육가공,127.3902819998534,36.30527849970695,2025-6-0125,20250329035,한진육가공,식육포장처리업,대전광역시 중구,축산물
포장육,604,2028-03-30,BIZ047,축산물,78,2922,2025-03-31,충청북도,나래축산유통,청주시 서원구,"제조,가공",2025-6-0124,식육포장처리업,나래축산유통,청주시 서원구 나래축산유통,127.4467171004222,36.59880760096447,2025-6-0124,20200424085,나래축산유통,식육포장처리업,충청북도 청주시 서원구,축산물
양념육,612,2028-03-30,BIZ047,축산물,86,2923,2025-03-31,세종특별자치시,미란공룡푸드,,"제조,가공",2025-6-0123,축산물가공업-식육가공업,미란공룡푸드,,128.55103810048135,35.93255540021562,2025-6-0123,20200262999,미란공룡푸드,축산물가공업-식육가공업,세종특별자치시,축산물
분쇄가공육제품,612,2028-03-30,BIZ047,축산물,87,2924,2025-03-31,대전광역시,본미가,동구,"제조,가공",2025-6-0122,축산물가공업-식육가공업,본미가,동구 본미가,127.46730407381877,36.27882646658715,2025-6-0122,20250324001,본미가,축산물가공업-식육가공업,대전광역시 동구,축산물
포장육,604,2028-03-27,BIZ047,축산물,78,2925,2025-03-28,충청남도,까르네지오(CarneGio),금산군,"제조,가공",2025-6-0121,식육포장처리업,까르네지오,금산군 까르네지오,127.45547760006416,36.19835420198852,2025-6-0121,20250712019,까르네지오(CarneGio),식육포장처리업,충청남도 금산군,축산물
양념육,612,2028-03-27,BIZ047,축산물,86,2926,2025-03-28,충청북도,미소 수육맛집,충주시,"제조,가공",2025-6-0120,축산물가공업-식육가공업,미소 수육맛집,충주시 미소 수육맛집,127.92540870350184,36.98483120309989,2025-6-0120,20250633006,미소 수육맛집,축산물가공업-식육가공업,충청북도 충주시,축산물
양념육,612,2028-03-26,BIZ047,축산물,86,2927,2025-03-27,충청북도,대진에프앤이,청주시 상당구,"제조,가공",2025-6-0119,축산물가공업-식육가공업,대진에프앤이,청주시 상당구 대진에프앤이,127.4906732000378,36.64266060076788,2025-6-0119,20130405017,대진에프앤이,축산물가공업-식육가공업,충청북도 청주시 상당구,축산물
기타가공품,106,2028-03-25,BIZ047,식품,C11400002,2928,2025-03-26,충청남도,대동고려삼(주),금산군,"제조,가공",2025-6-0118,식품제조가공업,대동고려삼,금산군 대동고려삼,127.5297003574123,36.15661448465429,2025-6-0118,20030467108,대동고려삼(주),식품제조가공업,충청남도 금산군,식품
효소식품,106,2028-03-25,BIZ047,식품,C10700009,2929,2025-03-26,충청남도,대동고려삼(주),금산군,"제조,가공",2025-6-0117,식품제조가공업,대동고려삼,금산군 대동고려삼,127.5297003574123,36.15661448465429,2025-6-0117,20030467108,대동고려삼(주),식품제조가공업,충청남도 금산군,식품
과ㆍ채가공품,106,2028-03-25,BIZ047,식품,C10700010,2930,2025-03-26,충청북도,엔에이치 바이오,제천시,"제조,가공",2025-6-0116,식품제조가공업,엔에이치 바이오,제천시 엔에이치 바이오,128.16180080013035,37.15068650111799,2025-6-0116,20210444104,엔에이치 바이오,식품제조가공업,충청북도 제천시,식품
식육추출가공품,612,2028-03-24,BIZ047,축산물,89,2931,2025-03-25,충청북도,한소루,청주시 청원구,"제조,가공",2025-6-0115,축산물가공업-식육가공업,한소루,청주시 청원구 한소루,127.42474779992652,36.69935389979359,2025-6-0115,20250633008,한소루,축산물가공업-식육가공업,충청북도 청주시 청원구,축산물
양념육,612,2028-03-24,BIZ047,축산물,86,2933,2025-03-25,충청북도,제일축산,청주시 청원구,"제조,가공",2025-6-0113,축산물가공업-식육가공업,제일축산,청주시 청원구 제일축산,127.51180229960391,36.68787690082053,2025-6-0113,20210423031,제일축산,축산물가공업-식육가공업,충청북도 청주시 청원구,축산물
빵류,106,2028-03-23,BIZ047,식품,C09300004,2934,2025-03-24,충청북도,(주)골든밀,청주시 서원구,"제조,가공",2025-6-0112,식품제조가공업,골든밀,청주시 서원구 골든밀,127.44977019956036,36.619556098729134,2025-6-0112,20240635122,(주)골든밀,식품제조가공업,충청북도 청주시 서원구,식품
과자,106,2028-03-23,BIZ047,식품,C09300001,2935,2025-03-24,충청북도,(주)골든밀,청주시 서원구,"제조,가공",2025-6-0111,식품제조가공업,골든밀,청주시 서원구 골든밀,127.44977019956036,36.619556098729134,2025-6-0111,20240635122,(주)골든밀,식품제조가공업,충청북도 청주시 서원구,식품
양념육,612,2028-03-23,BIZ047,축산물,86,2936,2025-03-24,대전광역시,돼지본가식품,대덕구,"제조,가공",2025-6-0110,축산물가공업-식육가공업,돼지본가식품,대덕구 돼지본가식품,127.40507299965952,36.359544701071655,2025-6-0110,20130230018,돼지본가식품,축산물가공업-식육가공업,대전광역시 대덕구,축산물
양조간장,106,2028-03-23,BIZ047,식품,C10300004,2937,2025-03-24,충청남도,(주)선제,천안시 서북구,"제조,가공",2025-6-0109,식품제조가공업,선제,천안시 서북구 선제,127.12498779978188,36.91501148927068,2025-6-0109,20030449009,(주)선제,식품제조가공업,충청남도 천안시 서북구,식품
곡류가공품,106,2028-03-23,BIZ047,식품,C10700011,2938,2025-03-24,충청남도,사조동아원(주)광석공장,논산시,"제조,가공",2025-6-0108,식품제조가공업,사조동아원광석공장,논산시 사조동아원광석공장,,,2025-6-0108,20230656172,사조동아원(주)광석공장,식품제조가공업,충청남도 논산시,식품
과ㆍ채가공품,106,2028-03-19,BIZ047,식품,C10700010,2939,2025-03-20,충청남도,사비팜 영농조합법인,부여군,"제조,가공",2025-6-0107,식품제조가공업,사비팜 영농조합법인,부여군 사비팜 영농조합법인,126.9594380998914,36.25688009349743,2025-6-0107,20130470042,사비팜 영농조합법인,식품제조가공업,충청남도 부여군,식품
서류가공품,106,2028-03-18,BIZ047,식품,C10700013,2941,2025-03-19,충청북도,(주)지웰,보은군,"제조,가공",2025-6-0105,식품제조가공업,지웰,보은군 지웰,127.73323769997631,36.42799700046648,2025-6-0105,20170439048,(주)지웰,식품제조가공업,충청북도 보은군,식품
기타가공품,106,2028-03-17,BIZ047,식품,C11400002,2942,2025-03-18,충청북도,주식회사 뉴트리플래닛,제천시,"제조,가공",2025-6-0104,식품제조가공업,주식회사 뉴트리플래닛,제천시 주식회사 뉴트리플래닛,128.15817039967814,37.14792780073417,2025-6-0104,20240661119,주식회사 뉴트리플래닛,식품제조가공업,충청북도 제천시,식품
커피,106,2028-03-17,BIZ047,식품,C10100004,2943,2025-03-18,충청북도,주식회사 뉴트리플래닛,제천시,"제조,가공",2025-6-0103,식품제조가공업,주식회사 뉴트리플래닛,제천시 주식회사 뉴트리플래닛,128.15817039967814,37.14792780073417,2025-6-0103,20240661119,주식회사 뉴트리플래닛,식품제조가공업,충청북도 제천시,식품
당류가공품,106,2028-03-16,BIZ047,식품,C09600012,2945,2025-03-17,충청북도,에이치엔웨이,충주시,"제조,가공",2025-6-0101,식품제조가공업,에이치엔웨이,충주시 에이치엔웨이,127.87584999780402,37.02406300137408,2025-6-0101,20180442077,에이치엔웨이,식품제조가공업,충청북도 충주시,식품
체중조절용 조제식품,106,2028-03-16,BIZ047,식품,C10200009,2946,2025-03-17,충청북도,이든푸드영농조합법인,보은군,"제조,가공",2025-6-0100,식품제조가공업,이든푸드영농조합법인,보은군 이든푸드영농조합법인,127.67290349570564,36.58414099885562,2025-6-0100,20120439037,이든푸드영농조합법인,식품제조가공업,충청북도 보은군,식품
식육추출가공품,612,2028-03-16,BIZ047,축산물,89,2947,2025-03-17,충청북도,진달래 흑염소,옥천군,"제조,가공",2025-6-0099,축산물가공업-식육가공업,진달래 흑염소,옥천군 진달래 흑염소,127.5984092949056,36.30035330347975,2025-6-0099,20240633034,진달래 흑염소,축산물가공업-식육가공업,충청북도 옥천군,축산물
냉동식품 중 면류(숙면),106,2028-03-13,BIZ047,식품,C12200001,2948,2025-03-14,충청남도,(주)맑음,금산군,"제조,가공",2025-6-0098,식품제조가공업,맑음,금산군 맑음,127.519005496395,36.20702559700848,2025-6-0098,20240712235,(주)맑음,식품제조가공업,충청남도 금산군,식품
소스,106,2028-03-13,BIZ047,식품,C10400003,2949,2025-03-14,충청남도,(주)맑음,금산군,"제조,가공",2025-6-0097,식품제조가공업,맑음,금산군 맑음,127.519005496395,36.20702559700848,2025-6-0097,20240712235,(주)맑음,식품제조가공업,충청남도 금산군,식품
국수(생면),106,2028-03-13,BIZ047,식품,C12400001,2950,2025-03-14,충청남도,우리식품,천안시 서북구,"제조,가공",2025-6-0096,식품제조가공업,우리식품,천안시 서북구 우리식품,127.14552710002202,36.80407030282155,2025-6-0096,20240683268,우리식품,식품제조가공업,충청남도 천안시 서북구,식품
냉동식품 중 면류(생면),106,2028-03-13,BIZ047,식품,C12200001,2951,2025-03-14,충청남도,우리식품,천안시 서북구,"제조,가공",2025-6-0095,식품제조가공업,우리식품,천안시 서북구 우리식품,127.14552710002202,36.80407030282155,2025-6-0095,20240683268,우리식품,식품제조가공업,충청남도 천안시 서북구,식품
고형차,106,2028-03-13,BIZ047,식품,C10100003,2952,2025-03-14,충청남도,(주)한국인삼공사,부여군,"제조,가공",2025-6-0094,식품제조가공업,한국인삼공사,부여군 한국인삼공사,126.87398251046884,36.27189376248124,2025-6-0094,19960470037,(주)한국인삼공사,식품제조가공업,충청남도 부여군,식품
음료베이스,106,2028-03-12,BIZ047,식품,C10100017,2954,2025-03-13,충청북도,(주)원일바이오,제천시,"제조,가공",2025-6-0092,식품제조가공업,원일바이오,제천시 원일바이오,128.16775000050836,37.15148200100757,2025-6-0092,20120435086,(주)원일바이오,식품제조가공업,충청북도 제천시,식품
땅콩 또는 견과류가공품,106,2028-03-12,BIZ047,식품,C10700006,2955,2025-03-13,충청북도,웰코(WELCO),충주시,"제조,가공",2025-6-0091,식품제조가공업,웰코,충주시 웰코,127.95739649989385,37.019002401077984,2025-6-0091,20150433385,웰코(WELCO),식품제조가공업,충청북도 충주시,식품
혼합음료,106,2028-03-11,BIZ047,식품,C10100016,2956,2025-03-12,,콜마비앤에이치(주)원성공장,,"제조,가공",2025-6-0090,식품제조가공업,콜마비앤에이치원성공장,,128.55103810048135,35.93255540021562,2025-6-0090,20160257576,콜마비앤에이치(주)원성공장,식품제조가공업,세종특별자치시,식품
인삼ㆍ홍삼음료,106,2028-03-11,BIZ047,식품,C10100015,2957,2025-03-12,,콜마비앤에이치(주)원성공장,,"제조,가공",2025-6-0089,식품제조가공업,콜마비앤에이치원성공장,,128.55103810048135,35.93255540021562,2025-6-0089,20160257576,콜마비앤에이치(주)원성공장,식품제조가공업,세종특별자치시,식품
과ㆍ채음료,106,2028-03-11,BIZ047,식품,C10100007,2958,2025-03-12,,콜마비앤에이치(주)원성공장,,"제조,가공",2025-6-0088,식품제조가공업,콜마비앤에이치원성공장,,128.55103810048135,35.93255540021562,2025-6-0088,20160257576,콜마비앤에이치(주)원성공장,식품제조가공업,세종특별자치시,식품
과ㆍ채주스,106,2028-03-11,BIZ047,식품,C10100006,2959,2025-03-12,,콜마비앤에이치(주)원성공장,,"제조,가공",2025-6-0087,식품제조가공업,콜마비앤에이치원성공장,,128.55103810048135,35.93255540021562,2025-6-0087,20160257576,콜마비앤에이치(주)원성공장,식품제조가공업,세종특별자치시,식품
양념육,612,2028-03-10,BIZ047,축산물,86,2960,2025-03-11,대전광역시,JH푸드,중구,"제조,가공",2025-6-0086,축산물가공업-식육가공업,JH푸드,중구 JH푸드,127.44862529954509,36.30618210059207,2025-6-0086,20200233001,JH푸드,축산물가공업-식육가공업,대전광역시 중구,축산물
과ㆍ채가공품,106,2028-03-10,BIZ047,식품,C10700010,2961,2025-03-11,충청남도,동진바이오농업회사법인(주),금산군,"제조,가공",2025-6-0085,식품제조가공업,동진바이오농업회사법인,금산군 동진바이오농업회사법인,127.5739818999792,36.08366200111671,2025-6-0085,20190473155,동진바이오농업회사법인(주),식품제조가공업,충청남도 금산군,식품
혼합음료,106,2028-03-10,BIZ047,식품,C10100016,2962,2025-03-11,충청남도,동진바이오농업회사법인(주),금산군,"제조,가공",2025-6-0084,식품제조가공업,동진바이오농업회사법인,금산군 동진바이오농업회사법인,127.5739818999792,36.08366200111671,2025-6-0084,20190473155,동진바이오농업회사법인(주),식품제조가공업,충청남도 금산군,식품
인삼ㆍ홍삼음료,106,2028-03-10,BIZ047,식품,C10100015,2963,2025-03-11,충청남도,동진바이오농업회사법인(주),금산군,"제조,가공",2025-6-0083,식품제조가공업,동진바이오농업회사법인,금산군 동진바이오농업회사법인,127.5739818999792,36.08366200111671,2025-6-0083,20190473155,동진바이오농업회사법인(주),식품제조가공업,충청남도 금산군,식품
체중조절용 조제식품,106,2029-02-11,BIZ047,식품,C10200009,2964,2025-03-11,충청남도,㈜제이앤이 아산공장,아산시,"제조,가공",2025-6-0082,식품제조가공업,㈜제이앤이 아산공장,아산시 ㈜제이앤이 아산공장,126.98984460049348,36.90071340080888,2025-6-0082,20100461303,(주)제이앤이 아산공장,식품제조가공업,충청남도 아산시,식품
과ㆍ채가공품,106,2028-03-10,BIZ047,식품,C10700010,2965,2025-03-11,세종특별자치시,콜마비앤에이치(주)세종3공장,,"제조,가공",2025-6-0081,식품제조가공업,콜마비앤에이치세종3공장,,128.55103810048135,35.93255540021562,2025-6-0081,20240365166,콜마비앤에이치(주)세종3공장,식품제조가공업,세종특별자치시,식품
양념육,612,2028-03-09,BIZ047,축산물,86,2966,2025-03-10,충청북도,(주)우리들 푸드,음성군,"제조,가공",2025-6-0080,축산물가공업-식육가공업,우리들 푸드,음성군 우리들 푸드,127.50302929980477,36.97956390096252,2025-6-0080,20190423001,(주)우리들 푸드,축산물가공업-식육가공업,충청북도 음성군,축산물
땅콩 또는 견과류가공품,106,2028-03-06,BIZ047,식품,C10700006,2967,2025-03-07,충청북도,주식회사 홈푸드,진천군,"제조,가공",2025-6-0079,식품제조가공업,주식회사 홈푸드,진천군 주식회사 홈푸드,127.5143551999561,36.86564110098303,2025-6-0079,20200374349,주식회사 홈푸드,식품제조가공업,경기도 이천시,식품
초콜릿가공품,106,2028-03-06,BIZ047,식품,C09500009,2968,2025-03-07,충청북도,주식회사 홈푸드,진천군,"제조,가공",2025-6-0078,식품제조가공업,주식회사 홈푸드,진천군 주식회사 홈푸드,127.5143551999561,36.86564110098303,2025-6-0078,20200374349,주식회사 홈푸드,식품제조가공업,충청북도 진천군,식품
양념육,612,2028-03-05,BIZ047,축산물,86,2969,2025-03-06,충청북도,주식회사 우리집식품,청주시 서원구,"제조,가공",2025-6-0077,축산물가공업-식육가공업,주식회사 우리집식품,청주시 서원구 주식회사 우리집식품,127.46324329993766,36.57361631422376,2025-6-0077,20210423023,주식회사 우리집식품,축산물가공업-식육가공업,충청북도 청주시 서원구,축산물
소스,106,2028-03-05,BIZ047,식품,C10400003,2970,2025-03-06,충청북도,(주)한산에프앤지,음성군,"제조,가공",2025-6-0076,식품제조가공업,한산에프앤지,음성군 한산에프앤지,127.56527290043309,36.92256520104659,2025-6-0076,20120445147,(주)한산에프앤지,식품제조가공업,충청북도 음성군,식품
서류가공품,106,2028-03-04,BIZ047,식품,C10700013,2971,2025-03-05,충청남도,프레시플러스(주)공주제3공장,공주시,"제조,가공",2025-6-0075,식품제조가공업,프레시플러스공주제3공장,공주시 프레시플러스공주제3공장,127.14643529986124,36.39584270083568,2025-6-0075,20180464470,프레시플러스(주)공주제3공장,식품제조가공업,충청남도 공주시,식품
절임식품,106,2028-03-04,BIZ047,식품,C10500003,2972,2025-03-05,충청남도,프레시플러스(주)공주제3공장,공주시,"제조,가공",2025-6-0074,식품제조가공업,프레시플러스공주제3공장,공주시 프레시플러스공주제3공장,127.14643529986124,36.39584270083568,2025-6-0074,20180464470,프레시플러스(주)공주제3공장,식품제조가공업,충청남도 공주시,식품
냉동식품 중 만두,106,2028-03-04,BIZ047,식품,C12000001,2973,2025-03-05,충청북도,한푸드(KHAN FOOD),청주시 청원구,"제조,가공",2025-6-0073,식품제조가공업,한푸드,청주시 청원구 한푸드,127.54671550417468,36.71963749729503,2025-6-0073,20240635146,한푸드(KHAN FOOD),식품제조가공업,충청북도 청주시 청원구,식품
"양념육,식육추출가공품",612,2028-03-04,BIZ047,축산물,"86,89",2974,2025-03-05,대전광역시,진푸드,서구,"제조,가공",2025-6-0071,축산물가공업-식육가공업,진푸드,서구 진푸드,126.65569089986624,37.53233729978777,2025-6-0071,20180233020,진푸드,축산물가공업-식육가공업,대전광역시 서구,축산물
기타가공품,106,2029-05-15,BIZ047,식품,C11400002,2975,2025-03-04,충청북도,대영식품(주),보은군,"제조,가공",2025-6-0070,식품제조가공업,대영식품,보은군 대영식품,127.72716870011716,36.46164025058109,2025-6-0070,19930439002,대영식품(주),식품제조가공업,충청북도 보은군,식품
수분 및 전해질보충용 조제식품,106,2028-03-03,BIZ047,식품,C0324010900000,2976,2025-03-04,충청북도,(주)휴온스엔,진천군,"제조,가공",2025-6-0069,식품제조가공업,휴온스엔,진천군 휴온스엔,127.4178189003508,36.928955102647095,2025-6-0069,20140443099,(주)휴온스엔,식품제조가공업,충청북도 진천군,식품
기타가공품,106,2028-03-03,BIZ047,식품,C11400002,2977,2025-03-04,충청북도,주식회사 산지,충주시,"제조,가공",2025-6-0068,식품제조가공업,주식회사 산지,충주시 주식회사 산지,127.82364749971806,36.996967100509934,2025-6-0068,20170433005,주식회사 산지,식품제조가공업,충청북도 충주시,식품
식품첨가물제조업(심황색소),108,2028-02-27,BIZ047,식품,C8500259,2978,2025-02-28,충청북도,주식회사 나온스,충주시,"제조,가공",2025-6-0067,식품첨가물제조업,주식회사 나온스,충주시 주식회사 나온스,127.93734250272324,37.083502699466045,2025-6-0067,20240658285,주식회사 나온스,식품첨가물제조업,충청북도 충주시,식품
기타가공품,106,2028-02-27,BIZ047,식품,C11400002,2979,2025-02-28,충청북도,주식회사 나온스,충주시,"제조,가공",2025-6-0066,식품제조가공업,주식회사 나온스,충주시 주식회사 나온스,127.93734250272324,37.083502699466045,2025-6-0066,20150365910,주식회사 나온스,식품제조가공업,충청북도 충주시,식품
포장육,604,2028-02-27,BIZ047,축산물,78,2980,2025-02-28,충청북도,주식회사 다원에프앤비 농업회사법인,제천시,"제조,가공",2025-6-0065,식육포장처리업,주식회사 다원에프앤비 농업회사법인,제천시 주식회사 다원에프앤비 농업회사법인,,,2025-6-0065,20210444220,주식회사 다원에프앤비 농업회사법인,식육포장처리업,충청북도 제천시,축산물
서류가공품,106,2028-02-26,BIZ047,식품,C10700013,2981,2025-02-27,충청북도,더회오리감자,음성군,"제조,가공",2025-6-0064,식품제조가공업,더회오리감자,음성군 더회오리감자,127.5234508993674,37.00398190214389,2025-6-0064,20240676482,더회오리감자,식품제조가공업,충청북도 음성군,식품
기타 수산물가공품 중 냉동조미가공품,106,2027-12-08,BIZ047,식품,C11900001,2982,2025-02-27,충청남도,주식회사 씨위드푸드,서천군,"제조,가공",2025-6-0063,식품제조가공업,주식회사 씨위드푸드,서천군 주식회사 씨위드푸드,126.55937480012138,36.161789696693766,2025-6-0063,20240716189,주식회사 씨위드푸드,식품제조가공업,충청남도 서천군,식품
과실주,402,2028-02-25,BIZ047,식품,C10600005,2983,2025-02-26,충청북도,영동와인 주식회사 농업회사법인,영동군,"제조,가공",2025-6-0062,식품제조가공업(주류제조),영동와인 주식회사 농업회사법인,영동군 영동와인 주식회사 농업회사법인,,,2025-6-0062,20240029115,영동와인 주식회사 농업회사법인,식품제조가공업(주류),충청북도 영동군,식품
양념육,612,2028-02-25,BIZ047,축산물,86,2984,2025-02-26,충청남도,주식회사 신일유통,천안시 서북구,"제조,가공",2025-6-0061,축산물가공업-식육가공업,주식회사 신일유통,천안시 서북구 주식회사 신일유통,127.1286022005342,36.80571660100139,2025-6-0061,20150448013,주식회사 신일유통,축산물가공업-식육가공업,충청남도 천안시 서북구,축산물
효모식품,106,2028-02-25,BIZ047,식품,C11400001,2985,2025-02-26,충청북도,(주)세움바이오텍,음성군,"제조,가공",2025-6-0060,식품제조가공업,세움바이오텍,음성군 세움바이오텍,127.54777780069551,36.975436800494734,2025-6-0060,20020445181,(주)세움바이오텍,식품제조가공업,충청북도 음성군,식품
고춧가루,106,2028-02-24,BIZ047,식품,C10400009,2986,2025-02-25,충청북도,(주)해와달식품,음성군,"제조,가공",2025-6-0059,식품제조가공업,해와달식품,음성군 해와달식품,127.63498839945308,37.02919020064824,2025-6-0059,20160445199,(주)해와달식품,식품제조가공업,충청북도 음성군,식품
식육추출가공품,612,2028-02-24,BIZ047,축산물,89,2987,2025-02-25,충청남도,(주)화인에프티,공주시,"제조,가공",2025-6-0058,축산물가공업-식육가공업,화인에프티,공주시 화인에프티,127.12361140018714,36.59938568140444,2025-6-0058,20240681024,(주)화인에프티,축산물가공업-식육가공업,충청남도 공주시,축산물
떡류,106,2028-02-24,BIZ047,식품,C09300005,2988,2025-02-25,충청북도,황금마루푸드,충주시,"제조,가공",2025-6-0057,식품제조가공업,황금마루푸드,충주시 황금마루푸드,127.74708389977728,37.11690050062131,2025-6-0057,20040080187,황금마루푸드,식품제조가공업,충청북도 충주시,식품
"식용우지,식용돈지",612,2028-02-20,BIZ047,축산물,"93,91",2989,2025-02-21,충청북도,리포메이드,옥천군,"제조,가공",2025-6-0056,축산물가공업-식육가공업,리포메이드,옥천군 리포메이드,127.52440460006429,36.34686980100625,2025-6-0056,20250633002,리포메이드,축산물가공업-식육가공업,충청북도 옥천군,축산물
유산균음료,106,2028-02-20,BIZ047,식품,C10100012,2990,2025-02-21,충청북도,엔에이치씨바이오텍(주),청주시 흥덕구,"제조,가공",2025-6-0055,식품제조가공업,엔에이치씨바이오텍,청주시 흥덕구 엔에이치씨바이오텍,127.29876970014202,36.63458930114199,2025-6-0055,20190424104,엔에이치씨바이오텍(주),식품제조가공업,충청북도 청주시 흥덕구,식품
즉석섭취식품,106,2028-02-20,BIZ047,식품,C11300003,2991,2025-02-21,충청북도,에이푸드 주식회사,음성군,"제조,가공",2025-6-0054,식품제조가공업,에이푸드 주식회사,음성군 에이푸드 주식회사,127.46459840031662,37.00706517059054,2025-6-0054,20090445082,에이푸드 주식회사,식품제조가공업,충청북도 음성군,식품
국수(건면),106,2028-02-20,BIZ047,식품,C12400001,2992,2025-02-21,충청남도,금천농산(합),부여군,"제조,가공",2025-6-0053,식품제조가공업,금천농산,부여군 금천농산,126.7704123005286,36.19784150055533,2025-6-0053,19900470003,금천농산(합),식품제조가공업,충청남도 부여군,식품
음료베이스,106,2028-02-20,BIZ047,식품,C10100017,2993,2025-02-21,충청북도,주식회사 티프렌,진천군,"제조,가공",2025-6-0052,식품제조가공업,주식회사 티프렌,진천군 주식회사 티프렌,,,2025-6-0052,20130443044,(주)티프렌,식품제조가공업,충청북도 진천군,식품
양념젓갈,106,2028-02-20,BIZ047,식품,C11000008,2994,2025-02-21,충청북도,밥섬주식회사,제천시,"제조,가공",2025-6-0051,식품제조가공업,밥섬주식회사,제천시 밥섬주식회사,128.21529290045402,37.12821360053187,2025-6-0051,20220604501,밥섬주식회사,식품제조가공업,충청북도 제천시,식품
복합조미식품,106,2028-02-19,BIZ047,식품,C10400006,2995,2025-02-20,충청북도,주식회사 창의씨앤알,음성군,"제조,가공",2025-6-0050,식품제조가공업,주식회사 창의씨앤알,음성군 주식회사 창의씨앤알,127.67347660419225,36.927956096006746,2025-6-0050,20140445002,주식회사 창의씨앤알,식품제조가공업,충청북도 음성군,식품
혼합음료,106,2028-02-19,BIZ047,식품,C10100016,2996,2025-02-20,충청남도,매일유업(주) 청양공장,청양군,"제조,가공",2025-6-0048,식품제조가공업,매일유업 청양공장,청양군 매일유업 청양공장,126.7921196996938,36.46898848047509,2025-6-0048,20030472052,매일유업(주) 청양공장,식품제조가공업,충청남도 청양군,식품
과ㆍ채음료,106,2028-02-19,BIZ047,식품,C10100007,2997,2025-02-20,충청남도,매일유업(주) 청양공장,청양군,"제조,가공",2025-6-0047,식품제조가공업,매일유업 청양공장,청양군 매일유업 청양공장,126.7921196996938,36.46898848047509,2025-6-0047,20030472052,매일유업(주) 청양공장,식품제조가공업,충청남도 청양군,식품
효소식품,106,2028-02-19,BIZ047,식품,C10700009,2998,2025-02-20,충청북도,주식회사 휴럼,청주시 흥덕구,"제조,가공",2025-6-0046,식품제조가공업,주식회사 휴럼,청주시 흥덕구 주식회사 휴럼,127.30427890018557,36.616988296481374,2025-6-0046,20080415099,주식회사 휴럼,식품제조가공업,충청북도 청주시 흥덕구,식품
양념육,612,2028-02-18,BIZ047,축산물,86,2999,2025-02-19,충청남도,윤용현의 도끼농장,논산시,"제조,가공",2025-6-0045,축산물가공업-식육가공업,윤용현의 도끼농장,논산시 윤용현의 도끼농장,127.22742299983663,36.22448695996668,2025-6-0045,20240681021,윤용현의 도끼농장,축산물가공업-식육가공업,충청남도 논산시,축산물
곡류가공품,106,2028-02-17,BIZ047,식품,C10700011,3000,2025-02-18,충청북도,주식회사 시아스쿡,음성군,"제조,가공",2025-6-0044,식품제조가공업,주식회사 시아스쿡,음성군 주식회사 시아스쿡,127.50467310049488,36.99120280053891,2025-6-0044,20180452033,주식회사 시아스쿡,식품제조가공업,충청북도 음성군,식품
기타가공품,106,2028-02-16,BIZ047,식품,C11400002,3001,2025-02-17,충청남도,패션푸드,아산시,"제조,가공",2025-6-0043,식품제조가공업,패션푸드,아산시 패션푸드,127.08004700055704,36.81509550049335,2025-6-0043,20200467298,패션푸드,식품제조가공업,충청남도 아산시,식품
복합조미식품,106,2028-02-16,BIZ047,식품,C10400006,3002,2025-02-17,충청남도,패션푸드,아산시,"제조,가공",2025-6-0042,식품제조가공업,패션푸드,아산시 패션푸드,127.08004700055704,36.81509550049335,2025-6-0042,20200467298,패션푸드,식품제조가공업,충청남도 아산시,식품
소스,106,2028-02-16,BIZ047,식품,C10400003,3003,2025-02-17,충청남도,패션푸드,아산시,"제조,가공",2025-6-0041,식품제조가공업,패션푸드,아산시 패션푸드,127.08004700055704,36.81509550049335,2025-6-0041,20200467298,패션푸드,식품제조가공업,충청남도 아산시,식품
액상차,106,2028-02-16,BIZ047,식품,C10100002,3004,2025-02-17,충청남도,연세대학교 연세유업,아산시,"제조,가공",2025-6-0040,식품제조가공업,연세대학교 연세유업,아산시 연세대학교 연세유업,127.09852709960974,36.826512974443006,2025-6-0040,19930461022,연세대학교 연세유업,식품제조가공업,충청남도 아산시,식품
고형차,106,2028-02-16,BIZ047,식품,C10100003,3005,2025-02-17,세종특별자치시,콜마비앤에이치(주)세종3공장,,"제조,가공",2025-6-0039,식품제조가공업,콜마비앤에이치세종3공장,,128.55103810048135,35.93255540021562,2025-6-0039,20240365166,콜마비앤에이치(주)세종3공장,식품제조가공업,세종특별자치시,식품
축산물유통전문판매업,634,2028-02-16,BIZ048,축산물,K00300001,3006,2025-02-17,대전광역시,맘스푸드,유성구,"유통,판매,조리",2025-6-0038,축산물판매업-축산물유통전문판매업,맘스푸드,유성구 맘스푸드,127.30398979968544,36.34190950217653,2025-6-0038,20240338384,맘스푸드,축산물판매업-축산물유통전문판매업,대전광역시 유성구,축산물
김치(배추김치),106,2028-02-11,BIZ047,식품,C12300001,3007,2025-02-12,충청북도,농업회사법인주식회사신선촌,충주시,"제조,가공",2025-6-0037,식품제조가공업,농업회사법인주식회사신선촌,충주시 농업회사법인주식회사신선촌,127.84069140357876,36.96079109603064,2025-6-0037,20250658013,농업회사법인주식회사신선촌,식품제조가공업,충청북도 충주시,식품
김치(기타김치),106,2028-02-11,BIZ047,식품,C10500002,3008,2025-02-12,충청북도,농업회사법인주식회사신선촌,충주시,"제조,가공",2025-6-0036,식품제조가공업,농업회사법인주식회사신선촌,충주시 농업회사법인주식회사신선촌,127.84069140357876,36.96079109603064,2025-6-0036,20250658013,농업회사법인주식회사신선촌,식품제조가공업,충청북도 충주시,식품
"양념육,식육추출가공품",612,2028-02-11,BIZ047,축산물,"86,89",3009,2025-02-12,충청남도,(주)더빱,금산군,"제조,가공",2025-6-0035,축산물가공업-식육가공업,더빱,금산군 더빱,127.48609319994038,36.19990624357445,2025-6-0035,20250681004,(주)더빱,축산물가공업-식육가공업,충청남도 금산군,축산물
양념육,612,2028-02-06,BIZ047,축산물,86,3011,2025-02-07,충청북도,참유통,청주시 흥덕구,"제조,가공",2025-6-0033,축산물가공업-식육가공업,참유통,청주시 흥덕구 참유통,127.41309890037196,36.61023350121369,2025-6-0033,20160405032,참유통,축산물가공업-식육가공업,충청북도 청주시 흥덕구,축산물
캔디류,106,2028-02-05,BIZ047,식품,C09300002,3012,2025-02-06,충청북도,건영웰푸드,옥천군,"제조,가공",2025-6-0032,식품제조가공업,건영웰푸드,옥천군 건영웰푸드,127.58866989754353,36.315755200187695,2025-6-0032,20250666001,건영웰푸드,식품제조가공업,충청북도 옥천군,식품
건어포,106,2028-02-02,BIZ047,식품,C11000012,3013,2025-02-03,충청북도,(주)코주부비앤에프,충주시,"제조,가공",2025-6-0031,식품제조가공업,코주부비앤에프,충주시 코주부비앤에프,127.7445683998084,36.98949440088664,2025-6-0031,20130433102,(주)코주부비앤에프,식품제조가공업,충청북도 충주시,식품
조미건어포,106,2028-02-02,BIZ047,식품,C11000011,3014,2025-02-03,충청북도,(주)코주부비앤에프,충주시,"제조,가공",2025-6-0030,식품제조가공업,코주부비앤에프,충주시 코주부비앤에프,127.7445683998084,36.98949440088664,2025-6-0030,20130433102,(주)코주부비앤에프,식품제조가공업,충청북도 충주시,식품
기타환자용 영양조제식품,106,2028-02-02,BIZ047,식품,C0324020300000,3015,2025-02-03,충청남도,대상웰라이프주식회사천안2공장,천안시 서북구,"제조,가공",2025-6-0029,식품제조가공업,대상웰라이프주식회사천안2공장,천안시 서북구 대상웰라이프주식회사천안2공장,127.12119529963658,36.85968490086191,2025-6-0029,20210457028,대상웰라이프주식회사천안2공장,식품제조가공업,충청남도 천안시 서북구,식품
포장육,604,2028-01-24,BIZ047,축산물,78,3016,2025-01-25,충청남도,삼육오미트,태안군,"제조,가공",2025-6-0028,식육포장처리업,삼육오미트,태안군 삼육오미트,126.294345199594,36.754168800617975,2025-6-0028,20120475169,삼육오미트,식육포장처리업,충청남도 태안군,축산물
소시지,612,2028-01-24,BIZ047,축산물,82,3017,2025-01-25,충청북도,주식회사 선앤두,충주시,"제조,가공",2025-6-0027,축산물가공업-식육가공업,주식회사 선앤두,충주시 주식회사 선앤두,127.81183379537032,36.98968603896436,2025-6-0027,20180423006,주식회사 선앤두,축산물가공업-식육가공업,충청북도 충주시,축산물
과자,106,2028-01-23,BIZ047,식품,C09300001,3018,2025-01-24,충청북도,(주)삼아에프앤비,음성군,"제조,가공",2025-6-0026,식품제조가공업,삼아에프앤비,음성군 삼아에프앤비,127.48913390023009,36.97476780134372,2025-6-0026,20160445357,(주)삼아에프앤비,식품제조가공업,충청북도 음성군,식품
서류가공품,106,2028-01-22,BIZ047,식품,C10700013,3019,2025-01-23,충청남도,주식회사 내담에프앤비(NAEDAM F&B),계룡시,"제조,가공",2025-6-0025,식품제조가공업,주식회사 내담에프앤비,계룡시 주식회사 내담에프앤비,127.26908229971907,36.24835290113524,2025-6-0025,20140466024,주식회사 내담에프앤비(NAEDAM F&B),식품제조가공업,충청남도 계룡시,식품
과ㆍ채가공품,106,2028-01-22,BIZ047,식품,C10700010,3020,2025-01-23,충청남도,주식회사 내담에프앤비(NAEDAM F&B),계룡시,"제조,가공",2025-6-0024,식품제조가공업,주식회사 내담에프앤비,계룡시 주식회사 내담에프앤비,127.26908229971907,36.24835290113524,2025-6-0024,20140466024,주식회사 내담에프앤비(NAEDAM F&B),식품제조가공업,충청남도 계룡시,식품
식용란수집판매업,635,2028-01-21,BIZ048,축산물,581,3021,2025-01-22,충청북도,네추럴 에그,진천군,"유통,판매,조리",2025-6-0023,축산물판매업-식용란수집판매업,네추럴 에그,진천군 네추럴 에그,127.51134690052876,36.85860100003838,2025-6-0023,20240672434,네추럴 에그,축산물판매업-식용란수집판매업,충청북도 진천군,축산물
식용란선별포장업,009,2028-01-21,BIZ048,축산물,901,3022,2025-01-22,충청북도,농업회사법인 주식회사 네추럴에그,진천군,"유통,판매,조리",2025-6-0022,식용란선별포장업,농업회사법인 주식회사 네추럴에그,진천군 농업회사법인 주식회사 네추럴에그,,,2025-6-0022,20240633036,농업회사법인 주식회사 네추럴에그,식용란선별포장업,충청북도 진천군,축산물
과ㆍ채가공품,106,2028-01-20,BIZ047,식품,C10700010,3023,2025-01-21,충청북도,맥널티 바이오(주),증평군,"제조,가공",2025-6-0021,식품제조가공업,맥널티 바이오,증평군 맥널티 바이오,127.59319120255935,36.81514710210634,2025-6-0021,20170442089,맥널티 바이오(주),식품제조가공업,충청북도 증평군,식품
양념육,612,2028-01-20,BIZ047,축산물,86,3024,2025-01-21,충청남도,청년푸드,금산군,"제조,가공",2025-6-0020,축산물가공업-식육가공업,청년푸드,금산군 청년푸드,127.54211609744058,36.09146120215259,2025-6-0020,20250681001,(주)청년푸드,축산물가공업-식육가공업,충청남도 금산군,축산물
음료베이스,106,2028-01-20,BIZ047,식품,C10100017,3025,2025-01-21,충청북도,맥널티 바이오(주),증평군,"제조,가공",2025-6-0019,식품제조가공업,맥널티 바이오,증평군 맥널티 바이오,127.59319120255935,36.81514710210634,2025-6-0019,20170442089,맥널티 바이오(주),식품제조가공업,충청북도 증평군,식품
캔디류,106,2028-01-20,BIZ047,식품,C09300002,3026,2025-01-21,충청북도,맥널티 바이오(주),증평군,"제조,가공",2025-6-0018,식품제조가공업,맥널티 바이오,증평군 맥널티 바이오,127.59319120255935,36.81514710210634,2025-6-0018,20170442089,맥널티 바이오(주),식품제조가공업,충청북도 증평군,식품
소스,106,2028-01-19,BIZ047,식품,C10400003,3027,2025-01-20,충청북도,주식회사 맥푸드,진천군,"제조,가공",2025-6-0016,식품제조가공업,주식회사 맥푸드,진천군 주식회사 맥푸드,127.45039849948726,36.9478069007777,2025-6-0016,20210387202,주식회사 맥푸드,식품제조가공업,경기도 광주시,식품
국수(생면),106,2028-01-15,BIZ047,식품,C12400001,3030,2025-01-16,충청북도,그린랜드(주),음성군,"제조,가공",2025-6-0013,식품제조가공업,그린랜드,음성군 그린랜드,127.46936000003775,36.965680704015305,2025-6-0013,20230627062,그린랜드(주),식품제조가공업,충청북도 음성군,식품
즉석조리식품,106,2029-04-10,BIZ047,식품,C11300005,3032,2025-01-15,충청남도,주식회사 쿠즈락,논산시,"제조,가공",2025-6-0011,식품제조가공업,주식회사 쿠즈락,논산시 주식회사 쿠즈락,127.02327220037428,36.14331970082791,2025-6-0011,20200470166,주식회사 쿠즈락,식품제조가공업,충청남도 논산시,식품
김치(배추김치),106,2028-01-14,BIZ047,식품,C12300001,3033,2025-01-15,충청북도,대상(주) 단양2공장,단양군,"제조,가공",2025-6-0010,식품제조가공업,대상 단양2공장,단양군 대상 단양2공장,128.36286600028845,36.91937450058519,2025-6-0010,20170447086,대상(주) 단양2공장,식품제조가공업,충청북도 단양군,식품
고형차,106,2028-01-13,BIZ047,식품,C10100003,3034,2025-01-14,충청북도,농업법인(주)옻가네,제천시,"제조,가공",2025-6-0009,식품제조가공업,농업법인옻가네,제천시 농업법인옻가네,128.1670519016682,37.15345850401586,2025-6-0009,20070435069,농업법인(주)옻가네,식품제조가공업,충청북도 제천시,식품
포장육,604,2028-01-09,BIZ047,축산물,78,3036,2025-01-10,충청북도,에스티에프(주)충주공장,충주시,"제조,가공",2025-6-0007,식육포장처리업,에스티에프충주공장,충주시 에스티에프충주공장,,,2025-6-0007,20240658905,에스티에프(주)충주공장,식육포장처리업,충청북도 충주시,축산물
커피,106,2028-01-09,BIZ047,식품,C10100004,3037,2025-01-10,충청남도,빵긋,천안시 동남구,"제조,가공",2025-6-0006,식품제조가공업,빵긋,천안시 동남구 빵긋,127.15259679988316,36.80265480054626,2025-6-0006,20240683694,빵긋,식품제조가공업,충청남도 천안시 동남구,식품
빵류,106,2028-01-09,BIZ047,식품,C09300004,3038,2025-01-10,충청남도,빵긋,천안시 동남구,"제조,가공",2025-6-0005,식품제조가공업,빵긋,천안시 동남구 빵긋,127.15259679988316,36.80265480054626,2025-6-0005,20240683694,빵긋,식품제조가공업,충청남도 천안시 동남구,식품
과자,106,2028-01-09,BIZ047,식품,C09300001,3039,2025-01-10,충청남도,빵긋,천안시 동남구,"제조,가공",2025-6-0004,식품제조가공업,빵긋,천안시 동남구 빵긋,127.15259679988316,36.80265480054626,2025-6-0004,20240683694,빵긋,식품제조가공업,충청남도 천안시 동남구,식품
양념육,612,2028-01-08,BIZ047,축산물,86,3040,2025-01-09,대전광역시,라미식품,중구,"제조,가공",2025-6-0003,축산물가공업-식육가공업,라미식품,중구 라미식품,127.43007070026916,36.31977030079689,2025-6-0003,20170230014,라미식품,축산물가공업-식육가공업,대전광역시 중구,축산물
숙면,106,2028-01-07,BIZ047,식품,C10000002,3041,2025-01-08,충청북도,농업회사법인㈜은혜농산,옥천군,"제조,가공",2025-6-0002,식품제조가공업,농업회사법인㈜은혜농산,옥천군 농업회사법인㈜은혜농산,127.52108629627644,36.33295640215877,2025-6-0002,20140440080,농업회사법인(주)은혜농산,식품제조가공업,충청북도 옥천군,식품
기타 농산가공품,106,2028-01-02,BIZ047,식품,C10700014,3042,2025-01-03,충청북도,다올,영동군,"제조,가공",2025-6-0001,식품제조가공업,다올,영동군 다올,127.7747127998713,36.17729530071086,2025-6-0001,20240668055,다올,식품제조가공업,충청북도 영동군,식품
양념육,612,2028-12-30,BIZ047,축산물,86,3043,2025-12-31,전북특별자치도,태봉푸드,익산시,"제조,가공",2025-5-0606,축산물가공업-식육가공업,태봉푸드,익산시 태봉푸드,127.02255170030644,36.06799350083477,2025-5-0606,20190480005,태봉푸드,축산물가공업-식육가공업,전북특별자치도 익산시,축산물
포장육,604,2028-12-30,BIZ047,축산물,78,3044,2025-12-31,제주특별자치도,신우축산,제주시,"제조,가공",2025-5-0605,식육포장처리업,신우축산,제주시 신우축산,126.48724009983604,33.49208650071536,2025-5-0605,20090628109,신우축산,식육포장처리업,제주특별자치도 제주시,축산물
떡류,106,2028-12-28,BIZ047,식품,C09300005,3045,2025-12-29,전남광주통합특별시,담양죽순영농조합법인,담양군,"제조,가공",2025-5-0604,식품제조가공업,담양죽순영농조합법인,담양군 담양죽순영농조합법인,126.98937870009702,35.298319037189934,2025-5-0604,20090515007,담양죽순영농조합법인,식품제조가공업,전남광주통합특별시 담양군,식품
과ㆍ채주스,106,2028-12-28,BIZ047,식품,C10100006,3046,2025-12-29,전남광주통합특별시,농업회사법인 유한회사 자연식품,목포시,"제조,가공",2025-5-0602,식품제조가공업,농업회사법인 유한회사 자연식품,목포시 농업회사법인 유한회사 자연식품,126.39365390032876,34.83334800109718,2025-5-0602,20160525244,농업회사법인 유한회사 자연식품,식품제조가공업,전남광주통합특별시 목포시,식품
기타 수산물가공품 중 냉동어류,106,2028-12-25,BIZ047,식품,C11700001,3047,2025-12-26,전남광주통합특별시,주식회사일원에프앤비어업회사법인,함평군,"제조,가공",2025-5-0601,식품제조가공업,주식회사일원에프앤비어업회사법인,함평군 주식회사일원에프앤비어업회사법인,126.4925196000852,35.066205097493615,2025-5-0601,20250810014,주식회사일원에프앤비어업회사법인,식품제조가공업,전남광주통합특별시 함평군,식품
기타 수산물가공품 중 냉동연체류,106,2028-12-25,BIZ047,식품,C11800001,3048,2025-12-26,전북특별자치도,주식회사 미래바다,군산시,"제조,가공",2025-5-0600,식품제조가공업,주식회사 미래바다,군산시 주식회사 미래바다,,,2025-5-0600,20250738894,주식회사 미래바다,식품제조가공업,전북특별자치도 군산시,식품
식용란선별포장업,009,2028-12-25,BIZ048,축산물,901,3049,2025-12-26,전북특별자치도,백운양계,진안군,"유통,판매,조리",2025-5-0599,식용란선별포장업,백운양계,진안군 백운양계,127.4091637000933,35.72603589754008,2025-5-0599,20200480008,백운양계,식용란선별포장업,전북특별자치도 진안군,축산물
기타 수산물가공품 중 냉동연체류,106,2028-12-22,BIZ047,식품,C11800001,3050,2025-12-23,전남광주통합특별시,(주)한아름푸드시스템,광산구,"제조,가공",2025-5-0598,식품제조가공업,한아름푸드시스템,광산구 한아름푸드시스템,,,2025-5-0598,20250321010,(주)한아름푸드시스템,식품제조가공업,전남광주통합특별시 광산구,식품
기타 수산물가공품 중 냉동어류,106,2028-12-22,BIZ047,식품,C11700001,3051,2025-12-23,전남광주통합특별시,(주)한아름푸드시스템,광산구,"제조,가공",2025-5-0597,식품제조가공업,한아름푸드시스템,광산구 한아름푸드시스템,,,2025-5-0597,20250321010,(주)한아름푸드시스템,식품제조가공업,전남광주통합특별시 광산구,식품
과자,106,2028-12-22,BIZ047,식품,C09300001,3052,2025-12-23,제주특별자치도,소드락이,서귀포시,"제조,가공",2025-5-0596,식품제조가공업,소드락이,서귀포시 소드락이,126.79375540031027,33.38243411103256,2025-5-0596,20250962941,소드락이,식품제조가공업,제주특별자치도 서귀포시,식품
즉석조리식품,106,2028-12-21,BIZ047,식품,C11300005,3053,2025-12-22,전남광주통합특별시,완도맘영어조합법인,완도군,"제조,가공",2025-5-0595,식품제조가공업,완도맘영어조합법인,완도군 완도맘영어조합법인,126.73651700022788,34.334551197401595,2025-5-0595,20180533141,완도맘영어조합법인,식품제조가공업,전남광주통합특별시 완도군,식품
냉동식품 중 만두,106,2028-12-21,BIZ047,식품,C12000001,3054,2025-12-22,전남광주통합특별시,덤수제만두,남구,"제조,가공",2025-5-0594,식품제조가공업,덤수제만두,남구 덤수제만두,126.9059808995618,35.1053593003329,2025-5-0594,20240310402,덤수제만두,식품제조가공업,전남광주통합특별시 남구,식품
즉석조리식품(순대),106,2028-12-17,BIZ047,식품,C12500001,3055,2025-12-18,전북특별자치도,유한회사조점례푸드,전주시 완산구,"제조,가공",2025-5-0593,식품제조가공업,유한회사조점례푸드,전주시 완산구 유한회사조점례푸드,127.14723150006724,35.81022110115101,2025-5-0593,20250730701,유한회사조점례푸드,식품제조가공업,전북특별자치도 전주시 완산구,식품
절임식품,106,2028-12-17,BIZ047,식품,C10500003,3056,2025-12-18,전남광주통합특별시,자연바다식품,여수시,"제조,가공",2025-5-0592,식품제조가공업,자연바다식품,여수시 자연바다식품,127.72585170084028,34.73432940203358,2025-5-0592,20070506037,자연바다식품,식품제조가공업,전남광주통합특별시 여수시,식품
혼합음료,106,2028-12-17,BIZ047,식품,C10100016,3057,2025-12-18,전북특별자치도,농업회사법인(유)웅치마을영농회,남원시,"제조,가공",2025-5-0591,식품제조가공업,농업회사법인웅치마을영농회,남원시 농업회사법인웅치마을영농회,,,2025-5-0591,20190496172,농업회사법인(유)웅치마을영농회,식품제조가공업,전북특별자치도 남원시,식품
곡류가공품,106,2028-12-17,BIZ047,식품,C10700011,3058,2025-12-18,전남광주통합특별시,농업회사법인(주)담우,고흥군,"제조,가공",2025-5-0590,식품제조가공업,농업회사법인담우,고흥군 농업회사법인담우,127.33022410030183,34.507154501032936,2025-5-0590,20180522052,농업회사법인(주)담우,식품제조가공업,전남광주통합특별시 고흥군,식품
유산균음료,106,2028-12-16,BIZ047,식품,C10100012,3059,2025-12-17,전북특별자치도,농업회사법인 유한회사 데일리팜,완주군,"제조,가공",2025-5-0589,식품제조가공업,농업회사법인 유한회사 데일리팜,완주군 농업회사법인 유한회사 데일리팜,127.1234185000264,35.69386536032652,2025-5-0589,20130481090,농업회사법인 유한회사 데일리팜,식품제조가공업,전북특별자치도 완주군,식품
포장육,604,2028-12-15,BIZ047,축산물,78,3060,2025-12-16,전북특별자치도,뽕의도리 농업회사법인 유한회사,부안군,"제조,가공",2025-5-0588,식육포장처리업,뽕의도리 농업회사법인 유한회사,부안군 뽕의도리 농업회사법인 유한회사,126.73472739954182,35.69874241119705,2025-5-0588,20180505066,뽕의도리 농업회사법인 유한회사,식육포장처리업,전북특별자치도 부안군,축산물
유함유가공품,106,2028-12-15,BIZ047,식품,C0318140000000,3061,2025-12-16,전남광주통합특별시,㈜호남샤니,광산구,"제조,가공",2025-5-0587,식품제조가공업,㈜호남샤니,광산구 ㈜호남샤니,126.80279600007528,35.197548860656845,2025-5-0587,19910227021,(주)호남샤니,식품제조가공업,전남광주통합특별시 광산구,식품
곡류가공품,106,2028-12-15,BIZ047,식품,C10700011,3062,2025-12-16,전북특별자치도,(주)오리온 제2익산공장,익산시,"제조,가공",2025-5-0586,식품제조가공업,오리온 제2익산공장,익산시 오리온 제2익산공장,126.97362759970004,35.94130749670995,2025-5-0586,19760487005,(주)오리온 제2익산공장,식품제조가공업,전북특별자치도 익산시,식품
포장육,604,2028-12-15,BIZ047,축산물,78,3063,2025-12-16,전북특별자치도,샘골농협 하나로마트,정읍시,"제조,가공",2025-5-0585,식육포장처리업,샘골농협 하나로마트,정읍시 샘골농협 하나로마트,126.89225682998332,35.60947548866111,2025-5-0585,20250746181,샘골농협 하나로마트,식육포장처리업,전북특별자치도 정읍시,축산물
가공김(조미김 또는 구운김),106,2028-12-14,BIZ047,식품,C11000017,3064,2025-12-15,전남광주통합특별시,동양영어조합법인 2공장,진도군,"제조,가공",2025-5-0584,식품제조가공업,동양영어조합법인 2공장,진도군 동양영어조합법인 2공장,,,2025-5-0584,20250818110,동양영어조합법인 2공장,식품제조가공업,전남광주통합특별시 진도군,식품
포장육,604,2028-12-11,BIZ047,축산물,78,3065,2025-12-12,전북특별자치도,참예우 명품프라자,전주시 완산구,"제조,가공",2025-5-0583,식육포장처리업,참예우 명품프라자,전주시 완산구 참예우 명품프라자,127.10375639985764,35.81870830088034,2025-5-0583,20240728066,참예우 명품프라자,식육포장처리업,전북특별자치도 전주시 완산구,축산물
빵류,106,2028-12-11,BIZ047,식품,C09300004,3066,2025-12-12,전북특별자치도,공소,전주시 완산구,"제조,가공",2025-5-0582,식품제조가공업,공소,전주시 완산구 공소,127.09472320012992,35.81169960089624,2025-5-0582,20250730835,공소,식품제조가공업,전북특별자치도 전주시 완산구,식품
과자,106,2028-12-11,BIZ047,식품,C09300001,3067,2025-12-12,전북특별자치도,공소,전주시 완산구,"제조,가공",2025-5-0581,식품제조가공업,공소,전주시 완산구 공소,127.09472320012992,35.81169960089624,2025-5-0581,20250730835,공소,식품제조가공업,전북특별자치도 전주시 완산구,식품
신선편의식품,106,2028-12-11,BIZ047,식품,C11300004,3068,2025-12-12,제주특별자치도,과일연구소프루타랩,제주시,"제조,가공",2025-5-0580,식품제조가공업,과일연구소프루타랩,제주시 과일연구소프루타랩,,,2025-5-0580,20220898660,과일연구소프루타랩,식품제조가공업,제주특별자치도 제주시,식품
기타 수산물가공품 중 냉동어류,106,2028-12-11,BIZ047,식품,C11700001,3069,2025-12-12,제주특별자치도,청정해,제주시,"제조,가공",2025-5-0579,식품제조가공업,청정해,제주시 청정해,126.47183559949175,33.505466400877026,2025-5-0579,20250955411,청정해,식품제조가공업,제주특별자치도 제주시,식품
절임식품,106,2028-12-10,BIZ047,식품,C10500003,3070,2025-12-11,전남광주통합특별시,나가네농장,해남군,"제조,가공",2025-5-0578,식품제조가공업,나가네농장,해남군 나가네농장,,,2025-5-0578,20250804139,나가네농장,식품제조가공업,전남광주통합특별시 해남군,식품
두류가공품(공유주방 이용업소),106,2028-12-10,BIZ047,식품,C10700012,3071,2025-12-11,전북특별자치도,천년식향 익산플랜트(Millennial Flavor Town Iksan Plant),익산시,"제조,가공",2025-5-0577,식품제조가공업,천년식향 익산플랜트,익산시 천년식향 익산플랜트,,,2025-5-0577,20250742457,천년식향 익산플랜트(Millennial Flavor Town Iksan Plant),식품제조가공업,전북특별자치도 익산시,식품
냉동식품 중 만두,106,2028-12-10,BIZ047,식품,C12000001,3072,2025-12-11,전북특별자치도,(주)다우랑,전주시 덕진구,"제조,가공",2025-5-0576,식품제조가공업,다우랑,전주시 덕진구 다우랑,127.16495960052175,35.84549600110767,2025-5-0576,20100481188,(주)다우랑,식품제조가공업,전북특별자치도 전주시 덕진구,식품
두부,106,2028-12-08,BIZ047,식품,C09800001,3074,2025-12-09,전북특별자치도,농업회사법인 주식회사 윤율 제2공장,익산시,"제조,가공",2025-5-0574,식품제조가공업,농업회사법인 주식회사 윤율 제2공장,익산시 농업회사법인 주식회사 윤율 제2공장,,,2025-5-0574,20250742631,농업회사법인 주식회사 윤율 제2공장,식품제조가공업,전북특별자치도 익산시,식품
체중조절용 조제식품,106,2028-12-07,BIZ047,식품,C10200009,3077,2025-12-08,전남광주통합특별시,영글어농장,화순군,"제조,가공",2025-5-0571,식품제조가공업,영글어농장,화순군 영글어농장,126.95888030012402,34.88408480082862,2025-5-0571,20200524155,영글어농장,식품제조가공업,전남광주통합특별시 화순군,식품
건면,106,2028-12-03,BIZ047,식품,C10000003,3078,2025-12-04,제주특별자치도,귀일농산,제주시,"제조,가공",2025-5-0570,식품제조가공업,귀일농산,제주시 귀일농산,126.40961669989454,33.47761683437416,2025-5-0570,19910627223,귀일농산,식품제조가공업,제주특별자치도 제주시,식품
김치(배추김치),106,2028-12-03,BIZ047,식품,C12300001,3079,2025-12-04,전남광주통합특별시,주식회사쿡스탑앤푸드,북구,"제조,가공",2025-5-0569,식품제조가공업,주식회사쿡스탑앤푸드,북구 주식회사쿡스탑앤푸드,126.86049800040456,35.173015201028846,2025-5-0569,20180224221,주식회사쿡스탑앤푸드,식품제조가공업,전남광주통합특별시 북구,식품
절임식품,106,2028-12-03,BIZ047,식품,C10500003,3080,2025-12-04,전남광주통합특별시,주식회사쿡스탑앤푸드,북구,"제조,가공",2025-5-0568,식품제조가공업,주식회사쿡스탑앤푸드,북구 주식회사쿡스탑앤푸드,126.86049800040456,35.173015201028846,2025-5-0568,20180224221,주식회사쿡스탑앤푸드,식품제조가공업,전남광주통합특별시 북구,식품
기타 농산가공품,106,2028-12-03,BIZ047,식품,C10700014,3081,2025-12-04,전남광주통합특별시,주식회사 윤참들,담양군,"제조,가공",2025-5-0567,식품제조가공업,주식회사 윤참들,담양군 주식회사 윤참들,,,2025-5-0567,20250788270,주식회사 윤참들,식품제조가공업,전남광주통합특별시 담양군,식품
들기름,106,2028-12-03,BIZ047,식품,C09900007,3082,2025-12-04,전남광주통합특별시,주식회사 윤참들,담양군,"제조,가공",2025-5-0566,식품제조가공업,주식회사 윤참들,담양군 주식회사 윤참들,,,2025-5-0566,20250788270,주식회사 윤참들,식품제조가공업,전남광주통합특별시 담양군,식품
참기름,106,2028-12-03,BIZ047,식품,C09900005,3083,2025-12-04,전남광주통합특별시,주식회사 윤참들,담양군,"제조,가공",2025-5-0565,식품제조가공업,주식회사 윤참들,담양군 주식회사 윤참들,,,2025-5-0565,20250788270,주식회사 윤참들,식품제조가공업,전남광주통합특별시 담양군,식품
기타가공품,106,2028-12-03,BIZ047,식품,C11400002,3084,2025-12-04,전북특별자치도,기흥상사,전주시 완산구,"제조,가공",2025-5-0564,식품제조가공업,기흥상사,전주시 완산구 기흥상사,127.11485339992724,35.82014840087783,2025-5-0564,20090478568,기흥상사,식품제조가공업,전북특별자치도 전주시 완산구,식품
소스,106,2028-12-03,BIZ047,식품,C10400003,3085,2025-12-04,전북특별자치도,기흥상사,전주시 완산구,"제조,가공",2025-5-0563,식품제조가공업,기흥상사,전주시 완산구 기흥상사,127.11485339992724,35.82014840087783,2025-5-0563,20090478568,기흥상사,식품제조가공업,전북특별자치도 전주시 완산구,식품
과자,106,2028-12-01,BIZ047,식품,C09300001,3086,2025-12-02,제주특별자치도,주식회사청춘이오란다,제주시,"제조,가공",2025-5-0562,식품제조가공업,주식회사청춘이오란다,제주시 주식회사청춘이오란다,126.31569140006997,33.42511120208313,2025-5-0562,20250955762,주식회사청춘식품,식품제조가공업,제주특별자치도 제주시,식품
액상차,106,2028-12-01,BIZ047,식품,C10100002,3087,2025-12-02,전남광주통합특별시,명랑팜,해남군,"제조,가공",2025-5-0561,식품제조가공업,명랑팜,해남군 명랑팜,126.34523690048746,34.63023650076739,2025-5-0561,20210527173,명랑팜,식품제조가공업,전남광주통합특별시 해남군,식품
양념육,612,2028-12-01,BIZ047,축산물,86,3088,2025-12-02,전남광주통합특별시,빛고을푸드,북구,"제조,가공",2025-5-0560,축산물가공업-식육가공업,빛고을푸드,북구 빛고을푸드,126.87054310046584,35.202652675118266,2025-5-0560,20200216001,빛고을푸드,축산물가공업-식육가공업,전남광주통합특별시 북구,축산물
기타가공품,106,2028-12-01,BIZ047,식품,C11400002,3089,2025-12-02,전북특별자치도,유한회사 씨엠에프엔비,전주시 덕진구,"제조,가공",2025-5-0559,식품제조가공업,유한회사 씨엠에프엔비,전주시 덕진구 유한회사 씨엠에프엔비,127.0601496004808,35.85192740091294,2025-5-0559,20170481435,유한회사 씨엠에프엔비,식품제조가공업,전북특별자치도 전주시 덕진구,식품
기타 수산물가공품,106,2028-12-01,BIZ047,식품,C11000016,3090,2025-12-02,전북특별자치도,유한회사 씨엠에프엔비,전주시 덕진구,"제조,가공",2025-5-0558,식품제조가공업,유한회사 씨엠에프엔비,전주시 덕진구 유한회사 씨엠에프엔비,127.0601496004808,35.85192740091294,2025-5-0558,20170481435,유한회사 씨엠에프엔비,식품제조가공업,전북특별자치도 전주시 덕진구,식품
기타 농산가공품,106,2028-12-01,BIZ047,식품,C10700014,3091,2025-12-02,전북특별자치도,유한회사 씨엠에프엔비,전주시 덕진구,"제조,가공",2025-5-0557,식품제조가공업,유한회사 씨엠에프엔비,전주시 덕진구 유한회사 씨엠에프엔비,127.0601496004808,35.85192740091294,2025-5-0557,20170481435,유한회사 씨엠에프엔비,식품제조가공업,전북특별자치도 전주시 덕진구,식품
과ㆍ채가공품,106,2028-12-01,BIZ047,식품,C10700010,3092,2025-12-02,전북특별자치도,유한회사 씨엠에프엔비,전주시 덕진구,"제조,가공",2025-5-0556,식품제조가공업,유한회사 씨엠에프엔비,전주시 덕진구 유한회사 씨엠에프엔비,127.0601496004808,35.85192740091294,2025-5-0556,20170481435,유한회사 씨엠에프엔비,식품제조가공업,전북특별자치도 전주시 덕진구,식품
가공소금,106,2028-12-01,BIZ047,식품,C10400018,3093,2025-12-02,전북특별자치도,유한회사 씨엠에프엔비,전주시 덕진구,"제조,가공",2025-5-0555,식품제조가공업,유한회사 씨엠에프엔비,전주시 덕진구 유한회사 씨엠에프엔비,127.0601496004808,35.85192740091294,2025-5-0555,20170481435,유한회사 씨엠에프엔비,식품제조가공업,전북특별자치도 전주시 덕진구,식품
복합조미식품,106,2028-12-01,BIZ047,식품,C10400006,3094,2025-12-02,전북특별자치도,유한회사 씨엠에프엔비,전주시 덕진구,"제조,가공",2025-5-0554,식품제조가공업,유한회사 씨엠에프엔비,전주시 덕진구 유한회사 씨엠에프엔비,127.0601496004808,35.85192740091294,2025-5-0554,20170481435,유한회사 씨엠에프엔비,식품제조가공업,전북특별자치도 전주시 덕진구,식품
인삼ㆍ홍삼음료,106,2028-12-01,BIZ047,식품,C10100015,3095,2025-12-02,전북특별자치도,주식회사 후레쉬닷컴,익산시,"제조,가공",2025-5-0553,식품제조가공업,주식회사 후레쉬닷컴,익산시 주식회사 후레쉬닷컴,,,2025-5-0553,20210491590,주식회사 후레쉬닷컴,식품제조가공업,전북특별자치도 익산시,식품
기타 어육가공품,106,2028-12-01,BIZ047,식품,C11000006,3096,2025-12-02,전남광주통합특별시,청아우리떡,광산구,"제조,가공",2025-5-0552,식품제조가공업,청아우리떡,광산구 청아우리떡,126.76147400021644,35.14121550048037,2025-5-0552,20150221747,청아우리떡,식품제조가공업,전남광주통합특별시 광산구,식품
식육함유가공품,106,2028-12-01,BIZ047,식품,C10800001,3097,2025-12-02,전남광주통합특별시,청아우리떡,광산구,"제조,가공",2025-5-0551,식품제조가공업,청아우리떡,광산구 청아우리떡,126.76147400021644,35.14121550048037,2025-5-0551,20150221747,청아우리떡,식품제조가공업,전남광주통합특별시 북구,식품
기타 수산물가공품,106,2028-11-30,BIZ047,식품,C11000016,3098,2025-12-01,전북특별자치도,주식회사 스마일푸드,정읍시,"제조,가공",2025-5-0550,식품제조가공업,주식회사 스마일푸드,정읍시 주식회사 스마일푸드,126.87431169949032,35.70087650105223,2025-5-0550,20210494240,주식회사 스마일푸드,식품제조가공업,전북특별자치도 정읍시,식품
기타가공품(공유주방 이용업소),106,2028-11-30,BIZ047,식품,C11400002,3100,2025-12-01,전북특별자치도,현신바이오,익산시,"제조,가공",2025-5-0548,식품제조가공업,현신바이오,익산시 현신바이오,,,2025-5-0548,20250742521,현신바이오,식품제조가공업,전북특별자치도 익산시,식품
과ㆍ채가공품(공유주방 이용업소),106,2028-11-30,BIZ047,식품,C10700010,3101,2025-12-01,전북특별자치도,현신바이오,익산시,"제조,가공",2025-5-0547,식품제조가공업,현신바이오,익산시 현신바이오,,,2025-5-0547,20250742521,현신바이오,식품제조가공업,전북특별자치도 익산시,식품
효소식품(공유주방 이용업소),106,2028-11-30,BIZ047,식품,C10700009,3102,2025-12-01,전북특별자치도,현신바이오,익산시,"제조,가공",2025-5-0546,식품제조가공업,현신바이오,익산시 현신바이오,,,2025-5-0546,20250742521,현신바이오,식품제조가공업,전북특별자치도 익산시,식품
고형차(공유주방 이용업소),106,2028-11-30,BIZ047,식품,C10100003,3103,2025-12-01,전북특별자치도,현신바이오,익산시,"제조,가공",2025-5-0545,식품제조가공업,현신바이오,익산시 현신바이오,,,2025-5-0545,20250742521,현신바이오,식품제조가공업,전북특별자치도 익산시,식품
포장육,604,2028-11-30,BIZ047,축산물,78,3105,2025-12-01,전남광주통합특별시,(주)대호축산,광양시,"제조,가공",2025-5-0543,식육포장처리업,대호축산,광양시 대호축산,127.58494060001046,34.949644100745324,2025-5-0543,20250785265,(주)대호축산,식육포장처리업,전남광주통합특별시 광양시,축산물
포장육,604,2028-11-27,BIZ047,축산물,78,3106,2025-11-28,제주특별자치도,(주)녹용축산유통,제주시,"제조,가공",2025-5-0542,식육포장처리업,녹용축산유통,제주시 녹용축산유통,126.27618799967662,33.383915000923224,2025-5-0542,20060628234,(주)녹용축산유통,식육포장처리업,제주특별자치도 제주시,축산물
발효식초,106,2028-11-27,BIZ047,식품,C10400001,3107,2025-11-28,제주특별자치도,주식회사제주자연초농업회사법인,제주시,"제조,가공",2025-5-0541,식품제조가공업,주식회사제주자연초농업회사법인,제주시 주식회사제주자연초농업회사법인,126.56231302767408,33.45470942745606,2025-5-0541,20140628432,주식회사제주자연초농업회사법인,식품제조가공업,제주특별자치도 제주시,식품
액상차,106,2028-11-27,BIZ047,식품,C10100002,3108,2025-11-28,제주특별자치도,주식회사제주자연초농업회사법인,제주시,"제조,가공",2025-5-0540,식품제조가공업,주식회사제주자연초농업회사법인,제주시 주식회사제주자연초농업회사법인,126.56231302767408,33.45470942745606,2025-5-0540,20140628432,주식회사제주자연초농업회사법인,식품제조가공업,제주특별자치도 제주시,식품
혼합음료,106,2029-04-16,BIZ047,식품,C10100016,3111,2025-11-28,제주특별자치도,(주)비케이바이오,제주시,"제조,가공",2025-5-0537,식품제조가공업,비케이바이오,제주시 비케이바이오,126.81325760004904,33.54278878113573,2025-5-0537,20140627715,(주)비케이바이오,식품제조가공업,제주특별자치도 제주시,식품
포장육,604,2028-11-27,BIZ047,축산물,78,3112,2025-11-28,전남광주통합특별시,(주)하이진,광산구,"제조,가공",2025-5-0536,식육포장처리업,하이진,광산구 하이진,126.80731968429497,35.16415724331562,2025-5-0536,20250320868,(주)하이진,식육포장처리업,전남광주통합특별시 광산구,축산물
양념육,612,2028-11-27,BIZ047,축산물,86,3113,2025-11-28,전남광주통합특별시,주식회사 하이진,광산구,"제조,가공",2025-5-0535,축산물가공업-식육가공업,주식회사 하이진,광산구 주식회사 하이진,126.79152427621126,35.196912850054524,2025-5-0535,20230288011,주식회사 하이진,축산물가공업-식육가공업,전남광주통합특별시 광산구,축산물
즉석조리식품,106,2028-11-26,BIZ047,식품,C11300005,3114,2025-11-27,전북특별자치도,주식회사 이은,익산시,"제조,가공",2025-5-0534,식품제조가공업,주식회사 이은,익산시 주식회사 이은,127.07846080053709,35.96895700095442,2025-5-0534,20200491572,주식회사 이은,식품제조가공업,전북특별자치도 익산시,식품
양념육,612,2028-11-26,BIZ047,축산물,86,3115,2025-11-27,전북특별자치도,자연푸드 유한회사,전주시 완산구,"제조,가공",2025-5-0533,축산물가공업-식육가공업,자연푸드 유한회사,전주시 완산구 자연푸드 유한회사,127.12884009964849,35.80065500109557,2025-5-0533,20170476015,자연푸드 유한회사,축산물가공업-식육가공업,전북특별자치도 전주시 완산구,축산물
두류가공품,106,2028-11-26,BIZ047,식품,C10700012,3116,2025-11-27,전북특별자치도,스타팩토리,전주시 덕진구,"제조,가공",2025-5-0532,식품제조가공업,스타팩토리,전주시 덕진구 스타팩토리,,,2025-5-0532,20250734507,스타팩토리,식품제조가공업,전북특별자치도 전주시 덕진구,식품
떡류,106,2028-11-26,BIZ047,식품,C09300005,3117,2025-11-27,전북특별자치도,스타팩토리,전주시 덕진구,"제조,가공",2025-5-0531,식품제조가공업,스타팩토리,전주시 덕진구 스타팩토리,,,2025-5-0531,20250734507,스타팩토리,식품제조가공업,전북특별자치도 전주시 덕진구,식품
포장육,604,2028-11-25,BIZ047,축산물,78,3120,2025-11-26,전북특별자치도,자연푸드 유한회사,전주시 완산구,"제조,가공",2025-5-0528,식육포장처리업,자연푸드 유한회사,전주시 완산구 자연푸드 유한회사,127.12884009964849,35.80065500109557,2025-5-0528,20110477002,자연푸드 유한회사,식육포장처리업,전북특별자치도 전주시 완산구,축산물
캔디류,106,2028-11-25,BIZ047,식품,C09300002,3121,2025-11-26,제주특별자치도,(재)제주테크노파크 바이오융합센터1,제주시,"제조,가공",2025-5-0527,식품제조가공업,제주테크노파크 바이오융합센터1,제주시 제주테크노파크 바이오융합센터1,126.5623920995226,33.45590199917078,2025-5-0527,20070628101,(재)제주테크노파크 바이오융합센터1,식품제조가공업,제주특별자치도 제주시,식품
소스,106,2028-11-25,BIZ047,식품,C10400003,3122,2025-11-26,전북특별자치도,베에프앤비주식회사,전주시 덕진구,"제조,가공",2025-5-0526,식품제조가공업,베에프앤비주식회사,전주시 덕진구 베에프앤비주식회사,127.08934379952063,35.85930620113456,2025-5-0526,20240734148,베에프앤비주식회사,식품제조가공업,전북특별자치도 전주시 덕진구,식품
빵류,106,2028-11-24,BIZ047,식품,C09300004,3123,2025-11-25,제주특별자치도,제주르방,제주시,"제조,가공",2025-5-0525,식품제조가공업,제주르방,제주시 제주르방,126.2664957002556,33.385809800283,2025-5-0525,20250955763,제주르방,식품제조가공업,제주특별자치도 제주시,식품
과자,106,2028-11-24,BIZ047,식품,C09300001,3124,2025-11-25,제주특별자치도,제주르방,제주시,"제조,가공",2025-5-0524,식품제조가공업,제주르방,제주시 제주르방,126.2664957002556,33.385809800283,2025-5-0524,20250955763,제주르방,식품제조가공업,제주특별자치도 제주시,식품
기타 수산물가공품 중 냉동연체류,106,2028-02-06,BIZ047,식품,C11800001,3125,2025-11-24,전북특별자치도,어업회사법인 두비주식회사,군산시,"제조,가공",2025-5-0523,식품제조가공업,어업회사법인 두비주식회사,군산시 어업회사법인 두비주식회사,126.57012559987336,35.96206090126917,2025-5-0523,20180488260,어업회사법인 두비주식회사,식품제조가공업,전북특별자치도 군산시,식품
기타 수산물가공품 중 냉동어류,106,2028-02-06,BIZ047,식품,C11700001,3126,2025-11-24,전북특별자치도,어업회사법인 두비주식회사,군산시,"제조,가공",2025-5-0522,식품제조가공업,어업회사법인 두비주식회사,군산시 어업회사법인 두비주식회사,126.57012559987336,35.96206090126917,2025-5-0522,20180488260,어업회사법인 두비주식회사,식품제조가공업,전북특별자치도 군산시,식품
"양념육,분쇄가공육제품",612,2028-11-20,BIZ047,축산물,"86,87",3127,2025-11-21,전북특별자치도,농업회사법인(주)찬누리비앤에프,익산시,"제조,가공",2025-5-0521,축산물가공업-식육가공업,농업회사법인찬누리비앤에프,익산시 농업회사법인찬누리비앤에프,,,2025-5-0521,20250726010,농업회사법인(주)찬누리비앤에프,축산물가공업-식육가공업,전북특별자치도 익산시,축산물
포장육,604,2028-11-20,BIZ047,축산물,78,3128,2025-11-21,전북특별자치도,농업회사법인(주)찬누리비앤에프,익산시,"제조,가공",2025-5-0520,식육포장처리업,농업회사법인찬누리비앤에프,익산시 농업회사법인찬누리비앤에프,,,2025-5-0520,20250742618,농업회사법인(주)찬누리비앤에프,식육포장처리업,전북특별자치도 익산시,축산물
음료베이스,106,2029-05-31,BIZ047,식품,C10100017,3129,2025-11-21,전북특별자치도,(주)렉스팜,익산시,"제조,가공",2025-5-0519,식품제조가공업,렉스팜,익산시 렉스팜,127.0806262995587,35.970159100684704,2025-5-0519,20220683477,(주)렉스팜,식품제조가공업,전북특별자치도 익산시,식품
기타 수산물가공품 중 냉동연체류,106,2028-11-18,BIZ047,식품,C11800001,3130,2025-11-19,전북특별자치도,(유)다현씨푸드,익산시,"제조,가공",2025-5-0518,식품제조가공업,다현씨푸드,익산시 다현씨푸드,,,2025-5-0518,20250742729,(유)다현씨푸드,식품제조가공업,전북특별자치도 익산시,식품
기타 수산물가공품 중 냉동어류,106,2028-11-18,BIZ047,식품,C11700001,3131,2025-11-19,전북특별자치도,(유)다현씨푸드,익산시,"제조,가공",2025-5-0517,식품제조가공업,다현씨푸드,익산시 다현씨푸드,,,2025-5-0517,20250742729,(유)다현씨푸드,식품제조가공업,전북특별자치도 익산시,식품
조림류,106,2028-11-17,BIZ047,식품,C10500005,3132,2025-11-18,전북특별자치도,순수본(주),익산시,"제조,가공",2025-5-0516,식품제조가공업,순수본,익산시 순수본,127.08743492826112,35.98805703789497,2025-5-0516,20190491009,순수본(주),식품제조가공업,전북특별자치도 익산시,식품
김치(배추김치),106,2028-11-13,BIZ047,식품,C12300001,3136,2025-11-14,전북특별자치도,농업회사법인 (유)굿푸드,장수군,"제조,가공",2025-5-0512,식품제조가공업,농업회사법인 굿푸드,장수군 농업회사법인 굿푸드,,,2025-5-0512,20250759057,농업회사법인 (유)굿푸드,식품제조가공업,전북특별자치도 장수군,식품
절임식품,106,2028-11-13,BIZ047,식품,C10500003,3137,2025-11-14,전북특별자치도,농업회사법인 (유)굿푸드,장수군,"제조,가공",2025-5-0511,식품제조가공업,농업회사법인 굿푸드,장수군 농업회사법인 굿푸드,,,2025-5-0511,20250759057,농업회사법인 (유)굿푸드,식품제조가공업,전북특별자치도 장수군,식품
김치(기타김치),106,2028-11-13,BIZ047,식품,C10500002,3138,2025-11-14,전북특별자치도,농업회사법인 (유)굿푸드,장수군,"제조,가공",2025-5-0510,식품제조가공업,농업회사법인 굿푸드,장수군 농업회사법인 굿푸드,,,2025-5-0510,20250759057,농업회사법인 (유)굿푸드,식품제조가공업,전북특별자치도 장수군,식품
곡류가공품,106,2028-11-13,BIZ047,식품,C10700011,3139,2025-11-14,전북특별자치도,주식회사 해오름식품,익산시,"제조,가공",2025-5-0509,식품제조가공업,주식회사 해오름식품,익산시 주식회사 해오름식품,,,2025-5-0509,20250742682,주식회사 해오름식품,식품제조가공업,전북특별자치도 익산시,식품
과자,106,2028-11-13,BIZ047,식품,C09300001,3140,2025-11-14,전북특별자치도,주식회사 해오름식품,익산시,"제조,가공",2025-5-0508,식품제조가공업,주식회사 해오름식품,익산시 주식회사 해오름식품,,,2025-5-0508,20250742682,주식회사 해오름식품,식품제조가공업,전북특별자치도 익산시,식품
즉석조리식품,106,2028-11-12,BIZ047,식품,C11300005,3143,2025-11-13,제주특별자치도,(주)삼다2공장,제주시,"제조,가공",2025-5-0505,식품제조가공업,삼다2공장,제주시 삼다2공장,,,2025-5-0505,20250956085,(주)삼다2공장,식품제조가공업,제주특별자치도 제주시,식품
기타 수산물가공품 중 냉동어류,106,2028-11-12,BIZ047,식품,C11700001,3144,2025-11-13,제주특별자치도,주식회사제주도아,제주시,"제조,가공",2025-5-0504,식품제조가공업,주식회사제주도아,제주시 주식회사제주도아,126.4799355999006,33.485505170797005,2025-5-0504,20250956529,주식회사제주도아,식품제조가공업,제주특별자치도 제주시,식품
농후발효유,611,2028-11-12,BIZ047,축산물,C0318040200000,3145,2025-11-13,전남광주통합특별시,별빛목장,화순군,"제조,가공",2025-5-0503,축산물가공업-유가공업,별빛목장,화순군 별빛목장,,,2025-5-0503,20250769010,별빛목장,축산물가공업-유가공업,전남광주통합특별시 화순군,축산물
기타 수산물가공품,106,2028-11-11,BIZ047,식품,C11000016,3146,2025-11-12,전남광주통합특별시,(주)대진유통,완도군,"제조,가공",2025-5-0502,식품제조가공업,대진유통,완도군 대진유통,126.73543589984736,34.34273930082386,2025-5-0502,20240816093,(주)대진유통,식품제조가공업,전남광주통합특별시 완도군,식품
기타 수산물가공품 중 냉동연체류,106,2028-11-11,BIZ047,식품,C11800001,3147,2025-11-12,전남광주통합특별시,(주)조앤푸드,여수시,"제조,가공",2025-5-0501,식품제조가공업,조앤푸드,여수시 조앤푸드,,,2025-5-0501,20250775725,(주)조앤푸드,식품제조가공업,전남광주통합특별시 여수시,식품
기타 수산물가공품 중 냉동어류,106,2028-11-11,BIZ047,식품,C11700001,3148,2025-11-12,전남광주통합특별시,(주)조앤푸드,여수시,"제조,가공",2025-5-0500,식품제조가공업,조앤푸드,여수시 조앤푸드,,,2025-5-0500,20250775725,(주)조앤푸드,식품제조가공업,전남광주통합특별시 여수시,식품
침출차,106,2028-11-11,BIZ047,식품,C10100001,3149,2025-11-12,제주특별자치도,농업회사법인생명나무주식회사테크노파크점,제주시,"제조,가공",2025-5-0499,식품제조가공업,농업회사법인생명나무주식회사테크노파크점,제주시 농업회사법인생명나무주식회사테크노파크점,126.5623920995226,33.45590199917078,2025-5-0499,20240956363,농업회사법인생명나무주식회사테크노파크점,식품제조가공업,제주특별자치도 제주시,식품
캔디류,106,2028-11-11,BIZ047,식품,C09300002,3150,2025-11-12,제주특별자치도,농업회사법인생명나무주식회사테크노파크점,제주시,"제조,가공",2025-5-0498,식품제조가공업,농업회사법인생명나무주식회사테크노파크점,제주시 농업회사법인생명나무주식회사테크노파크점,126.5623920995226,33.45590199917078,2025-5-0498,20240956363,농업회사법인생명나무주식회사테크노파크점,식품제조가공업,제주특별자치도 제주시,식품
당류가공품,106,2028-11-11,BIZ047,식품,C09600012,3151,2025-11-12,전북특별자치도,(주)소이프트바이옴 제3공장,익산시,"제조,가공",2025-5-0497,식품제조가공업,소이프트바이옴 제3공장,익산시 소이프트바이옴 제3공장,127.0879334005216,35.98035950111806,2025-5-0497,20250742131,(주)소이프트바이옴 제3공장,식품제조가공업,전북특별자치도 익산시,식품
절임식품,106,2028-11-10,BIZ047,식품,C10500003,3152,2025-11-11,전남광주통합특별시,달구지농원,무안군,"제조,가공",2025-5-0493,식품제조가공업,달구지농원,무안군 달구지농원,126.38890640014192,35.04494432780273,2025-5-0493,20110525009,달구지농원,식품제조가공업,전남광주통합특별시 무안군,식품
절임식품,106,2028-11-10,BIZ047,식품,C10500003,3153,2025-11-11,전남광주통합특별시,웅진해남절임,해남군,"제조,가공",2025-5-0492,식품제조가공업,웅진해남절임,해남군 웅진해남절임,,,2025-5-0492,20250804092,웅진해남절임,식품제조가공업,전남광주통합특별시 해남군,식품
농후발효유,611,2028-11-10,BIZ047,축산물,C0318040200000,3154,2025-11-11,전북특별자치도,요거트 그릭요,고창군,"제조,가공",2025-5-0491,축산물가공업-유가공업,요거트 그릭요,고창군 요거트 그릭요,126.62944430002388,35.38767530330938,2025-5-0491,20240726011,요거트 그릭요,축산물가공업-유가공업,전북특별자치도 고창군,축산물
김치(배추김치),106,2028-11-09,BIZ047,식품,C12300001,3155,2025-11-10,전남광주통합특별시,주식회사경영푸드,목포시,"제조,가공",2025-5-0490,식품제조가공업,주식회사경영푸드,목포시 주식회사경영푸드,126.37621330044637,34.80376181492811,2025-5-0490,20250771474,주식회사경영푸드,식품제조가공업,전남광주통합특별시 목포시,식품
김치(기타김치),106,2028-11-09,BIZ047,식품,C10500002,3156,2025-11-10,전남광주통합특별시,주식회사경영푸드,목포시,"제조,가공",2025-5-0489,식품제조가공업,주식회사경영푸드,목포시 주식회사경영푸드,126.37621330044637,34.80376181492811,2025-5-0489,20250771474,주식회사경영푸드,식품제조가공업,전남광주통합특별시 목포시,식품
절임식품,106,2028-11-06,BIZ047,식품,C10500003,3157,2025-11-07,전남광주통합특별시,농업회사법인 참누리유통 유한회사,무안군,"제조,가공",2025-5-0488,식품제조가공업,농업회사법인 참누리유통 유한회사,무안군 농업회사법인 참누리유통 유한회사,126.42807219974868,34.92710840093768,2025-5-0488,20210529334,농업회사법인 참누리유통 유한회사,식품제조가공업,전남광주통합특별시 무안군,식품
김치(배추김치),106,2028-11-06,BIZ047,식품,C12300001,3158,2025-11-07,전남광주통합특별시,윤가네 김장김치,광양시,"제조,가공",2025-5-0487,식품제조가공업,윤가네 김장김치,광양시 윤가네 김장김치,127.61956999953097,35.052202501485425,2025-5-0487,20250785420,윤가네 김장김치,식품제조가공업,전남광주통합특별시 광양시,식품
김칫속,106,2028-11-06,BIZ047,식품,C10500001,3159,2025-11-07,전남광주통합특별시,윤가네 김장김치,광양시,"제조,가공",2025-5-0485,식품제조가공업,윤가네 김장김치,광양시 윤가네 김장김치,127.61956999953097,35.052202501485425,2025-5-0485,20250785420,윤가네 김장김치,식품제조가공업,전남광주통합특별시 광양시,식품
포장육,604,2028-11-06,BIZ047,축산물,78,3160,2025-11-07,전북특별자치도,유한회사 브랜드미트목우촌동충지점,남원시,"제조,가공",2025-5-0484,식육포장처리업,유한회사 브랜드미트목우촌동충지점,남원시 유한회사 브랜드미트목우촌동충지점,,,2025-5-0484,20250749260,유한회사 브랜드미트목우촌동충지점,식육포장처리업,전북특별자치도 남원시,축산물
김치(배추김치),106,2028-11-04,BIZ047,식품,C12300001,3162,2025-11-05,전북특별자치도,(주)참그린푸드시스템,장수군,"제조,가공",2025-5-0482,식품제조가공업,참그린푸드시스템,장수군 참그린푸드시스템,127.51899389832865,35.63268829871253,2025-5-0482,20240759078,(주)참그린푸드시스템,식품제조가공업,전북특별자치도 장수군,식품
절임식품,106,2028-11-04,BIZ047,식품,C10500003,3163,2025-11-05,전북특별자치도,(주)참그린푸드시스템,장수군,"제조,가공",2025-5-0481,식품제조가공업,참그린푸드시스템,장수군 참그린푸드시스템,127.51899389832865,35.63268829871253,2025-5-0481,20240759078,(주)참그린푸드시스템,식품제조가공업,전북특별자치도 장수군,식품
소스,106,2028-11-04,BIZ047,식품,C10400003,3164,2025-11-05,전남광주통합특별시,연등식품,여수시,"제조,가공",2025-5-0480,식품제조가공업,연등식품,여수시 연등식품,127.58360209723745,34.772347999150604,2025-5-0480,20130506330,연등식품,식품제조가공업,전남광주통합특별시 여수시,식품
음료베이스,106,2028-11-04,BIZ047,식품,C10100017,3165,2025-11-05,전남광주통합특별시,삼정바이오 주식회사,광산구,"제조,가공",2025-5-0479,식품제조가공업,삼정바이오 주식회사,광산구 삼정바이오 주식회사,126.82015919980462,35.22329480086243,2025-5-0479,20200231003,삼정바이오 주식회사,식품제조가공업,전남광주통합특별시 광산구,식품
신선편의식품,106,2028-11-03,BIZ047,식품,C11300004,3166,2025-11-04,전북특별자치도,(유)농업회사법인에녹식품,완주군,"제조,가공",2025-5-0478,식품제조가공업,농업회사법인에녹식품,완주군 농업회사법인에녹식품,127.1711950997876,35.95237899890516,2025-5-0478,20010494093,(유)농업회사법인에녹식품,식품제조가공업,전북특별자치도 완주군,식품
즉석조리식품,106,2028-11-03,BIZ047,식품,C11300005,3167,2025-11-04,전북특별자치도,유한회사 아리랑,부안군,"제조,가공",2025-5-0477,식품제조가공업,유한회사 아리랑,부안군 유한회사 아리랑,126.72745979957416,35.723842201245056,2025-5-0477,20240767039,유한회사 아리랑,식품제조가공업,전북특별자치도 부안군,식품
포장육,604,2028-10-30,BIZ047,축산물,78,3169,2025-10-31,전북특별자치도,임실축협하나로마트,임실군,"제조,가공",2025-5-0473,식육포장처리업,임실축협하나로마트,임실군 임실축협하나로마트,127.28208029993009,35.61582554180117,2025-5-0473,20110498058,임실축협하나로마트,식육포장처리업,전북특별자치도 임실군,축산물
"햄,양념육",612,2028-10-29,BIZ047,축산물,"79,86",3171,2025-10-30,전북특별자치도,㈜엄지식품,고창군,"제조,가공",2025-5-0471,축산물가공업-식육가공업,㈜엄지식품,고창군 ㈜엄지식품,126.64337890027628,35.49974981024255,2025-5-0471,20250726011,(주)엄지식품,축산물가공업-식육가공업,전북특별자치도 고창군,축산물
절임식품,106,2028-10-29,BIZ047,식품,C10500003,3172,2025-10-30,전남광주통합특별시,농부삼촌영농조합법인 제2공장,해남군,"제조,가공",2025-5-0470,식품제조가공업,농부삼촌영농조합법인 제2공장,해남군 농부삼촌영농조합법인 제2공장,,,2025-5-0470,20250804130,농부삼촌영농조합법인 제2공장,식품제조가공업,전남광주통합특별시 해남군,식품
서류가공품,106,2028-10-28,BIZ047,식품,C10700013,3173,2025-10-29,전남광주통합특별시,화산농협가공공장,해남군,"제조,가공",2025-5-0469,식품제조가공업,화산농협가공공장,해남군 화산농협가공공장,,,2025-5-0469,20250804114,화산농협가공공장,식품제조가공업,전남광주통합특별시 해남군,식품
과자,106,2028-10-28,BIZ047,식품,C09300001,3174,2025-10-29,제주특별자치도,몽그레,제주시,"제조,가공",2025-5-0468,식품제조가공업,몽그레,제주시 몽그레,126.79269879986244,33.55957100224324,2025-5-0468,20250956844,몽그레,식품제조가공업,제주특별자치도 제주시,식품
초콜릿가공품,106,2028-10-27,BIZ047,식품,C09500009,3175,2025-10-28,전남광주통합특별시,햇살가득한식품(영암자립센터),영암군,"제조,가공",2025-5-0467,식품제조가공업,햇살가득한식품,영암군 햇살가득한식품,126.48874619984905,34.75346919558019,2025-5-0467,20130524080,햇살가득한식품(영암자립센터),식품제조가공업,전남광주통합특별시 영암군,식품
양념육,612,2028-10-26,BIZ047,축산물,86,3176,2025-10-27,전북특별자치도,주식회사 경보에프앤비,김제시,"제조,가공",2025-5-0466,축산물가공업-식육가공업,주식회사 경보에프앤비,김제시 주식회사 경보에프앤비,,,2025-5-0466,20250726009,주식회사 경보에프앤비,축산물가공업-식육가공업,전북특별자치도 김제시,축산물
포장육,604,2028-10-26,BIZ047,축산물,78,3177,2025-10-27,전북특별자치도,주식회사 경보에프앤비,김제시,"제조,가공",2025-5-0465,식육포장처리업,주식회사 경보에프앤비,김제시 주식회사 경보에프앤비,,,2025-5-0465,20250751194,주식회사 경보에프앤비,식육포장처리업,전북특별자치도 김제시,축산물
포장육,604,2028-10-23,BIZ047,축산물,78,3178,2025-10-24,전남광주통합특별시,빛고을푸드,북구,"제조,가공",2025-5-0464,식육포장처리업,빛고을푸드,북구 빛고을푸드,126.87054310046584,35.202652675118266,2025-5-0464,20160221702,빛고을푸드,식육포장처리업,전남광주통합특별시 북구,축산물
절임식품,106,2028-10-23,BIZ047,식품,C10500003,3179,2025-10-24,전남광주통합특별시,해가온영농조합법인,해남군,"제조,가공",2025-5-0463,식품제조가공업,해가온영농조합법인,해남군 해가온영농조합법인,,,2025-5-0463,20250804104,해가온영농조합법인,식품제조가공업,전남광주통합특별시 해남군,식품
효소식품,106,2028-10-23,BIZ047,식품,C10700009,3180,2025-10-24,전북특별자치도,(주)한풍네이처팜,완주군,"제조,가공",2025-5-0462,식품제조가공업,한풍네이처팜,완주군 한풍네이처팜,127.12285929989396,35.97163450100525,2025-5-0462,20190498210,(주)한풍네이처팜,식품제조가공업,전북특별자치도 완주군,식품
캔디류,106,2028-10-23,BIZ047,식품,C09300002,3181,2025-10-24,전남광주통합특별시,농업회사법인 유한회사 방애실,북구,"제조,가공",2025-5-0461,식품제조가공업,농업회사법인 유한회사 방애실,북구 농업회사법인 유한회사 방애실,126.8984847999362,35.179640998556714,2025-5-0461,20170528066,농업회사법인 유한회사 방애실,식품제조가공업,전남광주통합특별시 북구,식품
기타가공품,106,2028-10-23,BIZ047,식품,C11400002,3182,2025-10-24,전북특별자치도,어이딸 부각,남원시,"제조,가공",2025-5-0460,식품제조가공업,어이딸 부각,남원시 어이딸 부각,127.36173350049266,35.43551697462721,2025-5-0460,20200496023,어이딸 부각,식품제조가공업,전북특별자치도 남원시,식품
가공김(조미김 또는 구운김),106,2028-10-23,BIZ047,식품,C11000017,3183,2025-10-24,전북특별자치도,어이딸 부각,남원시,"제조,가공",2025-5-0459,식품제조가공업,어이딸 부각,남원시 어이딸 부각,127.36173350049266,35.43551697462721,2025-5-0459,20200496023,어이딸 부각,식품제조가공업,전북특별자치도 남원시,식품
기타 수산물가공품 중 냉동조미가공품,106,2028-10-23,BIZ047,식품,C11900001,3184,2025-10-24,전북특별자치도,주식회사 위푸드,익산시,"제조,가공",2025-5-0458,식품제조가공업,주식회사 위푸드,익산시 주식회사 위푸드,127.08227899972096,35.97471600052433,2025-5-0458,20200491338,주식회사 위푸드,식품제조가공업,전북특별자치도 익산시,식품
복합조미식품,106,2028-10-22,BIZ047,식품,C10400006,3185,2025-10-23,전북특별자치도,농업회사법인(주)디자인농부,전주시 덕진구,"제조,가공",2025-5-0457,식품제조가공업,농업회사법인디자인농부,전주시 덕진구 농업회사법인디자인농부,127.01113280974003,35.87619080898135,2025-5-0457,20130481277,농업회사법인(주)디자인농부,식품제조가공업,전북특별자치도 전주시 덕진구,식품
서류가공품,106,2028-10-22,BIZ047,식품,C10700013,3186,2025-10-23,전남광주통합특별시,(주) 현도바이오푸드,고흥군,"제조,가공",2025-5-0456,식품제조가공업,현도바이오푸드,고흥군  현도바이오푸드,127.34570180034568,34.805829200578124,2025-5-0456,20150518079,(주) 현도바이오푸드,식품제조가공업,전남광주통합특별시 고흥군,식품
절임식품,106,2028-10-21,BIZ047,식품,C10500003,3188,2025-10-22,전남광주통합특별시,월미식품,완도군,"제조,가공",2025-5-0454,식품제조가공업,월미식품,완도군 월미식품,126.6325807996978,34.39568733801878,2025-5-0454,20160529101,월미식품,식품제조가공업,전남광주통합특별시 완도군,식품
과ㆍ채가공품,106,2028-10-20,BIZ047,식품,C10700010,3189,2025-10-21,전북특별자치도,아로니아정원,익산시,"제조,가공",2025-5-0453,식품제조가공업,아로니아정원,익산시 아로니아정원,126.87648510038284,36.04054480462811,2025-5-0453,20140487365,아로니아정원,식품제조가공업,전북특별자치도 익산시,식품
식육판매업,630,2028-10-20,BIZ048,축산물,176,3190,2025-10-21,전남광주통합특별시,지리산 순한한우 한우프라자,북구,"유통,판매,조리",2025-5-0452,축산물판매업-식육판매업,지리산 순한한우 한우프라자,북구 지리산 순한한우 한우프라자,,,2025-5-0452,20220292118,지리산 순한한우 한우프라자,축산물판매업-식육판매업,전남광주통합특별시 북구,축산물
김치(배추김치),106,2028-10-19,BIZ047,식품,C12300001,3192,2025-10-20,전남광주통합특별시,주식회사 뜨레찬,광산구,"제조,가공",2025-5-0450,식품제조가공업,주식회사 뜨레찬,광산구 주식회사 뜨레찬,126.75738790048337,35.114262403960225,2025-5-0450,20120219305,주식회사 뜨레찬,식품제조가공업,전남광주통합특별시 남구,식품
김치(기타김치),106,2028-10-19,BIZ047,식품,C10500002,3193,2025-10-20,전남광주통합특별시,주식회사 뜨레찬,광산구,"제조,가공",2025-5-0449,식품제조가공업,주식회사 뜨레찬,광산구 주식회사 뜨레찬,126.75738790048337,35.114262403960225,2025-5-0449,20120219305,주식회사 뜨레찬,식품제조가공업,전남광주통합특별시 광산구,식품
포장육,604,2028-10-19,BIZ047,축산물,78,3194,2025-10-20,전남광주통합특별시,땅끝포크 영농조합법인,해남군,"제조,가공",2025-5-0448,식육포장처리업,땅끝포크 영농조합법인,해남군 땅끝포크 영농조합법인,126.60006940027608,34.571176610738554,2025-5-0448,20130523107,땅끝포크 영농조합법인,식육포장처리업,전남광주통합특별시 해남군,축산물
포장육,604,2028-10-16,BIZ047,축산물,78,3195,2025-10-17,전남광주통합특별시,(주)우전,나주시,"제조,가공",2025-5-0447,식육포장처리업,우전,나주시 우전,126.88806900003752,34.98608445822082,2025-5-0447,20250783392,(주)우전,식육포장처리업,전남광주통합특별시 나주시,축산물
양념육,612,2028-10-16,BIZ047,축산물,86,3196,2025-10-17,전남광주통합특별시,농업회사법인 주식회사 우전,나주시,"제조,가공",2025-5-0446,축산물가공업-식육가공업,농업회사법인 주식회사 우전,나주시 농업회사법인 주식회사 우전,,,2025-5-0446,20250769009,농업회사법인 주식회사 우전,축산물가공업-식육가공업,전남광주통합특별시 나주시,축산물
곡류가공품,106,2028-10-16,BIZ047,식품,C10700011,3197,2025-10-17,전북특별자치도,농업회사법인 (유) 마 누룽지 서동팜,익산시,"제조,가공",2025-5-0445,식품제조가공업,농업회사법인  마 누룽지 서동팜,익산시 농업회사법인  마 누룽지 서동팜,127.05579289960298,36.08519030088658,2025-5-0445,20220683169,농업회사법인 (유) 마 누룽지 서동팜,식품제조가공업,전북특별자치도 익산시,식품
레토르트식품(즉석조리식품),106,2028-10-15,BIZ047,식품,C00200001,3198,2025-10-16,제주특별자치도,푸드린,서귀포시,"제조,가공",2025-5-0444,식품제조가공업,푸드린,서귀포시 푸드린,,,2025-5-0444,20250962287,푸드린,식품제조가공업,제주특별자치도 서귀포시,식품
"햄,소시지",612,2028-10-15,BIZ047,축산물,"79,82",3199,2025-10-16,제주특별자치도,푸드린,서귀포시,"제조,가공",2025-5-0443,축산물가공업-식육가공업,푸드린,서귀포시 푸드린,,,2025-5-0443,20250953003,푸드린,축산물가공업-식육가공업,제주특별자치도 서귀포시,축산물
기타 수산물가공품 중 냉동조미가공품,106,2028-12-15,BIZ047,식품,C11900001,3200,2025-10-16,전남광주통합특별시,(주)코람데오,영암군,"제조,가공",2025-5-0442,식품제조가공업,코람데오,영암군 코람데오,126.69430139948584,34.812300600559794,2025-5-0442,20200528051,(주)코람데오,식품제조가공업,전남광주통합특별시 영암군,식품
인삼ㆍ홍삼음료,106,2028-10-13,BIZ047,식품,C10100015,3201,2025-10-14,전북특별자치도,순창군 제2농산물종합가공센터,순창군,"제조,가공",2025-5-0441,식품제조가공업,순창군 제2농산물종합가공센터,순창군 순창군 제2농산물종합가공센터,127.16310589965764,35.37847250112931,2025-5-0441,20240763063,순창군 제2농산물종합가공센터,식품제조가공업,전북특별자치도 순창군,식품
초콜릿가공품,106,2028-10-12,BIZ047,식품,C09500009,3202,2025-10-13,전남광주통합특별시,영암농협 식품가공센터,영암군,"제조,가공",2025-5-0440,식품제조가공업,영암농협 식품가공센터,영암군 영암농협 식품가공센터,126.69617800025875,34.812385499360296,2025-5-0440,20100524101,영암농협 식품가공센터,식품제조가공업,전남광주통합특별시 영암군,식품
두부,106,2028-10-01,BIZ047,식품,C09800001,3205,2025-10-02,전북특별자치도,두승산 콩마을,정읍시,"제조,가공",2025-5-0437,식품제조가공업,두승산 콩마을,정읍시 두승산 콩마을,126.81735779972328,35.591486500920574,2025-5-0437,20130490156,두승산 콩마을,식품제조가공업,전북특별자치도 정읍시,식품
포장육,604,2028-10-01,BIZ047,축산물,78,3206,2025-10-02,전북특별자치도,(주)중앙축산 농업회사법인,익산시,"제조,가공",2025-5-0436,식육포장처리업,중앙축산 농업회사법인,익산시 중앙축산 농업회사법인,,,2025-5-0436,20040487821,(주)중앙축산 농업회사법인,식육포장처리업,전북특별자치도 익산시,축산물
조림류,106,2028-09-30,BIZ047,식품,C10500005,3210,2025-10-01,전남광주통합특별시,한국농협김치조합공동사업법인 전남지사,순천시,"제조,가공",2025-5-0432,식품제조가공업,한국농협김치조합공동사업법인 전남지사,순천시 한국농협김치조합공동사업법인 전남지사,127.48525679973378,34.906424501289884,2025-5-0432,19930509247,한국농협김치조합공동사업법인 전남지사,식품제조가공업,전남광주통합특별시 순천시,식품
액상차,106,2028-09-29,BIZ047,식품,C10100002,3211,2025-09-30,전남광주통합특별시,신안1004자연산굴영어조합법인,신안군,"제조,가공",2025-5-0431,식품제조가공업,신안1004자연산굴영어조합법인,신안군 신안1004자연산굴영어조합법인,126.33136739972332,34.89182270238844,2025-5-0431,20140531075,신안1004자연산굴영어조합법인,식품제조가공업,전남광주통합특별시 신안군,식품
혼합음료,106,2028-09-29,BIZ047,식품,C10100016,3212,2025-09-30,전북특별자치도,고려원팜 주식회사,남원시,"제조,가공",2025-5-0430,식품제조가공업,고려원팜 주식회사,남원시 고려원팜 주식회사,127.38084490045787,35.43645860018925,2025-5-0430,20250749041,고려원팜 주식회사,식품제조가공업,전북특별자치도 남원시,식품
인삼ㆍ홍삼음료,106,2028-09-29,BIZ047,식품,C10100015,3213,2025-09-30,전북특별자치도,고려원팜 주식회사,남원시,"제조,가공",2025-5-0429,식품제조가공업,고려원팜 주식회사,남원시 고려원팜 주식회사,127.38084490045787,35.43645860018925,2025-5-0429,20250749041,고려원팜 주식회사,식품제조가공업,전북특별자치도 남원시,식품
액상차,106,2028-09-29,BIZ047,식품,C10100002,3214,2025-09-30,전북특별자치도,고려원팜 주식회사,남원시,"제조,가공",2025-5-0428,식품제조가공업,고려원팜 주식회사,남원시 고려원팜 주식회사,127.38084490045787,35.43645860018925,2025-5-0428,20250749041,고려원팜 주식회사,식품제조가공업,전북특별자치도 남원시,식품
김치(배추김치),106,2028-09-29,BIZ047,식품,C12300001,3215,2025-09-30,전남광주통합특별시,문내초원영농조합법인,해남군,"제조,가공",2025-5-0427,식품제조가공업,문내초원영농조합법인,해남군 문내초원영농조합법인,126.32646730017449,34.571614296157634,2025-5-0427,20130523068,문내초원영농조합법인,식품제조가공업,전남광주통합특별시 해남군,식품
절임식품,106,2028-09-29,BIZ047,식품,C10500003,3216,2025-09-30,전남광주통합특별시,문내초원영농조합법인,해남군,"제조,가공",2025-5-0426,식품제조가공업,문내초원영농조합법인,해남군 문내초원영농조합법인,126.32646730017449,34.571614296157634,2025-5-0426,20130523068,문내초원영농조합법인,식품제조가공업,전남광주통합특별시 해남군,식품
김칫속,106,2028-09-29,BIZ047,식품,C10500001,3217,2025-09-30,전남광주통합특별시,문내초원영농조합법인,해남군,"제조,가공",2025-5-0425,식품제조가공업,문내초원영농조합법인,해남군 문내초원영농조합법인,126.32646730017449,34.571614296157634,2025-5-0425,20130523068,문내초원영농조합법인,식품제조가공업,전남광주통합특별시 해남군,식품
포장육,604,2028-09-28,BIZ047,축산물,78,3218,2025-09-29,전북특별자치도,농업회사법인(유)SSD축산물팩토리,군산시,"제조,가공",2025-5-0424,식육포장처리업,농업회사법인SSD축산물팩토리,군산시 농업회사법인SSD축산물팩토리,126.74206130044593,35.947730401359905,2025-5-0424,20250738133,농업회사법인(유)SSD축산물팩토리,식육포장처리업,전북특별자치도 군산시,축산물
포장육,604,2028-09-28,BIZ047,축산물,78,3219,2025-09-29,전남광주통합특별시,온더(On the),나주시,"제조,가공",2025-5-0423,식육포장처리업,온더,나주시 온더,,,2025-5-0423,20250783272,온더(On the),식육포장처리업,전남광주통합특별시 나주시,축산물
즉석조리식품(순대),106,2028-09-25,BIZ047,식품,C12500001,3221,2025-09-26,전남광주통합특별시,주식회사 프엉항푸드,나주시,"제조,가공",2025-5-0421,식품제조가공업,주식회사 프엉항푸드,나주시 주식회사 프엉항푸드,,,2025-5-0421,20250783271,주식회사 프엉항푸드,식품제조가공업,전남광주통합특별시 나주시,식품
분쇄가공육제품,612,2028-09-25,BIZ047,축산물,87,3222,2025-09-26,전남광주통합특별시,주식회사 프엉항푸드,나주시,"제조,가공",2025-5-0420,축산물가공업-식육가공업,주식회사 프엉항푸드,나주시 주식회사 프엉항푸드,,,2025-5-0420,20250769007,주식회사 프엉항푸드,축산물가공업-식육가공업,전남광주통합특별시 나주시,축산물
과ㆍ채주스,106,2028-09-24,BIZ047,식품,C10100006,3223,2025-09-25,전남광주통합특별시,농업회사법인 주식회사 축령농원,장성군,"제조,가공",2025-5-0419,식품제조가공업,농업회사법인 주식회사 축령농원,장성군 농업회사법인 주식회사 축령농원,126.76775959961678,35.38675145478634,2025-5-0419,20210532009,농업회사법인 주식회사 축령농원,식품제조가공업,전남광주통합특별시 장성군,식품
기타 수산물가공품,106,2028-09-24,BIZ047,식품,C11000016,3224,2025-09-25,전남광주통합특별시,(유)스마일아일랜드,완도군,"제조,가공",2025-5-0418,식품제조가공업,스마일아일랜드,완도군 스마일아일랜드,126.73364019946293,34.33890470120566,2025-5-0418,20190533136,(유)스마일아일랜드,식품제조가공업,전남광주통합특별시 완도군,식품
"햄,양념육,갈비가공품",612,2028-09-24,BIZ047,축산물,"79,86,88",3225,2025-09-25,전북특별자치도,스마일푸드,전주시 덕진구,"제조,가공",2025-5-0417,축산물가공업-식육가공업,스마일푸드,전주시 덕진구 스마일푸드,127.10427949971351,35.86198250081992,2025-5-0417,20160476011,스마일푸드,축산물가공업-식육가공업,전북특별자치도 전주시 덕진구,축산물
"양념육,갈비가공품,식육추출가공품",612,2028-09-21,BIZ047,축산물,"86,89,88",3226,2025-09-22,전남광주통합특별시,주식회사 주식푸드,동구,"제조,가공",2025-5-0414,축산물가공업-식육가공업,주식회사 주식푸드,동구 주식회사 주식푸드,126.9175566995856,35.14511479705508,2025-5-0414,20210216014,주식회사 주식푸드,축산물가공업-식육가공업,전남광주통합특별시 동구,축산물
생식함유제품,106,2028-09-21,BIZ047,식품,C11300002,3227,2025-09-22,전남광주통합특별시,엔피케이(주),담양군,"제조,가공",2025-5-0413,식품제조가공업,엔피케이,담양군 엔피케이,127.0024807003663,35.34032340125084,2025-5-0413,20100515088,엔피케이(주),식품제조가공업,전남광주통합특별시 담양군,식품
혼합음료,106,2028-09-18,BIZ047,식품,C10100016,3228,2025-09-19,전북특별자치도,선인바이오,군산시,"제조,가공",2025-5-0412,식품제조가공업,선인바이오,군산시 선인바이오,126.73051749971692,35.97429620047376,2025-5-0412,20250738584,선인바이오테크,식품제조가공업,전북특별자치도 군산시,식품
포장육,604,2028-09-17,BIZ047,축산물,78,3229,2025-09-18,전남광주통합특별시,대박유통,남구,"제조,가공",2025-5-0411,식육포장처리업,대박유통,남구 대박유통,129.31949709967412,35.54666230064424,2025-5-0411,20250310304,대박유통,식육포장처리업,전남광주통합특별시 남구,축산물
포장육,604,2028-09-17,BIZ047,축산물,78,3230,2025-09-18,제주특별자치도,밥상살림 정육센터,제주시,"제조,가공",2025-5-0410,식육포장처리업,밥상살림 정육센터,제주시 밥상살림 정육센터,126.48310829960562,33.481347001029384,2025-5-0410,20240955618,밥상살림 정육센터,식육포장처리업,제주특별자치도 제주시,축산물
포장육,604,2028-09-16,BIZ047,축산물,78,3231,2025-09-17,전남광주통합특별시,믿소유통,목포시,"제조,가공",2025-5-0409,식육포장처리업,믿소유통,목포시 믿소유통,126.38828819358814,34.78904858521777,2025-5-0409,20250771459,믿소유통,식육포장처리업,전남광주통합특별시 목포시,축산물
캔디류,106,2028-09-15,BIZ047,식품,C09300002,3232,2025-09-16,전북특별자치도,진안군농산물종합가공센터,진안군,"제조,가공",2025-5-0408,식품제조가공업,진안군농산물종합가공센터,진안군 진안군농산물종합가공센터,127.43710369959496,35.76196390176001,2025-5-0408,20140495005,진안군농산물종합가공센터,식품제조가공업,전북특별자치도 진안군,식품
포장육,604,2028-09-15,BIZ047,축산물,78,3233,2025-09-16,전남광주통합특별시,농업회사법인(유)고금,목포시,"제조,가공",2025-5-0407,식육포장처리업,농업회사법인고금,목포시 농업회사법인고금,126.42565060002916,34.79544391494454,2025-5-0407,20150503318,농업회사법인(유)고금,식육포장처리업,전남광주통합특별시 목포시,축산물
과자,106,2028-09-14,BIZ047,식품,C09300001,3234,2025-09-15,제주특별자치도,굿잡제주,서귀포시,"제조,가공",2025-5-0406,식품제조가공업,굿잡제주,서귀포시 굿잡제주,126.43949089973052,33.23878729713912,2025-5-0406,20240962947,굿잡제주,식품제조가공업,제주특별자치도 서귀포시,식품
초콜릿가공품,106,2028-09-14,BIZ047,식품,C09500009,3235,2025-09-15,제주특별자치도,농업회사법인 주식회사 제주팜이십일,제주시,"제조,가공",2025-5-0405,식품제조가공업,농업회사법인 주식회사 제주팜이십일,제주시 농업회사법인 주식회사 제주팜이십일,126.57323029989878,33.44677547222089,2025-5-0405,20130627886,농업회사법인 주식회사 제주팜이십일,식품제조가공업,제주특별자치도 제주시,식품
효모식품,106,2028-09-14,BIZ047,식품,C11400001,3240,2025-09-15,전남광주통합특별시,(주)새롬바이오에프,강진군,"제조,가공",2025-5-0400,식품제조가공업,새롬바이오에프,강진군 새롬바이오에프,126.79661999992126,34.58004150048025,2025-5-0400,20230751029,(주)새롬바이오에프,식품제조가공업,전남광주통합특별시 강진군,식품
커피,106,2028-09-14,BIZ047,식품,C10100004,3241,2025-09-15,전북특별자치도,주식회사 오너브,익산시,"제조,가공",2025-5-0399,식품제조가공업,주식회사 오너브,익산시 주식회사 오너브,127.08325900034912,35.98018239569416,2025-5-0399,20240742399,주식회사 오너브,식품제조가공업,전북특별자치도 익산시,식품
캔디류,106,2028-09-14,BIZ047,식품,C09300002,3242,2025-09-15,전북특별자치도,주식회사 오너브,익산시,"제조,가공",2025-5-0398,식품제조가공업,주식회사 오너브,익산시 주식회사 오너브,127.08325900034912,35.98018239569416,2025-5-0398,20240742399,주식회사 오너브,식품제조가공업,전북특별자치도 익산시,식품
커피(공유주방 이용업소),106,2028-09-14,BIZ047,식품,C10100004,3243,2025-09-15,전북특별자치도,주식회사 오너브 제2공장,익산시,"제조,가공",2025-5-0397,식품제조가공업,주식회사 오너브 제2공장,익산시 주식회사 오너브 제2공장,,,2025-5-0397,20250742477,주식회사 오너브 제2공장,식품제조가공업,전북특별자치도 익산시,식품
캔디류(공유주방 이용업소),106,2028-09-14,BIZ047,식품,C09300002,3244,2025-09-15,전북특별자치도,주식회사 오너브 제2공장,익산시,"제조,가공",2025-5-0396,식품제조가공업,주식회사 오너브 제2공장,익산시 주식회사 오너브 제2공장,,,2025-5-0396,20250742477,주식회사 오너브 제2공장,식품제조가공업,전북특별자치도 익산시,식품
기타가공품(공유주방 이용업소),106,2028-09-14,BIZ047,식품,C11400002,3245,2025-09-15,전북특별자치도,주식회사 오너브 제2공장,익산시,"제조,가공",2025-5-0395,식품제조가공업,주식회사 오너브 제2공장,익산시 주식회사 오너브 제2공장,,,2025-5-0395,20250742477,주식회사 오너브 제2공장,식품제조가공업,전북특별자치도 익산시,식품
기타가공품,106,2028-09-14,BIZ047,식품,C11400002,3246,2025-09-15,전북특별자치도,주식회사 오너브,익산시,"제조,가공",2025-5-0394,식품제조가공업,주식회사 오너브,익산시 주식회사 오너브,127.08325900034912,35.98018239569416,2025-5-0394,20240742399,주식회사 오너브,식품제조가공업,전북특별자치도 익산시,식품
포장육,604,2028-09-11,BIZ047,축산물,78,3247,2025-09-12,전남광주통합특별시,강한축산유통(주)농업회사법인,광산구,"제조,가공",2025-5-0393,식육포장처리업,강한축산유통농업회사법인,광산구 강한축산유통농업회사법인,126.80893940043296,35.158269300546145,2025-5-0393,20250320568,강한축산유통(주)농업회사법인,식육포장처리업,전남광주통합특별시 광산구,축산물
향미유,106,2029-08-27,BIZ047,식품,C09900021,3252,2025-09-11,전북특별자치도,(주)하림산업 함열식품1공장,익산시,"제조,가공",2025-5-0388,식품제조가공업,하림산업 함열식품1공장,익산시 하림산업 함열식품1공장,126.9576283001076,36.02979920048727,2025-5-0388,20200491392,(주)하림산업 함열식품1공장,식품제조가공업,전북특별자치도 익산시,식품
떡류,106,2028-09-10,BIZ047,식품,C09300005,3253,2025-09-11,전남광주통합특별시,(주)엄마마음,북구,"제조,가공",2025-5-0387,식품제조가공업,엄마마음,북구 엄마마음,126.93339860044593,35.1796363472662,2025-5-0387,20220293243,(주)엄마마음,식품제조가공업,전남광주통합특별시 북구,식품
포장육,604,2028-09-09,BIZ047,축산물,78,3258,2025-09-10,전북특별자치도,사오정식품,군산시,"제조,가공",2025-5-0382,식육포장처리업,사오정식품,군산시 사오정식품,126.70220189947416,35.97011510104025,2025-5-0382,20130484689,사오정식품,식육포장처리업,전북특별자치도 군산시,축산물
양념육,612,2028-09-09,BIZ047,축산물,86,3259,2025-09-10,전북특별자치도,사오정식품,군산시,"제조,가공",2025-5-0381,축산물가공업-식육가공업,사오정식품,군산시 사오정식품,126.70220189947416,35.97011510104025,2025-5-0381,20130476019,사오정식품,축산물가공업-식육가공업,전북특별자치도 군산시,축산물
기타가공품,106,2028-09-09,BIZ047,식품,C11400002,3260,2025-09-10,전남광주통합특별시,나비골농협가공공장,함평군,"제조,가공",2025-5-0380,식품제조가공업,나비골농협가공공장,함평군 나비골농협가공공장,126.60666319991938,35.18173290129577,2025-5-0380,19970526018,나비골농협가공공장,식품제조가공업,전남광주통합특별시 함평군,식품
두류가공품,106,2028-09-09,BIZ047,식품,C10700012,3261,2025-09-10,전남광주통합특별시,나비골농협가공공장,함평군,"제조,가공",2025-5-0379,식품제조가공업,나비골농협가공공장,함평군 나비골농협가공공장,126.60666319991938,35.18173290129577,2025-5-0379,19970526018,나비골농협가공공장,식품제조가공업,전남광주통합특별시 함평군,식품
곡류가공품,106,2028-09-09,BIZ047,식품,C10700011,3262,2025-09-10,전남광주통합특별시,나비골농협가공공장,함평군,"제조,가공",2025-5-0378,식품제조가공업,나비골농협가공공장,함평군 나비골농협가공공장,126.60666319991938,35.18173290129577,2025-5-0378,19970526018,나비골농협가공공장,식품제조가공업,전남광주통합특별시 함평군,식품
밀가루,106,2028-09-09,BIZ047,식품,C10700003,3263,2025-09-10,전남광주통합특별시,나비골농협가공공장,함평군,"제조,가공",2025-5-0377,식품제조가공업,나비골농협가공공장,함평군 나비골농협가공공장,126.60666319991938,35.18173290129577,2025-5-0377,19970526018,나비골농협가공공장,식품제조가공업,전남광주통합특별시 함평군,식품
청국장,106,2028-09-09,BIZ047,식품,C10300012,3264,2025-09-10,전남광주통합특별시,나비골농협가공공장,함평군,"제조,가공",2025-5-0376,식품제조가공업,나비골농협가공공장,함평군 나비골농협가공공장,126.60666319991938,35.18173290129577,2025-5-0376,19970526018,나비골농협가공공장,식품제조가공업,전남광주통합특별시 함평군,식품
한식메주,106,2028-09-09,BIZ047,식품,C10300001,3265,2025-09-10,전남광주통합특별시,나비골농협가공공장,함평군,"제조,가공",2025-5-0375,식품제조가공업,나비골농협가공공장,함평군 나비골농협가공공장,126.60666319991938,35.18173290129577,2025-5-0375,19970526018,나비골농협가공공장,식품제조가공업,전남광주통합특별시 함평군,식품
침출차,106,2028-09-09,BIZ047,식품,C10100001,3266,2025-09-10,전남광주통합특별시,나비골농협가공공장,함평군,"제조,가공",2025-5-0374,식품제조가공업,나비골농협가공공장,함평군 나비골농협가공공장,126.60666319991938,35.18173290129577,2025-5-0374,19970526018,나비골농협가공공장,식품제조가공업,전남광주통합특별시 함평군,식품
음료베이스,106,2028-09-04,BIZ047,식품,C10100017,3267,2025-09-05,전남광주통합특별시,주식회사 샬롬,나주시,"제조,가공",2025-5-0373,식품제조가공업,주식회사 샬롬,나주시 주식회사 샬롬,126.66377289951832,34.96181349535695,2025-5-0373,19940512092,주식회사 샬롬,식품제조가공업,전남광주통합특별시 나주시,식품
포장육,604,2028-09-03,BIZ047,축산물,78,3268,2025-09-04,전남광주통합특별시,주식회사 프엉항푸드,나주시,"제조,가공",2025-5-0372,식육포장처리업,주식회사 프엉항푸드,나주시 주식회사 프엉항푸드,,,2025-5-0372,20250783299,주식회사 프엉항푸드,식육포장처리업,전남광주통합특별시 나주시,축산물
당절임,106,2029-05-21,BIZ047,식품,C10500004,3270,2025-09-04,전남광주통합특별시,주식회사 굿푸드,나주시,"제조,가공",2025-5-0370,식품제조가공업,주식회사 굿푸드,나주시 주식회사 굿푸드,126.68776050038764,34.986453302837326,2025-5-0370,20120512032,주식회사 굿푸드,식품제조가공업,전남광주통합특별시 나주시,식품
양념육,612,2028-09-03,BIZ047,축산물,86,3273,2025-09-04,전남광주통합특별시,㈜중앙축산 농업회사법인 2공장,나주시,"제조,가공",2025-5-0367,축산물가공업-식육가공업,㈜중앙축산 농업회사법인 2공장,나주시 ㈜중앙축산 농업회사법인 2공장,126.7400067998104,35.0334305005168,2025-5-0367,20250769006,(주)중앙축산농업회사법인 2공장,축산물가공업-식육가공업,전남광주통합특별시 나주시,축산물
김치(배추김치),106,2028-09-03,BIZ047,식품,C12300001,3274,2025-09-04,제주특별자치도,푸른파파영농조합법인,제주시,"제조,가공",2025-5-0366,식품제조가공업,푸른파파영농조합법인,제주시 푸른파파영농조합법인,126.32788869994424,33.3925762005409,2025-5-0366,20180620029,푸른파파영농조합법인,식품제조가공업,제주특별자치도 제주시,식품
양념육,612,2028-09-01,BIZ047,축산물,86,3277,2025-09-02,전남광주통합특별시,주식회사 우리푸드,여수시,"제조,가공",2025-5-0363,축산물가공업-식육가공업,주식회사 우리푸드,여수시 주식회사 우리푸드,127.64062799863824,34.782302497654136,2025-5-0363,20250769001,주식회사 우리푸드,축산물가공업-식육가공업,전남광주통합특별시 여수시,축산물
즉석조리식품,106,2028-08-28,BIZ047,식품,C11300005,3278,2025-08-29,전북특별자치도,매일식품주식회사 익산공장(지점),익산시,"제조,가공",2025-5-0361,식품제조가공업,매일식품주식회사 익산공장,익산시 매일식품주식회사 익산공장,127.08330220004952,35.97416920100304,2025-5-0361,20220683166,매일식품주식회사 익산공장(지점),식품제조가공업,전북특별자치도 익산시,식품
리큐르,402,2028-08-27,BIZ047,식품,C10600010,3279,2025-08-28,전북특별자치도,세븐브로이맥주 주식회사,익산시,"제조,가공",2025-5-0360,식품제조가공업(주류제조),세븐브로이맥주 주식회사,익산시 세븐브로이맥주 주식회사,127.09079500008876,35.979250403155376,2025-5-0360,20110015205,세븐브로이맥주 주식회사,식품제조가공업(주류),전북특별자치도 익산시,식품
맥주,402,2028-08-27,BIZ047,식품,C10600004,3280,2025-08-28,전북특별자치도,세븐브로이맥주 주식회사,익산시,"제조,가공",2025-5-0359,식품제조가공업(주류제조),세븐브로이맥주 주식회사,익산시 세븐브로이맥주 주식회사,127.09079500008876,35.979250403155376,2025-5-0359,20110015205,세븐브로이맥주 주식회사,식품제조가공업(주류),전북특별자치도 익산시,식품
포장육,604,2028-08-27,BIZ047,축산물,78,3281,2025-08-28,전남광주통합특별시,진솔한우(주)농업회사법인,광산구,"제조,가공",2025-5-0358,식육포장처리업,진솔한우농업회사법인,광산구 진솔한우농업회사법인,,,2025-5-0358,20240320446,진솔한우(주)농업회사법인,식육포장처리업,전남광주통합특별시 광산구,축산물
양념육,612,2028-08-26,BIZ047,축산물,86,3282,2025-08-27,전북특별자치도,(주)보노코리아,익산시,"제조,가공",2025-5-0357,축산물가공업-식육가공업,보노코리아,익산시 보노코리아,127.02227469975622,36.067482601863,2025-5-0357,20250726008,(주)보노코리아,축산물가공업-식육가공업,전북특별자치도 익산시,축산물
과ㆍ채가공품,106,2028-08-24,BIZ047,식품,C10700010,3285,2025-08-25,전남광주통합특별시,데이앤바이오(주),장흥군,"제조,가공",2025-5-0354,식품제조가공업,데이앤바이오,장흥군 데이앤바이오,126.9373552995048,34.68890760062302,2025-5-0354,20160521051,데이앤바이오(주),식품제조가공업,전남광주통합특별시 장흥군,식품
과ㆍ채가공품,106,2028-08-24,BIZ047,식품,C10700010,3286,2025-08-25,전북특별자치도,농업회사법인 유한회사 정읍시친환경연합,정읍시,"제조,가공",2025-5-0353,식품제조가공업,농업회사법인 유한회사 정읍시친환경연합,정읍시 농업회사법인 유한회사 정읍시친환경연합,126.89248589978264,35.594143996663306,2025-5-0353,20250746162,농업회사법인 유한회사 정읍시친환경연합,식품제조가공업,전북특별자치도 정읍시,식품
빵류,106,2028-08-21,BIZ047,식품,C09300004,3287,2025-08-22,전북특별자치도,농업회사법인 주식회사 디에스베이커리앤푸드,군산시,"제조,가공",2025-5-0352,식품제조가공업,농업회사법인 주식회사 디에스베이커리앤푸드,군산시 농업회사법인 주식회사 디에스베이커리앤푸드,,,2025-5-0352,20250738539,농업회사법인 주식회사 디에스베이커리앤푸드,식품제조가공업,전북특별자치도 군산시,식품
포장육,604,2028-08-21,BIZ047,축산물,78,3288,2025-08-22,전남광주통합특별시,담아푸드,광산구,"제조,가공",2025-5-0351,식육포장처리업,담아푸드,광산구 담아푸드,,,2025-5-0351,20250320151,담아푸드,식육포장처리업,전남광주통합특별시 광산구,축산물
과자,106,2028-08-21,BIZ047,식품,C09300001,3289,2025-08-22,전북특별자치도,농업회사법인 주식회사 디에스베이커리앤푸드,군산시,"제조,가공",2025-5-0350,식품제조가공업,농업회사법인 주식회사 디에스베이커리앤푸드,군산시 농업회사법인 주식회사 디에스베이커리앤푸드,,,2025-5-0350,20250738539,농업회사법인 주식회사 디에스베이커리앤푸드,식품제조가공업,전북특별자치도 군산시,식품
빵류,106,2028-08-20,BIZ047,식품,C09300004,3290,2025-08-21,전남광주통합특별시,주식회사방긋웃는농업회사법인,해남군,"제조,가공",2025-5-0349,식품제조가공업,주식회사방긋웃는농업회사법인,해남군 주식회사방긋웃는농업회사법인,126.64217469991388,34.60984890068787,2025-5-0349,20230753195,주식회사방긋웃는농업회사법인,식품제조가공업,전남광주통합특별시 해남군,식품
포장육,604,2028-08-19,BIZ047,축산물,78,3291,2025-08-20,제주특별자치도,봉영축산유통,서귀포시,"제조,가공",2025-5-0347,식육포장처리업,봉영축산유통,서귀포시 봉영축산유통,126.55840239978704,33.24707584080043,2025-5-0347,20140631638,봉영축산유통,식육포장처리업,제주특별자치도 서귀포시,축산물
양념육,612,2028-08-19,BIZ047,축산물,86,3293,2025-08-20,전북특별자치도,참신푸드,익산시,"제조,가공",2025-5-0345,축산물가공업-식육가공업,참신푸드,익산시 참신푸드,127.08170370002227,35.972618887627405,2025-5-0345,20250726003,주식회사 참신푸드,축산물가공업-식육가공업,전북특별자치도 익산시,축산물
포장육,604,2028-08-17,BIZ047,축산물,78,3294,2025-08-18,제주특별자치도,영일축산유통,제주시,"제조,가공",2025-5-0344,식육포장처리업,영일축산유통,제주시 영일축산유통,126.47608380005522,33.491150601151894,2025-5-0344,20080628239,영일축산유통,식육포장처리업,제주특별자치도 제주시,축산물
혼합음료,106,2028-08-17,BIZ047,식품,C10100016,3295,2025-08-18,전남광주통합특별시,주식회사 이미라클,함평군,"제조,가공",2025-5-0343,식품제조가공업,주식회사 이미라클,함평군 주식회사 이미라클,126.49600700043136,35.147367993159,2025-5-0343,20070526014,주식회사 이미라클,식품제조가공업,전남광주통합특별시 함평군,식품
과ㆍ채가공품,106,2028-08-12,BIZ047,식품,C10700010,3296,2025-08-13,전북특별자치도,(주)팜조아농업회사법인함열공장,익산시,"제조,가공",2025-5-0342,식품제조가공업,팜조아농업회사법인함열공장,익산시 팜조아농업회사법인함열공장,,,2025-5-0342,20250742373,(주)팜조아농업회사법인함열공장,식품제조가공업,전북특별자치도 익산시,식품
떡류,106,2028-08-11,BIZ047,식품,C09300005,3297,2025-08-12,전남광주통합특별시,미미앤떡,광양시,"제조,가공",2025-5-0341,식품제조가공업,미미앤떡,광양시 미미앤떡,127.71862260119586,34.96212060384607,2025-5-0341,20250785267,미미앤떡,식품제조가공업,전남광주통합특별시 광양시,식품
포장육,604,2028-08-11,BIZ047,축산물,78,3298,2025-08-12,전남광주통합특별시,주식회사모소푸드,북구,"제조,가공",2025-5-0340,식육포장처리업,주식회사모소푸드,북구 주식회사모소푸드,126.87867500007644,35.19469290133555,2025-5-0340,20230301262,주식회사모소푸드,식육포장처리업,전남광주통합특별시 북구,축산물
과ㆍ채가공품,106,2028-08-11,BIZ047,식품,C10700010,3299,2025-08-12,전남광주통합특별시,농업회사법인(주)전남토탈푸드,나주시,"제조,가공",2025-5-0339,식품제조가공업,농업회사법인전남토탈푸드,나주시 농업회사법인전남토탈푸드,126.72659339945068,35.03833560446339,2025-5-0339,20250783173,농업회사법인(주)전남토탈푸드,식품제조가공업,전남광주통합특별시 나주시,식품
빵류,106,2028-08-07,BIZ047,식품,C09300004,3300,2025-08-08,전남광주통합특별시,(주)조이키토,북구,"제조,가공",2025-5-0338,식품제조가공업,조이키토,북구 조이키토,126.91130690009358,35.16342599602643,2025-5-0338,20250313532,(주)조이키토,식품제조가공업,전남광주통합특별시 북구,식품
두류가공품(공유주방 이용업소),106,2028-08-07,BIZ047,식품,C10700012,3301,2025-08-08,전북특별자치도,라이스밸류 익산1공장,익산시,"제조,가공",2025-5-0337,식품제조가공업,라이스밸류 익산1공장,익산시 라이스밸류 익산1공장,,,2025-5-0337,20250742382,라이스밸류 익산1공장,식품제조가공업,전북특별자치도 익산시,식품
기타 수산물가공품 중 냉동연체류,106,2028-07-10,BIZ047,식품,C11800001,3302,2025-08-08,전북특별자치도,유한회사 바다놀이터,익산시,"제조,가공",2025-5-0336,식품제조가공업,유한회사 바다놀이터,익산시 유한회사 바다놀이터,126.97645500021476,35.9786440996975,2025-5-0336,20250742352,유한회사 바다놀이터,식품제조가공업,전북특별자치도 익산시,식품
젓갈,106,2028-08-06,BIZ047,식품,C11000007,3303,2025-08-07,전남광주통합특별시,평화식품,목포시,"제조,가공",2025-5-0335,식품제조가공업,평화식품,목포시 평화식품,126.39291349985294,34.83311550082882,2025-5-0335,20110345006,평화식품,식품제조가공업,전남광주통합특별시 목포시,식품
식용란수집판매업,635,2028-08-05,BIZ048,축산물,581,3304,2025-08-06,전북특별자치도,성원계란유통,익산시,"유통,판매,조리",2025-5-0334,축산물판매업-식용란수집판매업,성원계란유통,익산시 성원계란유통,,,2025-5-0334,20250742394,성원계란유통,축산물판매업-식용란수집판매업,전북특별자치도 익산시,축산물
갈비가공품,612,2028-08-04,BIZ047,축산물,88,3305,2025-08-05,전북특별자치도,주식회사 코이푸드,익산시,"제조,가공",2025-5-0333,축산물가공업-식육가공업,주식회사 코이푸드,익산시 주식회사 코이푸드,,,2025-5-0333,20250726007,주식회사 코이푸드,축산물가공업-식육가공업,전북특별자치도 익산시,축산물
과자,106,2028-08-04,BIZ047,식품,C09300001,3306,2025-08-05,전북특별자치도,(주)아이엠무주,무주군,"제조,가공",2025-5-0331,식품제조가공업,아이엠무주,무주군 아이엠무주,127.65442260178312,35.83784260386093,2025-5-0331,20230706052,(주)아이엠무주,식품제조가공업,전북특별자치도 무주군,식품
과ㆍ채음료,106,2028-08-04,BIZ047,식품,C10100007,3307,2025-08-05,전북특별자치도,마이산약초협동조합,진안군,"제조,가공",2025-5-0330,식품제조가공업,마이산약초협동조합,진안군 마이산약초협동조합,127.36867380011148,35.73082073319412,2025-5-0330,19990495025,마이산약초협동조합,식품제조가공업,전북특별자치도 진안군,식품
과ㆍ채주스,106,2028-08-04,BIZ047,식품,C10100006,3308,2025-08-05,전북특별자치도,마이산약초협동조합,진안군,"제조,가공",2025-5-0329,식품제조가공업,마이산약초협동조합,진안군 마이산약초협동조합,127.36867380011148,35.73082073319412,2025-5-0329,19990495025,마이산약초협동조합,식품제조가공업,전북특별자치도 진안군,식품
액상차,106,2028-08-04,BIZ047,식품,C10100002,3309,2025-08-05,전북특별자치도,마이산약초협동조합,진안군,"제조,가공",2025-5-0328,식품제조가공업,마이산약초협동조합,진안군 마이산약초협동조합,127.36867380011148,35.73082073319412,2025-5-0328,19990495025,마이산약초협동조합,식품제조가공업,전북특별자치도 진안군,식품
포장육,604,2028-08-03,BIZ047,축산물,78,3310,2025-08-04,전북특별자치도,(주)건국한우육가공,익산시,"제조,가공",2025-5-0327,식육포장처리업,건국한우육가공,익산시 건국한우육가공,,,2025-5-0327,20250742306,(주)건국한우육가공,식육포장처리업,전북특별자치도 익산시,축산물
기타 수산물가공품 중 냉동어류,106,2028-07-31,BIZ047,식품,C11700001,3311,2025-08-01,전남광주통합특별시,송호자율관리공동체영어조합법인,해남군,"제조,가공",2025-5-0326,식품제조가공업,송호자율관리공동체영어조합법인,해남군 송호자율관리공동체영어조합법인,126.51626540023769,34.31687020121485,2025-5-0326,20240804053,송호자율관리공동체영어조합법인,식품제조가공업,전남광주통합특별시 해남군,식품
절임식품,106,2028-07-31,BIZ047,식품,C10500003,3312,2025-08-01,전남광주통합특별시,송호자율관리공동체영어조합법인,해남군,"제조,가공",2025-5-0325,식품제조가공업,송호자율관리공동체영어조합법인,해남군 송호자율관리공동체영어조합법인,126.51626540023769,34.31687020121485,2025-5-0325,20240804053,송호자율관리공동체영어조합법인,식품제조가공업,전남광주통합특별시 해남군,식품
과ㆍ채음료,106,2028-07-31,BIZ047,식품,C10100007,3313,2025-08-01,전북특별자치도,남원원예농업협동조합 푸드종합가공센터,남원시,"제조,가공",2025-5-0324,식품제조가공업,남원원예농업협동조합 푸드종합가공센터,남원시 남원원예농업협동조합 푸드종합가공센터,127.40951610046623,35.40522276845489,2025-5-0324,20180496058,남원원예농업협동조합 푸드종합가공센터,식품제조가공업,전북특별자치도 남원시,식품
과ㆍ채주스,106,2028-07-31,BIZ047,식품,C10100006,3314,2025-08-01,전북특별자치도,남원원예농업협동조합 푸드종합가공센터,남원시,"제조,가공",2025-5-0323,식품제조가공업,남원원예농업협동조합 푸드종합가공센터,남원시 남원원예농업협동조합 푸드종합가공센터,127.40951610046623,35.40522276845489,2025-5-0323,20180496058,남원원예농업협동조합 푸드종합가공센터,식품제조가공업,전북특별자치도 남원시,식품
과ㆍ채주스,106,2028-07-30,BIZ047,식품,C10100006,3316,2025-07-31,전남광주통합특별시,유한회사 가온누리,영광군,"제조,가공",2025-5-0321,식품제조가공업,유한회사 가온누리,영광군 유한회사 가온누리,126.5784708000888,35.28181563057889,2025-5-0321,20180529040,유한회사 가온누리,식품제조가공업,전남광주통합특별시 무안군,식품
액상차,106,2028-07-30,BIZ047,식품,C10100002,3317,2025-07-31,전남광주통합특별시,유한회사 가온누리,영광군,"제조,가공",2025-5-0320,식품제조가공업,유한회사 가온누리,영광군 유한회사 가온누리,126.5784708000888,35.28181563057889,2025-5-0320,20180529040,유한회사 가온누리,식품제조가공업,전남광주통합특별시 무안군,식품
포장육,604,2028-07-30,BIZ047,축산물,78,3318,2025-07-31,전남광주통합특별시,(주)주노푸드,북구,"제조,가공",2025-5-0319,식육포장처리업,주노푸드,북구 주노푸드,126.8797146000041,35.199761899954595,2025-5-0319,20230307220,(주)주노푸드,식육포장처리업,전남광주통합특별시 북구,축산물
즉석섭취식품,106,2028-07-30,BIZ047,식품,C11300003,3319,2025-07-31,전북특별자치도,농업회사법인(주)팜360닷에이아이,익산시,"제조,가공",2025-5-0318,식품제조가공업,농업회사법인팜360닷에이아이,익산시 농업회사법인팜360닷에이아이,127.07745330007587,35.9725374040915,2025-5-0318,20250742172,농업회사법인(주)팜360닷에이아이,식품제조가공업,전북특별자치도 익산시,식품
김치(배추김치),106,2028-07-29,BIZ047,식품,C12300001,3320,2025-07-30,전남광주통합특별시,다강푸드 영농조합법인,강진군,"제조,가공",2025-5-0317,식품제조가공업,다강푸드 영농조합법인,강진군 다강푸드 영농조합법인,126.7775505997371,34.64190159586027,2025-5-0317,20250802004,다강푸드 영농조합법인,식품제조가공업,전남광주통합특별시 강진군,식품
포장육,604,2028-07-29,BIZ047,축산물,78,3321,2025-07-30,전남광주통합특별시,남양식품,광산구,"제조,가공",2025-5-0316,식육포장처리업,남양식품,광산구 남양식품,126.78777920050422,35.12682737373756,2025-5-0316,20250320479,남양식품,식육포장처리업,전남광주통합특별시 광산구,축산물
가공김(조미김 또는 구운김),106,2028-07-29,BIZ047,식품,C11000017,3322,2025-07-30,전남광주통합특별시,유한회사 청해에스앤에프,목포시,"제조,가공",2025-5-0315,식품제조가공업,유한회사 청해에스앤에프,목포시 유한회사 청해에스앤에프,126.39191069998964,34.832303279908416,2025-5-0315,20170503781,유한회사 청해에스앤에프,식품제조가공업,전남광주통합특별시 목포시,식품
포장육,604,2028-07-29,BIZ047,축산물,78,3323,2025-07-30,전남광주통합특별시,농업회사법인 주식회사 자연을품다,나주시,"제조,가공",2025-5-0314,식육포장처리업,농업회사법인 주식회사 자연을품다,나주시 농업회사법인 주식회사 자연을품다,126.7470137996174,35.040520000264586,2025-5-0314,20250783170,농업회사법인 주식회사 자연을품다,식육포장처리업,전남광주통합특별시 나주시,축산물
양념육,612,2028-07-29,BIZ047,축산물,86,3324,2025-07-30,전남광주통합특별시,(주)짚불컴퍼니,함평군,"제조,가공",2025-5-0313,축산물가공업-식육가공업,짚불컴퍼니,함평군 짚불컴퍼니,126.60466919955556,35.136612999908465,2025-5-0313,20200506055,(주)짚불컴퍼니,축산물가공업-식육가공업,전남광주통합특별시 함평군,축산물
식육판매업,630,2028-07-27,BIZ048,축산물,176,3325,2025-07-28,전남광주통합특별시,강진완도축협하나로마트,강진군,"유통,판매,조리",2025-5-0311,축산물판매업-식육판매업,강진완도축협하나로마트,강진군 강진완도축협하나로마트,,,2025-5-0311,20120522055,강진완도축협하나로마트,축산물판매업-식육판매업,전남광주통합특별시 강진군,축산물
어묵,106,2028-07-24,BIZ047,식품,C11000004,3326,2025-07-25,전북특별자치도,엠케이푸드,완주군,"제조,가공",2025-5-0310,식품제조가공업,엠케이푸드,완주군 엠케이푸드,127.21370640019718,35.87714640119377,2025-5-0310,20170494145,엠케이푸드,식품제조가공업,전북특별자치도 완주군,식품
"양념육,분쇄가공육제품",612,2028-07-23,BIZ047,축산물,"86,87",3328,2025-07-24,제주특별자치도,아빠손,제주시,"제조,가공",2025-5-0307,축산물가공업-식육가공업,아빠손,제주시 아빠손,126.4673831001617,33.487609397467295,2025-5-0307,19980626002,아빠손,축산물가공업-식육가공업,제주특별자치도 제주시,축산물
포장육,604,2028-07-23,BIZ047,축산물,78,3329,2025-07-24,전남광주통합특별시,명지한우,서구,"제조,가공",2025-5-0306,식육포장처리업,명지한우,서구 명지한우,126.83925760010442,35.1673961980536,2025-5-0306,20250306340,명지한우,식육포장처리업,전남광주통합특별시 서구,축산물
액상차,106,2028-07-23,BIZ047,식품,C10100002,3330,2025-07-24,전북특별자치도,하나푸드,완주군,"제조,가공",2025-5-0305,식품제조가공업,하나푸드,완주군 하나푸드,127.0976366000964,35.9010983038366,2025-5-0305,20250753088,하나푸드,식품제조가공업,전북특별자치도 완주군,식품
기타가공품,106,2028-07-23,BIZ047,식품,C11400002,3331,2025-07-24,전북특별자치도,(주)헬스바이옴전주지점,전주시 덕진구,"제조,가공",2025-5-0304,식품제조가공업,헬스바이옴전주지점,전주시 덕진구 헬스바이옴전주지점,,,2025-5-0304,20240734842,(주)헬스바이옴전주지점,식품제조가공업,전북특별자치도 전주시 덕진구,식품
신선편의식품,106,2028-07-22,BIZ047,식품,C11300004,3332,2025-07-23,전북특별자치도,진스마트팜(주)농업회사법인,익산시,"제조,가공",2025-5-0303,식품제조가공업,진스마트팜농업회사법인,익산시 진스마트팜농업회사법인,126.91028739998582,36.045736690541744,2025-5-0303,20210491149,진스마트팜(주)농업회사법인,식품제조가공업,전북특별자치도 익산시,식품
양념육,612,2028-07-20,BIZ047,축산물,86,3334,2025-07-21,전남광주통합특별시,(주)오성유통,목포시,"제조,가공",2025-5-0301,축산물가공업-식육가공업,오성유통,목포시 오성유통,126.40619719984234,34.836151674173244,2025-5-0301,20160502021,㈜오성유통,축산물가공업-식육가공업,전남광주통합특별시 목포시,축산물
캔디류,106,2028-07-20,BIZ047,식품,C09300002,3335,2025-07-21,전북특별자치도,정읍시 농산물가공센터,정읍시,"제조,가공",2025-5-0300,식품제조가공업,정읍시 농산물가공센터,정읍시 정읍시 농산물가공센터,126.89489463461425,35.622656227237435,2025-5-0300,20190494272,정읍시 농산물가공센터,식품제조가공업,전북특별자치도 정읍시,식품
커피,106,2028-07-20,BIZ047,식품,C10100004,3338,2025-07-21,전북특별자치도,주식회사 킴스빈,순창군,"제조,가공",2025-5-0297,식품제조가공업,주식회사 킴스빈,순창군 주식회사 킴스빈,127.1086345996541,35.36603889879375,2025-5-0297,20250763028,주식회사 킴스빈,식품제조가공업,전북특별자치도 순창군,식품
곡류가공품,106,2028-07-20,BIZ047,식품,C10700011,3339,2025-07-21,전남광주통합특별시,보성농협 웅치올벼쌀 가공유통센터,보성군,"제조,가공",2025-5-0296,식품제조가공업,보성농협 웅치올벼쌀 가공유통센터,보성군 보성농협 웅치올벼쌀 가공유통센터,127.01942659997935,34.714183200883866,2025-5-0296,20210523040,보성농협 웅치올벼쌀 가공유통센터,식품제조가공업,전남광주통합특별시 보성군,식품
과자,106,2028-07-20,BIZ047,식품,C09300001,3340,2025-07-21,전남광주통합특별시,보성농협 웅치올벼쌀 가공유통센터,보성군,"제조,가공",2025-5-0295,식품제조가공업,보성농협 웅치올벼쌀 가공유통센터,보성군 보성농협 웅치올벼쌀 가공유통센터,127.01942659997935,34.714183200883866,2025-5-0295,20210523040,보성농협 웅치올벼쌀 가공유통센터,식품제조가공업,전남광주통합특별시 보성군,식품
액상차,106,2028-07-17,BIZ047,식품,C10100002,3341,2025-07-18,전북특별자치도,(유)삼각에프엠씨 웰빙랜드,익산시,"제조,가공",2025-5-0294,식품제조가공업,삼각에프엠씨 웰빙랜드,익산시 삼각에프엠씨 웰빙랜드,127.08354580055595,35.98443639720937,2025-5-0294,20220683125,(유)삼각에프엠씨 웰빙랜드,식품제조가공업,전북특별자치도 익산시,식품
식육추출가공품,612,2028-07-15,BIZ047,축산물,89,3343,2025-07-16,전남광주통합특별시,황제푸드(2공장),광산구,"제조,가공",2025-5-0292,축산물가공업-식육가공업,황제푸드,광산구 황제푸드,126.79758760051716,35.14446896430648,2025-5-0292,20250301001,황제푸드(2공장),축산물가공업-식육가공업,전남광주통합특별시 광산구,축산물
"분쇄가공육제품,식육추출가공품",612,2028-07-14,BIZ047,축산물,"87,89",3344,2025-07-15,전남광주통합특별시,케이에스푸드,목포시,"제조,가공",2025-5-0291,축산물가공업-식육가공업,케이에스푸드,목포시 케이에스푸드,126.4180865004782,34.800132203051845,2025-5-0291,20250769004,케이에스푸드,축산물가공업-식육가공업,전남광주통합특별시 목포시,축산물
포장육,604,2028-07-14,BIZ047,축산물,78,3345,2025-07-15,전남광주통합특별시,케이에스푸드,목포시,"제조,가공",2025-5-0290,식육포장처리업,케이에스푸드,목포시 케이에스푸드,126.4180865004782,34.800132203051845,2025-5-0290,20200507797,케이에스푸드,식육포장처리업,전남광주통합특별시 목포시,축산물
기타가공품,106,2028-07-14,BIZ047,식품,C11400002,3346,2025-07-15,전북특별자치도,(주)셀코어,완주군,"제조,가공",2025-5-0289,식품제조가공업,셀코어,완주군 셀코어,127.0138526995388,35.82157199886201,2025-5-0289,20210498153,(주)셀코어,식품제조가공업,전북특별자치도 완주군,식품
액상차(공유주방 이용업소),106,2028-07-13,BIZ047,식품,C10100002,3347,2025-07-14,전북특별자치도,주식회사 코아바이오 2공장,익산시,"제조,가공",2025-5-0288,식품제조가공업,주식회사 코아바이오 2공장,익산시 주식회사 코아바이오 2공장,127.0879334005216,35.98035950111806,2025-5-0288,20240742774,주식회사 코아바이오 2공장,식품제조가공업,전북특별자치도 익산시,식품
음료베이스(공유주방 이용업소),106,2028-07-13,BIZ047,식품,C10100017,3348,2025-07-14,전북특별자치도,주식회사 코아바이오 2공장,익산시,"제조,가공",2025-5-0287,식품제조가공업,주식회사 코아바이오 2공장,익산시 주식회사 코아바이오 2공장,127.0879334005216,35.98035950111806,2025-5-0287,20240742774,주식회사 코아바이오 2공장,식품제조가공업,전북특별자치도 익산시,식품
기타 수산물가공품 중 냉동어류,106,2028-07-10,BIZ047,식품,C11700001,3349,2025-07-11,전북특별자치도,유한회사 바다놀이터,익산시,"제조,가공",2025-5-0286,식품제조가공업,유한회사 바다놀이터,익산시 유한회사 바다놀이터,126.97645500021476,35.9786440996975,2025-5-0286,20250742352,유한회사 바다놀이터,식품제조가공업,전북특별자치도 익산시,식품
가공김(조미김 또는 구운김),106,2028-07-10,BIZ047,식품,C11000017,3350,2025-07-11,전남광주통합특별시,㈜푸른정 식품,완도군,"제조,가공",2025-5-0285,식품제조가공업,㈜푸른정 식품,완도군 ㈜푸른정 식품,126.70179849991268,34.32622610062181,2025-5-0285,20100529034,(주)푸른정 식품,식품제조가공업,전남광주통합특별시 완도군,식품
김치(배추김치),106,2028-07-09,BIZ047,식품,C12300001,3351,2025-07-10,전남광주통합특별시,광주서구지역자활센터 착한김치,서구,"제조,가공",2025-5-0284,식품제조가공업,광주서구지역자활센터 착한김치,서구 광주서구지역자활센터 착한김치,126.87558470007356,35.14302459889048,2025-5-0284,20250306292,광주서구지역자활센터 착한김치,식품제조가공업,전남광주통합특별시 서구,식품
김치(기타김치),106,2028-07-09,BIZ047,식품,C10500002,3352,2025-07-10,전남광주통합특별시,광주서구지역자활센터 착한김치,서구,"제조,가공",2025-5-0283,식품제조가공업,광주서구지역자활센터 착한김치,서구 광주서구지역자활센터 착한김치,126.87558470007356,35.14302459889048,2025-5-0283,20250306292,광주서구지역자활센터 착한김치,식품제조가공업,전남광주통합특별시 서구,식품
천연향신료,106,2028-07-09,BIZ047,식품,C10400011,3353,2025-07-10,전북특별자치도,강산식품 농업회사법인 유한회사,익산시,"제조,가공",2025-5-0282,식품제조가공업,강산식품 농업회사법인 유한회사,익산시 강산식품 농업회사법인 유한회사,,,2025-5-0282,20230691485,강산식품 농업회사법인 유한회사,식품제조가공업,전북특별자치도 익산시,식품
절임식품,106,2028-07-09,BIZ047,식품,C10500003,3354,2025-07-10,전남광주통합특별시,영암웰빙,영암군,"제조,가공",2025-5-0281,식품제조가공업,영암웰빙,영암군 영암웰빙,126.57135919988777,34.85654900052066,2025-5-0281,20190528013,영암웰빙,식품제조가공업,전남광주통합특별시 영암군,식품
식용란수집판매업,635,2028-07-09,BIZ048,축산물,581,3356,2025-07-10,전남광주통합특별시,상현유통,광산구,"유통,판매,조리",2025-5-0279,축산물판매업-식용란수집판매업,상현유통,광산구 상현유통,126.78663440045436,35.186381096604734,2025-5-0279,20240320592,상현유통,축산물판매업-식용란수집판매업,전남광주통합특별시 광산구,축산물
양념육,612,2028-07-09,BIZ047,축산물,86,3357,2025-07-10,전북특별자치도,유한회사 호호식품,군산시,"제조,가공",2025-5-0278,축산물가공업-식육가공업,유한회사 호호식품,군산시 유한회사 호호식품,126.88112420000968,36.00941940245983,2025-5-0278,20220667025,유한회사 호호식품,축산물가공업-식육가공업,전북특별자치도 군산시,축산물
갈비가공품,612,2028-07-09,BIZ047,축산물,88,3358,2025-07-10,전남광주통합특별시,다옴F&B,북구,"제조,가공",2025-5-0277,축산물가공업-식육가공업,다옴F&B,북구 다옴F&B,126.91747330054226,35.18755919678682,2025-5-0277,20240301009,다옴F&B,축산물가공업-식육가공업,전남광주통합특별시 북구,축산물
포장육,604,2028-07-09,BIZ047,축산물,78,3359,2025-07-10,전남광주통합특별시,에스에스씨푸드(주)농업회사법인,순천시,"제조,가공",2025-5-0276,식육포장처리업,에스에스씨푸드농업회사법인,순천시 에스에스씨푸드농업회사법인,127.51722489568184,34.9152569988199,2025-5-0276,20250779007,에스에스씨푸드(주)농업회사법인,식육포장처리업,전남광주통합특별시 순천시,축산물
떡류,106,2028-07-06,BIZ047,식품,C09300005,3360,2025-07-07,전남광주통합특별시,시골 손맛 농업회사법인 주식회사,함평군,"제조,가공",2025-5-0275,식품제조가공업,시골 손맛 농업회사법인 주식회사,함평군 시골 손맛 농업회사법인 주식회사,126.64550149995924,35.166613197753655,2025-5-0275,20250810011,시골 손맛 농업회사법인 주식회사,식품제조가공업,전남광주통합특별시 함평군,식품
기타가공품,106,2028-07-06,BIZ047,식품,C11400002,3361,2025-07-07,전북특별자치도,㈜삼영유니텍,익산시,"제조,가공",2025-5-0274,식품제조가공업,㈜삼영유니텍,익산시 ㈜삼영유니텍,127.08541119945566,35.97287970114882,2025-5-0274,20190491133,(주)삼영유니텍,식품제조가공업,전북특별자치도 익산시,식품
즉석조리식품,106,2028-07-06,BIZ047,식품,C11300005,3362,2025-07-07,전북특별자치도,지리산처럼영농조합법인,남원시,"제조,가공",2025-5-0273,식품제조가공업,지리산처럼영농조합법인,남원시 지리산처럼영농조합법인,127.56033019601978,35.45628060484687,2025-5-0273,20120492042,지리산처럼영농조합법인,식품제조가공업,전북특별자치도 남원시,식품
기타가공품,106,2028-07-03,BIZ047,식품,C11400002,3363,2025-07-04,전남광주통합특별시,맛다곡성 협동조합,곡성군,"제조,가공",2025-5-0272,식품제조가공업,맛다곡성 협동조합,곡성군 맛다곡성 협동조합,127.2819541997121,35.27017660049841,2025-5-0272,20250790004,맛다곡성 협동조합,식품제조가공업,전남광주통합특별시 곡성군,식품
곡류가공품,106,2028-07-03,BIZ047,식품,C10700011,3364,2025-07-04,전남광주통합특별시,맛다곡성 협동조합,곡성군,"제조,가공",2025-5-0271,식품제조가공업,맛다곡성 협동조합,곡성군 맛다곡성 협동조합,127.2819541997121,35.27017660049841,2025-5-0271,20250790004,맛다곡성 협동조합,식품제조가공업,전남광주통합특별시 곡성군,식품
잼,106,2028-07-03,BIZ047,식품,C09700001,3365,2025-07-04,전남광주통합특별시,맛다곡성 협동조합,곡성군,"제조,가공",2025-5-0270,식품제조가공업,맛다곡성 협동조합,곡성군 맛다곡성 협동조합,127.2819541997121,35.27017660049841,2025-5-0270,20250790004,맛다곡성 협동조합,식품제조가공업,전남광주통합특별시 곡성군,식품
떡류,106,2028-07-03,BIZ047,식품,C09300005,3366,2025-07-04,전남광주통합특별시,맛다곡성 협동조합,곡성군,"제조,가공",2025-5-0269,식품제조가공업,맛다곡성 협동조합,곡성군 맛다곡성 협동조합,127.2819541997121,35.27017660049841,2025-5-0269,20250790004,맛다곡성 협동조합,식품제조가공업,전남광주통합특별시 곡성군,식품
과자,106,2028-07-03,BIZ047,식품,C09300001,3367,2025-07-04,전남광주통합특별시,맛다곡성 협동조합,곡성군,"제조,가공",2025-5-0268,식품제조가공업,맛다곡성 협동조합,곡성군 맛다곡성 협동조합,127.2819541997121,35.27017660049841,2025-5-0268,20250790004,맛다곡성 협동조합,식품제조가공업,전남광주통합특별시 곡성군,식품
고춧가루,106,2028-07-03,BIZ047,식품,C10400009,3368,2025-07-04,전북특별자치도,유한회사마이푸드,진안군,"제조,가공",2025-5-0267,식품제조가공업,유한회사마이푸드,진안군 유한회사마이푸드,127.43628889988165,35.77118410277621,2025-5-0267,20250755009,유한회사마이푸드,식품제조가공업,전북특별자치도 진안군,식품
곡류가공품,106,2028-07-02,BIZ047,식품,C10700011,3369,2025-07-03,전북특별자치도,공덕농협농산물가공사업소,김제시,"제조,가공",2025-5-0266,식품제조가공업,공덕농협농산물가공사업소,김제시 공덕농협농산물가공사업소,126.91120260017873,35.8901695007033,2025-5-0266,20160493064,공덕농협농산물가공사업소,식품제조가공업,전북특별자치도 김제시,식품
신선편의식품,106,2028-07-02,BIZ047,식품,C11300004,3370,2025-07-03,전북특별자치도,농업회사법인(주)팜360닷에이아이,익산시,"제조,가공",2025-5-0265,식품제조가공업,농업회사법인팜360닷에이아이,익산시 농업회사법인팜360닷에이아이,127.07745330007587,35.9725374040915,2025-5-0265,20250742172,농업회사법인(주)팜360닷에이아이,식품제조가공업,전북특별자치도 익산시,식품
과자,106,2028-07-01,BIZ047,식품,C09300001,3371,2025-07-02,전남광주통합특별시,진주제과,북구,"제조,가공",2025-5-0264,식품제조가공업,진주제과,북구 진주제과,126.88231879981686,35.19682120068944,2025-5-0264,20030227203,진주식품,식품제조가공업,전남광주통합특별시 광산구,식품
액상차,106,2028-07-01,BIZ047,식품,C10100002,3372,2025-07-02,제주특별자치도,만덕푸드,제주시,"제조,가공",2025-5-0262,식품제조가공업,만덕푸드,제주시 만덕푸드,126.54469320022986,33.49602185573942,2025-5-0262,20200621775,만덕푸드,식품제조가공업,제주특별자치도 제주시,식품
과ㆍ채음료,106,2028-07-01,BIZ047,식품,C10100007,3373,2025-07-02,제주특별자치도,만덕푸드,제주시,"제조,가공",2025-5-0261,식품제조가공업,만덕푸드,제주시 만덕푸드,126.54469320022986,33.49602185573942,2025-5-0261,20200621775,만덕푸드,식품제조가공업,제주특별자치도 제주시,식품
냉동식품 중 면류(숙면),106,2028-06-30,BIZ047,식품,C12200001,3375,2025-07-01,전북특별자치도,주식회사 한교,부안군,"제조,가공",2025-5-0259,식품제조가공업,주식회사 한교,부안군 주식회사 한교,126.64079680029715,35.6116075959755,2025-5-0259,19910501039,주식회사 한교,식품제조가공업,전북특별자치도 부안군,식품
소스,106,2028-06-30,BIZ047,식품,C10400003,3376,2025-07-01,전남광주통합특별시,(주)농업회사법인 상남자식품,장성군,"제조,가공",2025-5-0258,식품제조가공업,농업회사법인 상남자식품,장성군 농업회사법인 상남자식품,126.79388730029429,35.432509667800566,2025-5-0258,20060528065,(주)농업회사법인 상남자식품,식품제조가공업,전남광주통합특별시 장성군,식품
과ㆍ채가공품,106,2028-06-30,BIZ047,식품,C10700010,3377,2025-07-01,제주특별자치도,제주농장영농조합법인제주지점,제주시,"제조,가공",2025-5-0257,식품제조가공업,제주농장영농조합법인제주지점,제주시 제주농장영농조합법인제주지점,126.57211700048536,33.45805889980076,2025-5-0257,20130628332,제주농장영농조합법인제주지점,식품제조가공업,제주특별자치도 제주시,식품
혼합음료,106,2028-06-29,BIZ047,식품,C10100016,3378,2025-06-30,제주특별자치도,(주)더메리트,제주시,"제조,가공",2025-5-0256,식품제조가공업,더메리트,제주시 더메리트,126.8158367995019,33.54136690066457,2025-5-0256,20190621527,(주)더메리트,식품제조가공업,제주특별자치도 제주시,식품
포장육,604,2028-06-26,BIZ047,축산물,78,3380,2025-06-27,제주특별자치도,제주 산들바람,제주시,"제조,가공",2025-5-0254,식육포장처리업,제주 산들바람,제주시 제주 산들바람,126.44779350020308,33.47102910076949,2025-5-0254,20250955311,제주 산들바람,식육포장처리업,제주특별자치도 제주시,축산물
포장육,604,2028-06-26,BIZ047,축산물,78,3381,2025-06-27,제주특별자치도,청해푸드,제주시,"제조,가공",2025-5-0253,식육포장처리업,청해푸드,제주시 청해푸드,126.24286160048968,33.35748438685925,2025-5-0253,20250955314,청해푸드,식육포장처리업,제주특별자치도 제주시,축산물
찐쌀,106,2028-06-24,BIZ047,식품,C10700008,3383,2025-06-25,전남광주통합특별시,농업회사법인 (주)이앤에프,화순군,"제조,가공",2025-5-0251,식품제조가공업,농업회사법인 이앤에프,화순군 농업회사법인 이앤에프,126.89762090029814,34.99561340191109,2025-5-0251,20240303048,농업회사법인 (주)이앤에프,식품제조가공업,전남광주통합특별시 동구,식품
포장육,604,2028-06-24,BIZ047,축산물,78,3384,2025-06-25,전북특별자치도,인후푸드,전주시 덕진구,"제조,가공",2025-5-0250,식육포장처리업,인후푸드,전주시 덕진구 인후푸드,127.1661798005398,35.82422449747488,2025-5-0250,20250728024,인후푸드,식육포장처리업,전북특별자치도 전주시 덕진구,축산물
액상차,106,2028-06-22,BIZ047,식품,C10100002,3388,2025-06-23,전남광주통합특별시,노고치농원,순천시,"제조,가공",2025-5-0246,식품제조가공업,노고치농원,순천시 노고치농원,127.364006100062,35.065386704290475,2025-5-0246,20040509904,노고치농원,식품제조가공업,전남광주통합특별시 순천시,식품
기타 농산가공품,106,2028-06-18,BIZ047,식품,C10700014,3391,2025-06-19,전북특별자치도,농업회사법인 유림농산(주),익산시,"제조,가공",2025-5-0243,식품제조가공업,농업회사법인 유림농산,익산시 농업회사법인 유림농산,127.07903590030872,35.97421039570954,2025-5-0243,20250742120,농업회사법인 유림농산(주),식품제조가공업,전북특별자치도 익산시,식품
포장육,604,2028-06-18,BIZ047,축산물,78,3392,2025-06-19,전남광주통합특별시,부성미트(주),담양군,"제조,가공",2025-5-0242,식육포장처리업,부성미트,담양군 부성미트,126.92677000003022,35.27327060213909,2025-5-0242,20230301066,부성미트(주),식육포장처리업,전남광주통합특별시 북구,축산물
혼합음료(공유주방 이용업소),106,2028-06-17,BIZ047,식품,C10100016,3393,2025-06-18,전북특별자치도,(주)소이프트바이옴 제3공장,익산시,"제조,가공",2025-5-0241,식품제조가공업,소이프트바이옴 제3공장,익산시 소이프트바이옴 제3공장,127.0879334005216,35.98035950111806,2025-5-0241,20250742131,(주)소이프트바이옴 제3공장,식품제조가공업,전북특별자치도 익산시,식품
과자,106,2028-06-15,BIZ047,식품,C09300001,3397,2025-06-16,전북특별자치도,농업회사법인 누리(주),익산시,"제조,가공",2025-5-0237,식품제조가공업,농업회사법인 누리,익산시 농업회사법인 누리,126.9439201002618,35.952102001188045,2025-5-0237,20180491780,농업회사법인 누리(주),식품제조가공업,전북특별자치도 익산시,식품
"소시지,양념육,분쇄가공육제품",612,2028-06-15,BIZ047,축산물,"86,87,82",3398,2025-06-16,제주특별자치도,(주)삼다,제주시,"제조,가공",2025-5-0236,축산물가공업-식육가공업,삼다,제주시 삼다,126.56187320001398,33.51349780089904,2025-5-0236,20150626002,(주)삼다,축산물가공업-식육가공업,제주특별자치도 제주시,축산물
포장육,604,2028-06-12,BIZ047,축산물,78,3400,2025-06-13,전남광주통합특별시,무학,남구,"제조,가공",2025-5-0234,식육포장처리업,무학,남구 무학,126.80589229984916,35.066162700645656,2025-5-0234,20250310021,무학,식육포장처리업,전남광주통합특별시 남구,축산물
액상차,106,2028-06-12,BIZ047,식품,C10100002,3401,2025-06-13,전북특별자치도,농업회사법인한시골유한회사,진안군,"제조,가공",2025-5-0233,식품제조가공업,농업회사법인한시골유한회사,진안군 농업회사법인한시골유한회사,127.38950179993796,35.83276389889268,2025-5-0233,20220696081,농업회사법인한시골유한회사,식품제조가공업,전북특별자치도 진안군,식품
과ㆍ채가공품,106,2028-06-12,BIZ047,식품,C10700010,3402,2025-06-13,전북특별자치도,㈜건보,진안군,"제조,가공",2025-5-0232,식품제조가공업,㈜건보,진안군 ㈜건보,127.3732397995631,35.77307189058311,2025-5-0232,19890495011,(주)건보,식품제조가공업,전북특별자치도 진안군,식품
음료베이스,106,2028-06-12,BIZ047,식품,C10100017,3403,2025-06-13,전북특별자치도,㈜건보,진안군,"제조,가공",2025-5-0231,식품제조가공업,㈜건보,진안군 ㈜건보,127.3732397995631,35.77307189058311,2025-5-0231,19890495011,(주)건보,식품제조가공업,전북특별자치도 진안군,식품
포장육,604,2028-06-12,BIZ047,축산물,78,3404,2025-06-13,전남광주통합특별시,주식회사 서진,담양군,"제조,가공",2025-5-0230,식육포장처리업,주식회사 서진,담양군 주식회사 서진,127.01217059998372,35.23371020333257,2025-5-0230,20250788065,주식회사 서진,식육포장처리업,전남광주통합특별시 담양군,축산물
즉석조리식품,106,2028-06-12,BIZ047,식품,C11300005,3405,2025-06-13,전남광주통합특별시,한원푸드시스템(주),나주시,"제조,가공",2025-5-0229,식품제조가공업,한원푸드시스템,나주시 한원푸드시스템,126.68956060014978,34.98542445553884,2025-5-0229,20130512003,한원푸드시스템(주),식품제조가공업,전남광주통합특별시 나주시,식품
식육함유가공품,106,2028-06-12,BIZ047,식품,C10800001,3406,2025-06-13,전남광주통합특별시,한원푸드시스템(주),나주시,"제조,가공",2025-5-0228,식품제조가공업,한원푸드시스템,나주시 한원푸드시스템,126.68956060014978,34.98542445553884,2025-5-0228,20130512003,한원푸드시스템(주),식품제조가공업,전남광주통합특별시 나주시,식품
소스,106,2028-06-12,BIZ047,식품,C10400003,3407,2025-06-13,전남광주통합특별시,한원푸드시스템(주),나주시,"제조,가공",2025-5-0227,식품제조가공업,한원푸드시스템,나주시 한원푸드시스템,126.68956060014978,34.98542445553884,2025-5-0227,20130512003,한원푸드시스템(주),식품제조가공업,전남광주통합특별시 나주시,식품
리큐르,402,2028-06-12,BIZ047,식품,C10600010,3408,2025-06-13,제주특별자치도,오비맥주(주) 제주공장,제주시,"제조,가공",2025-5-0226,식품제조가공업(주류제조),오비맥주 제주공장,제주시 오비맥주 제주공장,126.68644900008212,33.496729197618215,2025-5-0226,20130019256,오비맥주(주) 제주공장,식품제조가공업(주류),제주특별자치도 제주시,식품
소주,402,2028-06-12,BIZ047,식품,C10600006,3409,2025-06-13,제주특별자치도,오비맥주(주) 제주공장,제주시,"제조,가공",2025-5-0225,식품제조가공업(주류제조),오비맥주 제주공장,제주시 오비맥주 제주공장,126.68644900008212,33.496729197618215,2025-5-0225,20130019256,오비맥주(주) 제주공장,식품제조가공업(주류),제주특별자치도 제주시,식품
포장육,604,2028-06-11,BIZ047,축산물,78,3410,2025-06-12,전남광주통합특별시,백두F&C,목포시,"제조,가공",2025-5-0224,식육포장처리업,백두F&C,목포시 백두F&C,126.39381889945348,34.83434380106211,2025-5-0224,20230720291,백두F&C,식육포장처리업,전남광주통합특별시 목포시,축산물
"양념육,갈비가공품,식육추출가공품",612,2028-06-11,BIZ047,축산물,"86,88,89",3411,2025-06-12,전남광주통합특별시,백두F&C,목포시,"제조,가공",2025-5-0223,축산물가공업-식육가공업,백두F&C,목포시 백두F&C,126.39381889945348,34.83434380106211,2025-5-0223,20230718003,백두F&C,축산물가공업-식육가공업,전남광주통합특별시 목포시,축산물
김치(기타김치),106,2028-06-11,BIZ047,식품,C10500002,3412,2025-06-12,전남광주통합특별시,땅끝품애농업회사법인(주),해남군,"제조,가공",2025-5-0222,식품제조가공업,땅끝품애농업회사법인,해남군 땅끝품애농업회사법인,126.63361989970478,34.427616299844004,2025-5-0222,20230753172,땅끝품애농업회사법인(주),식품제조가공업,전남광주통합특별시 해남군,식품
김칫속,106,2028-06-11,BIZ047,식품,C10500001,3413,2025-06-12,전남광주통합특별시,땅끝품애농업회사법인(주),해남군,"제조,가공",2025-5-0221,식품제조가공업,땅끝품애농업회사법인,해남군 땅끝품애농업회사법인,126.63361989970478,34.427616299844004,2025-5-0221,20230753172,땅끝품애농업회사법인(주),식품제조가공업,전남광주통합특별시 해남군,식품
곡류가공품,106,2028-06-11,BIZ047,식품,C10700011,3414,2025-06-12,전남광주통합특별시,함평농산물가공영농조합법인,함평군,"제조,가공",2025-5-0220,식품제조가공업,함평농산물가공영농조합법인,함평군 함평농산물가공영농조합법인,126.55191150018284,35.06001570068563,2025-5-0220,20200530010,함평농산물가공영농조합법인,식품제조가공업,전남광주통합특별시 함평군,식품
포장육,604,2028-06-10,BIZ047,축산물,78,3415,2025-06-11,전북특별자치도,전북한우육종협동조합(정읍한우),정읍시,"제조,가공",2025-5-0219,식육포장처리업,전북한우육종협동조합,정읍시 전북한우육종협동조합,126.88438166019176,35.603369832454014,2025-5-0219,20180494229,전북한우육종협동조합(정읍한우),식육포장처리업,전북특별자치도 정읍시,축산물
양념육,612,2028-06-10,BIZ047,축산물,86,3416,2025-06-11,전남광주통합특별시,왕성식품,화순군,"제조,가공",2025-5-0218,축산물가공업-식육가공업,왕성식품,화순군 왕성식품,126.93869559986616,35.05197990102961,2025-5-0218,20160502003,왕성식품,축산물가공업-식육가공업,전남광주통합특별시 화순군,축산물
"양념육,분쇄가공육제품",612,2028-06-08,BIZ047,축산물,"86,87",3417,2025-06-09,전남광주통합특별시,주식회사 은하푸드,북구,"제조,가공",2025-5-0217,축산물가공업-식육가공업,주식회사 은하푸드,북구 주식회사 은하푸드,126.89606769962242,35.23929397934137,2025-5-0217,20240301013,주식회사 은하푸드,축산물가공업-식육가공업,전남광주통합특별시 북구,축산물
포장육,604,2028-06-08,BIZ047,축산물,78,3418,2025-06-09,전남광주통합특별시,유한회사 수정 에프엔비,광산구,"제조,가공",2025-5-0216,식육포장처리업,유한회사 수정 에프엔비,광산구 유한회사 수정 에프엔비,126.76638260047324,35.11878870389005,2025-5-0216,20240320679,유한회사 수정 에프엔비,식육포장처리업,전남광주통합특별시 광산구,축산물
"갈비가공품,식육추출가공품",612,2028-06-08,BIZ047,축산물,"88,89",3419,2025-06-09,전북특별자치도,(주)더담누리,군산시,"제조,가공",2025-5-0215,축산물가공업-식육가공업,더담누리,군산시 더담누리,126.67196450034548,35.96076500328585,2025-5-0215,20250726005,(주)더담누리,축산물가공업-식육가공업,전북특별자치도 군산시,축산물
액상차,106,2028-06-04,BIZ047,식품,C10100002,3420,2025-06-05,전북특별자치도,영농조합법인 베리줌마,임실군,"제조,가공",2025-5-0213,식품제조가공업,영농조합법인 베리줌마,임실군 영농조합법인 베리줌마,127.35100540011514,35.57825459586041,2025-5-0213,20130498040,영농조합법인 베리줌마,식품제조가공업,전북특별자치도 임실군,식품
김치(배추김치),106,2028-06-03,BIZ047,식품,C12300001,3421,2025-06-04,전남광주통합특별시,강진황금들묵은지 영농조합법인,강진군,"제조,가공",2025-5-0212,식품제조가공업,강진황금들묵은지 영농조합법인,강진군 강진황금들묵은지 영농조합법인,126.77801280017458,34.700297000620374,2025-5-0212,20250802005,강진황금들묵은지 영농조합법인,식품제조가공업,전남광주통합특별시 강진군,식품
기타 수산물가공품 중 냉동어류,106,2028-06-03,BIZ047,식품,C11700001,3422,2025-06-04,전남광주통합특별시,(주)리안물산,영광군,"제조,가공",2025-5-0210,식품제조가공업,리안물산,영광군 리안물산,126.57908829965191,35.28607270100222,2025-5-0210,20250812006,(주)리안물산,식품제조가공업,전남광주통합특별시 영광군,식품
포장육,604,2028-06-03,BIZ047,축산물,78,3423,2025-06-04,전남광주통합특별시,주식회사 공훈,장성군,"제조,가공",2025-5-0209,식육포장처리업,주식회사 공훈,장성군 주식회사 공훈,126.85831410051998,35.24171339599799,2025-5-0209,20250814017,주식회사 공훈,식육포장처리업,전남광주통합특별시 장성군,축산물
양념육,612,2028-06-03,BIZ047,축산물,86,3424,2025-06-04,전남광주통합특별시,주식회사 공훈,장성군,"제조,가공",2025-5-0208,축산물가공업-식육가공업,주식회사 공훈,장성군 주식회사 공훈,126.85831410051998,35.24171339599799,2025-5-0208,20250769002,주식회사 공훈,축산물가공업-식육가공업,전남광주통합특별시 장성군,축산물
빵류,106,2028-06-01,BIZ047,식품,C09300004,3425,2025-06-02,전남광주통합특별시,(주)워킹맘 신안지사,신안군,"제조,가공",2025-5-0207,식품제조가공업,워킹맘 신안지사,신안군 워킹맘 신안지사,126.06283639947944,34.913591600483144,2025-5-0207,20250820037,(주)워킹맘 신안지사,식품제조가공업,전남광주통합특별시 신안군,식품
과자,106,2028-06-01,BIZ047,식품,C09300001,3426,2025-06-02,전남광주통합특별시,(주)워킹맘 신안지사,신안군,"제조,가공",2025-5-0206,식품제조가공업,워킹맘 신안지사,신안군 워킹맘 신안지사,126.06283639947944,34.913591600483144,2025-5-0206,20250820037,(주)워킹맘 신안지사,식품제조가공업,전남광주통합특별시 신안군,식품
소스,106,2028-05-29,BIZ047,식품,C10400003,3427,2025-05-30,전북특별자치도,주식회사 함께하면좋은사람들,김제시,"제조,가공",2025-5-0205,식품제조가공업,주식회사 함께하면좋은사람들,김제시 주식회사 함께하면좋은사람들,126.9149017001052,35.771100103439,2025-5-0205,20240751435,주식회사 함께하면좋은사람들,식품제조가공업,전북특별자치도 김제시,식품
절임식품,106,2028-05-29,BIZ047,식품,C10500003,3428,2025-05-30,전북특별자치도,삼대꽃게장,군산시,"제조,가공",2025-5-0204,식품제조가공업,삼대꽃게장,군산시 삼대꽃게장,126.6920968996914,35.96448640150275,2025-5-0204,20250738194,삼대꽃게장,식품제조가공업,전북특별자치도 군산시,식품
캔디류,106,2028-05-28,BIZ047,식품,C09300002,3429,2025-05-29,전북특별자치도,(주)서주,김제시,"제조,가공",2025-5-0203,식품제조가공업,서주,김제시 서주,126.88425029983728,35.8067594005074,2025-5-0203,19800493005,(주)서주,식품제조가공업,전북특별자치도 김제시,식품
포장육,604,2028-05-28,BIZ047,축산물,78,3430,2025-05-29,제주특별자치도,남국후레쉬푸드,제주시,"제조,가공",2025-5-0202,식육포장처리업,남국후레쉬푸드,제주시 남국후레쉬푸드,126.57506650036602,33.48573890194964,2025-5-0202,20250955685,남국후레쉬푸드,식육포장처리업,제주특별자치도 제주시,축산물
아이스밀크,611,2028-05-28,BIZ047,축산물,C0302010300000,3431,2025-05-29,전북특별자치도,담꽃 팩토리,익산시,"제조,가공",2025-5-0201,축산물가공업-유가공업,담꽃 팩토리,익산시 담꽃 팩토리,127.08420370026847,35.972084403889674,2025-5-0201,20250726004,담꽃 팩토리,축산물가공업-유가공업,전북특별자치도 익산시,축산물
인삼ㆍ홍삼음료,106,2028-05-28,BIZ047,식품,C10100015,3432,2025-05-29,전북특별자치도,(주)케비젠,전주시 덕진구,"제조,가공",2025-5-0200,식품제조가공업,케비젠,전주시 덕진구 케비젠,127.08790740043848,35.85747260045161,2025-5-0200,20150481214,(주)케비젠,식품제조가공업,전북특별자치도 전주시 덕진구,식품
액상차,106,2028-05-28,BIZ047,식품,C10100002,3433,2025-05-29,전북특별자치도,(주)케비젠,전주시 덕진구,"제조,가공",2025-5-0199,식품제조가공업,케비젠,전주시 덕진구 케비젠,127.08790740043848,35.85747260045161,2025-5-0199,20150481214,(주)케비젠,식품제조가공업,전북특별자치도 전주시 덕진구,식품
캔디류,106,2028-05-28,BIZ047,식품,C09300002,3434,2025-05-29,전북특별자치도,(주)케비젠,전주시 덕진구,"제조,가공",2025-5-0198,식품제조가공업,케비젠,전주시 덕진구 케비젠,127.08790740043848,35.85747260045161,2025-5-0198,20150481214,(주)케비젠,식품제조가공업,전북특별자치도 전주시 덕진구,식품
기타가공품,106,2028-05-28,BIZ047,식품,C11400002,3435,2025-05-29,전북특별자치도,(주)케비젠,전주시 덕진구,"제조,가공",2025-5-0197,식품제조가공업,케비젠,전주시 덕진구 케비젠,127.08790740043848,35.85747260045161,2025-5-0197,20150481214,(주)케비젠,식품제조가공업,전북특별자치도 전주시 덕진구,식품
포장육,604,2028-05-28,BIZ047,축산물,78,3436,2025-05-29,전북특별자치도,순정축협 순창 한우명품관,순창군,"제조,가공",2025-5-0196,식육포장처리업,순정축협 순창 한우명품관,순창군 순정축협 순창 한우명품관,127.13497069960222,35.37029578693724,2025-5-0196,20230712065,순정축협 순창 한우명품관,식육포장처리업,전북특별자치도 순창군,축산물
포장육,604,2028-05-26,BIZ047,축산물,78,3437,2025-05-27,전북특별자치도,전북한우협동조합 총체보리한우작업장,김제시,"제조,가공",2025-5-0195,식육포장처리업,전북한우협동조합 총체보리한우작업장,김제시 전북한우협동조합 총체보리한우작업장,126.91071749980708,35.83665320107793,2025-5-0195,20240751372,전북한우협동조합 총체보리한우작업장,식육포장처리업,전북특별자치도 김제시,축산물
포장육,604,2028-05-26,BIZ047,축산물,78,3438,2025-05-27,전남광주통합특별시,(주)믿을겸,북구,"제조,가공",2025-5-0194,식육포장처리업,믿을겸,북구 믿을겸,126.89470950016032,35.201372300288675,2025-5-0194,20240314040,주식회사 믿을겸,식육포장처리업,전남광주통합특별시 북구,축산물
곤충가공식품,106,2028-05-26,BIZ047,식품,C11100003,3439,2025-05-27,전남광주통합특별시,팜함평,함평군,"제조,가공",2025-5-0193,식품제조가공업,팜함평,함평군 팜함평,126.49391870057455,35.04022299694814,2025-5-0193,20250810013,팜함평,식품제조가공업,전남광주통합특별시 함평군,식품
기타가공품,106,2028-05-25,BIZ047,식품,C11400002,3440,2025-05-26,전남광주통합특별시,유한회사 나우리,나주시,"제조,가공",2025-5-0192,식품제조가공업,유한회사 나우리,나주시 유한회사 나우리,126.72026740051014,35.02798522783176,2025-5-0192,20140512050,유한회사 나우리,식품제조가공업,전남광주통합특별시 나주시,식품
양념육,612,2028-05-25,BIZ047,축산물,86,3441,2025-05-26,전북특별자치도,농업회사법인 유한회사 더담우,익산시,"제조,가공",2025-5-0190,축산물가공업-식육가공업,농업회사법인 유한회사 더담우,익산시 농업회사법인 유한회사 더담우,,,2025-5-0190,20240726015,농업회사법인 유한회사 더담우,축산물가공업-식육가공업,전북특별자치도 익산시,축산물
생식함유제품,106,2028-05-22,BIZ047,식품,C11300002,3442,2025-05-23,전남광주통합특별시,(주)에프엔디 해제공장,무안군,"제조,가공",2025-5-0189,식품제조가공업,에프엔디 해제공장,무안군 에프엔디 해제공장,126.31264489995482,35.10413350081428,2025-5-0189,19990525006,(주)에프엔디 해제공장,식품제조가공업,전남광주통합특별시 무안군,식품
생식제품,106,2028-05-22,BIZ047,식품,C11300001,3443,2025-05-23,전남광주통합특별시,(주)에프엔디 해제공장,무안군,"제조,가공",2025-5-0188,식품제조가공업,에프엔디 해제공장,무안군 에프엔디 해제공장,126.31264489995482,35.10413350081428,2025-5-0188,19990525006,(주)에프엔디 해제공장,식품제조가공업,전남광주통합특별시 무안군,식품
향신료조제품,106,2028-05-22,BIZ047,식품,C10400012,3444,2025-05-23,전남광주통합특별시,(주)에프엔디 해제공장,무안군,"제조,가공",2025-5-0187,식품제조가공업,에프엔디 해제공장,무안군 에프엔디 해제공장,126.31264489995482,35.10413350081428,2025-5-0187,19990525006,(주)에프엔디 해제공장,식품제조가공업,전남광주통합특별시 무안군,식품
천연향신료,106,2028-05-22,BIZ047,식품,C10400011,3445,2025-05-23,전남광주통합특별시,(주)에프엔디 해제공장,무안군,"제조,가공",2025-5-0186,식품제조가공업,에프엔디 해제공장,무안군 에프엔디 해제공장,126.31264489995482,35.10413350081428,2025-5-0186,19990525006,(주)에프엔디 해제공장,식품제조가공업,전남광주통합특별시 무안군,식품
포장육,604,2028-05-20,BIZ047,축산물,78,3446,2025-05-21,전북특별자치도,영진,익산시,"제조,가공",2025-5-0185,식육포장처리업,영진,익산시 영진,126.93912180019244,36.06574660081238,2025-5-0185,20070487462,영진,식육포장처리업,전북특별자치도 익산시,축산물
추출가공식품,106,2028-05-18,BIZ047,식품,C11100007,3448,2025-05-19,전남광주통합특별시,땅끝행복식품,무안군,"제조,가공",2025-5-0183,식품제조가공업,땅끝행복식품,무안군 땅끝행복식품,126.42751660045232,34.85030929407394,2025-5-0183,20210529183,땅끝행복식품,식품제조가공업,전남광주통합특별시 무안군,식품
액상차,106,2028-05-18,BIZ047,식품,C10100002,3449,2025-05-19,전남광주통합특별시,땅끝행복식품,무안군,"제조,가공",2025-5-0182,식품제조가공업,땅끝행복식품,무안군 땅끝행복식품,126.42751660045232,34.85030929407394,2025-5-0182,20210529183,땅끝행복식품,식품제조가공업,전남광주통합특별시 무안군,식품
가공김(조미김 또는 구운김),106,2028-05-18,BIZ047,식품,C11000017,3450,2025-05-19,전북특별자치도,주식회사 춘향골식품 2공장,남원시,"제조,가공",2025-5-0181,식품제조가공업,주식회사 춘향골식품 2공장,남원시 주식회사 춘향골식품 2공장,127.4528685002808,35.40607419914759,2025-5-0181,20240749235,주식회사 춘향골식품,식품제조가공업,전북특별자치도 남원시,식품
과ㆍ채음료,106,2028-05-15,BIZ047,식품,C10100007,3451,2025-05-16,전북특별자치도,주식회사 후레쉬닷컴,익산시,"제조,가공",2025-5-0180,식품제조가공업,주식회사 후레쉬닷컴,익산시 주식회사 후레쉬닷컴,,,2025-5-0180,20210491590,주식회사 후레쉬닷컴,식품제조가공업,전북특별자치도 익산시,식품
음료베이스,106,2028-05-15,BIZ047,식품,C10100017,3452,2025-05-16,전북특별자치도,고려자연푸드 주식회사,익산시,"제조,가공",2025-5-0179,식품제조가공업,고려자연푸드 주식회사,익산시 고려자연푸드 주식회사,127.08727080007009,35.98666880075273,2025-5-0179,20230691565,고려자연푸드 주식회사,식품제조가공업,전북특별자치도 익산시,식품
혼합음료,106,2028-05-15,BIZ047,식품,C10100016,3453,2025-05-16,전북특별자치도,고려자연푸드 주식회사,익산시,"제조,가공",2025-5-0178,식품제조가공업,고려자연푸드 주식회사,익산시 고려자연푸드 주식회사,127.08727080007009,35.98666880075273,2025-5-0178,20230691565,고려자연푸드 주식회사,식품제조가공업,전북특별자치도 익산시,식품
과ㆍ채음료,106,2028-05-15,BIZ047,식품,C10100007,3454,2025-05-16,전북특별자치도,고려자연푸드 주식회사,익산시,"제조,가공",2025-5-0177,식품제조가공업,고려자연푸드 주식회사,익산시 고려자연푸드 주식회사,127.08727080007009,35.98666880075273,2025-5-0177,20230691565,고려자연푸드 주식회사,식품제조가공업,전북특별자치도 익산시,식품
"식품소분업(올리브유, 기타농산가공품, 기타식물성유지)",405,2028-05-15,BIZ048,식품,H02200001,3455,2025-05-16,전북특별자치도,(주)후레쉬닷컴,익산시,"유통,판매,조리",2025-5-0176,식품소분업,후레쉬닷컴,익산시 후레쉬닷컴,127.09460220015605,36.03042540355296,2025-5-0176,20250742148,(주)후레쉬닷컴,식품소분업,전북특별자치도 익산시,식품
올리브유,106,2028-05-15,BIZ047,식품,C09900013,3456,2025-05-16,전북특별자치도,주식회사 후레쉬닷컴,익산시,"제조,가공",2025-5-0175,식품제조가공업,주식회사 후레쉬닷컴,익산시 주식회사 후레쉬닷컴,,,2025-5-0175,20210491590,주식회사 후레쉬닷컴,식품제조가공업,전북특별자치도 익산시,식품
분쇄가공육제품,612,2028-05-15,BIZ047,축산물,87,3457,2025-05-16,전남광주통합특별시,청성유통,나주시,"제조,가공",2025-5-0174,축산물가공업-식육가공업,청성유통,나주시 청성유통,126.79315959973404,35.02203770411574,2025-5-0174,20250769003,청성유통,축산물가공업-식육가공업,전남광주통합특별시 나주시,축산물
포장육,604,2028-05-15,BIZ047,축산물,78,3458,2025-05-16,전남광주통합특별시,청성유통,나주시,"제조,가공",2025-5-0173,식육포장처리업,청성유통,나주시 청성유통,126.79315959973404,35.02203770411574,2025-5-0173,20250783058,청성유통,식육포장처리업,전남광주통합특별시 나주시,축산물
즉석조리식품,106,2028-05-15,BIZ047,식품,C11300005,3459,2025-05-16,전북특별자치도,다오세 에프엔비(유),김제시,"제조,가공",2025-5-0172,식품제조가공업,다오세 에프엔비,김제시 다오세 에프엔비,126.8382184998665,35.783351004466034,2025-5-0172,20240751430,다오세 에프엔비(유),식품제조가공업,전북특별자치도 김제시,식품
기타 수산물가공품 중 냉동연체류,106,2028-07-13,BIZ047,식품,C11800001,3460,2025-05-16,전남광주통합특별시,어업회사법인(주)벧엘에프엔지,영광군,"제조,가공",2025-5-0171,식품제조가공업,어업회사법인벧엘에프엔지,영광군 어업회사법인벧엘에프엔지,126.47785321083714,35.23602999724627,2025-5-0171,20200531077,어업회사법인(주)벧엘에프엔지,식품제조가공업,전남광주통합특별시 영광군,식품
"양념육,식육추출가공품",612,2028-05-14,BIZ047,축산물,"86,89",3461,2025-05-15,전북특별자치도,(주)형성에프앤비 김제공장,김제시,"제조,가공",2025-5-0170,축산물가공업-식육가공업,형성에프앤비 김제공장,김제시 형성에프앤비 김제공장,126.85432090049429,35.796580703057266,2025-5-0170,20090476021,형성에프앤비 김제공장,축산물가공업-식육가공업,전북특별자치도 김제시,축산물
식육추출가공품,612,2028-05-14,BIZ047,축산물,89,3462,2025-05-15,제주특별자치도,(주)제주바이오월드,제주시,"제조,가공",2025-5-0169,축산물가공업-식육가공업,제주바이오월드,제주시 제주바이오월드,126.6089849999994,33.462950100870515,2025-5-0169,20210619006,(주)제주바이오월드,축산물가공업-식육가공업,제주특별자치도 제주시,축산물
기타가공품,106,2028-05-14,BIZ047,식품,C11400002,3463,2025-05-15,제주특별자치도,(주)제주바이오월드,제주시,"제조,가공",2025-5-0168,식품제조가공업,제주바이오월드,제주시 제주바이오월드,126.6089849999994,33.462950100870515,2025-5-0168,20210622684,(주)제주바이오월드,식품제조가공업,제주특별자치도 제주시,식품
액상차,106,2028-05-14,BIZ047,식품,C10100002,3464,2025-05-15,제주특별자치도,(주)제주바이오월드,제주시,"제조,가공",2025-5-0167,식품제조가공업,제주바이오월드,제주시 제주바이오월드,126.6089849999994,33.462950100870515,2025-5-0167,20210622684,(주)제주바이오월드,식품제조가공업,제주특별자치도 제주시,식품
고혈압환자용 영양조제식품,106,2028-05-14,BIZ047,식품,C0324010800000,3465,2025-05-15,전남광주통합특별시,(주)자연과사람들,담양군,"제조,가공",2025-5-0166,식품제조가공업,자연과사람들,담양군 자연과사람들,127.04018730031964,35.35259549889084,2025-5-0166,20010515081,(주)자연과사람들,식품제조가공업,전남광주통합특별시 담양군,식품
떡류,106,2028-05-12,BIZ047,식품,C09300005,3466,2025-05-13,전남광주통합특별시,진도전통식품,진도군,"제조,가공",2025-5-0165,식품제조가공업,진도전통식품,진도군 진도전통식품,126.16605959958778,34.4234934057131,2025-5-0165,19960530003,진도전통식품,식품제조가공업,전남광주통합특별시 진도군,식품
곡류가공품,106,2028-05-07,BIZ047,식품,C10700011,3467,2025-05-08,전북특별자치도,옥구농협 가공공장,군산시,"제조,가공",2025-5-0164,식품제조가공업,옥구농협 가공공장,군산시 옥구농협 가공공장,126.65591250020766,35.918045901144595,2025-5-0164,20240738921,옥구농협 가공공장,식품제조가공업,전북특별자치도 군산시,식품
"레토르트식품(영유아용이유식, 즉석조리식품)",106,2028-05-07,BIZ047,식품,C00200001,3468,2025-05-08,전남광주통합특별시,주)짱죽,나주시,"제조,가공",2025-5-0163,식품제조가공업,주)짱죽,나주시 주)짱죽,,,2025-5-0163,20140512224,주)짱죽,식품제조가공업,전남광주통합특별시 나주시,식품
절임식품,106,2028-05-06,BIZ047,식품,C10500003,3470,2025-05-07,전남광주통합특별시,화태바다야수산 영어조합법인,여수시,"제조,가공",2025-5-0161,식품제조가공업,화태바다야수산 영어조합법인,여수시 화태바다야수산 영어조합법인,127.730400201798,34.58058889967915,2025-5-0161,20240775863,화태바다야수산 영어조합법인,식품제조가공업,전남광주통합특별시 여수시,식품
기타 수산물가공품 중 냉동연체류,106,2028-05-06,BIZ047,식품,C11800001,3471,2025-05-07,전남광주통합특별시,화태바다야수산 영어조합법인,여수시,"제조,가공",2025-5-0160,식품제조가공업,화태바다야수산 영어조합법인,여수시 화태바다야수산 영어조합법인,127.730400201798,34.58058889967915,2025-5-0160,20240775863,화태바다야수산 영어조합법인,식품제조가공업,전남광주통합특별시 여수시,식품
기타 수산물가공품 중 냉동어류,106,2028-05-06,BIZ047,식품,C11700001,3472,2025-05-07,전남광주통합특별시,화태바다야수산 영어조합법인,여수시,"제조,가공",2025-5-0159,식품제조가공업,화태바다야수산 영어조합법인,여수시 화태바다야수산 영어조합법인,127.730400201798,34.58058889967915,2025-5-0159,20240775863,화태바다야수산 영어조합법인,식품제조가공업,전남광주통합특별시 여수시,식품
김치(배추김치),106,2028-05-01,BIZ047,식품,C12300001,3473,2025-05-02,전남광주통합특별시,주식회사맛장군,광산구,"제조,가공",2025-5-0158,식품제조가공업,주식회사맛장군,광산구 주식회사맛장군,126.76689229952808,35.115704199430894,2025-5-0158,20250320174,주식회사맛장군,식품제조가공업,전남광주통합특별시 광산구,식품
절임식품,106,2028-05-01,BIZ047,식품,C10500003,3474,2025-05-02,전남광주통합특별시,주식회사맛장군,광산구,"제조,가공",2025-5-0157,식품제조가공업,주식회사맛장군,광산구 주식회사맛장군,126.76689229952808,35.115704199430894,2025-5-0157,20250320174,주식회사맛장군,식품제조가공업,전남광주통합특별시 광산구,식품
김치(기타김치),106,2028-05-01,BIZ047,식품,C10500002,3475,2025-05-02,전남광주통합특별시,주식회사맛장군,광산구,"제조,가공",2025-5-0156,식품제조가공업,주식회사맛장군,광산구 주식회사맛장군,126.76689229952808,35.115704199430894,2025-5-0156,20250320174,주식회사맛장군,식품제조가공업,전남광주통합특별시 광산구,식품
김칫속,106,2028-05-01,BIZ047,식품,C10500001,3476,2025-05-02,전남광주통합특별시,주식회사맛장군,광산구,"제조,가공",2025-5-0155,식품제조가공업,주식회사맛장군,광산구 주식회사맛장군,126.76689229952808,35.115704199430894,2025-5-0155,20250320174,주식회사맛장군,식품제조가공업,전남광주통합특별시 광산구,식품
포장육,604,2028-05-01,BIZ047,축산물,78,3477,2025-05-02,전남광주통합특별시,하늘,북구,"제조,가공",2025-5-0154,식육포장처리업,하늘,북구 하늘,129.35202460444054,36.016366201151115,2025-5-0154,20250313054,하늘,식육포장처리업,전남광주통합특별시 북구,축산물
기타 수산물가공품,106,2028-05-01,BIZ047,식품,C11000016,3478,2025-05-02,전북특별자치도,(유)고창풍천장어식품,고창군,"제조,가공",2025-5-0153,식품제조가공업,고창풍천장어식품,고창군 고창풍천장어식품,126.5980549003233,35.43326560090289,2025-5-0153,20200504125,(유)고창풍천장어식품,식품제조가공업,전북특별자치도 고창군,식품
즉석조리식품,106,2028-05-01,BIZ047,식품,C11300005,3479,2025-05-02,전북특별자치도,(유)고창풍천장어식품,고창군,"제조,가공",2025-5-0152,식품제조가공업,고창풍천장어식품,고창군 고창풍천장어식품,126.5980549003233,35.43326560090289,2025-5-0152,20200504125,(유)고창풍천장어식품,식품제조가공업,전북특별자치도 고창군,식품
고춧가루,106,2028-05-01,BIZ047,식품,C10400009,3480,2025-05-02,전북특별자치도,산영영농조합법인,정읍시,"제조,가공",2025-5-0151,식품제조가공업,산영영농조합법인,정읍시 산영영농조합법인,126.97302640025814,35.642061800745424,2025-5-0151,20130490217,산영영농조합법인,식품제조가공업,전북특별자치도 정읍시,식품
포장육,604,2028-04-29,BIZ047,축산물,78,3481,2025-04-30,전남광주통합특별시,남도한우,담양군,"제조,가공",2025-5-0150,식육포장처리업,남도한우,담양군 남도한우,126.9805273001102,35.30994619902867,2025-5-0150,20240788327,남도한우,식육포장처리업,전남광주통합특별시 담양군,축산물
액상차,106,2028-04-29,BIZ047,식품,C10100002,3482,2025-04-30,전남광주통합특별시,(주)자연드림치유식품 라면공방,구례군,"제조,가공",2025-5-0149,식품제조가공업,자연드림치유식품 라면공방,구례군 자연드림치유식품 라면공방,,,2025-5-0149,20090517030,(주)자연드림치유식품 라면공방,식품제조가공업,전남광주통합특별시 구례군,식품
포장육,604,2028-04-29,BIZ047,축산물,78,3483,2025-04-30,전북특별자치도,농업회사법인 유한회사 더담우,익산시,"제조,가공",2025-5-0148,식육포장처리업,농업회사법인 유한회사 더담우,익산시 농업회사법인 유한회사 더담우,,,2025-5-0148,20240742727,농업회사법인 유한회사 더담우,식육포장처리업,전북특별자치도 익산시,축산물
빵류,106,2028-04-28,BIZ047,식품,C09300004,3484,2025-04-29,전북특별자치도,용궁식품(익산),익산시,"제조,가공",2025-5-0146,식품제조가공업,용궁식품,익산시 용궁식품,127.08553570033146,35.97382409707883,2025-5-0146,20250742111,용궁식품(익산),식품제조가공업,전북특별자치도 익산시,식품
기타가공품,106,2028-04-28,BIZ047,식품,C11400002,3485,2025-04-29,전북특별자치도,나무숨 주식회사,정읍시,"제조,가공",2025-5-0144,식품제조가공업,나무숨 주식회사,정읍시 나무숨 주식회사,126.84751520036484,35.50260636010874,2025-5-0144,20240746151,나무숨 주식회사,식품제조가공업,전북특별자치도 정읍시,식품
기타 수산물가공품 중 냉동어류,106,2028-04-28,BIZ047,식품,C11700001,3486,2025-04-29,전남광주통합특별시,다미식품,해남군,"제조,가공",2025-5-0143,식품제조가공업,다미식품,해남군 다미식품,126.52720050016562,34.299601801286315,2025-5-0143,20180527005,다미식품,식품제조가공업,전남광주통합특별시 해남군,식품
기타 수산물가공품,106,2028-04-28,BIZ047,식품,C11000016,3487,2025-04-29,전남광주통합특별시,다미식품,해남군,"제조,가공",2025-5-0142,식품제조가공업,다미식품,해남군 다미식품,126.52720050016562,34.299601801286315,2025-5-0142,20180527005,다미식품,식품제조가공업,전남광주통합특별시 해남군,식품
절임식품,106,2028-04-28,BIZ047,식품,C10500003,3488,2025-04-29,전남광주통합특별시,다미식품,해남군,"제조,가공",2025-5-0141,식품제조가공업,다미식품,해남군 다미식품,126.52720050016562,34.299601801286315,2025-5-0141,20180527005,다미식품,식품제조가공업,전남광주통합특별시 해남군,식품
포장육,604,2028-04-24,BIZ047,축산물,78,3489,2025-04-25,전남광주통합특별시,주식회사 한창,화순군,"제조,가공",2025-5-0140,식육포장처리업,주식회사 한창,화순군 주식회사 한창,127.0274250000415,35.02218640096263,2025-5-0140,20170520098,주식회사 한창,식육포장처리업,전남광주통합특별시 화순군,축산물
김치(배추김치),106,2028-04-24,BIZ047,식품,C12300001,3490,2025-04-25,전북특별자치도,상하농원(유)발효공방,고창군,"제조,가공",2025-5-0139,식품제조가공업,상하농원발효공방,고창군 상하농원발효공방,126.4512683002078,35.44666460378182,2025-5-0139,20200504083,상하농원(유)발효공방,식품제조가공업,전북특별자치도 고창군,식품
양념육,612,2028-04-23,BIZ047,축산물,86,3491,2025-04-24,전남광주통합특별시,주식회사 한창,화순군,"제조,가공",2025-5-0138,축산물가공업-식육가공업,주식회사 한창,화순군 주식회사 한창,127.0274250000415,35.02218640096263,2025-5-0138,20170502010,주식회사 한창,축산물가공업-식육가공업,전남광주통합특별시 화순군,축산물
과자,106,2028-04-22,BIZ047,식품,C09300001,3492,2025-04-23,제주특별자치도,희망나래꿈터,제주시,"제조,가공",2025-5-0137,식품제조가공업,희망나래꿈터,제주시 희망나래꿈터,126.54261179982694,33.482152300647165,2025-5-0137,20240957141,희망나래꿈터,식품제조가공업,제주특별자치도 제주시,식품
포장육,604,2028-04-22,BIZ047,축산물,78,3493,2025-04-23,전북특별자치도,동호식품,군산시,"제조,가공",2025-5-0136,식육포장처리업,동호식품,군산시 동호식품,126.67732949961874,35.955982801050226,2025-5-0136,20250738031,동호식품,식육포장처리업,전북특별자치도 군산시,축산물
김칫속,106,2028-04-21,BIZ047,식품,C10500001,3494,2025-04-22,전북특별자치도,강산식품 농업회사법인 유한회사,익산시,"제조,가공",2025-5-0135,식품제조가공업,강산식품 농업회사법인 유한회사,익산시 강산식품 농업회사법인 유한회사,,,2025-5-0135,20230691485,강산식품 농업회사법인 유한회사,식품제조가공업,전북특별자치도 익산시,식품
두류가공품,106,2028-04-21,BIZ047,식품,C10700012,3495,2025-04-22,전남광주통합특별시,㈜해미푸드,영암군,"제조,가공",2025-5-0134,식품제조가공업,㈜해미푸드,영암군 ㈜해미푸드,126.69561440038798,34.80995034741304,2025-5-0134,20190528095,(주)해미푸드,식품제조가공업,전남광주통합특별시 영암군,식품
땅콩버터,106,2029-10-18,BIZ047,식품,C10700005,3496,2025-04-22,전북특별자치도,주식회사 연두,익산시,"제조,가공",2025-5-0133,식품제조가공업,주식회사 연두,익산시 주식회사 연두,126.9591496998245,36.03055886119358,2025-5-0133,20180491044,주식회사 연두,식품제조가공업,전북특별자치도 익산시,식품
과ㆍ채가공품,106,2028-04-21,BIZ047,식품,C10700010,3498,2025-04-22,전남광주통합특별시,주식회사 디자인앤본두,북구,"제조,가공",2025-5-0131,식품제조가공업,주식회사 디자인앤본두,북구 주식회사 디자인앤본두,126.90078289972546,35.166659103573764,2025-5-0131,20110214381,주식회사 디자인앤본두,식품제조가공업,전남광주통합특별시 동구,식품
포장육,604,2028-04-21,BIZ047,축산물,78,3499,2025-04-22,전남광주통합특별시,유한회사 원코스트,북구,"제조,가공",2025-5-0130,식육포장처리업,유한회사 원코스트,북구 유한회사 원코스트,126.93560529948827,35.17889979681447,2025-5-0130,20250313140,유한회사 원코스트,식육포장처리업,전남광주통합특별시 북구,축산물
김치(배추김치),106,2028-04-20,BIZ047,식품,C12300001,3500,2025-04-21,전남광주통합특별시,아르뫼영농조합법인 제2공장,해남군,"제조,가공",2025-5-0129,식품제조가공업,아르뫼영농조합법인 제2공장,해남군 아르뫼영농조합법인 제2공장,126.60139459965154,34.3398316007701,2025-5-0129,20230753150,아르뫼영농조합법인 제2공장,식품제조가공업,전남광주통합특별시 해남군,식품
김치(기타김치),106,2028-04-20,BIZ047,식품,C10500002,3501,2025-04-21,전남광주통합특별시,아르뫼영농조합법인 제2공장,해남군,"제조,가공",2025-5-0128,식품제조가공업,아르뫼영농조합법인 제2공장,해남군 아르뫼영농조합법인 제2공장,126.60139459965154,34.3398316007701,2025-5-0128,20230753150,아르뫼영농조합법인 제2공장,식품제조가공업,전남광주통합특별시 해남군,식품
김칫속,106,2028-04-20,BIZ047,식품,C10500001,3502,2025-04-21,전남광주통합특별시,아르뫼영농조합법인 제2공장,해남군,"제조,가공",2025-5-0127,식품제조가공업,아르뫼영농조합법인 제2공장,해남군 아르뫼영농조합법인 제2공장,126.60139459965154,34.3398316007701,2025-5-0127,20230753150,아르뫼영농조합법인 제2공장,식품제조가공업,전남광주통합특별시 해남군,식품
기타 수산물가공품,106,2028-07-01,BIZ047,식품,C11000016,3503,2025-04-21,전남광주통합특별시,대성수산,여수시,"제조,가공",2025-5-0126,식품제조가공업,대성수산,여수시 대성수산,127.72860720348112,34.74215440401152,2025-5-0126,20180510884,대성수산,식품제조가공업,전남광주통합특별시 여수시,식품
기타 수산물가공품 중 냉동어류,106,2028-05-25,BIZ047,식품,C11700001,3504,2025-04-21,전남광주통합특별시,㈜해창수산,여수시,"제조,가공",2025-5-0125,식품제조가공업,㈜해창수산,여수시 ㈜해창수산,127.72106469592065,34.72956478313327,2025-5-0125,19980506039,(주)해창수산,식품제조가공업,전남광주통합특별시 여수시,식품
양념육,612,2028-04-20,BIZ047,축산물,86,3505,2025-04-21,전북특별자치도,나래 농업회사법인 주식회사,전주시 덕진구,"제조,가공",2025-5-0124,축산물가공업-식육가공업,나래 농업회사법인 주식회사,전주시 덕진구 나래 농업회사법인 주식회사,127.0601496005007,35.85192739731028,2025-5-0124,20240726008,나래 농업회사법인 주식회사,축산물가공업-식육가공업,전북특별자치도 전주시 덕진구,축산물
포장육,604,2028-04-20,BIZ047,축산물,78,3506,2025-04-21,전남광주통합특별시,나정상회,서구,"제조,가공",2025-5-0123,식육포장처리업,나정상회,서구 나정상회,126.8366771001924,35.15106740075869,2025-5-0123,20150216042,나정상회,식육포장처리업,전남광주통합특별시 서구,축산물
포장육,604,2028-04-17,BIZ047,축산물,78,3508,2025-04-18,전북특별자치도,날개날다 주식회사,익산시,"제조,가공",2025-5-0121,식육포장처리업,날개날다 주식회사,익산시 날개날다 주식회사,126.95757520054148,36.03309209607705,2025-5-0121,20210491595,날개날다 주식회사,식육포장처리업,전북특별자치도 익산시,축산물
포장육,604,2028-04-17,BIZ047,축산물,78,3509,2025-04-18,전북특별자치도,(유)두리두리,전주시 덕진구,"제조,가공",2025-5-0120,식육포장처리업,두리두리,전주시 덕진구 두리두리,127.10767429980427,35.87232450086477,2025-5-0120,20060477002,(유)두리두리,식육포장처리업,전북특별자치도 전주시 덕진구,축산물
"레토르트식품(즉석조리식품, 카레(커리))",106,2028-04-17,BIZ047,식품,C00200001,3510,2025-04-18,전북특별자치도,농업회사법인 주식회사 다고내,익산시,"제조,가공",2025-5-0119,식품제조가공업,농업회사법인 주식회사 다고내,익산시 농업회사법인 주식회사 다고내,127.0773503998704,35.9696579006767,2025-5-0119,20140487369,농업회사법인 주식회사 다고내,식품제조가공업,전북특별자치도 익산시,식품
포장육,604,2028-04-16,BIZ047,축산물,78,3511,2025-04-17,전남광주통합특별시,(유)수일식품,광산구,"제조,가공",2025-5-0118,식육포장처리업,수일식품,광산구 수일식품,126.8208948003744,35.22324930076748,2025-5-0118,20060227867,(유)수일식품,식육포장처리업,전남광주통합특별시 광산구,축산물
포장육,604,2028-04-16,BIZ047,축산물,78,3512,2025-04-17,전남광주통합특별시,고기잔치푸드,북구,"제조,가공",2025-5-0116,식육포장처리업,고기잔치푸드,북구 고기잔치푸드,126.93532449999036,35.17526540070822,2025-5-0116,20240314071,고기잔치푸드,식육포장처리업,전남광주통합특별시 북구,축산물
포장육,604,2028-04-16,BIZ047,축산물,78,3513,2025-04-17,전남광주통합특별시,유한회사 삼육오컴퍼니,북구,"제조,가공",2025-5-0115,식육포장처리업,유한회사 삼육오컴퍼니,북구 유한회사 삼육오컴퍼니,126.93560529948827,35.17889979681447,2025-5-0115,20250313139,유한회사 삼육오컴퍼니,식육포장처리업,전남광주통합특별시 북구,축산물
준초콜릿,106,2028-04-16,BIZ047,식품,C09500008,3514,2025-04-17,전북특별자치도,(주)오리온 제2익산공장,익산시,"제조,가공",2025-5-0114,식품제조가공업,오리온 제2익산공장,익산시 오리온 제2익산공장,126.97362759970004,35.94130749670995,2025-5-0114,19760487005,(주)오리온 제2익산공장,식품제조가공업,전북특별자치도 익산시,식품
식육추출가공품,612,2028-04-16,BIZ047,축산물,89,3515,2025-04-17,전북특별자치도,진안흑염소 영농조합법인,진안군,"제조,가공",2025-5-0113,축산물가공업-식육가공업,진안흑염소 영농조합법인,진안군 진안흑염소 영농조합법인,127.32972929949254,35.74226522027127,2025-5-0113,20190480013,진안흑염소 영농조합법인,축산물가공업-식육가공업,전북특별자치도 진안군,축산물
포장육,604,2028-04-16,BIZ047,축산물,78,3516,2025-04-17,전북특별자치도,진안흑염소영농조합,진안군,"제조,가공",2025-5-0112,식육포장처리업,진안흑염소영농조합,진안군 진안흑염소영농조합,127.32872450034512,35.74688230067052,2025-5-0112,20190499045,진안흑염소영농조합,식육포장처리업,전북특별자치도 진안군,축산물
가공김(조미김 또는 구운김),106,2028-04-16,BIZ047,식품,C11000017,3517,2025-04-17,전남광주통합특별시,어업회사법인 가현(주),나주시,"제조,가공",2025-5-0111,식품제조가공업,어업회사법인 가현,나주시 어업회사법인 가현,126.76959779971996,35.00730096542089,2025-5-0111,20190516242,어업회사법인 가현(주),식품제조가공업,전남광주통합특별시 나주시,식품
"양념육,분쇄가공육제품",612,2028-04-15,BIZ047,축산물,"87,86",3518,2025-04-16,제주특별자치도,한라푸드,제주시,"제조,가공",2025-5-0110,축산물가공업-식육가공업,한라푸드,제주시 한라푸드,126.18646920047308,33.34928673507029,2025-5-0110,20180619009,한라푸드,축산물가공업-식육가공업,제주특별자치도 제주시,축산물
곡류가공품,106,2028-04-14,BIZ047,식품,C10700011,3520,2025-04-15,전북특별자치도,한님식품,무주군,"제조,가공",2025-5-0108,식품제조가공업,한님식품,무주군 한님식품,127.7902700019502,36.00655140150308,2025-5-0108,20240757059,한님식품,식품제조가공업,전북특별자치도 무주군,식품
식용란수집판매업,635,2028-04-14,BIZ048,축산물,581,3521,2025-04-15,전남광주통합특별시,주식회사 에그킹,북구,"유통,판매,조리",2025-5-0107,축산물판매업-식용란수집판매업,주식회사 에그킹,북구 주식회사 에그킹,126.86841920031156,35.20423789576974,2025-5-0107,20250313017,주식회사 에그킹,축산물판매업-식용란수집판매업,전남광주통합특별시 북구,축산물
기타 수산물가공품 중 냉동어류,106,2028-04-10,BIZ047,식품,C11700001,3522,2025-04-11,제주특별자치도,올레마켓,서귀포시,"제조,가공",2025-5-0106,식품제조가공업,올레마켓,서귀포시 올레마켓,126.647369600251,33.27082990336131,2025-5-0106,20040631356,올레마켓,식품제조가공업,제주특별자치도 서귀포시,식품
소주,402,2028-04-10,BIZ047,식품,C10600006,3523,2025-04-11,전남광주통합특별시,농업회사법인 유한회사 향기품은수울섬,보성군,"제조,가공",2025-5-0105,식품제조가공업(주류제조),농업회사법인 유한회사 향기품은수울섬,보성군 농업회사법인 유한회사 향기품은수울섬,,,2025-5-0105,20240026635,농업회사법인 유한회사 향기품은수울섬,식품제조가공업(주류),전남광주통합특별시 보성군,식품
탁주,402,2028-04-10,BIZ047,식품,C10600001,3524,2025-04-11,전남광주통합특별시,농업회사법인 유한회사 향기품은수울섬,보성군,"제조,가공",2025-5-0104,식품제조가공업(주류제조),농업회사법인 유한회사 향기품은수울섬,보성군 농업회사법인 유한회사 향기품은수울섬,,,2025-5-0104,20240026635,농업회사법인 유한회사 향기품은수울섬,식품제조가공업(주류),전남광주통합특별시 보성군,식품
포장육,604,2028-04-09,BIZ047,축산물,78,3525,2025-04-10,제주특별자치도,제주곶자왈유통,서귀포시,"제조,가공",2025-5-0103,식육포장처리업,제주곶자왈유통,서귀포시 제주곶자왈유통,126.69326790035998,33.27491590063975,2025-5-0103,20150631024,제주곶자왈유통,식육포장처리업,제주특별자치도 서귀포시,축산물
식육추출가공품,612,2028-04-09,BIZ047,축산물,89,3526,2025-04-10,전남광주통합특별시,(주)하늘먹은흑염소목장,광산구,"제조,가공",2025-5-0102,축산물가공업-식육가공업,하늘먹은흑염소목장,광산구 하늘먹은흑염소목장,126.74974699948874,35.21732069894459,2025-5-0102,20250301002,(주)하늘먹은흑염소목장,축산물가공업-식육가공업,전남광주통합특별시 광산구,축산물
곡류가공품,106,2029-03-19,BIZ047,식품,C10700011,3527,2025-04-09,전남광주통합특별시,(주)효동식품,광산구,"제조,가공",2025-5-0101,식품제조가공업,효동식품,광산구 효동식품,126.75981099994796,35.12958925051255,2025-5-0101,19710227001,(주)효동식품,식품제조가공업,전남광주통합특별시 광산구,식품
빵류,106,2028-04-08,BIZ047,식품,C09300004,3528,2025-04-09,전북특별자치도,(주)핀컴퍼니(제2공장),익산시,"제조,가공",2025-5-0100,식품제조가공업,핀컴퍼니,익산시 핀컴퍼니,127.08186859997626,35.97876080072338,2025-5-0100,20250742081,(주)핀컴퍼니(제2공장),식품제조가공업,전북특별자치도 익산시,식품
기타 수산물가공품 중 냉동연체류,106,2027-06-14,BIZ047,식품,C11800001,3529,2025-04-08,제주특별자치도,한림수산업협동조합,제주시,"제조,가공",2025-5-0098,식품제조가공업,한림수산업협동조합,제주시 한림수산업협동조합,126.26075920001624,33.41261595777189,2025-5-0098,20150627483,한림수산업협동조합,식품제조가공업,제주특별자치도 제주시,식품
포장육,604,2028-04-07,BIZ047,축산물,78,3530,2025-04-08,전남광주통합특별시,유한회사 보리뜰한우,영암군,"제조,가공",2025-5-0097,식육포장처리업,유한회사 보리뜰한우,영암군 유한회사 보리뜰한우,126.47319639945871,34.74554470059976,2025-5-0097,20160524094,유한회사 보리뜰한우,식육포장처리업,전남광주통합특별시 영암군,축산물
당류가공품,106,2029-01-12,BIZ047,식품,C09600012,3531,2025-04-07,전남광주통합특별시,매일유업(주)광주공장,광산구,"제조,가공",2025-5-0096,식품제조가공업,매일유업광주공장,광산구 매일유업광주공장,126.77721139982168,35.15229969942748,2025-5-0096,19810227007,매일유업(주)광주공장,식품제조가공업,전남광주통합특별시 광산구,식품
양념육,612,2028-04-03,BIZ047,축산물,86,3532,2025-04-04,제주특별자치도,제주랑식품,서귀포시,"제조,가공",2025-5-0095,축산물가공업-식육가공업,제주랑식품,서귀포시 제주랑식품,126.5550415994602,33.25180572200429,2025-5-0095,20220896010,제주랑식품,축산물가공업-식육가공업,제주특별자치도 서귀포시,축산물
혼합음료,106,2028-04-02,BIZ047,식품,C10100016,3533,2025-04-03,전북특별자치도,피플클라우드,순창군,"제조,가공",2025-5-0094,식품제조가공업,피플클라우드,순창군 피플클라우드,127.13319160050892,35.43211810233832,2025-5-0094,20120499042,피플클라우드,식품제조가공업,전북특별자치도 순창군,식품
양념육,612,2028-04-02,BIZ047,축산물,86,3534,2025-04-03,전남광주통합특별시,피그팜 주식회사,북구,"제조,가공",2025-5-0093,축산물가공업-식육가공업,피그팜 주식회사,북구 피그팜 주식회사,126.9040386000581,35.18019059164742,2025-5-0093,20190216015,피그팜 주식회사,축산물가공업-식육가공업,전남광주통합특별시 북구,축산물
탄산수,106,2028-04-02,BIZ047,식품,C10100009,3535,2025-04-03,제주특별자치도,주식회사 한울앤제주,제주시,"제조,가공",2025-5-0092,식품제조가공업,주식회사 한울앤제주,제주시 주식회사 한울앤제주,126.2412156005113,33.35847439925016,2025-5-0092,20220898392,주식회사한울앤제주,식품제조가공업,제주특별자치도 제주시,식품
포장육,604,2028-04-02,BIZ047,축산물,78,3536,2025-04-03,전남광주통합특별시,유한회사 김정인,광산구,"제조,가공",2025-5-0091,식육포장처리업,유한회사 김정인,광산구 유한회사 김정인,126.82249150005993,35.222774300841735,2025-5-0091,20230307615,유한회사 김정인,식육포장처리업,전남광주통합특별시 광산구,축산물
포장육,604,2028-04-02,BIZ047,축산물,78,3538,2025-04-03,전남광주통합특별시,농업회사법인 주식회사 서진푸드,나주시,"제조,가공",2025-5-0089,식육포장처리업,농업회사법인 주식회사 서진푸드,나주시 농업회사법인 주식회사 서진푸드,126.6954945999139,34.97189949726367,2025-5-0089,20250783073,농업회사법인 주식회사 서진푸드,식육포장처리업,전남광주통합특별시 나주시,축산물
과자,106,2028-04-02,BIZ047,식품,C09300001,3539,2025-04-03,제주특별자치도,주식회사몽협,제주시,"제조,가공",2025-5-0088,식품제조가공업,주식회사몽협,제주시 주식회사몽협,126.55866749953933,33.51234009567137,2025-5-0088,20240956976,주식회사몽협,식품제조가공업,제주특별자치도 제주시,식품
김치(배추김치),106,2028-03-31,BIZ047,식품,C12300001,3540,2025-04-01,전남광주통합특별시,공드린김치,광산구,"제조,가공",2025-5-0087,식품제조가공업,공드린김치,광산구 공드린김치,126.80260849977216,35.196397997161014,2025-5-0087,20250320053,공드린김치,식품제조가공업,전남광주통합특별시 광산구,식품
절임식품,106,2028-03-31,BIZ047,식품,C10500003,3541,2025-04-01,전남광주통합특별시,공드린김치,광산구,"제조,가공",2025-5-0086,식품제조가공업,공드린김치,광산구 공드린김치,126.80260849977216,35.196397997161014,2025-5-0086,20250320053,공드린김치,식품제조가공업,전남광주통합특별시 광산구,식품
김치(기타김치),106,2028-03-31,BIZ047,식품,C10500002,3542,2025-04-01,전남광주통합특별시,공드린김치,광산구,"제조,가공",2025-5-0085,식품제조가공업,공드린김치,광산구 공드린김치,126.80260849977216,35.196397997161014,2025-5-0085,20250320053,공드린김치,식품제조가공업,전남광주통합특별시 광산구,식품
포장육,604,2028-03-30,BIZ047,축산물,78,3543,2025-03-31,제주특별자치도,(주)제주드림포크,제주시,"제조,가공",2025-5-0084,식육포장처리업,제주드림포크,제주시 제주드림포크,126.42986320029898,33.4612635036413,2025-5-0084,20250955379,(주)제주드림포크,식육포장처리업,제주특별자치도 제주시,축산물
포장육,604,2028-03-30,BIZ047,축산물,78,3544,2025-03-31,전남광주통합특별시,이반가드,광산구,"제조,가공",2025-5-0083,식육포장처리업,이반가드,광산구 이반가드,126.82283289976154,35.222399898979525,2025-5-0083,20250320079,이반가드,식육포장처리업,전남광주통합특별시 광산구,축산물
포장육,604,2028-03-27,BIZ047,축산물,78,3545,2025-03-28,전남광주통합특별시,고기나라,북구,"제조,가공",2025-5-0082,식육포장처리업,고기나라,북구 고기나라,126.93620769949683,35.17896661419996,2025-5-0082,20170222025,고기나라,식육포장처리업,전남광주통합특별시 북구,축산물
과자,106,2028-03-26,BIZ047,식품,C09300001,3546,2025-03-27,전남광주통합특별시,(주)인성,영암군,"제조,가공",2025-5-0081,식품제조가공업,인성,영암군 인성,126.69341070021916,34.812679901494135,2025-5-0081,20200528043,(주)인성,식품제조가공업,전남광주통합특별시 영암군,식품
포장육,604,2028-03-26,BIZ047,축산물,78,3547,2025-03-27,전북특별자치도,농업회사법인유한회사해찬식품(익산지점),익산시,"제조,가공",2025-5-0080,식육포장처리업,농업회사법인유한회사해찬식품,익산시 농업회사법인유한회사해찬식품,127.02633150007073,36.076157797491774,2025-5-0080,20180491164,농업회사법인유한회사해찬식품(익산지점),식육포장처리업,전북특별자치도 익산시,축산물
"양념육,분쇄가공육제품",612,2028-03-25,BIZ047,축산물,"87,86",3548,2025-03-26,전남광주통합특별시,농업회사법인 젓가락스테이크굽다 주식회사,서구,"제조,가공",2025-5-0079,축산물가공업-식육가공업,농업회사법인 젓가락스테이크굽다 주식회사,서구 농업회사법인 젓가락스테이크굽다 주식회사,126.86166969978238,35.11781863718716,2025-5-0079,20170213010,농업회사법인 젓가락스테이크굽다 주식회사,축산물가공업-식육가공업,전남광주통합특별시 서구,축산물
포장육,604,2028-03-24,BIZ047,축산물,78,3549,2025-03-25,제주특별자치도,청정곶자왈 식육유통,제주시,"제조,가공",2025-5-0078,식육포장처리업,청정곶자왈 식육유통,제주시 청정곶자왈 식육유통,126.4075578002869,33.47868480127294,2025-5-0078,20090628172,청정곶자왈 식육유통,식육포장처리업,제주특별자치도 제주시,축산물
혼합음료,106,2028-03-23,BIZ047,식품,C10100016,3550,2025-03-24,전북특별자치도,(주)스퀴즈맥주 순창공장,순창군,"제조,가공",2025-5-0077,식품제조가공업,스퀴즈맥주 순창공장,순창군 스퀴즈맥주 순창공장,127.1642201000796,35.38305640428841,2025-5-0077,20250763001,(주)스퀴즈맥주 순창공장,식품제조가공업,전북특별자치도 순창군,식품
탄산음료,106,2028-03-23,BIZ047,식품,C10100008,3551,2025-03-24,전북특별자치도,(주)스퀴즈맥주 순창공장,순창군,"제조,가공",2025-5-0076,식품제조가공업,스퀴즈맥주 순창공장,순창군 스퀴즈맥주 순창공장,127.1642201000796,35.38305640428841,2025-5-0076,20250763001,(주)스퀴즈맥주 순창공장,식품제조가공업,전북특별자치도 순창군,식품
과ㆍ채가공품,106,2028-03-20,BIZ047,식품,C10700010,3552,2025-03-21,전남광주통합특별시,(주)농업회사법인 정일품,담양군,"제조,가공",2025-5-0075,식품제조가공업,농업회사법인 정일품,담양군 농업회사법인 정일품,127.01343199997925,35.225548719214366,2025-5-0075,20240788311,(주)농업회사법인 정일품,식품제조가공업,전남광주통합특별시 담양군,식품
즉석섭취식품,106,2028-03-20,BIZ047,식품,C11300003,3554,2025-03-21,전남광주통합특별시,농업회사법인주식회사큰울,광산구,"제조,가공",2025-5-0073,식품제조가공업,농업회사법인주식회사큰울,광산구 농업회사법인주식회사큰울,,,2025-5-0073,20240320424,농업회사법인주식회사큰울,식품제조가공업,전남광주통합특별시 광산구,식품
포장육,604,2028-03-19,BIZ047,축산물,78,3555,2025-03-20,전남광주통합특별시,유한회사 태성미트,목포시,"제조,가공",2025-5-0072,식육포장처리업,유한회사 태성미트,목포시 유한회사 태성미트,126.42064840034706,34.79861750079227,2025-5-0072,20150503114,유한회사 태성미트,식육포장처리업,전남광주통합특별시 목포시,축산물
밀가루,106,2028-03-17,BIZ047,식품,C10700003,3556,2025-03-18,전북특별자치도,우리농촌살리기공동네트워크 우리밀 제분공장,김제시,"제조,가공",2025-5-0071,식품제조가공업,우리농촌살리기공동네트워크 우리밀 제분공장,김제시 우리농촌살리기공동네트워크 우리밀 제분공장,126.9799227999266,35.77283729881071,2025-5-0071,20240751267,우리농촌살리기공동네트워크 우리밀 제분공장,식품제조가공업,전북특별자치도 김제시,식품
액상차,106,2028-03-17,BIZ047,식품,C10100002,3557,2025-03-18,전북특별자치도,농업회사법인(유)청전보감,부안군,"제조,가공",2025-5-0070,식품제조가공업,농업회사법인청전보감,부안군 농업회사법인청전보감,,,2025-5-0070,20240767121,농업회사법인(유)청전보감,식품제조가공업,전북특별자치도 부안군,식품
가공김(조미김 또는 구운김),106,2028-03-13,BIZ047,식품,C11000017,3558,2025-03-14,전남광주통합특별시,(유)선일식품,진도군,"제조,가공",2025-5-0069,식품제조가공업,선일식품,진도군 선일식품,126.32580040000752,34.42002099130492,2025-5-0069,20100530033,(유)선일식품,식품제조가공업,전남광주통합특별시 진도군,식품
즉석조리식품,106,2028-03-11,BIZ047,식품,C11300005,3559,2025-03-12,전북특별자치도,농업회사법인유한회사 영인바이오,군산시,"제조,가공",2025-5-0068,식품제조가공업,농업회사법인유한회사 영인바이오,군산시 농업회사법인유한회사 영인바이오,126.69699509972943,35.98649677097275,2025-5-0068,20190488873,농업회사법인유한회사 영인바이오,식품제조가공업,전북특별자치도 군산시,식품
김치(배추김치),106,2028-03-11,BIZ047,식품,C12300001,3560,2025-03-12,전남광주통합특별시,김치좋아,북구,"제조,가공",2025-5-0067,식품제조가공업,김치좋아,북구 김치좋아,126.89335560035308,35.177062703087834,2025-5-0067,20250313052,김치좋아,식품제조가공업,전남광주통합특별시 북구,식품
김치(기타김치),106,2028-03-11,BIZ047,식품,C10500002,3561,2025-03-12,전남광주통합특별시,김치좋아,북구,"제조,가공",2025-5-0066,식품제조가공업,김치좋아,북구 김치좋아,126.89335560035308,35.177062703087834,2025-5-0066,20250313052,김치좋아,식품제조가공업,전남광주통합특별시 북구,식품
과자,106,2028-03-06,BIZ047,식품,C09300001,3562,2025-03-07,전남광주통합특별시,유림앤우성제과(주),광산구,"제조,가공",2025-5-0065,식품제조가공업,유림앤우성제과,광산구  유림앤우성제과,,,2025-5-0065,20230737002,농업회사법인 주식회사 우성제과,식품제조가공업,전남광주통합특별시 담양군,식품
액상차,106,2028-03-06,BIZ047,식품,C10100002,3563,2025-03-07,전북특별자치도,세미기업㈜,정읍시,"제조,가공",2025-5-0064,식품제조가공업,세미기업㈜,정읍시 세미기업㈜,126.86437340010964,35.59477335068435,2025-5-0064,19910490040,세미기업(주),식품제조가공업,전북특별자치도 정읍시,식품
포장육,604,2028-03-06,BIZ047,축산물,78,3564,2025-03-07,전북특별자치도,농업회사법인(유)동우유통,익산시,"제조,가공",2025-5-0063,식육포장처리업,농업회사법인동우유통,익산시 농업회사법인동우유통,,,2025-5-0063,20140487610,농업회사법인(유)동우유통,식육포장처리업,전북특별자치도 익산시,축산물
양념육,612,2028-03-06,BIZ047,축산물,86,3565,2025-03-07,전북특별자치도,농업회사법인 유한회사 동우유통,익산시,"제조,가공",2025-5-0062,축산물가공업-식육가공업,농업회사법인 유한회사 동우유통,익산시 농업회사법인 유한회사 동우유통,,,2025-5-0062,20140476009,동우유통,축산물가공업-식육가공업,전북특별자치도 익산시,축산물
떡류,106,2028-03-05,BIZ047,식품,C09300005,3566,2025-03-06,전남광주통합특별시,한석봉식품코리아 주식회사 농업회사법인,영암군,"제조,가공",2025-5-0061,식품제조가공업,한석봉식품코리아 주식회사 농업회사법인,영암군 한석봉식품코리아 주식회사 농업회사법인,,,2025-5-0061,20240806134,한석봉식품코리아 주식회사 농업회사법인,식품제조가공업,전남광주통합특별시 영암군,식품
포장육,604,2028-02-27,BIZ047,축산물,78,3568,2025-02-28,전남광주통합특별시,(주)푸르뫼,광산구,"제조,가공",2025-5-0058,식육포장처리업,푸르뫼,광산구 푸르뫼,126.85347939979528,35.18620412253754,2025-5-0058,20110228242,주)푸르뫼,식육포장처리업,전남광주통합특별시 광산구,축산물
양념육,612,2028-02-27,BIZ047,축산물,86,3569,2025-02-28,전남광주통합특별시,걸구 곱창,나주시,"제조,가공",2025-5-0057,축산물가공업-식육가공업,걸구 곱창,나주시 걸구 곱창,126.72307052878146,35.03618294147025,2025-5-0057,20210506011,걸구 곱창,축산물가공업-식육가공업,전남광주통합특별시 나주시,축산물
농후발효유,611,2028-02-27,BIZ047,축산물,C0318040200000,3570,2025-02-28,제주특별자치도,건준 농업회사법인(주),제주시,"제조,가공",2025-5-0056,축산물가공업-유가공업,건준 농업회사법인,제주시 건준 농업회사법인,126.71957419962465,33.4864266006595,2025-5-0056,20230904006,건준 농업회사법인(주),축산물가공업-유가공업,제주특별자치도 제주시,축산물
기타 수산물가공품 중 냉동어류,106,2028-02-27,BIZ047,식품,C11700001,3571,2025-02-28,제주특별자치도,주식회사청담,제주시,"제조,가공",2025-5-0055,식품제조가공업,주식회사청담,제주시 주식회사청담,126.6950012001822,33.48379379651587,2025-5-0055,20240957074,주식회사청담,식품제조가공업,제주특별자치도 제주시,식품
기타 수산물가공품,106,2028-02-27,BIZ047,식품,C11000016,3572,2025-02-28,제주특별자치도,주식회사청담,제주시,"제조,가공",2025-5-0054,식품제조가공업,주식회사청담,제주시 주식회사청담,126.6950012001822,33.48379379651587,2025-5-0054,20240957074,주식회사청담,식품제조가공업,제주특별자치도 제주시,식품
과ㆍ채가공품,106,2028-02-24,BIZ047,식품,C10700010,3574,2025-02-25,전북특별자치도,농업회사법인유한회사 유기지기,순창군,"제조,가공",2025-5-0052,식품제조가공업,농업회사법인유한회사 유기지기,순창군 농업회사법인유한회사 유기지기,127.01365790012336,35.51455286440492,2025-5-0052,20170499002,농업회사법인유한회사 유기지기,식품제조가공업,전북특별자치도 순창군,식품
"양념육,식육추출가공품",612,2028-02-20,BIZ047,축산물,"89,86",3575,2025-02-21,전북특별자치도,유한회사 명인푸드,전주시 덕진구,"제조,가공",2025-5-0051,축산물가공업-식육가공업,유한회사 명인푸드,전주시 덕진구 유한회사 명인푸드,127.11155179966414,35.84423130131532,2025-5-0051,20200480043,유한회사 명인푸드,축산물가공업-식육가공업,전북특별자치도 전주시 덕진구,축산물
액상차,106,2028-02-20,BIZ047,식품,C10100002,3576,2025-02-21,전북특별자치도,칠보농협옹동제약 식품사업부,정읍시,"제조,가공",2025-5-0050,식품제조가공업,칠보농협옹동제약 식품사업부,정읍시 칠보농협옹동제약 식품사업부,126.9758568005078,35.644701898784064,2025-5-0050,20240746453,칠보농협옹동제약 식품사업부,식품제조가공업,전북특별자치도 정읍시,식품
"소시지,양념육,분쇄가공육제품",612,2028-02-19,BIZ047,축산물,"82,86,87",3577,2025-02-20,제주특별자치도,몬트락 제2공장,제주시,"제조,가공",2025-5-0049,축산물가공업-식육가공업,몬트락 제2공장,제주시 몬트락 제2공장,126.70702659984748,33.45355709784515,2025-5-0049,20200619011,몬트락 제2공장,축산물가공업-식육가공업,제주특별자치도 제주시,축산물
과자,106,2028-02-19,BIZ047,식품,C09300001,3578,2025-02-20,제주특별자치도,두루잇,제주시,"제조,가공",2025-5-0048,식품제조가공업,두루잇,제주시 두루잇,126.55998529954002,33.52299450215519,2025-5-0048,20240956586,두루잇,식품제조가공업,제주특별자치도 제주시,식품
포장육,604,2028-02-16,BIZ047,축산물,78,3579,2025-02-17,전북특별자치도,주식회사 큰나래,김제시,"제조,가공",2025-5-0047,식육포장처리업,주식회사 큰나래,김제시 주식회사 큰나래,127.00531079986102,35.78737980068098,2025-5-0047,20160493108,주식회사 큰나래,식육포장처리업,전북특별자치도 김제시,축산물
가공김(조미김 또는 구운김),106,2028-02-13,BIZ047,식품,C11000017,3580,2025-02-14,전북특별자치도,주식회사 플레이스5 남원지점,남원시,"제조,가공",2025-5-0046,식품제조가공업,주식회사 플레이스5 남원지점,남원시 주식회사 플레이스5 남원지점,127.3808710995094,35.4100489041974,2025-5-0046,20240749302,주식회사 플레이스5 남원지점,식품제조가공업,전북특별자치도 남원시,식품
절임식품,106,2028-02-13,BIZ047,식품,C10500003,3581,2025-02-14,전북특별자치도,절임마을 주식회사,익산시,"제조,가공",2025-5-0045,식품제조가공업,절임마을 주식회사,익산시 절임마을 주식회사,127.07741670021208,35.96892650179673,2025-5-0045,20240742545,절임마을 주식회사,식품제조가공업,전북특별자치도 익산시,식품
기타 수산물가공품,106,2027-04-28,BIZ047,식품,C11000016,3582,2025-02-12,전남광주통합특별시,(주)해명원,여수시,"제조,가공",2025-5-0044,식품제조가공업,해명원,여수시 해명원,127.71953610247816,34.726510072915175,2025-5-0044,20150506605,(주)해명원,식품제조가공업,전남광주통합특별시 여수시,식품
김치(배추김치),106,2028-02-11,BIZ047,식품,C12300001,3583,2025-02-12,제주특별자치도,농업회사법인김갑중웰푸드주식회사,제주시,"제조,가공",2025-5-0043,식품제조가공업,농업회사법인김갑중웰푸드주식회사,제주시 농업회사법인김갑중웰푸드주식회사,126.47194040053265,33.475190497806594,2025-5-0043,20220899170,농업회사법인김갑중웰푸드주식회사,식품제조가공업,제주특별자치도 제주시,식품
혼합음료,106,2029-03-14,BIZ047,식품,C10100016,3584,2025-02-12,전남광주통합특별시,주식회사 상상바이오,화순군,"제조,가공",2025-5-0042,식품제조가공업,주식회사 상상바이오,화순군 주식회사 상상바이오,126.9654374998498,35.032843900764995,2025-5-0042,20170520023,주식회사 상상바이오,식품제조가공업,전남광주통합특별시 화순군,식품
포장육,604,2028-02-11,BIZ047,축산물,78,3585,2025-02-12,전남광주통합특별시,우미축산,서구,"제조,가공",2025-5-0041,식육포장처리업,우미축산,서구 우미축산,126.87696770000566,35.15052550138586,2025-5-0041,20240307039,우미축산,식육포장처리업,전남광주통합특별시 서구,축산물
포장육,604,2028-02-10,BIZ047,축산물,78,3586,2025-02-11,전남광주통합특별시,정안푸드,북구,"제조,가공",2025-5-0039,식육포장처리업,정안푸드,북구 정안푸드,,,2025-5-0039,20230300322,정안푸드,식육포장처리업,전남광주통합특별시 북구,축산물
포장육,604,2028-02-06,BIZ047,축산물,78,3587,2025-02-07,전남광주통합특별시,재영푸드,북구,"제조,가공",2025-5-0038,식육포장처리업,재영푸드,북구 재영푸드,,,2025-5-0038,20230300449,재영푸드,식육포장처리업,전남광주통합특별시 북구,축산물
김치(배추김치),106,2028-02-06,BIZ047,식품,C12300001,3588,2025-02-07,전북특별자치도,(주)광개토식품,무주군,"제조,가공",2025-5-0037,식품제조가공업,광개토식품,무주군 광개토식품,127.64115510122824,35.8678677011355,2025-5-0037,20240757070,(주)광개토식품,식품제조가공업,전북특별자치도 무주군,식품
절임식품,106,2028-02-06,BIZ047,식품,C10500003,3589,2025-02-07,전북특별자치도,(주)광개토식품,무주군,"제조,가공",2025-5-0036,식품제조가공업,광개토식품,무주군 광개토식품,127.64115510122824,35.8678677011355,2025-5-0036,20240757070,(주)광개토식품,식품제조가공업,전북특별자치도 무주군,식품
김치(기타김치),106,2028-02-06,BIZ047,식품,C10500002,3590,2025-02-07,전북특별자치도,(주)광개토식품,무주군,"제조,가공",2025-5-0035,식품제조가공업,광개토식품,무주군 광개토식품,127.64115510122824,35.8678677011355,2025-5-0035,20240757070,(주)광개토식품,식품제조가공업,전북특별자치도 무주군,식품
식용란선별포장업,009,2028-02-06,BIZ048,축산물,901,3591,2025-02-07,전남광주통합특별시,장성제일축산,장성군,"유통,판매,조리",2025-5-0034,식용란선별포장업,장성제일축산,장성군 장성제일축산,126.65150007100247,35.21067920278932,2025-5-0034,20200506030,장성제일축산,식용란선별포장업,전남광주통합특별시 장성군,축산물
포장육,604,2028-02-06,BIZ047,축산물,78,3592,2025-02-07,전남광주통합특별시,대광,북구,"제조,가공",2025-5-0033,식육포장처리업,대광,북구 대광,129.38584469801282,35.54720224596925,2025-5-0033,20230300320,대광,식육포장처리업,전남광주통합특별시 북구,축산물
포장육,604,2028-02-06,BIZ047,축산물,78,3593,2025-02-07,전남광주통합특별시,동성푸드,광산구,"제조,가공",2025-5-0032,식육포장처리업,동성푸드,광산구 동성푸드,126.82071810025448,35.14388589939414,2025-5-0032,20240320636,동성푸드,식육포장처리업,전남광주통합특별시 광산구,축산물
포장육,604,2028-02-06,BIZ047,축산물,78,3594,2025-02-07,전남광주통합특별시,하람푸드,북구,"제조,가공",2025-5-0031,식육포장처리업,하람푸드,북구 하람푸드,,,2025-5-0031,20230300450,하람푸드,식육포장처리업,전남광주통합특별시 북구,축산물
김칫속,106,2028-02-06,BIZ047,식품,C10500001,3595,2025-02-07,전남광주통합특별시,(주)자연의 명가,여수시,"제조,가공",2025-5-0030,식품제조가공업,자연의 명가,여수시 자연의 명가,,,2025-5-0030,20140506502,(주)자연의 명가,식품제조가공업,전남광주통합특별시 여수시,식품
포장육,604,2028-02-05,BIZ047,축산물,78,3596,2025-02-06,전남광주통합특별시,농업회사법인(유)선우한돈,북구,"제조,가공",2025-5-0029,식육포장처리업,농업회사법인선우한돈,북구 농업회사법인선우한돈,126.87867500007644,35.19469290133555,2025-5-0029,20240313551,농업회사법인(유)선우한돈,식육포장처리업,전남광주통합특별시 북구,축산물
양념육,612,2028-02-03,BIZ047,축산물,86,3597,2025-02-04,전남광주통합특별시,주식회사 도한식품,광산구,"제조,가공",2025-5-0028,축산물가공업-식육가공업,주식회사 도한식품,광산구 주식회사 도한식품,126.76024109987824,35.14125390085416,2025-5-0028,20220280005,주식회사 도한식품,축산물가공업-식육가공업,전남광주통합특별시 광산구,축산물
기타 수산물가공품 중 냉동어류,106,2028-02-03,BIZ047,식품,C11700001,3598,2025-02-04,제주특별자치도,주식회사제주바다수산,제주시,"제조,가공",2025-5-0027,식품제조가공업,주식회사제주바다수산,제주시 주식회사제주바다수산,126.48693140034068,33.49609640200892,2025-5-0027,20240957144,주식회사제주바다수산,식품제조가공업,제주특별자치도 제주시,식품
기타 수산물가공품,106,2028-02-03,BIZ047,식품,C11000016,3599,2025-02-04,제주특별자치도,주식회사제주바다수산,제주시,"제조,가공",2025-5-0026,식품제조가공업,주식회사제주바다수산,제주시 주식회사제주바다수산,126.48693140034068,33.49609640200892,2025-5-0026,20240957144,주식회사제주바다수산,식품제조가공업,제주특별자치도 제주시,식품
서류가공품,106,2028-02-02,BIZ047,식품,C10700013,3600,2025-02-03,전남광주통합특별시,농업회사법인 (주)해남참농가,해남군,"제조,가공",2025-5-0025,식품제조가공업,농업회사법인 해남참농가,해남군 농업회사법인 해남참농가,126.5579303995643,34.59352429672769,2025-5-0025,20220745137,농업회사법인 (주)해남참농가,식품제조가공업,전남광주통합특별시 해남군,식품
떡류,106,2028-02-02,BIZ047,식품,C09300005,3601,2025-02-03,전남광주통합특별시,농업회사법인 (주)해남참농가,해남군,"제조,가공",2025-5-0024,식품제조가공업,농업회사법인 해남참농가,해남군 농업회사법인 해남참농가,126.5579303995643,34.59352429672769,2025-5-0024,20220745137,농업회사법인 (주)해남참농가,식품제조가공업,전남광주통합특별시 해남군,식품
액상차,106,2028-01-30,BIZ047,식품,C10100002,3602,2025-01-31,전남광주통합특별시,신믿음 건강농원,무안군,"제조,가공",2025-5-0023,식품제조가공업,신믿음 건강농원,무안군 신믿음 건강농원,126.33955389997342,34.96143596326941,2025-5-0023,20080525001,신믿음 건강농원,식품제조가공업,전남광주통합특별시 무안군,식품
소스,106,2029-02-08,BIZ047,식품,C10400003,3603,2025-01-24,전북특별자치도,사조산업㈜ 순창공장,순창군,"제조,가공",2025-5-0022,식품제조가공업,사조산업㈜ 순창공장,순창군 사조산업㈜ 순창공장,127.16268339957894,35.385679200354375,2025-5-0022,20100499047,사조산업(주) 순창공장,식품제조가공업,전북특별자치도 순창군,식품
즉석섭취식품(운반급식 포함),106,2028-01-23,BIZ047,식품,H03000002,3604,2025-01-24,전북특별자치도,주식회사 들찬,부안군,"제조,가공",2025-5-0021,식품제조가공업,주식회사 들찬,부안군 주식회사 들찬,126.72751499952288,35.73648800096782,2025-5-0021,20200505034,주식회사 들찬,식품제조가공업,전북특별자치도 부안군,식품
김치(기타김치),106,2028-01-23,BIZ047,식품,C10500002,3605,2025-01-24,전남광주통합특별시,바르미김치,무안군,"제조,가공",2025-5-0020,식품제조가공업,바르미김치,무안군 바르미김치,126.28258229971568,35.08926750394704,2025-5-0020,20240808256,바르미김치,식품제조가공업,전남광주통합특별시 무안군,식품
김치(배추김치),106,2028-01-22,BIZ047,식품,C12300001,3606,2025-01-23,전남광주통합특별시,웰빙촌친환경영농조합법인,여수시,"제조,가공",2025-5-0019,식품제조가공업,웰빙촌친환경영농조합법인,여수시 웰빙촌친환경영농조합법인,127.77293800217308,34.66015814270682,2025-5-0019,20070506372,웰빙촌친환경영농조합법인,식품제조가공업,전남광주통합특별시 여수시,식품
김치(기타김치),106,2028-01-22,BIZ047,식품,C10500002,3607,2025-01-23,전남광주통합특별시,웰빙촌친환경영농조합법인,여수시,"제조,가공",2025-5-0018,식품제조가공업,웰빙촌친환경영농조합법인,여수시 웰빙촌친환경영농조합법인,127.77293800217308,34.66015814270682,2025-5-0018,20070506372,웰빙촌친환경영농조합법인,식품제조가공업,전남광주통합특별시 여수시,식품
기타가공품,106,2028-01-22,BIZ047,식품,C11400002,3608,2025-01-23,전북특별자치도,(주)하림산업 함열식품 3공장,익산시,"제조,가공",2025-5-0017,식품제조가공업,하림산업 함열식품 3공장,익산시 하림산업 함열식품 3공장,126.9590507998797,36.03220119694281,2025-5-0017,20200491170,(주)하림산업 함열식품 3공장,식품제조가공업,전북특별자치도 익산시,식품
기타 코코아가공품,106,2028-01-22,BIZ047,식품,C09500004,3609,2025-01-23,제주특별자치도,주식회사탐나는초콜릿,제주시,"제조,가공",2025-5-0016,식품제조가공업,주식회사탐나는초콜릿,제주시 주식회사탐나는초콜릿,126.67014459964857,33.52730460109083,2025-5-0016,20080627769,주식회사탐나는초콜릿,식품제조가공업,제주특별자치도 제주시,식품
햄,612,2028-01-20,BIZ047,축산물,79,3610,2025-01-21,전북특별자치도,농업회사법인 (유)오장미식품,김제시,"제조,가공",2025-5-0015,축산물가공업-식육가공업,농업회사법인 오장미식품,김제시 농업회사법인 오장미식품,126.83821849989636,35.78335100085917,2025-5-0015,20180480011,농업회사법인 (유)오장미식품,축산물가공업-식육가공업,전북특별자치도 김제시,축산물
떡류,106,2028-01-19,BIZ047,식품,C09300005,3611,2025-01-20,전북특별자치도,농업회사법인 유한회사 떡두꺼비,부안군,"제조,가공",2025-5-0014,식품제조가공업,농업회사법인 유한회사 떡두꺼비,부안군 농업회사법인 유한회사 떡두꺼비,126.72075749999054,35.736523200961145,2025-5-0014,20160501099,농업회사법인 유한회사 떡두꺼비,식품제조가공업,전북특별자치도 부안군,식품
양념육,612,2028-01-14,BIZ047,축산물,86,3612,2025-01-15,전북특별자치도,에스제이팜,김제시,"제조,가공",2025-5-0013,축산물가공업-식육가공업,에스제이팜,김제시 에스제이팜,126.87052870026038,35.79565529939299,2025-5-0013,20240726012,에스제이팜,축산물가공업-식육가공업,전북특별자치도 김제시,축산물
포장육,604,2028-01-14,BIZ047,축산물,78,3613,2025-01-15,전북특별자치도,에스제이팜,김제시,"제조,가공",2025-5-0012,식육포장처리업,에스제이팜,김제시 에스제이팜,126.87052870026038,35.79565529939299,2025-5-0012,20240751424,에스제이팜,식육포장처리업,전북특별자치도 김제시,축산물
포장육,604,2028-01-14,BIZ047,축산물,78,3614,2025-01-15,제주특별자치도,한냉,제주시,"제조,가공",2025-5-0011,식육포장처리업,한냉,제주시 한냉,126.5400482003348,33.51566960058393,2025-5-0011,20050628245,한냉,식육포장처리업,제주특별자치도 제주시,축산물
"양념육,분쇄가공육제품,갈비가공품",612,2028-01-13,BIZ047,축산물,"86,87,88",3615,2025-01-14,제주특별자치도,(주)백록육가공공장,제주시,"제조,가공",2025-5-0010,축산물가공업-식육가공업,백록육가공공장,제주시 백록육가공공장,126.4248739005289,33.44828620111363,2025-5-0010,20200619006,(주)백록육가공공장,축산물가공업-식육가공업,제주특별자치도 제주시,축산물
향미유,106,2029-04-16,BIZ047,식품,C09900021,3616,2026-03-17,전남광주통합특별시,(주)나비촌,함평군,"제조,가공",2025-5-0009,식품제조가공업,나비촌,함평군 나비촌,126.55481869962024,35.17529730076547,2025-5-0009,20220751116,(주)나비촌,식품제조가공업,전남광주통합특별시 함평군,식품
채종유(유채유 또는 카놀라유),106,2029-04-16,BIZ047,식품,C09900003,3617,2026-03-17,전남광주통합특별시,(주)나비촌,함평군,"제조,가공",2025-5-0008,식품제조가공업,나비촌,함평군 나비촌,126.55481869962024,35.17529730076547,2025-5-0008,20220751116,(주)나비촌,식품제조가공업,전남광주통합특별시 함평군,식품
액상차,106,2028-01-13,BIZ047,식품,C10100002,3618,2025-01-14,전북특별자치도,농업회사법인 (주)그린라인,남원시,"제조,가공",2025-5-0007,식품제조가공업,농업회사법인 그린라인,남원시 농업회사법인 그린라인,127.58355490068573,35.38441560032369,2025-5-0007,20240749309,농업회사법인 (주)그린라인,식품제조가공업,전북특별자치도 남원시,식품
신선편의식품,106,2028-01-08,BIZ047,식품,C11300004,3619,2025-01-09,제주특별자치도,대림새마을영농조합법인,제주시,"제조,가공",2025-5-0005,식품제조가공업,대림새마을영농조합법인,제주시 대림새마을영농조합법인,126.28123199980185,33.4223966963789,2025-5-0005,20240956736,대림새마을영농조합법인,식품제조가공업,제주특별자치도 제주시,식품
체중조절용 조제식품,106,2028-01-08,BIZ047,식품,C10200009,3620,2025-01-09,전북특별자치도,주식회사 후레쉬닷컴,익산시,"제조,가공",2025-5-0004,식품제조가공업,주식회사 후레쉬닷컴,익산시 주식회사 후레쉬닷컴,,,2025-5-0004,20210491590,주식회사 후레쉬닷컴,식품제조가공업,전북특별자치도 익산시,식품
발효식초,106,2029-10-18,BIZ047,식품,C10400001,3621,2025-01-08,전북특별자치도,주식회사 연두,익산시,"제조,가공",2025-5-0003,식품제조가공업,주식회사 연두,익산시 주식회사 연두,126.9591496998245,36.03055886119358,2025-5-0003,20180491044,주식회사 연두,식품제조가공업,전북특별자치도 익산시,식품
식품소분업(조미건어포류),405,2028-01-02,BIZ048,식품,H02200001,3622,2025-01-03,전북특별자치도,(주)오셰푸드,전주시 완산구,"유통,판매,조리",2025-5-0002,식품소분업,오셰푸드,전주시 완산구 오셰푸드,127.11971400051183,35.78316240426287,2025-5-0002,20160478150,(주)오셰푸드,식품소분업,전북특별자치도 전주시 완산구,식품
어묵,106,2028-01-01,BIZ047,식품,C11000004,3623,2025-01-02,전남광주통합특별시,(주)윤진에프앤지,영광군,"제조,가공",2025-5-0001,식품제조가공업,윤진에프앤지,영광군 윤진에프앤지,126.57670729966948,35.284477497114764,2025-5-0001,20240812083,(주)윤진에프앤지,식품제조가공업,전남광주통합특별시 영광군,식품
과ㆍ채가공품,106,2028-12-29,BIZ047,식품,C10700010,3625,2025-12-30,경상북도,주식회사 뉴밀,경산시,"제조,가공",2025-4-0474,식품제조가공업,주식회사 뉴밀,경산시 주식회사 뉴밀,128.83394320146363,35.95154960154408,2025-4-0474,20240862341,주식회사 뉴밀,식품제조가공업,경상북도 경산시,식품
조림류,106,2028-12-25,BIZ047,식품,C10500005,3626,2025-12-26,경상북도,(주)임꺽정푸드시스템,경산시,"제조,가공",2025-4-0473,식품제조가공업,임꺽정푸드시스템,경산시 임꺽정푸드시스템,128.84472290036842,35.92127836085689,2025-4-0473,20120560575,(주)임꺽정푸드시스템,식품제조가공업,경상북도 경산시,식품
빵류,106,2028-12-25,BIZ047,식품,C09300004,3627,2025-12-26,경상북도,윤슬푸드,고령군,"제조,가공",2025-4-0472,식품제조가공업,윤슬푸드,고령군 윤슬푸드,,,2025-4-0472,20250875065,윤슬푸드,식품제조가공업,경상북도 고령군,식품
과자,106,2028-12-25,BIZ047,식품,C09300001,3628,2025-12-26,경상북도,윤슬푸드,고령군,"제조,가공",2025-4-0471,식품제조가공업,윤슬푸드,고령군 윤슬푸드,,,2025-4-0471,20250875065,윤슬푸드,식품제조가공업,경상북도 고령군,식품
양념육,612,2028-12-25,BIZ047,축산물,86,3629,2025-12-26,경상북도,주식회사 온푸드랩,예천군,"제조,가공",2025-4-0470,축산물가공업-식육가공업,주식회사 온푸드랩,예천군 주식회사 온푸드랩,,,2025-4-0470,20250822025,주식회사 온푸드랩,축산물가공업-식육가공업,경상북도 예천군,축산물
식용란수집판매업,635,2028-12-25,BIZ048,축산물,581,3631,2025-12-26,대구광역시,황금달걀,중구,"유통,판매,조리",2025-4-0468,축산물판매업-식용란수집판매업,황금달걀,중구 황금달걀,,,2025-4-0468,20250220085,황금달걀,축산물판매업-식용란수집판매업,대구광역시 중구,축산물
양념육,612,2028-12-23,BIZ047,축산물,86,3633,2025-12-24,경상북도,시골푸드,영주시,"제조,가공",2025-4-0466,축산물가공업-식육가공업,시골푸드,영주시 시골푸드,128.6050723965305,36.82023610158977,2025-4-0466,20250822016,시골푸드,축산물가공업-식육가공업,경상북도 영주시,축산물
과ㆍ채주스,106,2028-12-18,BIZ047,식품,C10100006,3634,2025-12-19,경상북도,담다F&B,안동시,"제조,가공",2025-4-0465,식품제조가공업,담다F&B,안동시 담다F&B,128.68135190435214,36.56737829117802,2025-4-0465,20250839677,담다F&B,식품제조가공업,경상북도 안동시,식품
떡류,106,2028-12-18,BIZ047,식품,C09300005,3635,2025-12-19,경상북도,녹태원,영천시,"제조,가공",2025-4-0464,식품제조가공업,녹태원,영천시 녹태원,,,2025-4-0464,20250854261,녹태원,식품제조가공업,경상북도 영천시,식품
과자,106,2028-12-18,BIZ047,식품,C09300001,3636,2025-12-19,경상북도,녹태원,영천시,"제조,가공",2025-4-0463,식품제조가공업,녹태원,영천시 녹태원,,,2025-4-0463,20250854261,녹태원,식품제조가공업,경상북도 영천시,식품
서류가공품,106,2028-12-18,BIZ047,식품,C10700013,3637,2025-12-19,대구광역시,주식회사 새로움플러스,서구,"제조,가공",2025-4-0462,식품제조가공업,주식회사 새로움플러스,서구 주식회사 새로움플러스,,,2025-4-0462,20250226412,주식회사 새로움플러스,식품제조가공업,대구광역시 서구,식품
건조저장육류,612,2028-12-18,BIZ047,축산물,85,3638,2025-12-19,대구광역시,주식회사 새로움플러스,서구,"제조,가공",2025-4-0461,축산물가공업-식육가공업,주식회사 새로움플러스,서구 주식회사 새로움플러스,,,2025-4-0461,20250217023,주식회사 새로움플러스,축산물가공업-식육가공업,대구광역시 서구,축산물
청국장,106,2028-12-17,BIZ047,식품,C10300012,3639,2025-12-18,경상북도,한얼식품,영주시,"제조,가공",2025-4-0460,식품제조가공업,한얼식품,영주시 한얼식품,128.52204100052927,36.85303760069884,2025-4-0460,20090554254,한얼식품,식품제조가공업,경상북도 영주시,식품
과ㆍ채음료,106,2028-12-16,BIZ047,식품,C10100007,3641,2025-12-17,경상북도,성진팜,포항시 북구,"제조,가공",2025-4-0458,식품제조가공업,성진팜,포항시 북구 성진팜,,,2025-4-0458,20250824099,성진팜,식품제조가공업,경상북도 포항시 북구,식품
곡류가공품,106,2028-12-16,BIZ047,식품,C10700011,3644,2025-12-17,경상북도,푸르미작업장,울진군,"제조,가공",2025-4-0455,식품제조가공업,푸르미작업장,울진군 푸르미작업장,129.38904087447017,37.050594648581296,2025-4-0455,20220828069,푸르미작업장,식품제조가공업,경상북도 울진군,식품
즉석조리식품,106,2028-12-14,BIZ047,식품,C11300005,3649,2025-12-15,경상북도,(주)늘푸른스마트테크,영천시,"제조,가공",2025-4-0450,식품제조가공업,늘푸른스마트테크,영천시 늘푸른스마트테크,128.88640829743855,35.87692859865182,2025-4-0450,20210565091,(주)늘푸른스마트테크,식품제조가공업,경상북도 영천시,식품
소스,106,2028-12-14,BIZ047,식품,C10400003,3650,2025-12-15,경상북도,(주)늘푸른스마트테크,영천시,"제조,가공",2025-4-0449,식품제조가공업,늘푸른스마트테크,영천시 늘푸른스마트테크,128.88640829743855,35.87692859865182,2025-4-0449,20210565091,(주)늘푸른스마트테크,식품제조가공업,경상북도 경산시,식품
"양념육,식육추출가공품",612,2028-12-11,BIZ047,축산물,"86,89",3651,2025-12-12,대구광역시,주식회사 해나에프앤디,달성군,"제조,가공",2025-4-0448,축산물가공업-식육가공업,주식회사 해나에프앤디,달성군 주식회사 해나에프앤디,,,2025-4-0448,20250217024,주식회사 해나에프앤디,축산물가공업-식육가공업,대구광역시 달성군,축산물
과ㆍ채가공품,106,2028-12-11,BIZ047,식품,C10700010,3652,2025-12-12,경상북도,영농조합법인 푸루른,의성군,"제조,가공",2025-4-0447,식품제조가공업,영농조합법인 푸루른,의성군 영농조합법인 푸루른,128.50062231359288,36.3388828418407,2025-4-0447,20180567002,영농조합법인 푸루른,식품제조가공업,경상북도 의성군,식품
포장육,604,2028-12-04,BIZ047,축산물,78,3656,2025-12-05,대구광역시,주원산오리내일식품,달서구,"제조,가공",2025-4-0443,식육포장처리업,주원산오리내일식품,달서구 주원산오리내일식품,128.51704190017955,35.83966560070342,2025-4-0443,20130182163,주원산오리내일식품,식육포장처리업,대구광역시 달서구,축산물
포장육,604,2028-12-04,BIZ047,축산물,78,3657,2025-12-05,대구광역시,(주)우리미트컴퍼니,북구,"제조,가공",2025-4-0442,식육포장처리업,우리미트컴퍼니,북구 우리미트컴퍼니,128.61004089956165,35.91133229592289,2025-4-0442,20150168890,(주)우리미트컴퍼니,식육포장처리업,대구광역시 북구,축산물
떡류,106,2028-12-01,BIZ047,식품,C09300005,3660,2025-12-02,경상북도,대박푸드,문경시,"제조,가공",2025-4-0438,식품제조가공업,대박푸드,문경시 대박푸드,128.14736249769732,36.68774415136654,2025-4-0438,20220800255,대박푸드,식품제조가공업,경상북도 문경시,식품
포장육,604,2028-11-27,BIZ047,축산물,78,3661,2025-11-28,대구광역시,함백축산,달서구,"제조,가공",2025-4-0437,식육포장처리업,함백축산,달서구 함백축산,,,2025-4-0437,20250248627,함백축산,식육포장처리업,대구광역시 달서구,축산물
초콜릿가공품,106,2028-11-27,BIZ047,식품,C09500009,3662,2025-11-28,경상북도,마주(maJu),김천시,"제조,가공",2025-4-0436,식품제조가공업,마주,김천시 마주,128.0279112997918,36.15307950128902,2025-4-0436,20200545172,마주(maJu),식품제조가공업,경상북도 김천시,식품
기타 수산물가공품 중 냉동연체류,106,2028-11-27,BIZ047,식품,C11800001,3663,2025-11-28,경상북도,주식회사 무송에프앤비,포항시 남구,"제조,가공",2025-4-0435,식품제조가공업,주식회사 무송에프앤비,포항시 남구 주식회사 무송에프앤비,,,2025-4-0435,20250824094,주식회사 무송에프앤비,식품제조가공업,경상북도 포항시 남구,식품
기타 수산물가공품 중 냉동어류,106,2028-11-27,BIZ047,식품,C11700001,3664,2025-11-28,경상북도,주식회사 무송에프앤비,포항시 남구,"제조,가공",2025-4-0434,식품제조가공업,주식회사 무송에프앤비,포항시 남구 주식회사 무송에프앤비,,,2025-4-0434,20250824094,주식회사 무송에프앤비,식품제조가공업,경상북도 포항시 남구,식품
과ㆍ채가공품(공유주방 이용업소),106,2028-11-27,BIZ047,식품,C10700010,3665,2025-11-28,경상북도,농업회사법인 주식회사 지엔에프앤비,성주군,"제조,가공",2025-4-0433,식품제조가공업,농업회사법인 주식회사 지엔에프앤비,성주군 농업회사법인 주식회사 지엔에프앤비,,,2025-4-0433,20250877121,농업회사법인 주식회사 지엔에프앤비,식품제조가공업,경상북도 성주군,식품
음료베이스(공유주방 이용업소),106,2028-11-27,BIZ047,식품,C10100017,3666,2025-11-28,경상북도,농업회사법인 주식회사 지엔에프앤비,성주군,"제조,가공",2025-4-0432,식품제조가공업,농업회사법인 주식회사 지엔에프앤비,성주군 농업회사법인 주식회사 지엔에프앤비,,,2025-4-0432,20250877121,농업회사법인 주식회사 지엔에프앤비,식품제조가공업,경상북도 성주군,식품
식육판매업,630,2028-11-26,BIZ048,축산물,176,3667,2025-11-27,대구광역시,더드림정육점,달서구,"유통,판매,조리",2025-4-0431,축산물판매업-식육판매업,더드림정육점,달서구 더드림정육점,,,2025-4-0431,20250249262,더드림정육점,축산물판매업-식육판매업,대구광역시 달서구,축산물
양념육,612,2028-11-26,BIZ047,축산물,86,3668,2025-11-27,경상북도,진미식품유통,구미시,"제조,가공",2025-4-0430,축산물가공업-식육가공업,진미식품유통,구미시 진미식품유통,,,2025-4-0430,20250822022,진미식품유통,축산물가공업-식육가공업,경상북도 구미시,축산물
식용란수집판매업,635,2028-11-24,BIZ048,축산물,581,3670,2025-11-25,대구광역시,(주)알럽,동구,"유통,판매,조리",2025-4-0428,축산물판매업-식용란수집판매업,알럽,동구 알럽,128.69820710474863,35.876628903632565,2025-4-0428,20240223156,(주)알럽,축산물판매업-식용란수집판매업,대구광역시 동구,축산물
포장육,604,2028-11-24,BIZ047,축산물,78,3671,2025-11-25,대구광역시,(주)품격한우,달성군,"제조,가공",2025-4-0427,식육포장처리업,품격한우,달성군 품격한우,128.43004560158442,35.78470209592963,2025-4-0427,20250256153,(주)품격한우,식육포장처리업,대구광역시 달성군,축산물
과ㆍ채음료,106,2028-11-20,BIZ047,식품,C10100007,3673,2025-11-21,경상북도,구미시농산물가공기술지원센터,구미시,"제조,가공",2025-4-0425,식품제조가공업,구미시농산물가공기술지원센터,구미시 구미시농산물가공기술지원센터,128.2881488955711,36.23266380020502,2025-4-0425,20250845515,구미시농산물가공기술지원센터,식품제조가공업,경상북도 구미시,식품
잼,106,2028-11-20,BIZ047,식품,C09700001,3674,2025-11-21,경상북도,구미시농산물가공기술지원센터,구미시,"제조,가공",2025-4-0424,식품제조가공업,구미시농산물가공기술지원센터,구미시 구미시농산물가공기술지원센터,128.2881488955711,36.23266380020502,2025-4-0424,20250845515,구미시농산물가공기술지원센터,식품제조가공업,경상북도 구미시,식품
캔디류,106,2028-11-20,BIZ047,식품,C09300002,3675,2025-11-21,경상북도,구미시농산물가공기술지원센터,구미시,"제조,가공",2025-4-0423,식품제조가공업,구미시농산물가공기술지원센터,구미시 구미시농산물가공기술지원센터,128.2881488955711,36.23266380020502,2025-4-0423,20250845515,구미시농산물가공기술지원센터,식품제조가공업,경상북도 구미시,식품
과자,106,2028-11-20,BIZ047,식품,C09300001,3676,2025-11-21,경상북도,구미시농산물가공기술지원센터,구미시,"제조,가공",2025-4-0422,식품제조가공업,구미시농산물가공기술지원센터,구미시 구미시농산물가공기술지원센터,128.2881488955711,36.23266380020502,2025-4-0422,20250845515,구미시농산물가공기술지원센터,식품제조가공업,경상북도 구미시,식품
서류가공품,106,2028-11-19,BIZ047,식품,C10700013,3677,2025-11-20,경상북도,농업회사법인 한채원 주식회사,청도군,"제조,가공",2025-4-0421,식품제조가공업,농업회사법인 한채원 주식회사,청도군 농업회사법인 한채원 주식회사,128.7552963963945,35.626678913010075,2025-4-0421,20230824089,농업회사법인 한채원 주식회사,식품제조가공업,경상북도 청도군,식품
발효식초,106,2028-11-13,BIZ047,식품,C10400001,3679,2025-11-14,경상북도,(주)놀이터팩토리 D1,칠곡군,"제조,가공",2025-4-0419,식품제조가공업,놀이터팩토리 D1,칠곡군 놀이터팩토리 D1,128.42559569988438,35.966330201250145,2025-4-0419,20180574195,(주)놀이터팩토리 D1,식품제조가공업,경상북도 칠곡군,식품
올리브유,106,2028-11-13,BIZ047,식품,C09900013,3680,2025-11-14,경상북도,(주)놀이터팩토리 D1,칠곡군,"제조,가공",2025-4-0418,식품제조가공업,놀이터팩토리 D1,칠곡군 놀이터팩토리 D1,128.42559569988438,35.966330201250145,2025-4-0418,20180574195,(주)놀이터팩토리 D1,식품제조가공업,경상북도 칠곡군,식품
식육판매업,630,2028-11-10,BIZ048,축산물,176,3681,2025-11-11,대구광역시,한신미트,동구,"유통,판매,조리",2025-4-0417,축산물판매업-식육판매업,한신미트,동구 한신미트,,,2025-4-0417,20220208254,한신미트,축산물판매업-식육판매업,대구광역시 동구,축산물
땅콩 또는 견과류가공품,106,2028-11-11,BIZ047,식품,C10700006,3682,2025-11-12,대구광역시,농심태경(주),달성군,"제조,가공",2025-4-0416,식품제조가공업,농심태경,달성군 농심태경,128.47024939960644,35.73474970109668,2025-4-0416,19960188088,농심태경(주),식품제조가공업,대구광역시 달성군,식품
과ㆍ채주스,106,2028-11-09,BIZ047,식품,C10100006,3688,2025-11-10,경상북도,참조은청송얼음골영농조합법인,청송군,"제조,가공",2025-4-0410,식품제조가공업,참조은청송얼음골영농조합법인,청송군 참조은청송얼음골영농조합법인,129.19993750085416,36.3136477040496,2025-4-0410,20240867042,참조은청송얼음골영농조합법인,식품제조가공업,경상북도 청송군,식품
과ㆍ채가공품,106,2028-11-06,BIZ047,식품,C10700010,3690,2025-11-07,대구광역시,주식회사 센비아,서구,"제조,가공",2025-4-0408,식품제조가공업,주식회사 센비아,서구 주식회사 센비아,128.5415967966892,35.86590510272461,2025-4-0408,20250226128,주식회사 센비아,식품제조가공업,대구광역시 서구,식품
발효식초,106,2028-11-06,BIZ047,식품,C10400001,3691,2025-11-07,대구광역시,주식회사 센비아,서구,"제조,가공",2025-4-0407,식품제조가공업,주식회사 센비아,서구 주식회사 센비아,128.5415967966892,35.86590510272461,2025-4-0407,20250226128,주식회사 센비아,식품제조가공업,대구광역시 서구,식품
액상차,106,2028-11-06,BIZ047,식품,C10100002,3692,2025-11-07,대구광역시,주식회사 센비아,서구,"제조,가공",2025-4-0406,식품제조가공업,주식회사 센비아,서구 주식회사 센비아,128.5415967966892,35.86590510272461,2025-4-0406,20250226128,주식회사 센비아,식품제조가공업,대구광역시 서구,식품
잼,106,2028-11-06,BIZ047,식품,C09700001,3693,2025-11-07,대구광역시,주식회사 센비아,서구,"제조,가공",2025-4-0405,식품제조가공업,주식회사 센비아,서구 주식회사 센비아,128.5415967966892,35.86590510272461,2025-4-0405,20250226128,주식회사 센비아,식품제조가공업,대구광역시 서구,식품
양념육,612,2028-11-04,BIZ047,축산물,86,3694,2025-11-05,대구광역시,모락뜰,동구,"제조,가공",2025-4-0404,축산물가공업-식육가공업,모락뜰,동구 모락뜰,128.68175529504893,35.87394730260222,2025-4-0404,20240217014,모락뜰,축산물가공업-식육가공업,대구광역시 동구,축산물
식육판매업,630,2028-11-03,BIZ048,축산물,176,3695,2025-11-04,대구광역시,황룡축산,북구,"유통,판매,조리",2025-4-0401,축산물판매업-식육판매업,황룡축산,북구 황룡축산,,,2025-4-0401,20250233986,황룡축산,축산물판매업-식육판매업,대구광역시 북구,축산물
포장육,604,2028-11-03,BIZ047,축산물,78,3696,2025-11-04,대구광역시,주식회사 월계,북구,"제조,가공",2025-4-0400,식육포장처리업,주식회사 월계,북구 주식회사 월계,128.54340570501222,35.94857089764434,2025-4-0400,20140169043,주식회사 월계,식육포장처리업,대구광역시 북구,축산물
양념육,612,2028-11-03,BIZ047,축산물,86,3697,2025-11-04,대구광역시,주식회사 월계,북구,"제조,가공",2025-4-0399,축산물가공업-식육가공업,주식회사 월계,북구 주식회사 월계,128.54340570501222,35.94857089764434,2025-4-0399,20250217017,주식회사 월계,축산물가공업-식육가공업,대구광역시 북구,축산물
과ㆍ채주스,106,2028-11-02,BIZ047,식품,C10100006,3698,2025-11-03,대구광역시,아이선,서구,"제조,가공",2025-4-0398,식품제조가공업,아이선,서구 아이선,128.5583501022654,35.879581718138205,2025-4-0398,20190164285,아이선,식품제조가공업,대구광역시 서구,식품
김치(배추김치),106,2028-10-30,BIZ047,식품,C12300001,3699,2025-10-31,경상북도,농업회사법인 주식회사 새움푸드,예천군,"제조,가공",2025-4-0397,식품제조가공업,농업회사법인 주식회사 새움푸드,예천군 농업회사법인 주식회사 새움푸드,,,2025-4-0397,20160571068,농업회사법인 주식회사 새움푸드,식품제조가공업,경상북도 예천군,식품
절임식품,106,2028-10-30,BIZ047,식품,C10500003,3700,2025-10-31,경상북도,농업회사법인 주식회사 새움푸드,예천군,"제조,가공",2025-4-0396,식품제조가공업,농업회사법인 주식회사 새움푸드,예천군 농업회사법인 주식회사 새움푸드,,,2025-4-0396,20160571068,농업회사법인 주식회사 새움푸드,식품제조가공업,경상북도 예천군,식품
김치(기타김치),106,2028-10-30,BIZ047,식품,C10500002,3701,2025-10-31,경상북도,농업회사법인 주식회사 새움푸드,예천군,"제조,가공",2025-4-0395,식품제조가공업,농업회사법인 주식회사 새움푸드,예천군 농업회사법인 주식회사 새움푸드,,,2025-4-0395,20160571068,농업회사법인 주식회사 새움푸드,식품제조가공업,경상북도 예천군,식품
포장육,604,2028-10-30,BIZ047,축산물,78,3702,2025-10-31,경상북도,영주한우타운 주식회사 농업회사법인,영주시,"제조,가공",2025-4-0394,식육포장처리업,영주한우타운 주식회사 농업회사법인,영주시 영주한우타운 주식회사 농업회사법인,128.64159220018158,36.78134070083407,2025-4-0394,20230801149,영주한우타운 주식회사 농업회사법인,식육포장처리업,경상북도 영주시,축산물
포장육,604,2028-10-29,BIZ047,축산물,78,3704,2025-10-30,대구광역시,세이브푸드,서구,"제조,가공",2025-4-0392,식육포장처리업,세이브푸드,서구 세이브푸드,128.54330559995174,35.87771310116461,2025-4-0392,20130163396,세이브푸드,식육포장처리업,대구광역시 서구,축산물
포장육,604,2028-10-28,BIZ047,축산물,78,3705,2025-10-29,경상북도,모닝더푸드,칠곡군,"제조,가공",2025-4-0391,식육포장처리업,모닝더푸드,칠곡군 모닝더푸드,,,2025-4-0391,20250233381,모닝더푸드,식육포장처리업,대구광역시 북구,축산물
빵류,106,2028-10-27,BIZ047,식품,C09300004,3706,2025-10-28,경상북도,더 웨일 도넛,칠곡군,"제조,가공",2025-4-0390,식품제조가공업,더 웨일 도넛,칠곡군 더 웨일 도넛,,,2025-4-0390,20250879367,더 웨일 도넛,식품제조가공업,경상북도 칠곡군,식품
떡류,106,2028-10-27,BIZ047,식품,C09300005,3707,2025-10-28,경상북도,농업회사법인 고운 주식회사,경산시,"제조,가공",2025-4-0389,식품제조가공업,농업회사법인 고운 주식회사,경산시 농업회사법인 고운 주식회사,128.72471549803078,35.83338738789899,2025-4-0389,20250862326,농업회사법인 고운 주식회사,식품제조가공업,경상북도 경산시,식품
기타 농산가공품,106,2028-10-26,BIZ047,식품,C10700014,3708,2025-10-27,대구광역시,농업회사법인주식회사끌림,동구,"제조,가공",2025-4-0388,식품제조가공업,농업회사법인주식회사끌림,동구 농업회사법인주식회사끌림,128.68518640456168,35.87840370348288,2025-4-0388,20250222174,농업회사법인주식회사끌림,식품제조가공업,대구광역시 동구,식품
들기름,106,2028-10-26,BIZ047,식품,C09900007,3709,2025-10-27,대구광역시,농업회사법인주식회사끌림,동구,"제조,가공",2025-4-0387,식품제조가공업,농업회사법인주식회사끌림,동구 농업회사법인주식회사끌림,128.68518640456168,35.87840370348288,2025-4-0387,20250222174,농업회사법인주식회사끌림,식품제조가공업,대구광역시 동구,식품
참기름,106,2028-10-26,BIZ047,식품,C09900005,3710,2025-10-27,대구광역시,농업회사법인주식회사끌림,동구,"제조,가공",2025-4-0386,식품제조가공업,농업회사법인주식회사끌림,동구 농업회사법인주식회사끌림,128.68518640456168,35.87840370348288,2025-4-0386,20250222174,농업회사법인주식회사끌림,식품제조가공업,대구광역시 동구,식품
식용란선별포장업,009,2028-10-26,BIZ048,축산물,901,3711,2025-10-27,경상북도,농업회사법인 인자바이오 주식회사,상주시,"유통,판매,조리",2025-4-0385,식용란선별포장업,농업회사법인 인자바이오 주식회사,상주시 농업회사법인 인자바이오 주식회사,,,2025-4-0385,20250822021,농업회사법인 인자바이오 주식회사,식용란선별포장업,경상북도 상주시,축산물
기타 수산물가공품 중 냉동조미가공품,106,2028-04-20,BIZ047,식품,C11900001,3712,2025-10-27,경상북도,주식회사 대일씨엔에프,포항시 남구,"제조,가공",2025-4-0384,식품제조가공업,주식회사 대일씨엔에프,포항시 남구 주식회사 대일씨엔에프,129.55067549924493,35.980210498426665,2025-4-0384,20050533017,주식회사 대일씨엔에프,식품제조가공업,경상북도 포항시 남구,식품
기타 수산물가공품,106,2028-04-20,BIZ047,식품,C11000016,3713,2025-10-27,경상북도,주식회사 대일씨엔에프,포항시 남구,"제조,가공",2025-4-0383,식품제조가공업,주식회사 대일씨엔에프,포항시 남구 주식회사 대일씨엔에프,129.55067549924493,35.980210498426665,2025-4-0383,20050533017,주식회사 대일씨엔에프,식품제조가공업,경상북도 포항시 남구,식품
양념육,612,2028-10-23,BIZ047,축산물,86,3714,2025-10-24,대구광역시,참좋은푸드,북구,"제조,가공",2025-4-0382,축산물가공업-식육가공업,참좋은푸드,북구 참좋은푸드,128.53574030000723,35.895073700571764,2025-4-0382,20140157024,참좋은푸드,축산물가공업-식육가공업,대구광역시 북구,축산물
포장육,604,2028-10-23,BIZ047,축산물,78,3715,2025-10-24,대구광역시,참좋은푸드,북구,"제조,가공",2025-4-0381,식육포장처리업,참좋은푸드,북구 참좋은푸드,128.53574030000723,35.895073700571764,2025-4-0381,20130169025,참좋은푸드,식육포장처리업,대구광역시 북구,축산물
음료베이스,106,2028-10-23,BIZ047,식품,C10100017,3717,2025-10-24,경상북도,포항바이오파크,포항시 남구,"제조,가공",2025-4-0379,식품제조가공업,포항바이오파크,포항시 남구 포항바이오파크,129.3576750137235,36.0066744647173,2025-4-0379,20090533327,포항바이오파크,식품제조가공업,경상북도 포항시 남구,식품
포장육,604,2028-10-23,BIZ047,축산물,78,3718,2025-10-24,대구광역시,우왕축수산물도매센터,동구,"제조,가공",2025-4-0378,식육포장처리업,우왕축수산물도매센터,동구 우왕축수산물도매센터,,,2025-4-0378,20250222950,우왕축수산물도매센터,식육포장처리업,대구광역시 동구,축산물
레토르트식품(즉석조리식품),106,2028-10-22,BIZ047,식품,C00200001,3719,2025-10-23,경상북도,(주)도들샘,경산시,"제조,가공",2025-4-0377,식품제조가공업,도들샘,경산시 도들샘,128.82185810113077,35.90223376797458,2025-4-0377,19860560012,(주)도들샘,식품제조가공업,경상북도 경산시,식품
포장육,604,2028-10-21,BIZ047,축산물,78,3720,2025-10-22,경상북도,(주)천강축산,경산시,"제조,가공",2025-4-0376,식육포장처리업,천강축산,경산시 천강축산,128.74789310457203,35.8438224033392,2025-4-0376,20250862364,(주)천강축산,식육포장처리업,경상북도 경산시,축산물
양념육,612,2028-10-21,BIZ047,축산물,86,3721,2025-10-22,경상북도,(주)천강축산,경산시,"제조,가공",2025-4-0375,축산물가공업-식육가공업,천강축산,경산시 천강축산,128.74789310457203,35.8438224033392,2025-4-0375,20250822014,(주)천강축산,축산물가공업-식육가공업,경상북도 경산시,축산물
포장육,604,2028-10-20,BIZ047,축산물,78,3722,2025-10-21,대구광역시,주식회사 건강에프앤비 농업회사법인,달성군,"제조,가공",2025-4-0374,식육포장처리업,주식회사 건강에프앤비 농업회사법인,달성군 주식회사 건강에프앤비 농업회사법인,128.4856935994901,35.79908110068392,2025-4-0374,20240256367,주식회사 건강에프앤비 농업회사법인,식육포장처리업,대구광역시 달성군,축산물
열량 및 영양공급용 식품,106,2028-10-20,BIZ047,식품,C0324010500000,3723,2025-10-21,경상북도,주식회사 뉴밀,경산시,"제조,가공",2025-4-0373,식품제조가공업,주식회사 뉴밀,경산시 주식회사 뉴밀,128.83394320146363,35.95154960154408,2025-4-0373,20240862341,주식회사 뉴밀,식품제조가공업,경상북도 경산시,식품
장질환자용 단백가수분해 영양조제식품,106,2028-10-20,BIZ047,식품,C0324010400000,3724,2025-10-21,경상북도,주식회사 뉴밀,경산시,"제조,가공",2025-4-0372,식품제조가공업,주식회사 뉴밀,경산시 주식회사 뉴밀,128.83394320146363,35.95154960154408,2025-4-0372,20240862341,주식회사 뉴밀,식품제조가공업,경상북도 경산시,식품
양념육,612,2028-10-19,BIZ047,축산물,86,3726,2025-10-20,경상북도,(주)지례흑돼지농업회사법인,김천시,"제조,가공",2025-4-0370,축산물가공업-식육가공업,지례흑돼지농업회사법인,김천시 지례흑돼지농업회사법인,128.03028290048732,35.98977580018655,2025-4-0370,20240822037,(주)지례흑돼지농업회사법인,축산물가공업-식육가공업,경상북도 김천시,축산물
포장육,604,2028-10-16,BIZ047,축산물,78,3727,2025-10-17,경상북도,달인식품,칠곡군,"제조,가공",2025-4-0369,식육포장처리업,달인식품,칠곡군 달인식품,128.47111090023287,35.95355820122923,2025-4-0369,20240879153,달인식품,식육포장처리업,경상북도 칠곡군,축산물
양념육,612,2028-10-16,BIZ047,축산물,86,3728,2025-10-17,경상북도,달인식품,칠곡군,"제조,가공",2025-4-0368,축산물가공업-식육가공업,달인식품,칠곡군 달인식품,128.47111090023287,35.95355820122923,2025-4-0368,20250822013,달인식품,축산물가공업-식육가공업,경상북도 칠곡군,축산물
양념육,612,2028-10-14,BIZ047,축산물,86,3729,2025-10-15,대구광역시,주식회사 브로미트,북구,"제조,가공",2025-4-0367,축산물가공업-식육가공업,주식회사 브로미트,북구 주식회사 브로미트,,,2025-4-0367,20250217016,주식회사 브로미트,축산물가공업-식육가공업,대구광역시 북구,축산물
포장육,604,2028-10-13,BIZ047,축산물,78,3730,2025-10-14,경상북도,부창식품,안동시,"제조,가공",2025-4-0366,식육포장처리업,부창식품,안동시 부창식품,128.69967430013332,36.57187350076644,2025-4-0366,20180547542,부창식품,식육포장처리업,경상북도 안동시,축산물
양념육,612,2028-10-13,BIZ047,축산물,86,3731,2025-10-14,경상북도,칠곡양돈영농조합법인 육가공장,칠곡군,"제조,가공",2025-4-0365,축산물가공업-식육가공업,칠곡양돈영농조합법인 육가공장,칠곡군 칠곡양돈영농조합법인 육가공장,128.39019490053013,36.001932700588945,2025-4-0365,20250822020,칠곡양돈영농조합법인 육가공장,축산물가공업-식육가공업,경상북도 칠곡군,축산물
떡류,106,2028-10-01,BIZ047,식품,C09300005,3732,2025-10-02,대구광역시,통합,북구,"제조,가공",2025-4-0364,식품제조가공업,통합,북구 통합,126.94564719951454,35.21097500091804,2025-4-0364,20240233107,통합,식품제조가공업,대구광역시 북구,식품
기타 수산물가공품 중 냉동조미가공품,106,2028-10-01,BIZ047,식품,C11900001,3733,2025-10-02,경상북도,주식회사 아나푸드,칠곡군,"제조,가공",2025-4-0363,식품제조가공업,주식회사 아나푸드,칠곡군 주식회사 아나푸드,128.39762240308903,35.98469399915691,2025-4-0363,20240879458,주식회사 아나푸드,식품제조가공업,경상북도 칠곡군,식품
액상차,106,2028-10-01,BIZ047,식품,C10100002,3734,2025-10-02,대구광역시,알제이바이오,달성군,"제조,가공",2025-4-0362,식품제조가공업,알제이바이오,달성군 알제이바이오,128.426014095297,35.67722389629568,2025-4-0362,20250256199,알제이바이오,식품제조가공업,대구광역시 달성군,식품
기타 수산물가공품 중 냉동연체류,106,2028-09-30,BIZ047,식품,C11800001,3735,2025-10-01,대구광역시,주식회사24에스이에이,북구,"제조,가공",2025-4-0361,식품제조가공업,주식회사24에스이에이,북구 주식회사24에스이에이,128.54152820002136,35.89926230102633,2025-4-0361,20210169420,주식회사24에스이에이,식품제조가공업,대구광역시 북구,식품
기타 수산물가공품 중 냉동어류,106,2028-09-30,BIZ047,식품,C11700001,3736,2025-10-01,대구광역시,주식회사24에스이에이,북구,"제조,가공",2025-4-0360,식품제조가공업,주식회사24에스이에이,북구 주식회사24에스이에이,128.54152820002136,35.89926230102633,2025-4-0360,20210169420,주식회사24에스이에이,식품제조가공업,대구광역시 북구,식품
추출가공식품,106,2028-09-30,BIZ047,식품,C11100007,3737,2025-10-01,경상북도,농업회사법인(주)두손애약초,영천시,"제조,가공",2025-4-0359,식품제조가공업,농업회사법인두손애약초,영천시 농업회사법인두손애약초,128.92718429764247,35.99895311178342,2025-4-0359,20110555115,농업회사법인(주)두손애약초,식품제조가공업,경상북도 영천시,식품
액상차,106,2028-09-30,BIZ047,식품,C10100002,3738,2025-10-01,경상북도,농업회사법인(주)두손애약초,영천시,"제조,가공",2025-4-0358,식품제조가공업,농업회사법인두손애약초,영천시 농업회사법인두손애약초,128.92718429764247,35.99895311178342,2025-4-0358,20110555115,농업회사법인(주)두손애약초,식품제조가공업,경상북도 영천시,식품
포장육,604,2028-09-30,BIZ047,축산물,78,3739,2025-10-01,대구광역시,송축한우,달성군,"제조,가공",2025-4-0357,식육포장처리업,송축한우,달성군 송축한우,,,2025-4-0357,20250256418,송축한우,식육포장처리업,대구광역시 달성군,축산물
양념육,612,2028-09-28,BIZ047,축산물,86,3740,2025-09-29,대구광역시,주식회사 대박컴퍼니,달성군,"제조,가공",2025-4-0356,축산물가공업-식육가공업,주식회사 대박컴퍼니,달성군 주식회사 대박컴퍼니,128.48192350534637,35.79545629946681,2025-4-0356,20250217009,주식회사 대박컴퍼니,축산물가공업-식육가공업,대구광역시 달성군,축산물
포장육,604,2028-09-28,BIZ047,축산물,78,3741,2025-09-29,대구광역시,주식회사 대박컴퍼니,달성군,"제조,가공",2025-4-0355,식육포장처리업,주식회사 대박컴퍼니,달성군 주식회사 대박컴퍼니,128.48192350534637,35.79545629946681,2025-4-0355,20250256231,주식회사 대박컴퍼니,식육포장처리업,대구광역시 달성군,축산물
액상차,106,2028-09-28,BIZ047,식품,C10100002,3742,2025-09-29,경상북도,농업회사법인㈜프레쉬벨,경산시,"제조,가공",2025-4-0354,식품제조가공업,농업회사법인㈜프레쉬벨,경산시 농업회사법인㈜프레쉬벨,128.84909999948607,35.90104900092927,2025-4-0354,20190564480,농업회사법인(주)프레쉬벨,식품제조가공업,경상북도 경산시,식품
식육판매업,630,2028-09-28,BIZ048,축산물,176,3743,2025-09-29,경상북도,(주)월성축산,영천시,"유통,판매,조리",2025-4-0353,축산물판매업-식육판매업,월성축산,영천시 월성축산,128.9329312001061,35.95994380076743,2025-4-0353,20140555228,(주)월성축산,축산물판매업-식육판매업,경상북도 영천시,축산물
기타가공품,106,2028-09-24,BIZ047,식품,C11400002,3744,2025-09-25,경상북도,주식회사진성바이오김천지점,김천시,"제조,가공",2025-4-0352,식품제조가공업,주식회사진성바이오김천지점,김천시 주식회사진성바이오김천지점,,,2025-4-0352,20250836194,주식회사진성바이오김천지점,식품제조가공업,경상북도 김천시,식품
향신료조제품,106,2028-09-24,BIZ047,식품,C10400012,3745,2025-09-25,경상북도,주식회사진성바이오김천지점,김천시,"제조,가공",2025-4-0351,식품제조가공업,주식회사진성바이오김천지점,김천시 주식회사진성바이오김천지점,,,2025-4-0351,20250836194,주식회사진성바이오김천지점,식품제조가공업,경상북도 김천시,식품
복합조미식품,106,2028-09-24,BIZ047,식품,C10400006,3746,2025-09-25,경상북도,주식회사진성바이오김천지점,김천시,"제조,가공",2025-4-0350,식품제조가공업,주식회사진성바이오김천지점,김천시 주식회사진성바이오김천지점,,,2025-4-0350,20250836194,주식회사진성바이오김천지점,식품제조가공업,경상북도 김천시,식품
식육판매업,630,2028-09-24,BIZ048,축산물,176,3747,2025-09-25,대구광역시,미트벨리축산,남구,"유통,판매,조리",2025-4-0349,축산물판매업-식육판매업,미트벨리축산,남구 미트벨리축산,,,2025-4-0349,20250230268,미트벨리축산,축산물판매업-식육판매업,대구광역시 남구,축산물
기타가공품,106,2028-09-23,BIZ047,식품,C11400002,3748,2025-09-24,경상북도,농업회사법인주식회사푸드팩토리,안동시,"제조,가공",2025-4-0348,식품제조가공업,농업회사법인주식회사푸드팩토리,안동시 농업회사법인주식회사푸드팩토리,128.54633190371726,36.59634279673433,2025-4-0348,20250839191,(주)푸드팩토리 바이오센터,식품제조가공업,경상북도 안동시,식품
포장육,604,2028-09-22,BIZ047,축산물,78,3749,2025-09-23,대구광역시,명진축산식품,북구,"제조,가공",2025-4-0347,식육포장처리업,명진축산식품,북구 명진축산식품,128.58007249947906,35.891018900540466,2025-4-0347,20110169092,명진축산식품,식육포장처리업,대구광역시 북구,축산물
기타 수산물가공품 중 냉동연체류,106,2028-10-07,BIZ047,식품,C11800001,3750,2025-09-23,경상북도,태양수산 식품,경주시,"제조,가공",2025-4-0346,식품제조가공업,태양수산 식품,경주시 태양수산 식품,129.24847320014368,35.94763396359214,2025-4-0346,20160538702,태양수산 식품,식품제조가공업,경상북도 경주시,식품
포장육,604,2028-09-18,BIZ047,축산물,78,3754,2025-09-19,경상북도,동원푸드,안동시,"제조,가공",2025-4-0342,식육포장처리업,동원푸드,안동시 동원푸드,128.6972626005158,36.573939701080896,2025-4-0342,20180547252,동원푸드,식육포장처리업,경상북도 안동시,축산물
기타발효음료,106,2028-09-16,BIZ047,식품,C10100014,3756,2025-09-17,경상북도,솔지원,봉화군,"제조,가공",2025-4-0340,식품제조가공업,솔지원,봉화군 솔지원,128.76245650015133,36.89732628430821,2025-4-0340,20100572001,솔지원,식품제조가공업,경상북도 봉화군,식품
식육추출가공품,612,2028-09-15,BIZ047,축산물,89,3759,2025-09-16,경상북도,건강밥상 농업회사법인주식회사,안동시,"제조,가공",2025-4-0337,축산물가공업-식육가공업,건강밥상 농업회사법인주식회사,안동시 건강밥상 농업회사법인주식회사,128.6963321957868,36.57075400768026,2025-4-0337,20250822008,건강밥상 농업회사법인주식회사,축산물가공업-식육가공업,경상북도 안동시,축산물
식육판매업,630,2028-09-13,BIZ048,축산물,176,3760,2025-09-14,대구광역시,금복푸드,북구,"유통,판매,조리",2025-4-0336,축산물판매업-식육판매업,금복푸드,북구 금복푸드,,,2025-4-0336,20250233826,금복푸드,축산물판매업-식육판매업,대구광역시 북구,축산물
식육판매업,630,2028-09-13,BIZ048,축산물,176,3761,2025-09-14,대구광역시,우미축산,북구,"유통,판매,조리",2025-4-0335,축산물판매업-식육판매업,우미축산,북구 우미축산,,,2025-4-0335,20250233829,우미축산,축산물판매업-식육판매업,대구광역시 북구,축산물
빵류,106,2028-09-10,BIZ047,식품,C09300004,3762,2025-09-11,경상북도,정담두부집,김천시,"제조,가공",2025-4-0334,식품제조가공업,정담두부집,김천시 정담두부집,128.15064260237412,36.11429116481639,2025-4-0334,20230785031,정담두부집,식품제조가공업,경상북도 김천시,식품
두류가공품,106,2028-09-10,BIZ047,식품,C10700012,3763,2025-09-11,경상북도,농업회사법인 기림바이오 주식회사,영천시,"제조,가공",2025-4-0333,식품제조가공업,농업회사법인 기림바이오 주식회사,영천시 농업회사법인 기림바이오 주식회사,128.9200436010699,35.938166680867745,2025-4-0333,20110555003,농업회사법인 기림바이오 주식회사,식품제조가공업,경상북도 영천시,식품
곡류가공품,106,2028-09-10,BIZ047,식품,C10700011,3764,2025-09-11,경상북도,농업회사법인 기림바이오 주식회사,영천시,"제조,가공",2025-4-0332,식품제조가공업,농업회사법인 기림바이오 주식회사,영천시 농업회사법인 기림바이오 주식회사,128.9200436010699,35.938166680867745,2025-4-0332,20110555003,농업회사법인 기림바이오 주식회사,식품제조가공업,경상북도 영천시,식품
포장육,604,2028-09-08,BIZ047,축산물,78,3765,2025-09-09,경상북도,서해축산,구미시,"제조,가공",2025-4-0331,식육포장처리업,서해축산,구미시 서해축산,128.3114292047422,36.15017799970443,2025-4-0331,20250845383,서해축산,식육포장처리업,경상북도 구미시,축산물
기타 농산가공품,106,2028-09-07,BIZ047,식품,C10700014,3766,2025-09-08,경상북도,농업회사법인 주식회사 프레쉬벨,영천시,"제조,가공",2025-4-0330,식품제조가공업,농업회사법인 주식회사 프레쉬벨,영천시 농업회사법인 주식회사 프레쉬벨,128.87554539540838,35.90995530022845,2025-4-0330,20250854047,농업회사법인 주식회사 프레쉬벨,식품제조가공업,경상북도 영천시,식품
과ㆍ채가공품,106,2028-09-07,BIZ047,식품,C10700010,3767,2025-09-08,경상북도,농업회사법인 주식회사 프레쉬벨,영천시,"제조,가공",2025-4-0329,식품제조가공업,농업회사법인 주식회사 프레쉬벨,영천시 농업회사법인 주식회사 프레쉬벨,128.87554539540838,35.90995530022845,2025-4-0329,20250854047,농업회사법인 주식회사 프레쉬벨,식품제조가공업,경상북도 영천시,식품
과ㆍ채주스,106,2028-09-07,BIZ047,식품,C10100006,3768,2025-09-08,경상북도,농업회사법인 주식회사 프레쉬벨,영천시,"제조,가공",2025-4-0328,식품제조가공업,농업회사법인 주식회사 프레쉬벨,영천시 농업회사법인 주식회사 프레쉬벨,128.87554539540838,35.90995530022845,2025-4-0328,20250854047,농업회사법인 주식회사 프레쉬벨,식품제조가공업,경상북도 영천시,식품
기타가공품,106,2028-09-03,BIZ047,식품,C11400002,3769,2025-09-04,경상북도,(주)제선당 2공장,경주시,"제조,가공",2025-4-0327,식품제조가공업,제선당 2공장,경주시 제선당 2공장,129.07311439475194,35.887838702887784,2025-4-0327,20250832401,(주)제선당 2공장,식품제조가공업,경상북도 경주시,식품
액상차,106,2028-09-03,BIZ047,식품,C10100002,3770,2025-09-04,경상북도,(주)제선당 2공장,경주시,"제조,가공",2025-4-0326,식품제조가공업,제선당 2공장,경주시 제선당 2공장,129.07311439475194,35.887838702887784,2025-4-0326,20250832401,(주)제선당 2공장,식품제조가공업,경상북도 경주시,식품
알가열제품,613,2028-09-02,BIZ047,축산물,100,3771,2025-09-03,경상북도,경주양계농장컨설팅,경주시,"제조,가공",2025-4-0325,축산물가공업-알가공업,경주양계농장컨설팅,경주시 경주양계농장컨설팅,129.30237690510643,35.77355130284716,2025-4-0325,20250822017,경주양계농장컨설팅,축산물가공업-알가공업,경상북도 경주시,축산물
포장육,604,2028-08-31,BIZ047,축산물,78,3772,2025-09-01,경상북도,의성서부한우회 마늘소영농조합법인,의성군,"제조,가공",2025-4-0324,식육포장처리업,의성서부한우회 마늘소영농조합법인,의성군 의성서부한우회 마늘소영농조합법인,128.44267489982172,36.384169999849846,2025-4-0324,20110563088,의성서부한우회 마늘소영농조합법인,식육포장처리업,경상북도 의성군,축산물
양념육,612,2028-08-28,BIZ047,축산물,86,3773,2025-08-29,대구광역시,DJ푸드,북구,"제조,가공",2025-4-0323,축산물가공업-식육가공업,DJ푸드,북구 DJ푸드,128.5455587004558,35.89755640056849,2025-4-0323,20140157002,DJ푸드,축산물가공업-식육가공업,대구광역시 북구,축산물
양념육,612,2028-08-27,BIZ047,축산물,86,3774,2025-08-28,경상북도,주식회사 소오름,안동시,"제조,가공",2025-4-0322,축산물가공업-식육가공업,주식회사 소오름,안동시 주식회사 소오름,128.57241280543172,36.580919499357385,2025-4-0322,20240822034,주식회사 소오름,축산물가공업-식육가공업,경상북도 안동시,축산물
양념육,612,2028-08-27,BIZ047,축산물,86,3775,2025-08-28,경상북도,주식회사 정담에프앤에스,칠곡군,"제조,가공",2025-4-0321,축산물가공업-식육가공업,주식회사 정담에프앤에스,칠곡군 주식회사 정담에프앤에스,,,2025-4-0321,20250822019,주식회사 정담에프앤에스,축산물가공업-식육가공업,경상북도 칠곡군,축산물
포장육,604,2028-08-27,BIZ047,축산물,78,3776,2025-08-28,경상북도,주식회사 정담에프앤에스,칠곡군,"제조,가공",2025-4-0320,식육포장처리업,주식회사 정담에프앤에스,칠곡군 주식회사 정담에프앤에스,,,2025-4-0320,20250879263,주식회사 정담에프앤에스,식육포장처리업,경상북도 칠곡군,축산물
과ㆍ채주스,106,2028-08-26,BIZ047,식품,C10100006,3777,2025-08-27,경상북도,의성흑마늘영농조합법인,의성군,"제조,가공",2025-4-0319,식품제조가공업,의성흑마늘영농조합법인,의성군 의성흑마늘영농조합법인,128.6822147001234,36.357244099554485,2025-4-0319,20070563031,의성흑마늘영농조합법인,식품제조가공업,경상북도 의성군,식품
들기름,106,2028-08-26,BIZ047,식품,C09900007,3778,2025-08-27,경상북도,주식회사순수미학,영주시,"제조,가공",2025-4-0318,식품제조가공업,주식회사순수미학,영주시 주식회사순수미학,128.713030799923,36.705296201985,2025-4-0318,20240852152,주식회사순수미학,식품제조가공업,경상북도 영주시,식품
참기름,106,2028-08-26,BIZ047,식품,C09900005,3779,2025-08-27,경상북도,주식회사순수미학,영주시,"제조,가공",2025-4-0317,식품제조가공업,주식회사순수미학,영주시 주식회사순수미학,128.713030799923,36.705296201985,2025-4-0317,20240852152,주식회사순수미학,식품제조가공업,경상북도 영주시,식품
콩기름(대두유),106,2028-08-26,BIZ047,식품,C09900001,3780,2025-08-27,경상북도,주식회사순수미학,영주시,"제조,가공",2025-4-0316,식품제조가공업,주식회사순수미학,영주시 주식회사순수미학,128.713030799923,36.705296201985,2025-4-0316,20240852152,주식회사순수미학,식품제조가공업,경상북도 영주시,식품
양념육,612,2028-08-26,BIZ047,축산물,86,3781,2025-08-27,대구광역시,에이원,북구,"제조,가공",2025-4-0315,축산물가공업-식육가공업,에이원,북구 에이원,126.910094873018,35.18691995367079,2025-4-0315,20190158004,에이원,축산물가공업-식육가공업,대구광역시 북구,축산물
포장육,604,2028-08-26,BIZ047,축산물,78,3782,2025-08-27,대구광역시,에이원,북구,"제조,가공",2025-4-0314,식육포장처리업,에이원,북구 에이원,126.910094873018,35.18691995367079,2025-4-0314,20180170300,에이원,식육포장처리업,대구광역시 북구,축산물
과ㆍ채가공품,106,2028-08-25,BIZ047,식품,C10700010,3783,2025-08-26,경상북도,농업회사법인 주식회사 네이처팜(본사),청도군,"제조,가공",2025-4-0313,식품제조가공업,농업회사법인 주식회사 네이처팜,청도군 농업회사법인 주식회사 네이처팜,128.69214300006377,35.669561300997785,2025-4-0313,20170567017,농업회사법인 주식회사 네이처팜(본사),식품제조가공업,경상북도 청도군,식품
과자,106,2028-08-25,BIZ047,식품,C09300001,3784,2025-08-26,대구광역시,농업회사법인밥꽃한과주식회사,동구,"제조,가공",2025-4-0312,식품제조가공업,농업회사법인밥꽃한과주식회사,동구 농업회사법인밥꽃한과주식회사,128.68722460611085,35.95200395180435,2025-4-0312,20250222228,농업회사법인밥꽃한과주식회사,식품제조가공업,대구광역시 동구,식품
식육판매업,630,2028-08-24,BIZ048,축산물,176,3785,2025-08-25,대구광역시,참밝은축산,남구,"유통,판매,조리",2025-4-0311,축산물판매업-식육판매업,참밝은축산,남구 참밝은축산,,,2025-4-0311,20250230242,참밝은축산,축산물판매업-식육판매업,대구광역시 남구,축산물
포장육,604,2028-08-24,BIZ047,축산물,78,3786,2025-08-25,경상북도,거상미트,칠곡군,"제조,가공",2025-4-0310,식육포장처리업,거상미트,칠곡군 거상미트,128.30961550230708,36.05022459901888,2025-4-0310,20240879461,거상미트,식육포장처리업,경상북도 칠곡군,축산물
식육판매업,630,2028-08-24,BIZ048,축산물,176,3787,2025-08-25,대구광역시,하이푸드,달서구,"유통,판매,조리",2025-4-0309,축산물판매업-식육판매업,하이푸드,달서구 하이푸드,128.55043550134783,35.8259453970713,2025-4-0309,20250248755,하이푸드,축산물판매업-식육판매업,대구광역시 달서구,축산물
양념육,612,2028-08-21,BIZ047,축산물,86,3788,2025-08-22,대구광역시,(주)엠케이,북구,"제조,가공",2025-4-0308,축산물가공업-식육가공업,엠케이,북구 엠케이,129.39112919959226,36.08711860117698,2025-4-0308,20050157017,(주)엠케이,축산물가공업-식육가공업,대구광역시 북구,축산물
포장육,604,2028-08-19,BIZ047,축산물,78,3789,2025-08-20,대구광역시,지호푸드,서구,"제조,가공",2025-4-0307,식육포장처리업,지호푸드,서구 지호푸드,128.5287419995054,35.87678390085338,2025-4-0307,20220211179,지호푸드,식육포장처리업,대구광역시 서구,축산물
빙과,106,2028-08-13,BIZ047,식품,C09400001,3790,2025-08-14,경상북도,멜티코,경산시,"제조,가공",2025-4-0306,식품제조가공업,멜티코,경산시 멜티코,,,2025-4-0306,20250862413,멜티코,식품제조가공업,경상북도 경산시,식품
아이스밀크,611,2028-08-13,BIZ047,축산물,C0302010300000,3791,2025-08-14,경상북도,멜티코,경산시,"제조,가공",2025-4-0305,축산물가공업-유가공업,멜티코,경산시 멜티코,,,2025-4-0305,20250822015,멜티코,축산물가공업-유가공업,경상북도 경산시,축산물
양념육,612,2028-08-13,BIZ047,축산물,86,3792,2025-08-14,대구광역시,곱창119,달성군,"제조,가공",2025-4-0304,축산물가공업-식육가공업,곱창119,달성군 곱창119,128.45979539802428,35.69786390044869,2025-4-0304,20240217010,곱창119,축산물가공업-식육가공업,대구광역시 달성군,축산물
즉석섭취식품(운반급식 포함),106,2028-08-13,BIZ047,식품,H03000002,3793,2025-08-14,경상북도,라메르웰푸드,포항시 북구,"제조,가공",2025-4-0301,식품제조가공업,라메르웰푸드,포항시 북구 라메르웰푸드,129.39722729504618,36.070021598820986,2025-4-0301,20250824051,라메르웰푸드,식품제조가공업,경상북도 포항시 북구,식품
과ㆍ채음료,106,2028-08-12,BIZ047,식품,C10100007,3794,2025-08-13,경상북도,주식회사 주스템,칠곡군,"제조,가공",2025-4-0300,식품제조가공업,주식회사 주스템,칠곡군 주식회사 주스템,,,2025-4-0300,20250879205,주식회사 주스템,식품제조가공업,경상북도 칠곡군,식품
과ㆍ채주스,106,2028-08-12,BIZ047,식품,C10100006,3795,2025-08-13,경상북도,주식회사 주스템,칠곡군,"제조,가공",2025-4-0299,식품제조가공업,주식회사 주스템,칠곡군 주식회사 주스템,,,2025-4-0299,20250879205,주식회사 주스템,식품제조가공업,경상북도 칠곡군,식품
액상차,106,2028-08-12,BIZ047,식품,C10100002,3796,2025-08-13,경상북도,주식회사 주스템,칠곡군,"제조,가공",2025-4-0298,식품제조가공업,주식회사 주스템,칠곡군 주식회사 주스템,,,2025-4-0298,20250879205,주식회사 주스템,식품제조가공업,경상북도 칠곡군,식품
즉석섭취식품(운반급식 포함),106,2028-08-12,BIZ047,식품,H03000002,3797,2025-08-13,경상북도,민이네 반찬 도시락,상주시,"제조,가공",2025-4-0297,식품제조가공업,민이네 반찬 도시락,상주시 민이네 반찬 도시락,128.16170349710242,36.41861430078768,2025-4-0297,20240856351,민이네 반찬 도시락,식품제조가공업,경상북도 상주시,식품
가공두부,106,2028-08-11,BIZ047,식품,C09800003,3798,2025-08-12,경상북도,주식회사 태경에스티,문경시,"제조,가공",2025-4-0296,식품제조가공업,주식회사 태경에스티,문경시 주식회사 태경에스티,128.18333550076434,36.63790090070623,2025-4-0296,20240859389,주식회사 태경에스티,식품제조가공업,경상북도 문경시,식품
절임식품,106,2028-08-10,BIZ047,식품,C10500003,3799,2025-08-11,경상북도,자연그린 주식회사,문경시,"제조,가공",2025-4-0295,식품제조가공업,자연그린 주식회사,문경시 자연그린 주식회사,128.1338137998163,36.69235220062392,2025-4-0295,20120558063,자연그린 주식회사,식품제조가공업,경상북도 문경시,식품
양념육,612,2028-08-10,BIZ047,축산물,86,3800,2025-08-11,경상북도,(주)금송에프앤비,안동시,"제조,가공",2025-4-0294,축산물가공업-식육가공업,금송에프앤비,안동시 금송에프앤비,128.6928693978212,36.538316802044,2025-4-0294,20250822010,(주)금송에프앤비,축산물가공업-식육가공업,경상북도 안동시,축산물
포장육,604,2028-08-10,BIZ047,축산물,78,3801,2025-08-11,경상북도,(주)금송에프앤비,안동시,"제조,가공",2025-4-0293,식육포장처리업,금송에프앤비,안동시 금송에프앤비,128.6928693978212,36.538316802044,2025-4-0293,20250839199,(주)금송에프앤비,식육포장처리업,경상북도 안동시,축산물
과자,106,2028-08-10,BIZ047,식품,C09300001,3802,2025-08-11,대구광역시,주식회사 마음푸드,달성군,"제조,가공",2025-4-0292,식품제조가공업,주식회사 마음푸드,달성군 주식회사 마음푸드,,,2025-4-0292,20150188404,주식회사 마음푸드,식품제조가공업,대구광역시 달성군,식품
커피,106,2028-08-05,BIZ047,식품,C10100004,3805,2025-08-06,경상북도,룰리커피,경산시,"제조,가공",2025-4-0288,식품제조가공업,룰리커피,경산시 룰리커피,128.79624220000252,35.80608780067089,2025-4-0288,20190175748,룰리커피,식품제조가공업,경상북도 경산시,식품
포장육,604,2028-08-04,BIZ047,축산물,78,3806,2025-08-05,경상북도,지리산흑돈한우,칠곡군,"제조,가공",2025-4-0287,식육포장처리업,지리산흑돈한우,칠곡군 지리산흑돈한우,128.55124040395606,35.97023045115347,2025-4-0287,20160570092,지리산흑돈한우,식육포장처리업,경상북도 칠곡군,축산물
양념육,612,2028-08-04,BIZ047,축산물,86,3807,2025-08-05,경상북도,지리산흑돈한우,칠곡군,"제조,가공",2025-4-0286,축산물가공업-식육가공업,지리산흑돈한우,칠곡군 지리산흑돈한우,128.55124040395606,35.97023045115347,2025-4-0286,20250822011,지리산흑돈한우,축산물가공업-식육가공업,경상북도 칠곡군,축산물
양념육,612,2028-08-04,BIZ047,축산물,86,3808,2025-08-05,대구광역시,태원미트,달성군,"제조,가공",2025-4-0285,축산물가공업-식육가공업,태원미트,달성군 태원미트,128.43984580387524,35.78957141920037,2025-4-0285,20190158005,태원미트,축산물가공업-식육가공업,대구광역시 달성군,축산물
빵류,106,2028-08-04,BIZ047,식품,C09300004,3809,2025-08-05,대구광역시,대인베짱,수성구,"제조,가공",2025-4-0284,식품제조가공업,대인베짱,수성구 대인베짱,,,2025-4-0284,20250240607,대인베짱,식품제조가공업,대구광역시 수성구,식품
과자,106,2028-08-04,BIZ047,식품,C09300001,3810,2025-08-05,대구광역시,대인베짱,수성구,"제조,가공",2025-4-0283,식품제조가공업,대인베짱,수성구 대인베짱,,,2025-4-0283,20250240607,대인베짱,식품제조가공업,대구광역시 수성구,식품
서류가공품,106,2028-07-28,BIZ047,식품,C10700013,3811,2025-07-29,경상북도,주식회사 데이웰즈,영천시,"제조,가공",2025-4-0281,식품제조가공업,주식회사 데이웰즈,영천시 주식회사 데이웰즈,128.94709449685357,35.926555401263336,2025-4-0281,20210559218,주식회사 데이웰즈,식품제조가공업,경상북도 영천시,식품
과자,106,2028-07-28,BIZ047,식품,C09300001,3812,2025-07-29,대구광역시,해피원베이커리,서구,"제조,가공",2025-4-0280,식품제조가공업,해피원베이커리,서구 해피원베이커리,128.53972489902145,35.86246791705443,2025-4-0280,20090163352,해피원베이커리,식품제조가공업,대구광역시 서구,식품
포장육,604,2028-07-28,BIZ047,축산물,78,3813,2025-07-29,경상북도,(주)세강축산,구미시,"제조,가공",2025-4-0279,식육포장처리업,세강축산,구미시 세강축산,128.3115611003402,36.15393380086377,2025-4-0279,20220786764,(주)세강축산,식육포장처리업,경상북도 구미시,축산물
양념육,612,2028-07-28,BIZ047,축산물,86,3814,2025-07-29,경상북도,농업회사법인 세강 주식회사,구미시,"제조,가공",2025-4-0278,축산물가공업-식육가공업,농업회사법인 세강 주식회사,구미시 농업회사법인 세강 주식회사,128.3115611003402,36.15393380086377,2025-4-0278,20220763013,농업회사법인 세강 주식회사,축산물가공업-식육가공업,경상북도 구미시,축산물
포장육,604,2028-07-28,BIZ047,축산물,78,3815,2025-07-29,경상북도,농업회사법인 고향축산 주식회사,영천시,"제조,가공",2025-4-0277,식육포장처리업,농업회사법인 고향축산 주식회사,영천시 농업회사법인 고향축산 주식회사,128.95004179696224,35.97530480261548,2025-4-0277,20200559067,농업회사법인 고향축산 주식회사,식육포장처리업,경상북도 영천시,축산물
"양념육,식육추출가공품",612,2028-07-28,BIZ047,축산물,"86,89",3816,2025-07-29,대구광역시,(주)본태경푸드,북구,"제조,가공",2025-4-0276,축산물가공업-식육가공업,본태경푸드,북구 본태경푸드,128.60053620438717,35.92563890225815,2025-4-0276,20250217005,(주)본태경푸드,축산물가공업-식육가공업,대구광역시 북구,축산물
포장육,604,2028-07-28,BIZ047,축산물,78,3817,2025-07-29,대구광역시,주식회사 본태경푸드,북구,"제조,가공",2025-4-0275,식육포장처리업,주식회사 본태경푸드,북구 주식회사 본태경푸드,128.60053620438717,35.92563890225815,2025-4-0275,20250233310,주식회사 본태경푸드,식육포장처리업,대구광역시 북구,축산물
즉석조리식품,106,2028-07-28,BIZ047,식품,C11300005,3818,2025-07-29,대구광역시,(주)본태경푸드,북구,"제조,가공",2025-4-0274,식품제조가공업,본태경푸드,북구 본태경푸드,128.60053620438717,35.92563890225815,2025-4-0274,20250233278,(주)본태경푸드,식품제조가공업,대구광역시 북구,식품
기타 농산가공품,106,2028-07-28,BIZ047,식품,C10700014,3819,2025-07-29,대구광역시,(주)본태경푸드,북구,"제조,가공",2025-4-0273,식품제조가공업,본태경푸드,북구 본태경푸드,128.60053620438717,35.92563890225815,2025-4-0273,20250233278,(주)본태경푸드,식품제조가공업,대구광역시 북구,식품
소스,106,2028-07-28,BIZ047,식품,C10400003,3820,2025-07-29,대구광역시,(주)본태경푸드,북구,"제조,가공",2025-4-0272,식품제조가공업,본태경푸드,북구 본태경푸드,128.60053620438717,35.92563890225815,2025-4-0272,20250233278,(주)본태경푸드,식품제조가공업,대구광역시 북구,식품
들기름,106,2028-07-24,BIZ047,식품,C09900007,3821,2025-07-25,경상북도,남안동농협가공사업소,안동시,"제조,가공",2025-4-0271,식품제조가공업,남안동농협가공사업소,안동시 남안동농협가공사업소,128.65110510000306,36.47705180054564,2025-4-0271,20240839758,남안동농협가공사업소,식품제조가공업,경상북도 안동시,식품
참기름,106,2028-07-24,BIZ047,식품,C09900005,3822,2025-07-25,경상북도,남안동농협가공사업소,안동시,"제조,가공",2025-4-0270,식품제조가공업,남안동농협가공사업소,안동시 남안동농협가공사업소,128.65110510000306,36.47705180054564,2025-4-0270,20240839758,남안동농협가공사업소,식품제조가공업,경상북도 안동시,식품
커피,106,2028-07-24,BIZ047,식품,C10100004,3823,2025-07-25,대구광역시,주식회사 와이마임,북구,"제조,가공",2025-4-0269,식품제조가공업,주식회사 와이마임,북구 주식회사 와이마임,128.5695912003176,35.938519000517985,2025-4-0269,20190170401,주식회사 와이마임,식품제조가공업,대구광역시 북구,식품
침출차,106,2028-07-24,BIZ047,식품,C10100001,3824,2025-07-25,대구광역시,주식회사 와이마임,북구,"제조,가공",2025-4-0268,식품제조가공업,주식회사 와이마임,북구 주식회사 와이마임,128.5695912003176,35.938519000517985,2025-4-0268,20190170401,주식회사 와이마임,식품제조가공업,대구광역시 달서구,식품
양념육,612,2028-07-24,BIZ047,축산물,86,3825,2025-07-25,대구광역시,(주)달구지푸드 2공장,달성군,"제조,가공",2025-4-0267,축산물가공업-식육가공업,달구지푸드 2공장,달성군 달구지푸드 2공장,128.40387419915407,35.75989915449338,2025-4-0267,20250217014,(주)달구지푸드 2공장,축산물가공업-식육가공업,대구광역시 달성군,축산물
포장육,604,2028-07-24,BIZ047,축산물,78,3826,2025-07-25,대구광역시,(주)달구지푸드 2공장,달성군,"제조,가공",2025-4-0266,식육포장처리업,달구지푸드 2공장,달성군 달구지푸드 2공장,128.40387419915407,35.75989915449338,2025-4-0266,20230249088,(주)달구지푸드 2공장,식육포장처리업,대구광역시 달성군,축산물
가공유크림,611,2028-07-22,BIZ047,축산물,C0318070200000,3827,2025-07-23,대구광역시,리치프로덕츠코리아 유한책임회사,달성군,"제조,가공",2025-4-0264,축산물가공업-유가공업,리치프로덕츠코리아 유한책임회사,달성군 리치프로덕츠코리아 유한책임회사,128.42197760233046,35.637945102473694,2025-4-0264,20250217012,리치프로덕츠코리아 유한책임회사,축산물가공업-유가공업,대구광역시 달성군,축산물
식육판매업,630,2028-07-22,BIZ048,축산물,176,3828,2025-07-23,대구광역시,등대축산,북구,"유통,판매,조리",2025-4-0263,축산물판매업-식육판매업,등대축산,북구 등대축산,,,2025-4-0263,20180170139,등대축산,축산물판매업-식육판매업,대구광역시 북구,축산물
포장육,604,2028-07-21,BIZ047,축산물,78,3829,2025-07-22,대구광역시,주식회사 우성천,동구,"제조,가공",2025-4-0262,식육포장처리업,주식회사 우성천,동구 주식회사 우성천,128.69323829760202,35.88148540262975,2025-4-0262,20240223006,주식회사 우성천,식육포장처리업,대구광역시 동구,축산물
원액두유,106,2028-07-14,BIZ047,식품,C10100010,3830,2025-07-15,경상북도,네이처세븐,봉화군,"제조,가공",2025-4-0259,식품제조가공업,네이처세븐,봉화군 네이처세븐,128.7367933050893,36.87354750062381,2025-4-0259,19940572012,네이처세븐,식품제조가공업,경상북도 봉화군,식품
식용란수집판매업,635,2028-07-13,BIZ048,축산물,581,3831,2025-07-14,경상북도,주식회사 경주양계농장,경주시,"유통,판매,조리",2025-4-0257,축산물판매업-식용란수집판매업,주식회사 경주양계농장,경주시 주식회사 경주양계농장,129.30237690510643,35.77355130284716,2025-4-0257,20250832379,주식회사 경주양계농장,축산물판매업-식용란수집판매업,경상북도 경주시,축산물
과ㆍ채가공품,106,2028-07-13,BIZ047,식품,C10700010,3832,2025-07-14,경상북도,농업회사법인(주)차오름,안동시,"제조,가공",2025-4-0256,식품제조가공업,농업회사법인차오름,안동시 농업회사법인차오름,,,2025-4-0256,20190547303,농업회사법인(주)차오름,식품제조가공업,경상북도 안동시,식품
포장육,604,2028-07-13,BIZ047,축산물,78,3833,2025-07-14,대구광역시,DBFC,북구,"제조,가공",2025-4-0255,식육포장처리업,DBFC,북구 DBFC,128.5848932998143,35.900084100767394,2025-4-0255,20140169041,DBFC,식육포장처리업,대구광역시 북구,축산물
포장육,604,2028-07-10,BIZ047,축산물,78,3834,2025-07-11,대구광역시,프레스코,서구,"제조,가공",2025-4-0254,식육포장처리업,프레스코,서구 프레스코,129.02513320280326,35.081279704036504,2025-4-0254,20240226266,프레스코,식육포장처리업,대구광역시 서구,축산물
기타 수산물가공품 중 냉동연체류,106,2028-07-10,BIZ047,식품,C11800001,3835,2025-07-11,대구광역시,라온컴퍼니(RAON COMPANY),북구,"제조,가공",2025-4-0253,식품제조가공업,라온컴퍼니,북구 라온컴퍼니,128.51171909533178,35.90166130006606,2025-4-0253,20220218367,라온컴퍼니(RAON COMPANY),식품제조가공업,대구광역시 북구,식품
음료베이스,106,2028-07-09,BIZ047,식품,C10100017,3836,2025-07-10,경상북도,다원바이오,경산시,"제조,가공",2025-4-0252,식품제조가공업,다원바이오,경산시 다원바이오,128.8453731994988,35.8610754007484,2025-4-0252,20240862340,다원바이오,식품제조가공업,경상북도 경산시,식품
당류가공품,106,2028-07-09,BIZ047,식품,C09600012,3837,2025-07-10,경상북도,다원바이오,경산시,"제조,가공",2025-4-0251,식품제조가공업,다원바이오,경산시 다원바이오,128.8453731994988,35.8610754007484,2025-4-0251,20240862340,다원바이오,식품제조가공업,경상북도 경산시,식품
포장육,604,2028-07-09,BIZ047,축산물,78,3838,2025-07-10,경상북도,주식회사 화영푸드,경주시,"제조,가공",2025-4-0250,식육포장처리업,주식회사 화영푸드,경주시 주식회사 화영푸드,129.16883829800958,35.84663839591168,2025-4-0250,20250832248,주식회사 화영푸드,식육포장처리업,경상북도 경주시,축산물
김치(배추김치),106,2028-07-08,BIZ047,식품,C12300001,3839,2025-07-09,경상북도,자연누리,성주군,"제조,가공",2025-4-0249,식품제조가공업,자연누리,성주군 자연누리,128.32125950473505,35.84829370108802,2025-4-0249,20180573128,자연누리,식품제조가공업,경상북도 성주군,식품
절임식품,106,2028-07-08,BIZ047,식품,C10500003,3840,2025-07-09,경상북도,자연누리,성주군,"제조,가공",2025-4-0248,식품제조가공업,자연누리,성주군 자연누리,128.32125950473505,35.84829370108802,2025-4-0248,20180573128,자연누리,식품제조가공업,경상북도 성주군,식품
김치(기타김치),106,2028-07-08,BIZ047,식품,C10500002,3841,2025-07-09,경상북도,자연누리,성주군,"제조,가공",2025-4-0247,식품제조가공업,자연누리,성주군 자연누리,128.32125950473505,35.84829370108802,2025-4-0247,20180573128,자연누리,식품제조가공업,경상북도 성주군,식품
김칫속,106,2028-07-08,BIZ047,식품,C10500001,3842,2025-07-09,경상북도,자연누리,성주군,"제조,가공",2025-4-0246,식품제조가공업,자연누리,성주군 자연누리,128.32125950473505,35.84829370108802,2025-4-0246,20180573128,자연누리,식품제조가공업,경상북도 성주군,식품
청국장,106,2028-07-07,BIZ047,식품,C10300012,3843,2025-07-08,경상북도,주식회사 파머스바이오,안동시,"제조,가공",2025-4-0245,식품제조가공업,주식회사 파머스바이오,안동시 주식회사 파머스바이오,128.70793780058824,36.51633300300946,2025-4-0245,20030543340,주식회사 파머스바이오,식품제조가공업,경상북도 안동시,식품
"알가열제품,전란액,난황액,난백액",613,2028-07-06,BIZ047,축산물,"95,100,96,94",3844,2025-07-07,경상북도,(주)진심축산식품개발,경주시,"제조,가공",2025-4-0244,축산물가공업-알가공업,진심축산식품개발,경주시 진심축산식품개발,129.2255504044693,35.89274499944104,2025-4-0244,20250822009,(주)진심축산식품개발,축산물가공업-알가공업,경상북도 경주시,축산물
농축과ㆍ채즙(또는 과ㆍ채분),106,2028-07-06,BIZ047,식품,C10100005,3845,2025-07-07,경상북도,쌍림농협농산물가공센터,고령군,"제조,가공",2025-4-0243,식품제조가공업,쌍림농협농산물가공센터,고령군 쌍림농협농산물가공센터,128.24370640171193,35.68311889896638,2025-4-0243,20140568014,쌍림농협농산물가공센터,식품제조가공업,경상북도 고령군,식품
식육추출가공품,612,2028-07-03,BIZ047,축산물,89,3846,2025-07-04,경상북도,주식회사 보성식품,영천시,"제조,가공",2025-4-0242,축산물가공업-식육가공업,주식회사 보성식품,영천시 주식회사 보성식품,128.97016620292104,35.97336760044449,2025-4-0242,20250822007,주식회사 보성식품,축산물가공업-식육가공업,경상북도 영천시,축산물
김치(배추김치),106,2028-07-03,BIZ047,식품,C12300001,3847,2025-07-04,경상북도,(주)남풍,경주시,"제조,가공",2025-4-0241,식품제조가공업,남풍,경주시 남풍,129.2504913005967,35.932221668609365,2025-4-0241,20250832247,(주)남풍,식품제조가공업,경상북도 경주시,식품
김치(기타김치),106,2028-07-03,BIZ047,식품,C10500002,3848,2025-07-04,경상북도,(주)남풍,경주시,"제조,가공",2025-4-0240,식품제조가공업,남풍,경주시 남풍,129.2504913005967,35.932221668609365,2025-4-0240,20250832247,(주)남풍,식품제조가공업,경상북도 경주시,식품
식육추출가공품,612,2028-07-02,BIZ047,축산물,89,3849,2025-07-03,경상북도,의성흑마늘영농조합법인,의성군,"제조,가공",2025-4-0239,축산물가공업-식육가공업,의성흑마늘영농조합법인,의성군 의성흑마늘영농조합법인,128.6822147001234,36.357244099554485,2025-4-0239,20240822036,의성흑마늘영농조합법인,축산물가공업-식육가공업,경상북도 의성군,축산물
식육판매업,630,2028-07-02,BIZ048,축산물,176,3850,2025-07-03,대구광역시,주식회사 삼부축산,달성군,"유통,판매,조리",2025-4-0238,축산물판매업-식육판매업,주식회사 삼부축산,달성군 주식회사 삼부축산,128.46625690036055,35.70160770098188,2025-4-0238,20190189595,주식회사 삼부축산,축산물판매업-식육판매업,대구광역시 달성군,축산물
조림류,106,2028-07-02,BIZ047,식품,C10500005,3851,2025-07-03,경상북도,한칼식품,칠곡군,"제조,가공",2025-4-0237,식품제조가공업,한칼식품,칠곡군 한칼식품,128.49138970524862,35.89739024720165,2025-4-0237,20170169070,한칼식품,식품제조가공업,경상북도 칠곡군,식품
과ㆍ채주스,106,2028-06-30,BIZ047,식품,C10100006,3852,2025-07-01,경상북도,케이 진생 바이오 농업회사법인 주식회사,봉화군,"제조,가공",2025-4-0236,식품제조가공업,케이 진생 바이오 농업회사법인 주식회사,봉화군 케이 진생 바이오 농업회사법인 주식회사,128.70154800005608,36.88229690132401,2025-4-0236,20240883002,케이 진생 바이오 농업회사법인 주식회사,식품제조가공업,경상북도 봉화군,식품
과ㆍ채가공품,106,2028-06-29,BIZ047,식품,C10700010,3853,2025-06-30,경상북도,주식회사한부각농업회사법인,영주시,"제조,가공",2025-4-0235,식품제조가공업,주식회사한부각농업회사법인,영주시 주식회사한부각농업회사법인,128.6337592053388,36.89368650439784,2025-4-0235,20150554007,주식회사한부각농업회사법인,식품제조가공업,경상북도 영주시,식품
"양념육,식육추출가공품",612,2028-06-26,BIZ047,축산물,"86,89",3855,2025-06-27,경상북도,아진식품,포항시 남구,"제조,가공",2025-4-0233,축산물가공업-식육가공업,아진식품,포항시 남구 아진식품,129.40520020016746,35.96183626758287,2025-4-0233,20200536062,아진식품,축산물가공업-식육가공업,경상북도 포항시 남구,축산물
포장육,604,2028-06-26,BIZ047,축산물,78,3856,2025-06-27,경상북도,아진식품,포항시 남구,"제조,가공",2025-4-0232,식육포장처리업,아진식품,포항시 남구 아진식품,129.40520020016746,35.96183626758287,2025-4-0232,20250824019,아진식품,식육포장처리업,경상북도 포항시 남구,축산물
기타 수산물가공품 중 냉동어류,106,2028-06-26,BIZ047,식품,C11700001,3857,2025-06-27,대구광역시,주식회사 씨엔비,달성군,"제조,가공",2025-4-0231,식품제조가공업,주식회사 씨엔비,달성군 주식회사 씨엔비,128.42937259974966,35.7823815006709,2025-4-0231,20220241032,주식회사 씨엔비,식품제조가공업,대구광역시 달성군,식품
양념육,612,2028-06-25,BIZ047,축산물,86,3858,2025-06-26,경상북도,MagChang옥(M.C옥),칠곡군,"제조,가공",2025-4-0230,축산물가공업-식육가공업,MagChang옥,칠곡군 MagChang옥,128.55558319996513,35.98746370075569,2025-4-0230,20250822006,MagChang옥(M.C옥),축산물가공업-식육가공업,경상북도 칠곡군,축산물
기타가공품,106,2028-06-25,BIZ047,식품,C11400002,3859,2025-06-26,대구광역시,(주)케이엠에프,동구,"제조,가공",2025-4-0229,식품제조가공업,케이엠에프,동구 케이엠에프,128.70620719671237,35.87902007546168,2025-4-0229,20100182300,(주)케이엠에프,식품제조가공업,대구광역시 달서구,식품
발효식초,106,2028-06-25,BIZ047,식품,C10400001,3860,2025-06-26,대구광역시,(주)케이엠에프,동구,"제조,가공",2025-4-0228,식품제조가공업,케이엠에프,동구 케이엠에프,128.70620719671237,35.87902007546168,2025-4-0228,20100182300,(주)케이엠에프,식품제조가공업,대구광역시 달서구,식품
커피,106,2028-06-25,BIZ047,식품,C10100004,3861,2025-06-26,대구광역시,(주)케이엠에프,동구,"제조,가공",2025-4-0227,식품제조가공업,케이엠에프,동구 케이엠에프,128.70620719671237,35.87902007546168,2025-4-0227,20100182300,(주)케이엠에프,식품제조가공업,대구광역시 동구,식품
양념육,612,2028-06-19,BIZ047,축산물,86,3863,2025-06-20,경상북도,뚱자네,칠곡군,"제조,가공",2025-4-0225,축산물가공업-식육가공업,뚱자네,칠곡군 뚱자네,128.43596300215168,35.981540854059254,2025-4-0225,20210536011,뚱자네,축산물가공업-식육가공업,경상북도 칠곡군,축산물
과ㆍ채음료,106,2028-06-18,BIZ047,식품,C10100007,3864,2025-06-19,경상북도,파이토지노믹스 주식회사,영천시,"제조,가공",2025-4-0224,식품제조가공업,파이토지노믹스 주식회사,영천시 파이토지노믹스 주식회사,128.94716190028743,35.91002640109232,2025-4-0224,20160555002,파이토지노믹스 주식회사,식품제조가공업,경상북도 영천시,식품
액상차,106,2028-06-18,BIZ047,식품,C10100002,3865,2025-06-19,경상북도,파이토지노믹스 주식회사,영천시,"제조,가공",2025-4-0223,식품제조가공업,파이토지노믹스 주식회사,영천시 파이토지노믹스 주식회사,128.94716190028743,35.91002640109232,2025-4-0223,20160555002,파이토지노믹스 주식회사,식품제조가공업,경상북도 영천시,식품
식용란수집판매업,635,2028-06-18,BIZ048,축산물,581,3866,2025-06-19,경상북도,농업회사법인 인자바이오,상주시,"유통,판매,조리",2025-4-0222,축산물판매업-식용란수집판매업,농업회사법인 인자바이오,상주시 농업회사법인 인자바이오,128.15417819809645,36.36714790323779,2025-4-0222,20250856142,농업회사법인 인자바이오,축산물판매업-식용란수집판매업,경상북도 상주시,축산물
과자,106,2028-06-18,BIZ047,식품,C09300001,3867,2025-06-19,경상북도,주식회사 가베담,경주시,"제조,가공",2025-4-0221,식품제조가공업,주식회사 가베담,경주시 주식회사 가베담,129.32385770334142,35.71404090095544,2025-4-0221,20250832253,주식회사 가베담,식품제조가공업,경상북도 경주시,식품
김치(배추김치),106,2028-06-16,BIZ047,식품,C12300001,3868,2025-06-17,경상북도,주식회사 한가네영일만김치,포항시 북구,"제조,가공",2025-4-0220,식품제조가공업,주식회사 한가네영일만김치,포항시 북구 주식회사 한가네영일만김치,,,2025-4-0220,19920533008,농업회사법인 카프 주식회사,식품제조가공업,경상북도 포항시 북구,식품
절임식품,106,2028-06-16,BIZ047,식품,C10500003,3869,2025-06-17,경상북도,주식회사 한가네영일만김치,포항시 북구,"제조,가공",2025-4-0219,식품제조가공업,주식회사 한가네영일만김치,포항시 북구 주식회사 한가네영일만김치,,,2025-4-0219,19920533008,농업회사법인 카프 주식회사,식품제조가공업,경상북도 포항시 북구,식품
포장육,604,2028-06-15,BIZ047,축산물,78,3871,2025-06-16,대구광역시,(주)스테디푸드,달성군,"제조,가공",2025-4-0217,식육포장처리업,스테디푸드,달성군 스테디푸드,,,2025-4-0217,20250256248,(주)스테디푸드,식육포장처리업,대구광역시 달성군,축산물
"양념육,식육추출가공품",612,2028-06-15,BIZ047,축산물,"86,89",3872,2025-06-16,대구광역시,(주)스테디푸드,달성군,"제조,가공",2025-4-0216,축산물가공업-식육가공업,스테디푸드,달성군 스테디푸드,,,2025-4-0216,20250217011,(주)스테디푸드,축산물가공업-식육가공업,대구광역시 달성군,축산물
두류가공품,106,2028-06-15,BIZ047,식품,C10700012,3873,2025-06-16,대구광역시,주흘당,중구,"제조,가공",2025-4-0215,식품제조가공업,주흘당,중구 주흘당,128.59072590244855,35.87269719573002,2025-4-0215,20230241661,꼬시식품,식품제조가공업,대구광역시 중구,식품
소스,106,2028-06-15,BIZ047,식품,C10400003,3874,2025-06-16,대구광역시,주흘당,중구,"제조,가공",2025-4-0214,식품제조가공업,주흘당,중구 주흘당,128.59072590244855,35.87269719573002,2025-4-0214,20230241661,꼬시식품,식품제조가공업,대구광역시 중구,식품
포장육,604,2028-06-12,BIZ047,축산물,78,3875,2025-06-13,대구광역시,우리는 정육가든,수성구,"제조,가공",2025-4-0213,식육포장처리업,우리는 정육가든,수성구 우리는 정육가든,128.62404840032906,35.84596339699184,2025-4-0213,20250240273,우리는 정육가든,식육포장처리업,대구광역시 수성구,축산물
어육소시지,106,2028-06-09,BIZ047,식품,C11000005,3876,2025-06-10,경상북도,롯데웰푸드(주),김천시,"제조,가공",2025-4-0212,식품제조가공업,롯데웰푸드,김천시 롯데웰푸드,128.12715700436294,36.15330009820797,2025-4-0212,20140541143,롯데웰푸드(주),식품제조가공업,경상북도 김천시,식품
포장육,604,2028-06-08,BIZ047,축산물,78,3877,2025-06-09,대구광역시,주식회사 브로미트,북구,"제조,가공",2025-4-0211,식육포장처리업,주식회사 브로미트,북구 주식회사 브로미트,,,2025-4-0211,20180169955,주식회사 브로미트,식육포장처리업,대구광역시 북구,축산물
과ㆍ채가공품,106,2028-06-08,BIZ047,식품,C10700010,3878,2025-06-09,경상북도,농업회사법인 행복한200프로 주식회사,김천시,"제조,가공",2025-4-0210,식품제조가공업,농업회사법인 행복한200프로 주식회사,김천시 농업회사법인 행복한200프로 주식회사,,,2025-4-0210,20220777039,행복한200프로주식회사,식품제조가공업,경상북도 김천시,식품
"양념육,식육추출가공품",612,2028-06-08,BIZ047,축산물,"86,89",3879,2025-06-09,경상북도,(주)빅본푸드,칠곡군,"제조,가공",2025-4-0209,축산물가공업-식육가공업,빅본푸드,칠곡군 빅본푸드,128.49629490491657,35.911437501849086,2025-4-0209,20250822005,(주)빅본푸드,축산물가공업-식육가공업,경상북도 칠곡군,축산물
포장육,604,2028-06-08,BIZ047,축산물,78,3880,2025-06-09,경상북도,주식회사 빅본푸드,칠곡군,"제조,가공",2025-4-0208,식육포장처리업,주식회사 빅본푸드,칠곡군 주식회사 빅본푸드,128.49629490491657,35.911437501849086,2025-4-0208,20250879117,주식회사 빅본푸드,식육포장처리업,경상북도 칠곡군,축산물
포장육,604,2028-06-03,BIZ047,축산물,78,3882,2025-06-04,경상북도,주식회사 상일식품,고령군,"제조,가공",2025-4-0206,식육포장처리업,주식회사 상일식품,고령군 주식회사 상일식품,128.42105719947955,35.71749530115188,2025-4-0206,20220818092,주식회사 상일식품,식육포장처리업,경상북도 고령군,축산물
포장육,604,2028-05-29,BIZ047,축산물,78,3883,2025-05-30,대구광역시,일승푸드,동구,"제조,가공",2025-4-0205,식육포장처리업,일승푸드,동구 일승푸드,128.65464130411195,35.8895425974341,2025-4-0205,20250222150,일승푸드,식육포장처리업,대구광역시 동구,축산물
양념육,612,2028-05-29,BIZ047,축산물,86,3884,2025-05-30,대구광역시,일승푸드,동구,"제조,가공",2025-4-0204,축산물가공업-식육가공업,일승푸드,동구 일승푸드,128.65464130411195,35.8895425974341,2025-4-0204,20160157001,일승푸드,축산물가공업-식육가공업,대구광역시 동구,축산물
분쇄가공육제품,612,2028-05-29,BIZ047,축산물,87,3885,2025-05-30,대구광역시,이도푸드,남구,"제조,가공",2025-4-0203,축산물가공업-식육가공업,이도푸드,남구 이도푸드,128.5951526986733,35.83940319964629,2025-4-0203,20250217007,이도푸드,축산물가공업-식육가공업,대구광역시 남구,축산물
빵류,106,2028-05-29,BIZ047,식품,C09300004,3886,2025-05-30,대구광역시,나진제과,달성군,"제조,가공",2025-4-0202,식품제조가공업,나진제과,달성군 나진제과,128.43082949530088,35.78402830442508,2025-4-0202,19970188228,나진제과,식품제조가공업,대구광역시 달성군,식품
소스,106,2028-05-29,BIZ047,식품,C10400003,3887,2025-05-30,대구광역시,주식회사 정담푸드랩,북구,"제조,가공",2025-4-0201,식품제조가공업,주식회사 정담푸드랩,북구 주식회사 정담푸드랩,128.54091959948047,35.89705929550119,2025-4-0201,20010168389,주식회사 정담푸드랩,식품제조가공업,대구광역시 북구,식품
간편조리세트,106,2028-05-29,BIZ047,식품,C0322020400000,3888,2025-05-30,대구광역시,주식회사 정담푸드랩,북구,"제조,가공",2025-4-0200,식품제조가공업,주식회사 정담푸드랩,북구 주식회사 정담푸드랩,128.54091959948047,35.89705929550119,2025-4-0200,20010168389,주식회사 정담푸드랩,식품제조가공업,대구광역시 북구,식품
포장육,604,2028-05-28,BIZ047,축산물,78,3889,2025-05-29,대구광역시,신무농원축산,동구,"제조,가공",2025-4-0199,식육포장처리업,신무농원축산,동구 신무농원축산,128.6725144003407,35.987043101021015,2025-4-0199,20090160817,신무농원축산,식육포장처리업,대구광역시 동구,축산물
포장육,604,2028-05-28,BIZ047,축산물,78,3890,2025-05-29,대구광역시,(주)미트프라임푸드시스템,서구,"제조,가공",2025-4-0198,식육포장처리업,미트프라임푸드시스템,서구 미트프라임푸드시스템,128.53903140015268,35.87110990045886,2025-4-0198,20080163481,(주)미트프라임푸드시스템,식육포장처리업,대구광역시 서구,축산물
포장육,604,2028-05-27,BIZ047,축산물,78,3891,2025-05-28,대구광역시,양계씨앤에프,북구,"제조,가공",2025-4-0197,식육포장처리업,양계씨앤에프,북구 양계씨앤에프,128.5397004995809,35.896999301199045,2025-4-0197,20100169212,양계씨앤에프,식육포장처리업,대구광역시 북구,축산물
곡류가공품,106,2028-05-27,BIZ047,식품,C10700011,3892,2025-05-28,경상북도,주식회사 황실미가,칠곡군,"제조,가공",2025-4-0195,식품제조가공업,주식회사 황실미가,칠곡군 주식회사 황실미가,128.49515650313407,35.97440539905724,2025-4-0195,20250879096,주식회사 황실미가,식품제조가공업,경상북도 칠곡군,식품
식육추출가공품,612,2028-05-27,BIZ047,축산물,89,3893,2025-05-28,경상북도,ST식품,경산시,"제조,가공",2025-4-0194,축산물가공업-식육가공업,ST식품,경산시 ST식품,128.8502309455303,35.91971842285364,2025-4-0194,20140532005,ST식품,축산물가공업-식육가공업,경상북도 경산시,축산물
포장육,604,2028-05-22,BIZ047,축산물,78,3895,2025-05-23,대구광역시,(주) 서진 D.S,서구,"제조,가공",2025-4-0192,식육포장처리업,서진 D.S,서구  서진 D.S,128.53103639981524,35.88247270056547,2025-4-0192,20120163478,(주) 서진 D.S,식육포장처리업,대구광역시 서구,축산물
캔디류,106,2028-05-21,BIZ047,식품,C09300002,3896,2025-05-22,경상북도,주식회사 뉴밀,경산시,"제조,가공",2025-4-0191,식품제조가공업,주식회사 뉴밀,경산시 주식회사 뉴밀,128.83394320146363,35.95154960154408,2025-4-0191,20240862341,주식회사 뉴밀,식품제조가공업,경상북도 경산시,식품
"양념육,식육추출가공품",612,2028-05-20,BIZ047,축산물,"86,89",3897,2025-05-21,경상북도,주식회사 놀부,영천시,"제조,가공",2025-4-0190,축산물가공업-식육가공업,주식회사 놀부,영천시 주식회사 놀부,,,2025-4-0190,20210536010,주식회사 놀부,축산물가공업-식육가공업,경상북도 영천시,축산물
양념육,612,2028-05-19,BIZ047,축산물,86,3898,2025-05-20,경상북도,주식회사 이도,경산시,"제조,가공",2025-4-0189,축산물가공업-식육가공업,주식회사 이도,경산시 주식회사 이도,128.79525180052983,35.866122400999195,2025-4-0189,20240822038,주식회사 이도,축산물가공업-식육가공업,경상북도 경산시,축산물
포장육,604,2028-05-19,BIZ047,축산물,78,3899,2025-05-20,경상북도,(주) 이도,경산시,"제조,가공",2025-4-0188,식육포장처리업,이도,경산시  이도,128.79525180052983,35.866122400999195,2025-4-0188,20160560132,(주) 이도,식육포장처리업,경상북도 경산시,축산물
과자,106,2028-05-18,BIZ047,식품,C09300001,3901,2025-05-19,경상북도,(주)더크루,칠곡군,"제조,가공",2025-4-0186,식품제조가공업,더크루,칠곡군 더크루,128.41472119849055,35.94985069781579,2025-4-0186,20250879102,(주)더크루,식품제조가공업,경상북도 칠곡군,식품
포장육,604,2028-05-18,BIZ047,축산물,78,3902,2025-05-19,경상북도,대한축산육가공,포항시 북구,"제조,가공",2025-4-0185,식육포장처리업,대한축산육가공,포항시 북구 대한축산육가공,129.35997359556407,36.03240589749288,2025-4-0185,20250824030,대한축산육가공,식육포장처리업,경상북도 포항시 북구,축산물
과ㆍ채가공품,106,2028-05-18,BIZ047,식품,C10700010,3903,2025-05-19,경상북도,다원바이오,경산시,"제조,가공",2025-4-0184,식품제조가공업,다원바이오,경산시 다원바이오,128.8453731994988,35.8610754007484,2025-4-0184,20240862340,다원바이오,식품제조가공업,경상북도 경산시,식품
고형차,106,2028-05-18,BIZ047,식품,C10100003,3904,2025-05-19,경상북도,다원바이오,경산시,"제조,가공",2025-4-0183,식품제조가공업,다원바이오,경산시 다원바이오,128.8453731994988,35.8610754007484,2025-4-0183,20240862340,다원바이오,식품제조가공업,경상북도 경산시,식품
포장육,604,2028-05-14,BIZ047,축산물,78,3905,2025-05-15,경상북도,태양수산 식품,경주시,"제조,가공",2025-4-0181,식육포장처리업,태양수산 식품,경주시 태양수산 식품,129.24847320014368,35.94763396359214,2025-4-0181,20250832190,태양수산 식품,식육포장처리업,경상북도 경주시,축산물
양념육,612,2028-05-14,BIZ047,축산물,86,3906,2025-05-15,경상북도,태양수산 식품,경주시,"제조,가공",2025-4-0180,축산물가공업-식육가공업,태양수산 식품,경주시 태양수산 식품,129.24847320014368,35.94763396359214,2025-4-0180,20250822004,태양수산 식품,축산물가공업-식육가공업,경상북도 경주시,축산물
혼합음료(공유주방 이용업소),106,2028-05-11,BIZ047,식품,C10100016,3908,2025-05-12,대구광역시,무릉도원 신선식품,달서구,"제조,가공",2025-4-0178,식품제조가공업,무릉도원 신선식품,달서구 무릉도원 신선식품,128.51341550476397,35.84170660283981,2025-4-0178,20250248248,무릉도원 신선식품,식품제조가공업,대구광역시 달서구,식품
양념육,612,2028-04-29,BIZ047,축산물,86,3910,2025-04-30,대구광역시,성화유통,북구,"제조,가공",2025-4-0176,축산물가공업-식육가공업,성화유통,북구 성화유통,128.53978709996733,35.89704770099983,2025-4-0176,20130157026,성화유통,축산물가공업-식육가공업,대구광역시 북구,축산물
포장육,604,2028-04-29,BIZ047,축산물,78,3911,2025-04-30,대구광역시,성화유통,북구,"제조,가공",2025-4-0175,식육포장처리업,성화유통,북구 성화유통,128.53978709996733,35.89704770099983,2025-4-0175,20110169096,성화유통,식육포장처리업,대구광역시 북구,축산물
양념육,612,2028-04-29,BIZ047,축산물,86,3912,2025-04-30,대구광역시,한국식품,북구,"제조,가공",2025-4-0174,축산물가공업-식육가공업,한국식품,북구 한국식품,128.54697470031564,35.93756390103428,2025-4-0174,20070157005,한국식품,축산물가공업-식육가공업,대구광역시 북구,축산물
포장육,604,2028-04-29,BIZ047,축산물,78,3913,2025-04-30,대구광역시,한국식품,북구,"제조,가공",2025-4-0173,식육포장처리업,한국식품,북구 한국식품,128.54697470031564,35.93756390103428,2025-4-0173,20110169100,한국식품,식육포장처리업,대구광역시 북구,축산물
양념육,612,2028-04-28,BIZ047,축산물,86,3914,2025-04-29,경상북도,주식회사 한마음푸드,칠곡군,"제조,가공",2025-4-0172,축산물가공업-식육가공업,주식회사 한마음푸드,칠곡군 주식회사 한마음푸드,128.53870239967137,36.07805160085247,2025-4-0172,20210536025,주식회사 한마음푸드,축산물가공업-식육가공업,경상북도 칠곡군,축산물
포장육,604,2028-04-28,BIZ047,축산물,78,3915,2025-04-29,경상북도,주식회사 한마음푸드,칠곡군,"제조,가공",2025-4-0171,식육포장처리업,주식회사 한마음푸드,칠곡군 주식회사 한마음푸드,128.53870239967137,36.07805160085247,2025-4-0171,20250879083,주식회사 한마음푸드,식육포장처리업,경상북도 칠곡군,축산물
즉석조리식품,106,2028-04-28,BIZ047,식품,C11300005,3916,2025-04-29,경상북도,주식회사 장산,경산시,"제조,가공",2025-4-0170,식품제조가공업,주식회사 장산,경산시 주식회사 장산,128.72892770005495,35.789967201215525,2025-4-0170,20210564253,주식회사 다모에프엔비,식품제조가공업,경상북도 경산시,식품
곡류가공품,106,2028-04-28,BIZ047,식품,C10700011,3917,2025-04-29,경상북도,주식회사 세원푸드,영천시,"제조,가공",2025-4-0169,식품제조가공업,주식회사 세원푸드,영천시 주식회사 세원푸드,128.96627139948697,35.99531140072229,2025-4-0169,20050555145,주식회사 세원푸드,식품제조가공업,경상북도 영천시,식품
복합조미식품,106,2028-04-28,BIZ047,식품,C10400006,3918,2025-04-29,경상북도,주식회사 세원푸드,영천시,"제조,가공",2025-4-0168,식품제조가공업,주식회사 세원푸드,영천시 주식회사 세원푸드,128.96627139948697,35.99531140072229,2025-4-0168,20050555145,주식회사 세원푸드,식품제조가공업,경상북도 영천시,식품
소스,106,2028-04-28,BIZ047,식품,C10400003,3919,2025-04-29,경상북도,주식회사 세원푸드,영천시,"제조,가공",2025-4-0167,식품제조가공업,주식회사 세원푸드,영천시 주식회사 세원푸드,128.96627139948697,35.99531140072229,2025-4-0167,20050555145,주식회사 세원푸드,식품제조가공업,경상북도 영천시,식품
포장육,604,2028-04-28,BIZ047,축산물,78,3920,2025-04-29,경상북도,주식회사 담을정,안동시,"제조,가공",2025-4-0166,식육포장처리업,주식회사 담을정,안동시 주식회사 담을정,128.69421729820232,36.64750050443609,2025-4-0166,20240839047,주식회사 담을정,식육포장처리업,경상북도 안동시,축산물
과ㆍ채주스,106,2028-04-24,BIZ047,식품,C10100006,3922,2025-04-25,경상북도,농업회사법인 베리굿푸드 주식회사,봉화군,"제조,가공",2025-4-0164,식품제조가공업,농업회사법인 베리굿푸드 주식회사,봉화군 농업회사법인 베리굿푸드 주식회사,128.7635207007898,36.89964199832205,2025-4-0164,20240883092,농업회사법인 베리굿푸드 주식회사,식품제조가공업,경상북도 봉화군,식품
액상차,106,2028-04-24,BIZ047,식품,C10100002,3923,2025-04-25,경상북도,농업회사법인 베리굿푸드 주식회사,봉화군,"제조,가공",2025-4-0163,식품제조가공업,농업회사법인 베리굿푸드 주식회사,봉화군 농업회사법인 베리굿푸드 주식회사,128.7635207007898,36.89964199832205,2025-4-0163,20240883092,농업회사법인 베리굿푸드 주식회사,식품제조가공업,경상북도 봉화군,식품
캔디류,106,2028-04-24,BIZ047,식품,C09300002,3924,2025-04-25,경상북도,농업회사법인 베리굿푸드 주식회사,봉화군,"제조,가공",2025-4-0162,식품제조가공업,농업회사법인 베리굿푸드 주식회사,봉화군 농업회사법인 베리굿푸드 주식회사,128.7635207007898,36.89964199832205,2025-4-0162,20240883092,농업회사법인 베리굿푸드 주식회사,식품제조가공업,경상북도 봉화군,식품
김치(배추김치),106,2028-04-24,BIZ047,식품,C12300001,3925,2025-04-25,경상북도,양포식품(주),포항시 남구,"제조,가공",2025-4-0161,식품제조가공업,양포식품,포항시 남구 양포식품,129.51841490385624,35.88091180164289,2025-4-0161,19840533006,양포식품(주),식품제조가공업,경상북도 포항시 남구,식품
포장육,604,2028-04-24,BIZ047,축산물,78,3926,2025-04-25,경상북도,(주)낙동 에프앤에스,성주군,"제조,가공",2025-4-0160,식육포장처리업,낙동 에프앤에스,성주군 낙동 에프앤에스,128.37782230362114,35.86409879805533,2025-4-0160,20070569094,(주)낙동 에프앤에스,식육포장처리업,경상북도 성주군,축산물
양념육,612,2028-04-24,BIZ047,축산물,86,3927,2025-04-25,대구광역시,(주)맘푸드 농업회사법인,동구,"제조,가공",2025-4-0159,축산물가공업-식육가공업,맘푸드 농업회사법인,동구 맘푸드 농업회사법인,128.68624230201854,35.88129559913832,2025-4-0159,20240217018,(주)맘푸드 농업회사법인,축산물가공업-식육가공업,대구광역시 동구,축산물
식육판매업,630,2028-04-21,BIZ048,축산물,176,3929,2025-04-22,대구광역시,마음축산,동구,"유통,판매,조리",2025-4-0157,축산물판매업-식육판매업,마음축산,동구 마음축산,126.91992730024594,35.164488001717935,2025-4-0157,20240222636,마음축산,축산물판매업-식육판매업,대구광역시 동구,축산물
포장육,604,2028-04-20,BIZ047,축산물,78,3930,2025-04-21,경상북도,대하푸드,경산시,"제조,가공",2025-4-0156,식육포장처리업,대하푸드,경산시 대하푸드,128.78424809992964,35.84204759801594,2025-4-0156,20140560676,대하푸드,식육포장처리업,경상북도 경산시,축산물
양념육,612,2028-04-20,BIZ047,축산물,86,3931,2025-04-21,경상북도,대하푸드,경산시,"제조,가공",2025-4-0155,축산물가공업-식육가공업,대하푸드,경산시 대하푸드,128.78424809992964,35.84204759801594,2025-4-0155,20160532008,대하푸드,축산물가공업-식육가공업,경상북도 경산시,축산물
포장육,604,2028-04-20,BIZ047,축산물,78,3932,2025-04-21,경상북도,주식회사 옥명식품,포항시 남구,"제조,가공",2025-4-0154,식육포장처리업,주식회사 옥명식품,포항시 남구 주식회사 옥명식품,,,2025-4-0154,20250824026,주식회사 옥명식품,식육포장처리업,경상북도 포항시 남구,축산물
양념육,612,2028-04-20,BIZ047,축산물,86,3933,2025-04-21,경상북도,주식회사 옥명식품,포항시 남구,"제조,가공",2025-4-0153,축산물가공업-식육가공업,주식회사 옥명식품,포항시 남구 주식회사 옥명식품,,,2025-4-0153,20240822025,주식회사 옥명식품,축산물가공업-식육가공업,경상북도 포항시 남구,축산물
양념육,612,2028-04-17,BIZ047,축산물,86,3934,2025-04-18,대구광역시,(주)태영푸드,달성군,"제조,가공",2025-4-0152,축산물가공업-식육가공업,태영푸드,달성군 태영푸드,128.47891050013973,35.8894208006182,2025-4-0152,20130157032,(주)태영푸드,축산물가공업-식육가공업,대구광역시 달성군,축산물
포장육,604,2028-04-17,BIZ047,축산물,78,3935,2025-04-18,경상북도,푸드삼성,칠곡군,"제조,가공",2025-4-0151,식육포장처리업,푸드삼성,칠곡군 푸드삼성,128.55278459518505,35.96911280008237,2025-4-0151,20250879014,푸드삼성,식육포장처리업,경상북도 칠곡군,축산물
양념육,612,2028-04-17,BIZ047,축산물,86,3936,2025-04-18,경상북도,푸드삼성,칠곡군,"제조,가공",2025-4-0150,축산물가공업-식육가공업,푸드삼성,칠곡군 푸드삼성,128.55278459518505,35.96911280008237,2025-4-0150,20240822023,푸드삼성,축산물가공업-식육가공업,경상북도 칠곡군,축산물
포장육,604,2028-04-14,BIZ047,축산물,78,3938,2025-04-15,경상북도,진포크,칠곡군,"제조,가공",2025-4-0148,식육포장처리업,진포크,칠곡군 진포크,128.3334984952452,36.06650880217787,2025-4-0148,20220786439,진포크,식육포장처리업,경상북도 구미시,축산물
포장육,604,2028-04-13,BIZ047,축산물,78,3939,2025-04-14,대구광역시,금누리축산,북구,"제조,가공",2025-4-0147,식육포장처리업,금누리축산,북구 금누리축산,128.57570260200742,35.94740909550207,2025-4-0147,20250233205,금누리축산,식육포장처리업,대구광역시 북구,축산물
포장육,604,2028-04-10,BIZ047,축산물,78,3940,2025-04-11,대구광역시,주식회사 이솔축산,북구,"제조,가공",2025-4-0146,식육포장처리업,주식회사 이솔축산,북구 주식회사 이솔축산,128.54778510456603,35.94327354792166,2025-4-0146,20150168079,주식회사 이솔축산,식육포장처리업,대구광역시 북구,축산물
식육판매업,630,2028-04-07,BIZ048,축산물,176,3941,2025-04-08,대구광역시,서연축산,남구,"유통,판매,조리",2025-4-0145,축산물판매업-식육판매업,서연축산,남구 서연축산,128.59957779969534,35.84536140132432,2025-4-0145,20200167326,서연축산,축산물판매업-식육판매업,대구광역시 남구,축산물
포장육,604,2028-04-06,BIZ047,축산물,78,3942,2025-04-07,대구광역시,동국 축산 유통,수성구,"제조,가공",2025-4-0144,식육포장처리업,동국 축산 유통,수성구 동국 축산 유통,128.64291099966087,35.85725320083534,2025-4-0144,20150174756,동국 축산 유통,식육포장처리업,대구광역시 수성구,축산물
포장육,604,2028-04-03,BIZ047,축산물,78,3943,2025-04-04,대구광역시,아림푸드,서구,"제조,가공",2025-4-0143,식육포장처리업,아림푸드,서구 아림푸드,128.5489788999429,35.891170701099206,2025-4-0143,20180164395,아림푸드,식육포장처리업,대구광역시 서구,축산물
음료베이스,106,2028-04-03,BIZ047,식품,C10100017,3944,2025-04-04,대구광역시,한국네츄럴팜,서구,"제조,가공",2025-4-0142,식품제조가공업,한국네츄럴팜,서구 한국네츄럴팜,128.53414839864595,35.87018173274421,2025-4-0142,20110163089,한국네츄럴팜,식품제조가공업,대구광역시 서구,식품
포장육,604,2028-04-01,BIZ047,축산물,78,3946,2025-04-02,경상북도,(주)정온푸드,안동시,"제조,가공",2025-4-0139,식육포장처리업,정온푸드,안동시 정온푸드,,,2025-4-0139,20240839806,(주)정온푸드,식육포장처리업,경상북도 안동시,축산물
양념육,612,2028-04-01,BIZ047,축산물,86,3947,2025-04-02,경상북도,(주)정온푸드,안동시,"제조,가공",2025-4-0138,축산물가공업-식육가공업,정온푸드,안동시 정온푸드,,,2025-4-0138,20240822030,(주)정온푸드,축산물가공업-식육가공업,경상북도 안동시,축산물
복합조미식품,106,2028-03-30,BIZ047,식품,C10400006,3950,2025-03-31,경상북도,주식회사청우식품,구미시,"제조,가공",2025-4-0135,식품제조가공업,주식회사청우식품,구미시 주식회사청우식품,128.32494160517143,36.215070948851,2025-4-0135,20040549096,주식회사청우식품,식품제조가공업,경상북도 구미시,식품
두부,106,2028-03-30,BIZ047,식품,C09800001,3951,2025-03-31,경상북도,나노케어(주),포항시 북구,"제조,가공",2025-4-0134,식품제조가공업,나노케어,포항시 북구 나노케어,129.3618003998182,36.02804990133868,2025-4-0134,20240824050,나노케어(주),식품제조가공업,경상북도 포항시 북구,식품
포장육,604,2028-03-30,BIZ047,축산물,78,3952,2025-03-31,경상북도,대진축산유통,포항시 남구,"제조,가공",2025-4-0133,식육포장처리업,대진축산유통,포항시 남구 대진축산유통,129.35774390031864,36.01166170102104,2025-4-0133,20150533238,대진축산유통,식육포장처리업,경상북도 포항시 남구,축산물
포장육,604,2028-03-27,BIZ047,축산물,78,3953,2025-03-28,경상북도,(주)축산랜드,포항시 북구,"제조,가공",2025-4-0132,식육포장처리업,축산랜드,포항시 북구 축산랜드,129.41009868410524,36.08064353728898,2025-4-0132,20130533242,(주)축산랜드,식육포장처리업,경상북도 포항시 북구,축산물
양념육,612,2028-03-27,BIZ047,축산물,86,3954,2025-03-28,경상북도,(주)축산랜드,포항시 북구,"제조,가공",2025-4-0131,축산물가공업-식육가공업,축산랜드,포항시 북구 축산랜드,129.41009868410524,36.08064353728898,2025-4-0131,20250822002,(주)축산랜드,축산물가공업-식육가공업,경상북도 포항시 북구,축산물
포장육,604,2028-03-27,BIZ047,축산물,78,3955,2025-03-28,대구광역시,주식회사 무한축산,북구,"제조,가공",2025-4-0130,식육포장처리업,주식회사 무한축산,북구 주식회사 무한축산,128.6116514956735,35.911753800951224,2025-4-0130,20200164130,주식회사 무한축산,식육포장처리업,대구광역시 북구,축산물
빵류,106,2028-03-25,BIZ047,식품,C09300004,3956,2025-03-26,경상북도,주식회사 뵤뵤,경산시,"제조,가공",2025-4-0129,식품제조가공업,주식회사 뵤뵤,경산시 주식회사 뵤뵤,128.77407990048894,35.840963001222576,2025-4-0129,20240862428,주식회사 뵤뵤,식품제조가공업,경상북도 경산시,식품
과자,106,2028-03-25,BIZ047,식품,C09300001,3957,2025-03-26,경상북도,주식회사 뵤뵤,경산시,"제조,가공",2025-4-0128,식품제조가공업,주식회사 뵤뵤,경산시 주식회사 뵤뵤,128.77407990048894,35.840963001222576,2025-4-0128,20240862428,주식회사 뵤뵤,식품제조가공업,경상북도 경산시,식품
식육판매업,630,2028-03-24,BIZ048,축산물,176,3958,2025-03-25,대구광역시,(주)서원미트,동구,"유통,판매,조리",2025-4-0126,축산물판매업-식육판매업,서원미트,동구 서원미트,128.64177540012815,35.91149310081283,2025-4-0126,20190161244,(주)서원미트,축산물판매업-축산물유통전문판매업,대구광역시 동구,축산물
포장육,604,2028-03-24,BIZ047,축산물,78,3959,2025-03-25,대구광역시,천지푸드,동구,"제조,가공",2025-4-0125,식육포장처리업,천지푸드,동구 천지푸드,128.71491700036282,35.86860570109531,2025-4-0125,20050160691,천지푸드,식육포장처리업,대구광역시 동구,축산물
포장육,604,2028-03-24,BIZ047,축산물,78,3960,2025-03-25,대구광역시,주식회사 제이원미트,동구,"제조,가공",2025-4-0124,식육포장처리업,주식회사 제이원미트,동구 주식회사 제이원미트,128.68344439907662,35.89392679787825,2025-4-0124,20100160878,주식회사 제이원미트,식육포장처리업,대구광역시 동구,축산물
포장육,604,2028-03-24,BIZ047,축산물,78,3961,2025-03-25,경상북도,태성식품,안동시,"제조,가공",2025-4-0123,식육포장처리업,태성식품,안동시 태성식품,128.7108635995165,36.56526460051323,2025-4-0123,20040543532,태성식품,식육포장처리업,경상북도 안동시,축산물
곡류가공품,106,2028-03-24,BIZ047,식품,C10700011,3962,2025-03-25,경상북도,더밥,경산시,"제조,가공",2025-4-0122,식품제조가공업,더밥,경산시 더밥,128.80111199485506,35.90728990415797,2025-4-0122,20120560557,더밥,식품제조가공업,경상북도 경산시,식품
복합조미식품,106,2028-03-24,BIZ047,식품,C10400006,3963,2025-03-25,경상북도,더밥,경산시,"제조,가공",2025-4-0121,식품제조가공업,더밥,경산시 더밥,128.80111199485506,35.90728990415797,2025-4-0121,20120560557,더밥,식품제조가공업,경상북도 경산시,식품
떡류,106,2028-03-24,BIZ047,식품,C09300005,3964,2025-03-25,경상북도,더밥,경산시,"제조,가공",2025-4-0120,식품제조가공업,더밥,경산시 더밥,128.80111199485506,35.90728990415797,2025-4-0120,20120560557,더밥,식품제조가공업,경상북도 경산시,식품
포장육,604,2028-03-19,BIZ047,축산물,78,3965,2025-03-20,경상북도,다가봄 에프앤씨,경주시,"제조,가공",2025-4-0119,식육포장처리업,다가봄 에프앤씨,경주시 다가봄 에프앤씨,129.3069331958473,35.76942334221624,2025-4-0119,20190543140,다가봄 에프앤씨,식육포장처리업,경상북도 경주시,축산물
기타가공품,106,2028-03-18,BIZ047,식품,C11400002,3966,2025-03-19,경상북도,농업회사법인 더불어실버팜 주식회사,영천시,"제조,가공",2025-4-0118,식품제조가공업,농업회사법인 더불어실버팜 주식회사,영천시 농업회사법인 더불어실버팜 주식회사,129.09973409947924,36.00819340084165,2025-4-0118,20190559042,농업회사법인 더불어실버팜 주식회사,식품제조가공업,경상북도 영천시,식품
두류가공품,106,2028-03-18,BIZ047,식품,C10700012,3967,2025-03-19,경상북도,농업회사법인 더불어실버팜 주식회사,영천시,"제조,가공",2025-4-0117,식품제조가공업,농업회사법인 더불어실버팜 주식회사,영천시 농업회사법인 더불어실버팜 주식회사,129.09973409947924,36.00819340084165,2025-4-0117,20190559042,농업회사법인 더불어실버팜 주식회사,식품제조가공업,경상북도 영천시,식품
곡류가공품,106,2028-03-18,BIZ047,식품,C10700011,3968,2025-03-19,경상북도,농업회사법인 더불어실버팜 주식회사,영천시,"제조,가공",2025-4-0116,식품제조가공업,농업회사법인 더불어실버팜 주식회사,영천시 농업회사법인 더불어실버팜 주식회사,129.09973409947924,36.00819340084165,2025-4-0116,20190559042,농업회사법인 더불어실버팜 주식회사,식품제조가공업,경상북도 영천시,식품
과ㆍ채가공품,106,2028-03-18,BIZ047,식품,C10700010,3969,2025-03-19,경상북도,농업회사법인 더불어실버팜 주식회사,영천시,"제조,가공",2025-4-0115,식품제조가공업,농업회사법인 더불어실버팜 주식회사,영천시 농업회사법인 더불어실버팜 주식회사,129.09973409947924,36.00819340084165,2025-4-0115,20190559042,농업회사법인 더불어실버팜 주식회사,식품제조가공업,경상북도 영천시,식품
고형차,106,2028-03-18,BIZ047,식품,C10100003,3970,2025-03-19,경상북도,농업회사법인 더불어실버팜 주식회사,영천시,"제조,가공",2025-4-0114,식품제조가공업,농업회사법인 더불어실버팜 주식회사,영천시 농업회사법인 더불어실버팜 주식회사,129.09973409947924,36.00819340084165,2025-4-0114,20190559042,농업회사법인 더불어실버팜 주식회사,식품제조가공업,경상북도 영천시,식품
침출차,106,2028-03-18,BIZ047,식품,C10100001,3971,2025-03-19,경상북도,농업회사법인 더불어실버팜 주식회사,영천시,"제조,가공",2025-4-0113,식품제조가공업,농업회사법인 더불어실버팜 주식회사,영천시 농업회사법인 더불어실버팜 주식회사,129.09973409947924,36.00819340084165,2025-4-0113,20190559042,농업회사법인 더불어실버팜 주식회사,식품제조가공업,경상북도 영천시,식품
포장육,604,2028-03-17,BIZ047,축산물,78,3972,2025-03-18,대구광역시,금능식품,동구,"제조,가공",2025-4-0112,식육포장처리업,금능식품,동구 금능식품,128.64315909953618,35.8831441011106,2025-4-0112,20000160603,금능식품,식육포장처리업,대구광역시 동구,축산물
과ㆍ채가공품,106,2028-03-17,BIZ047,식품,C10700010,3973,2025-03-18,대구광역시,군위군농업기술센터,군위군,"제조,가공",2025-4-0111,식품제조가공업,군위군농업기술센터,군위군 군위군농업기술센터,128.59314030134126,36.181336501525166,2025-4-0111,20240259008,군위군농업기술센터,식품제조가공업,대구광역시 군위군,식품
양념육,612,2028-03-17,BIZ047,축산물,86,3974,2025-03-18,경상북도,주식회사 성보,구미시,"제조,가공",2025-4-0110,축산물가공업-식육가공업,주식회사 성보,구미시 주식회사 성보,128.3050556985329,36.15176655223541,2025-4-0110,20210536012,주식회사 성보,축산물가공업-식육가공업,경상북도 구미시,축산물
양념육,612,2028-03-17,BIZ047,축산물,86,3975,2025-03-18,대구광역시,(주)그린쿡,달성군,"제조,가공",2025-4-0109,축산물가공업-식육가공업,그린쿡,달성군 그린쿡,128.45530690031703,35.79348690099733,2025-4-0109,20250217003,(주)그린쿡,축산물가공업-식육가공업,대구광역시 달성군,축산물
포장육,604,2028-03-16,BIZ047,축산물,78,3976,2025-03-17,경상북도,(주)명가푸드,포항시 북구,"제조,가공",2025-4-0107,식육포장처리업,명가푸드,포항시 북구 명가푸드,129.3760981999951,36.057792499606926,2025-4-0107,20150533007,(주)명가푸드,식육포장처리업,경상북도 포항시 북구,축산물
포장육,604,2028-03-13,BIZ047,축산물,78,3977,2025-03-14,대구광역시,(주)필로미트,동구,"제조,가공",2025-4-0106,식육포장처리업,필로미트,동구 필로미트,128.68193120126313,35.8894147016596,2025-4-0106,20160160480,(주)필로미트,식육포장처리업,대구광역시 동구,축산물
과ㆍ채가공품,106,2028-03-13,BIZ047,식품,C10700010,3978,2025-03-14,경상북도,파이토지노믹스 주식회사,영천시,"제조,가공",2025-4-0105,식품제조가공업,파이토지노믹스 주식회사,영천시 파이토지노믹스 주식회사,128.94716190028743,35.91002640109232,2025-4-0105,20160555002,파이토지노믹스 주식회사,식품제조가공업,경상북도 영천시,식품
떡류,106,2028-03-13,BIZ047,식품,C09300005,3979,2025-03-14,경상북도,주식회사 우리원,칠곡군,"제조,가공",2025-4-0104,식품제조가공업,주식회사 우리원,칠곡군 주식회사 우리원,128.53371600033364,36.02411789977246,2025-4-0104,20240879468,주식회사 우리원,식품제조가공업,경상북도 칠곡군,식품
포장육,604,2028-03-12,BIZ047,축산물,78,3980,2025-03-13,대구광역시,정우유통,서구,"제조,가공",2025-4-0103,식육포장처리업,정우유통,서구 정우유통,127.35415540029707,36.353851600726166,2025-4-0103,20180164424,정우유통,식육포장처리업,대구광역시 서구,축산물
포장육,604,2028-03-11,BIZ047,축산물,78,3981,2025-03-12,대구광역시,하이미트피앤비,동구,"제조,가공",2025-4-0102,식육포장처리업,하이미트피앤비,동구 하이미트피앤비,128.65354370041996,35.910848800999645,2025-4-0102,20140169034,하이미트피앤비,식육포장처리업,대구광역시 동구,축산물
즉석조리식품,106,2028-03-11,BIZ047,식품,C11300005,3982,2025-03-12,경상북도,농업회사법인(주)대풍디앤에프,칠곡군,"제조,가공",2025-4-0101,식품제조가공업,농업회사법인대풍디앤에프,칠곡군 농업회사법인대풍디앤에프,,,2025-4-0101,20240879382,농업회사법인(주)대풍디앤에프,식품제조가공업,경상북도 칠곡군,식품
"양념육,분쇄가공육제품",612,2028-03-11,BIZ047,축산물,"86,87",3983,2025-03-12,대구광역시,주식회사 세운축산,동구,"제조,가공",2025-4-0100,축산물가공업-식육가공업,주식회사 세운축산,동구 주식회사 세운축산,128.70500450375417,35.87527208071002,2025-4-0100,20250217001,주식회사 세운축산,축산물가공업-식육가공업,대구광역시 동구,축산물
만두,106,2028-03-10,BIZ047,식품,C11300006,3984,2025-03-11,경상북도,주식회사 금배고,성주군,"제조,가공",2025-4-0099,식품제조가공업,주식회사 금배고,성주군 주식회사 금배고,128.33752220470544,35.88284030014383,2025-4-0099,20240877134,주식회사 금배고,식품제조가공업,경상북도 성주군,식품
양념육,612,2028-03-10,BIZ047,축산물,86,3985,2025-03-11,대구광역시,대성식품,달서구,"제조,가공",2025-4-0098,축산물가공업-식육가공업,대성식품,달서구 대성식품,128.52740260072463,35.81408559913752,2025-4-0098,20250217002,대성식품,축산물가공업-식육가공업,대구광역시 달서구,축산물
양념육,612,2028-03-06,BIZ047,축산물,86,3986,2025-03-07,대구광역시,(주)세양푸드,달서구,"제조,가공",2025-4-0097,축산물가공업-식육가공업,세양푸드,달서구 세양푸드,128.52277090029278,35.809233901056764,2025-4-0097,20140157044,(주)세양푸드,축산물가공업-식육가공업,대구광역시 달서구,축산물
양념육,612,2028-03-06,BIZ047,축산물,86,3987,2025-03-07,경상북도,(주)다온엠에프,칠곡군,"제조,가공",2025-4-0096,축산물가공업-식육가공업,다온엠에프,칠곡군 다온엠에프,128.43697799843065,35.98583160178492,2025-4-0096,20240822032,(주)다온엠에프,축산물가공업-식육가공업,경상북도 칠곡군,축산물
과ㆍ채음료,106,2028-03-06,BIZ047,식품,C10100007,3988,2025-03-07,대구광역시,㈜일동플러스팜,달서구,"제조,가공",2025-4-0095,식품제조가공업,㈜일동플러스팜,달서구 ㈜일동플러스팜,128.5007311045678,35.845316698360264,2025-4-0095,20100182349,(주)일동플러스팜,식품제조가공업,대구광역시 달서구,식품
양념육,612,2028-03-05,BIZ047,축산물,86,3989,2025-03-06,경상북도,(주)늘푸른스마트테크,영천시,"제조,가공",2025-4-0094,축산물가공업-식육가공업,늘푸른스마트테크,영천시 늘푸른스마트테크,128.88640829743855,35.87692859865182,2025-4-0094,20250822001,(주)늘푸른스마트테크,축산물가공업-식육가공업,경상북도 영천시,축산물
포장육,604,2028-03-05,BIZ047,축산물,78,3990,2025-03-06,경상북도,세종식품,안동시,"제조,가공",2025-4-0093,식육포장처리업,세종식품,안동시 세종식품,128.71719930025398,36.57898060115043,2025-4-0093,20040543533,세종식품,식육포장처리업,경상북도 안동시,축산물
포장육,604,2028-03-05,BIZ047,축산물,78,3991,2025-03-06,경상북도,해오름 유통,칠곡군,"제조,가공",2025-4-0092,식육포장처리업,해오름 유통,칠곡군 해오름 유통,128.53672619727217,36.08609099694698,2025-4-0092,20170570298,해오름 유통,식육포장처리업,경상북도 칠곡군,축산물
김치(배추김치),106,2028-03-05,BIZ047,식품,C12300001,3992,2025-03-06,대구광역시,주왕산 에프앤비,동구,"제조,가공",2025-4-0091,식품제조가공업,주왕산 에프앤비,동구 주왕산 에프앤비,128.68614509734323,35.890064301514165,2025-4-0091,20240222722,주왕산 에프앤비,식품제조가공업,대구광역시 동구,식품
김치(기타김치),106,2028-03-05,BIZ047,식품,C10500002,3993,2025-03-06,대구광역시,주왕산 에프앤비,동구,"제조,가공",2025-4-0090,식품제조가공업,주왕산 에프앤비,동구 주왕산 에프앤비,128.68614509734323,35.890064301514165,2025-4-0090,20240222722,주왕산 에프앤비,식품제조가공업,대구광역시 동구,식품
포장육,604,2028-03-04,BIZ047,축산물,78,3994,2025-03-05,경상북도,(주)대한민국축산유통,칠곡군,"제조,가공",2025-4-0089,식육포장처리업,대한민국축산유통,칠곡군 대한민국축산유통,128.54893029966453,35.98304740096464,2025-4-0089,20240879141,(주)대한민국축산유통,식육포장처리업,경상북도 칠곡군,축산물
포장육,604,2028-03-04,BIZ047,축산물,78,3995,2025-03-05,대구광역시,주식회사 다물,북구,"제조,가공",2025-4-0088,식육포장처리업,주식회사 다물,북구 주식회사 다물,128.53418930563734,35.89221737367649,2025-4-0088,20120169045,주식회사 다물,식육포장처리업,대구광역시 북구,축산물
즉석조리식품,106,2028-03-04,BIZ047,식품,C11300005,3996,2025-03-05,경상북도,농업회사법인주식회사청명원,영주시,"제조,가공",2025-4-0087,식품제조가공업,농업회사법인주식회사청명원,영주시 농업회사법인주식회사청명원,128.54909840044286,36.8965658006512,2025-4-0087,20210558298,농업회사법인주식회사청명원,식품제조가공업,경상북도 영주시,식품
과자,106,2028-03-03,BIZ047,식품,C09300001,3997,2025-03-04,경상북도,농업회사법인(주)한터식품,포항시 북구,"제조,가공",2025-4-0086,식품제조가공업,농업회사법인한터식품,포항시 북구 농업회사법인한터식품,,,2025-4-0086,20240824101,농업회사법인(주)한터식품,식품제조가공업,경상북도 포항시 북구,식품
즉석조리식품,106,2028-03-03,BIZ047,식품,C11300005,3998,2025-03-04,대구광역시,농업회사법인(주)영풍,달서구,"제조,가공",2025-4-0085,식품제조가공업,농업회사법인영풍,달서구 농업회사법인영풍,128.47961720383648,35.84403709682032,2025-4-0085,20220233480,농업회사법인(주)영풍,식품제조가공업,대구광역시 달서구,식품
포장육,604,2028-02-27,BIZ047,축산물,78,3999,2025-02-28,대구광역시,태원미트,달성군,"제조,가공",2025-4-0084,식육포장처리업,태원미트,달성군 태원미트,128.43984580387524,35.78957141920037,2025-4-0084,20200189732,태원미트,식육포장처리업,대구광역시 달성군,축산물
"건조저장육류,양념육,원료우지,원료돈지",612,2028-02-27,BIZ047,축산물,"85,86,90,92",4000,2025-02-28,경상북도,주식회사 공산푸드,칠곡군,"제조,가공",2025-4-0083,축산물가공업-식육가공업,주식회사 공산푸드,칠곡군 주식회사 공산푸드,128.50493759561564,35.91855979956824,2025-4-0083,20240822035,주식회사 공산푸드,축산물가공업-식육가공업,경상북도 칠곡군,축산물
포장육,604,2028-02-27,BIZ047,축산물,78,4001,2025-02-28,경상북도,주식회사 공산푸드,칠곡군,"제조,가공",2025-4-0082,식육포장처리업,주식회사 공산푸드,칠곡군 주식회사 공산푸드,128.50493759561564,35.91855979956824,2025-4-0082,20240879465,주식회사 공산푸드,식육포장처리업,경상북도 칠곡군,축산물
식육함유가공품,106,2028-02-27,BIZ047,식품,C10800001,4002,2025-02-28,경상북도,보보푸드,영천시,"제조,가공",2025-4-0081,식품제조가공업,보보푸드,영천시 보보푸드,129.02215930362428,35.98805559731881,2025-4-0081,20200189575,보보푸드,식품제조가공업,경상북도 영천시,식품
양념육,612,2028-02-26,BIZ047,축산물,86,4003,2025-02-27,경상북도,큰담 주식회사,경산시,"제조,가공",2025-4-0080,축산물가공업-식육가공업,큰담 주식회사,경산시 큰담 주식회사,128.7196062997756,35.81537697455736,2025-4-0080,20220763003,큰담 주식회사,축산물가공업-식육가공업,경상북도 경산시,축산물
식육판매업,630,2028-02-26,BIZ048,축산물,176,4004,2025-02-27,대구광역시,유미네 한우,수성구,"유통,판매,조리",2025-4-0079,축산물판매업-식육판매업,유미네 한우,수성구 유미네 한우,,,2025-4-0079,20170174419,유미네 한우,축산물판매업-식육판매업,대구광역시 수성구,축산물
포장육,604,2028-02-26,BIZ047,축산물,78,4005,2025-02-27,경상북도,큰담(주),경산시,"제조,가공",2025-4-0078,식육포장처리업,큰담,경산시 큰담,128.79522820122727,35.86588099720691,2025-4-0078,20210564572,큰담(주),식육포장처리업,경상북도 경산시,축산물
식용란수집판매업,635,2028-02-25,BIZ048,축산물,581,4007,2025-02-26,대구광역시,십리골양계,동구,"유통,판매,조리",2025-4-0076,축산물판매업-식용란수집판매업,십리골양계,동구 십리골양계,128.6400534031183,35.91267829599662,2025-4-0076,20240222344,십리골양계,축산물판매업-식용란수집판매업,대구광역시 동구,축산물
식육추출가공품,612,2028-02-24,BIZ047,축산물,89,4008,2025-02-25,경상북도,농업회사법인 (주) 동서건강,영천시,"제조,가공",2025-4-0075,축산물가공업-식육가공업,농업회사법인  동서건강,영천시 농업회사법인  동서건강,128.95234999970157,35.91737600087662,2025-4-0075,20220763025,농업회사법인 (주) 동서건강,축산물가공업-식육가공업,경상북도 영천시,축산물
양념육,612,2028-02-24,BIZ047,축산물,86,4009,2025-02-25,경상북도,최뿔유통,구미시,"제조,가공",2025-4-0074,축산물가공업-식육가공업,최뿔유통,구미시 최뿔유통,128.33269889968346,36.13459050120533,2025-4-0074,20240822006,최뿔유통,축산물가공업-식육가공업,경상북도 구미시,축산물
양념육,612,2028-02-24,BIZ047,축산물,86,4010,2025-02-25,대구광역시,모닝C&F,북구,"제조,가공",2025-4-0073,축산물가공업-식육가공업,모닝C&F,북구 모닝C&F,128.53904749967367,35.896267201174865,2025-4-0073,20170157019,모닝C&F,축산물가공업-식육가공업,대구광역시 북구,축산물
포장육,604,2028-02-24,BIZ047,축산물,78,4011,2025-02-25,대구광역시,모닝C&F,북구,"제조,가공",2025-4-0072,식육포장처리업,모닝C&F,북구 모닝C&F,128.53904749967367,35.896267201174865,2025-4-0072,20120169063,모닝C&F,식육포장처리업,대구광역시 북구,축산물
포장육,604,2028-02-24,BIZ047,축산물,78,4012,2025-02-25,대구광역시,대우식품,서구,"제조,가공",2025-4-0071,식육포장처리업,대우식품,서구 대우식품,126.6885566996575,37.4792824015096,2025-4-0071,20020163748,대우식품,식육포장처리업,대구광역시 서구,축산물
기타 수산물가공품 중 냉동어류,106,2028-02-24,BIZ047,식품,C11700001,4013,2025-02-25,경상북도,한가네수산,영덕군,"제조,가공",2025-4-0070,식품제조가공업,한가네수산,영덕군 한가네수산,129.43338509522607,36.48406343986186,2025-4-0070,20240871087,한가네수산,식품제조가공업,경상북도 영덕군,식품
포장육,604,2028-02-23,BIZ047,축산물,78,4014,2025-02-24,경상북도,(주)다온식품,안동시,"제조,가공",2025-4-0069,식육포장처리업,다온식품,안동시 다온식품,128.7037827995803,36.56662030135431,2025-4-0069,20190547314,(주)다온식품,식육포장처리업,경상북도 안동시,축산물
양념육,612,2028-02-23,BIZ047,축산물,86,4015,2025-02-24,경상북도,준미트,칠곡군,"제조,가공",2025-4-0068,축산물가공업-식육가공업,준미트,칠곡군 준미트,128.495368901404,35.96280799677332,2025-4-0068,20240822029,준미트,축산물가공업-식육가공업,경상북도 칠곡군,축산물
포장육,604,2028-02-23,BIZ047,축산물,78,4016,2025-02-24,경상북도,준미트,칠곡군,"제조,가공",2025-4-0067,식육포장처리업,준미트,칠곡군 준미트,128.495368901404,35.96280799677332,2025-4-0067,20240879369,준미트,식육포장처리업,경상북도 칠곡군,축산물
빵류,106,2028-02-20,BIZ047,식품,C09300004,4017,2025-02-21,경상북도,농업회사법인(주)태산글로벌,영천시,"제조,가공",2025-4-0066,식품제조가공업,농업회사법인태산글로벌,영천시 농업회사법인태산글로벌,128.79531630100138,36.03886040305245,2025-4-0066,20240854322,농업회사법인(주)태산글로벌,식품제조가공업,경상북도 영천시,식품
양념육,612,2028-02-20,BIZ047,축산물,86,4018,2025-02-21,대구광역시,(주)미트뱅크코리아 영남사업소,동구,"제조,가공",2025-4-0065,축산물가공업-식육가공업,미트뱅크코리아 영남사업소,동구 미트뱅크코리아 영남사업소,128.6479264999669,35.911186401316186,2025-4-0065,20130157010,(주)미트뱅크코리아 영남사업소,축산물가공업-식육가공업,대구광역시 동구,축산물
식육함유가공품,106,2028-02-20,BIZ047,식품,C10800001,4019,2025-02-21,경상북도,롯데웰푸드(주),김천시,"제조,가공",2025-4-0064,식품제조가공업,롯데웰푸드,김천시 롯데웰푸드,128.12715700436294,36.15330009820797,2025-4-0064,20140541143,롯데웰푸드(주),식품제조가공업,경상북도 김천시,식품
포장육,604,2028-02-19,BIZ047,축산물,78,4020,2025-02-20,대구광역시,동성축산,서구,"제조,가공",2025-4-0063,식육포장처리업,동성축산,서구 동성축산,128.56454730020056,35.8683618006401,2025-4-0063,20160163167,동성축산,식육포장처리업,대구광역시 서구,축산물
포장육,604,2028-02-19,BIZ047,축산물,78,4021,2025-02-20,대구광역시,(주)미트뱅크코리아 영남사업소,동구,"제조,가공",2025-4-0062,식육포장처리업,미트뱅크코리아 영남사업소,동구 미트뱅크코리아 영남사업소,128.6479264999669,35.911186401316186,2025-4-0062,20130160829,(주)미트뱅크코리아 영남사업소,식육포장처리업,대구광역시 동구,축산물
포장육,604,2028-02-18,BIZ047,축산물,78,4022,2025-02-19,경상북도,(주)신우진한우포크,안동시,"제조,가공",2025-4-0061,식육포장처리업,신우진한우포크,안동시 신우진한우포크,128.66411209655794,36.581828542677385,2025-4-0061,20060543314,(주)신우진한우포크,식육포장처리업,경상북도 안동시,축산물
양념육,612,2028-02-18,BIZ047,축산물,86,4023,2025-02-19,경상북도,주식회사 자연씨앤에프,포항시 북구,"제조,가공",2025-4-0060,축산물가공업-식육가공업,주식회사 자연씨앤에프,포항시 북구 주식회사 자연씨앤에프,129.39068919448354,36.08398389615032,2025-4-0060,20230771015,주식회사 자연씨앤에프,축산물가공업-식육가공업,경상북도 포항시 북구,축산물
양념육,612,2028-02-18,BIZ047,축산물,86,4024,2025-02-19,경상북도,신원식품 주식회사,청도군,"제조,가공",2025-4-0059,축산물가공업-식육가공업,신원식품 주식회사,청도군 신원식품 주식회사,128.7477700005544,35.68172610085105,2025-4-0059,20220763008,신원식품 주식회사,축산물가공업-식육가공업,경상북도 청도군,축산물
포장육,604,2028-02-11,BIZ047,축산물,78,4026,2025-02-12,대구광역시,농업회사법인 주식회사 푸드고,달성군,"제조,가공",2025-4-0057,식육포장처리업,농업회사법인 주식회사 푸드고,달성군 농업회사법인 주식회사 푸드고,128.42994519970378,35.781477202832505,2025-4-0057,20240256601,농업회사법인 주식회사 푸드고,식육포장처리업,대구광역시 달성군,축산물
과자,106,2028-02-11,BIZ047,식품,C09300001,4027,2025-02-12,경상북도,주식회사 정성푸드,경산시,"제조,가공",2025-4-0056,식품제조가공업,주식회사 정성푸드,경산시 주식회사 정성푸드,128.82650370006758,35.827598900817684,2025-4-0056,20020560450,주식회사 정성푸드,식품제조가공업,경상북도 경산시,식품
묵류,106,2028-02-11,BIZ047,식품,C09800004,4028,2025-02-12,경상북도,경현식품,청도군,"제조,가공",2025-4-0055,식품제조가공업,경현식품,청도군 경현식품,128.5814104955017,35.713551202746835,2025-4-0055,20240873140,경현식품,식품제조가공업,경상북도 청도군,식품
양념육,612,2028-02-11,BIZ047,축산물,86,4029,2025-02-12,대구광역시,태양축산,달성군,"제조,가공",2025-4-0054,축산물가공업-식육가공업,태양축산,달성군 태양축산,128.4755461020641,35.8733127989988,2025-4-0054,20140157040,태양축산,축산물가공업-식육가공업,대구광역시 달성군,축산물
포장육,604,2028-02-11,BIZ047,축산물,78,4030,2025-02-12,대구광역시,주식회사 조은 한우,북구,"제조,가공",2025-4-0053,식육포장처리업,주식회사 조은 한우,북구 주식회사 조은 한우,128.57620059867318,35.947091503734114,2025-4-0053,20170174730,주식회사 조은 한우,식육포장처리업,대구광역시 수성구,축산물
양념육,612,2028-02-10,BIZ047,축산물,86,4031,2025-02-11,경상북도,소백산한돈포크,영주시,"제조,가공",2025-4-0051,축산물가공업-식육가공업,소백산한돈포크,영주시 소백산한돈포크,128.61040899575082,36.80137220302111,2025-4-0051,20240822026,소백산한돈포크,축산물가공업-식육가공업,경상북도 영주시,축산물
양념육,612,2028-02-08,BIZ047,축산물,86,4032,2025-02-09,대구광역시,나래축산유통,수성구,"제조,가공",2025-4-0050,축산물가공업-식육가공업,나래축산유통,수성구 나래축산유통,128.6454482001904,35.86891370118662,2025-4-0050,20190158013,나래축산유통,축산물가공업-식육가공업,대구광역시 수성구,축산물
포장육,604,2028-02-08,BIZ047,축산물,78,4033,2025-02-09,대구광역시,세영푸드,달성군,"제조,가공",2025-4-0049,식육포장처리업,세영푸드,달성군 세영푸드,128.4450286042335,35.713975369198124,2025-4-0049,20220241456,세영푸드,식육포장처리업,대구광역시 달성군,축산물
포장육,604,2028-02-06,BIZ047,축산물,78,4034,2025-02-07,경상북도,우창축산,상주시,"제조,가공",2025-4-0048,식육포장처리업,우창축산,상주시 우창축산,128.15269320050405,36.41693400105705,2025-4-0048,20190560002,우창축산,식육포장처리업,경상북도 상주시,축산물
"양념육,식육추출가공품",612,2028-02-06,BIZ047,축산물,"86,89",4035,2025-02-07,대구광역시,더줌푸드,달성군,"제조,가공",2025-4-0047,축산물가공업-식육가공업,더줌푸드,달성군 더줌푸드,128.44007099950252,35.79408980056142,2025-4-0047,20190158019,더줌푸드,축산물가공업-식육가공업,대구광역시 달성군,축산물
혼합음료,106,2028-02-05,BIZ047,식품,C10100016,4036,2025-02-06,대구광역시,㈜비락대구공장,달성군,"제조,가공",2025-4-0046,식품제조가공업,㈜비락대구공장,달성군 ㈜비락대구공장,128.46746799998195,35.73800610132546,2025-4-0046,20180189388,(주)비락대구공장,식품제조가공업,대구광역시 달성군,식품
커피,106,2028-02-05,BIZ047,식품,C10100004,4037,2025-02-06,대구광역시,㈜비락대구공장,달성군,"제조,가공",2025-4-0045,식품제조가공업,㈜비락대구공장,달성군 ㈜비락대구공장,128.46746799998195,35.73800610132546,2025-4-0045,20180189388,(주)비락대구공장,식품제조가공업,대구광역시 달성군,식품
포장육,604,2028-02-04,BIZ047,축산물,78,4038,2025-02-05,대구광역시,미소한우농업회사법인(주),달성군,"제조,가공",2025-4-0044,식육포장처리업,미소한우농업회사법인,달성군 미소한우농업회사법인,128.41777349988809,35.687098100743555,2025-4-0044,20200189015,미소한우농업회사법인(주),식육포장처리업,대구광역시 달성군,축산물
포장육,604,2028-02-04,BIZ047,축산물,78,4039,2025-02-05,경상북도,제이엠미트,경산시,"제조,가공",2025-4-0043,식육포장처리업,제이엠미트,경산시 제이엠미트,128.85973160557617,35.92861560382959,2025-4-0043,20150555222,제이엠미트,식육포장처리업,경상북도 경산시,축산물
식육판매업,630,2028-02-04,BIZ048,축산물,176,4040,2025-02-05,대구광역시,상인푸드,달서구,"유통,판매,조리",2025-4-0042,축산물판매업-식육판매업,상인푸드,달서구 상인푸드,128.54800499825717,35.811263696652574,2025-4-0042,20220234274,상인푸드,축산물판매업-식육판매업,대구광역시 달서구,축산물
포장육,604,2028-02-03,BIZ047,축산물,78,4041,2025-02-04,대구광역시,주식회사 유명프레시,북구,"제조,가공",2025-4-0040,식육포장처리업,주식회사 유명프레시,북구 주식회사 유명프레시,128.60579759993752,35.89949070120643,2025-4-0040,20240234339,주식회사 유명프레시,식육포장처리업,대구광역시 북구,축산물
양념육,612,2028-02-03,BIZ047,축산물,86,4042,2025-02-04,대구광역시,주식회사 유명프레시,북구,"제조,가공",2025-4-0039,축산물가공업-식육가공업,주식회사 유명프레시,북구 주식회사 유명프레시,128.60579759993752,35.89949070120643,2025-4-0039,20230210002,주식회사 유명프레시,축산물가공업-식육가공업,대구광역시 북구,축산물
과자,106,2028-02-02,BIZ047,식품,C09300001,4043,2025-02-03,경상북도,한울 농업회사법인 주식회사,영천시,"제조,가공",2025-4-0038,식품제조가공업,한울 농업회사법인 주식회사,영천시 한울 농업회사법인 주식회사,128.80914909950852,35.98016370071004,2025-4-0038,20220795165,한울 농업회사법인 주식회사,식품제조가공업,경상북도 영천시,식품
액상차,106,2028-01-23,BIZ047,식품,C10100002,4044,2025-01-24,경상북도,해오름에프앤비(F&B),경산시,"제조,가공",2025-4-0037,식품제조가공업,해오름에프앤비,경산시 해오름에프앤비,128.79021060006556,35.81824090082082,2025-4-0037,20230811591,해오름에프앤비(F&B),식품제조가공업,경상북도 경산시,식품
과자,106,2028-01-23,BIZ047,식품,C09300001,4045,2025-01-24,경상북도,옳;온,경주시,"제조,가공",2025-4-0036,식품제조가공업,옳;온,경주시 옳;온,129.20544468838983,35.845538754577504,2025-4-0036,20220773813,옳;온,식품제조가공업,경상북도 경주시,식품
기타 수산물가공품 중 냉동연체류,106,2028-01-23,BIZ047,식품,C11800001,4046,2025-01-24,경상북도,대진수산(주),포항시 남구,"제조,가공",2025-4-0035,식품제조가공업,대진수산,포항시 남구 대진수산,129.37489700431115,36.04785359612001,2025-4-0035,20240824074,대진수산(주),식품제조가공업,경상북도 포항시 남구,식품
기타 수산물가공품 중 냉동어류,106,2028-01-23,BIZ047,식품,C11700001,4047,2025-01-24,경상북도,대진수산(주),포항시 남구,"제조,가공",2025-4-0034,식품제조가공업,대진수산,포항시 남구 대진수산,129.37489700431115,36.04785359612001,2025-4-0034,20240824074,대진수산(주),식품제조가공업,경상북도 포항시 남구,식품
양념육,612,2028-01-23,BIZ047,축산물,86,4048,2025-01-24,대구광역시,안지랑곱창 팩토리,남구,"제조,가공",2025-4-0033,축산물가공업-식육가공업,안지랑곱창 팩토리,남구 안지랑곱창 팩토리,128.57458160472154,35.83643209663198,2025-4-0033,20160157024,안지랑곱창 팩토리,축산물가공업-식육가공업,대구광역시 남구,축산물
양념육,612,2028-01-22,BIZ047,축산물,86,4049,2025-01-23,대구광역시,더블유푸드시스템,동구,"제조,가공",2025-4-0032,축산물가공업-식육가공업,더블유푸드시스템,동구 더블유푸드시스템,128.69561259988072,35.86940804232115,2025-4-0032,20180158006,더블유푸드시스템,축산물가공업-식육가공업,대구광역시 동구,축산물
잼,106,2028-01-22,BIZ047,식품,C09700001,4050,2025-01-23,경상북도,둥근나라,경산시,"제조,가공",2025-4-0031,식품제조가공업,둥근나라,경산시 둥근나라,128.80104009950296,35.87633299809944,2025-4-0031,20240862589,둥근나라,식품제조가공업,경상북도 경산시,식품
기타가공품,106,2028-01-22,BIZ047,식품,C11400002,4051,2025-01-23,경상북도,풍산 주식회사,안동시,"제조,가공",2025-4-0030,식품제조가공업,풍산 주식회사,안동시 풍산 주식회사,128.61464899741023,36.59078780497905,2025-4-0030,20030543279,풍산 주식회사,식품제조가공업,경상북도 안동시,식품
액상차,106,2028-01-22,BIZ047,식품,C10100002,4052,2025-01-23,경상북도,풍산 주식회사,안동시,"제조,가공",2025-4-0029,식품제조가공업,풍산 주식회사,안동시 풍산 주식회사,128.61464899741023,36.59078780497905,2025-4-0029,20030543279,풍산 주식회사,식품제조가공업,경상북도 안동시,식품
포장육,604,2028-01-22,BIZ047,축산물,78,4053,2025-01-23,대구광역시,팔공푸드,북구,"제조,가공",2025-4-0028,식육포장처리업,팔공푸드,북구 팔공푸드,128.54214679902122,35.914000147737966,2025-4-0028,20130169019,팔공푸드,식육포장처리업,대구광역시 북구,축산물
액상차,106,2028-01-19,BIZ047,식품,C10100002,4054,2025-01-20,경상북도,글로리문경,문경시,"제조,가공",2025-4-0027,식품제조가공업,글로리문경,문경시 글로리문경,128.3096918981051,36.72630889605697,2025-4-0027,20240859200,글로리문경,식품제조가공업,경상북도 문경시,식품
향미유,106,2028-01-19,BIZ047,식품,C09900021,4055,2025-01-20,경상북도,(주)에스팩토리,경산시,"제조,가공",2025-4-0026,식품제조가공업,에스팩토리,경산시 에스팩토리,128.77425439964009,35.84297900072351,2025-4-0026,20210564766,(주)에스팩토리,식품제조가공업,경상북도 경산시,식품
양념육,612,2028-01-19,BIZ047,축산물,86,4056,2025-01-20,대구광역시,주식회사 여부에프앤비,동구,"제조,가공",2025-4-0025,축산물가공업-식육가공업,주식회사 여부에프앤비,동구 주식회사 여부에프앤비,128.69162210183543,35.88128019931212,2025-4-0025,20220202020,주식회사 여부에프앤비,축산물가공업-식육가공업,대구광역시 동구,축산물
포장육,604,2028-01-19,BIZ047,축산물,78,4057,2025-01-20,경상북도,두민푸드,경산시,"제조,가공",2025-4-0024,식육포장처리업,두민푸드,경산시 두민푸드,128.83347319931474,35.82168870034333,2025-4-0024,20050160694,두민푸드,식육포장처리업,대구광역시 동구,축산물
양념육,612,2028-01-19,BIZ047,축산물,86,4058,2025-01-20,경상북도,두민푸드,경산시,"제조,가공",2025-4-0021,축산물가공업-식육가공업,두민푸드,경산시 두민푸드,128.83347319931474,35.82168870034333,2025-4-0021,20240822031,두민푸드,축산물가공업-식육가공업,경상북도 경산시,축산물
포장육,604,2028-01-19,BIZ047,축산물,78,4059,2025-01-20,대구광역시,호박꽃식품,북구,"제조,가공",2025-4-0020,식육포장처리업,호박꽃식품,북구 호박꽃식품,129.36798019978716,36.03585930134427,2025-4-0020,20050169335,호박꽃식품,식육포장처리업,대구광역시 북구,축산물
"양념육,식육추출가공품",612,2028-01-16,BIZ047,축산물,"89,86",4060,2025-01-17,대구광역시,(주)달산,달서구,"제조,가공",2025-4-0019,축산물가공업-식육가공업,달산,달서구 달산,128.51970319976206,35.808734100858885,2025-4-0019,20190158014,(주)달산,축산물가공업-식육가공업,대구광역시 달서구,축산물
즉석섭취식품(운반급식 포함),106,2028-01-16,BIZ047,식품,H03000002,4061,2025-01-17,경상북도,삼천리푸드,포항시 북구,"제조,가공",2025-4-0018,식품제조가공업,삼천리푸드,포항시 북구 삼천리푸드,129.36289769681537,36.03974890001712,2025-4-0018,20240824093,삼천리푸드,식품제조가공업,경상북도 포항시 북구,식품
당절임,106,2028-01-14,BIZ047,식품,C10500004,4062,2025-01-15,경상북도,주식회사 더한줌,경산시,"제조,가공",2025-4-0017,식품제조가공업,주식회사 더한줌,경산시 주식회사 더한줌,128.80778110199844,35.91088789935523,2025-4-0017,20200564626,주식회사 더한줌,식품제조가공업,경상북도 경산시,식품
액상차,106,2028-01-14,BIZ047,식품,C10100002,4063,2025-01-15,경상북도,주식회사 더한줌,경산시,"제조,가공",2025-4-0016,식품제조가공업,주식회사 더한줌,경산시 주식회사 더한줌,128.80778110199844,35.91088789935523,2025-4-0016,20200564626,주식회사 더한줌,식품제조가공업,경상북도 경산시,식품
양념육,612,2028-01-13,BIZ047,축산물,86,4064,2025-01-14,경상북도,미트플러스,경산시,"제조,가공",2025-4-0013,축산물가공업-식육가공업,미트플러스,경산시 미트플러스,128.73054930050722,35.767501501330294,2025-4-0013,20180536023,미트플러스,축산물가공업-식육가공업,경상북도 경산시,축산물
과ㆍ채가공품,106,2028-01-13,BIZ047,식품,C10700010,4065,2025-01-14,대구광역시,한국네츄럴팜,서구,"제조,가공",2025-4-0012,식품제조가공업,한국네츄럴팜,서구 한국네츄럴팜,128.53414839864595,35.87018173274421,2025-4-0012,20110163089,한국네츄럴팜,식품제조가공업,대구광역시 서구,식품
양념육,612,2028-01-09,BIZ047,축산물,86,4066,2025-01-10,경상북도,농업회사법인 들마루(주),상주시,"제조,가공",2025-4-0011,축산물가공업-식육가공업,농업회사법인 들마루,상주시 농업회사법인 들마루,128.1531592003074,36.366277500704285,2025-4-0011,20190536021,농업회사법인 들마루(주),축산물가공업-식육가공업,경상북도 상주시,축산물
포장육,604,2028-01-09,BIZ047,축산물,78,4067,2025-01-10,대구광역시,(주)대홍,서구,"제조,가공",2025-4-0010,식육포장처리업,대홍,서구 대홍,128.53614609971277,35.864590601221735,2025-4-0010,20140163463,(주)대홍,식육포장처리업,대구광역시 서구,축산물
포장육,604,2028-01-09,BIZ047,축산물,78,4068,2025-01-10,대구광역시,도담닭고기,북구,"제조,가공",2025-4-0009,식육포장처리업,도담닭고기,북구 도담닭고기,128.53904749967367,35.896267201174865,2025-4-0009,20150168636,도담닭고기,식육포장처리업,대구광역시 북구,축산물
양념육,612,2028-01-09,BIZ047,축산물,86,4069,2025-01-10,대구광역시,도담닭고기,북구,"제조,가공",2025-4-0008,축산물가공업-식육가공업,도담닭고기,북구 도담닭고기,128.53904749967367,35.896267201174865,2025-4-0008,20230210013,도담닭고기,축산물가공업-식육가공업,대구광역시 북구,축산물
"양념육,식육추출가공품",612,2028-01-08,BIZ047,축산물,"86,89",4070,2025-01-09,경상북도,그린푸드,고령군,"제조,가공",2025-4-0007,축산물가공업-식육가공업,그린푸드,고령군 그린푸드,128.45062430049828,35.8239929012496,2025-4-0007,20210536007,그린푸드,축산물가공업-식육가공업,경상북도 고령군,축산물
즉석섭취식품(운반급식 포함),106,2028-01-08,BIZ047,식품,H03000002,4072,2025-01-09,대구광역시,주식회사 더마을에프엔비,달서구,"제조,가공",2025-4-0005,식품제조가공업,주식회사 더마을에프엔비,달서구 주식회사 더마을에프엔비,128.50314389546605,35.82882780446044,2025-4-0005,20240222125,주식회사 더마을에프엔비,식품제조가공업,대구광역시 동구,식품
떡류,106,2028-01-08,BIZ047,식품,C09300005,4073,2025-01-09,경상북도,농업회사법인(주)태산글로벌,영천시,"제조,가공",2025-4-0004,식품제조가공업,농업회사법인태산글로벌,영천시 농업회사법인태산글로벌,128.79531630100138,36.03886040305245,2025-4-0004,20240854322,농업회사법인(주)태산글로벌,식품제조가공업,경상북도 영천시,식품
식육즉석판매가공업,042,2028-01-05,BIZ048,축산물,719,4074,2025-01-06,대구광역시,농업회사법인 경북농민축산(주),달성군,"유통,판매,조리",2025-4-0003,식육즉석판매가공업,농업회사법인 경북농민축산,달성군 농업회사법인 경북농민축산,128.43652279546734,35.77976170400412,2025-4-0003,20240256633,농업회사법인 경북농민축산(주),식육즉석판매가공업,대구광역시 달성군,축산물
포장육,604,2028-01-05,BIZ047,축산물,78,4075,2025-01-06,대구광역시,고기공장,서구,"제조,가공",2025-4-0002,식육포장처리업,고기공장,서구 고기공장,128.55866770045668,35.866018601117595,2025-4-0002,20150163211,고기공장,식육포장처리업,대구광역시 서구,축산물
곡류가공품,106,2028-01-02,BIZ047,식품,C10700011,4076,2025-01-03,대구광역시,맛뜰정원,동구,"제조,가공",2025-4-0001,식품제조가공업,맛뜰정원,동구 맛뜰정원,128.70144720269778,35.87160889674209,2025-4-0001,20240222990,맛뜰정원,식품제조가공업,대구광역시 동구,식품
과자,106,2028-12-30,BIZ047,식품,C09300001,4077,2025-12-31,경기도,주식회사 제이쿠키,안성시,"제조,가공",2025-3-1029,식품제조가공업,주식회사 제이쿠키,안성시 주식회사 제이쿠키,,,2025-3-1029,20250551717,주식회사 제이쿠키,식품제조가공업,경기도 안성시,식품
생면,106,2028-12-22,BIZ047,식품,C10000001,4078,2025-12-31,경기도,주식회사 신세계푸드 이천 2공장,이천시,"제조,가공",2025-3-1027,식품제조가공업,주식회사 신세계푸드 이천 2공장,이천시 주식회사 신세계푸드 이천 2공장,127.46787510005151,37.26859920027884,2025-3-1027,20070358265,주식회사 신세계푸드 이천 2공장,식품제조가공업,경기도 이천시,식품
향신료조제품,106,2028-12-30,BIZ047,식품,C10400012,4079,2025-12-31,경기도,(주)참빛농산,김포시,"제조,가공",2025-3-1026,식품제조가공업,참빛농산,김포시 참빛농산,126.55272720024666,37.63307677977824,2025-3-1026,20210379181,(주)참빛농산,식품제조가공업,경기도 김포시,식품
고춧가루,106,2028-12-30,BIZ047,식품,C10400009,4080,2025-12-31,경기도,(주)참빛농산,김포시,"제조,가공",2025-3-1025,식품제조가공업,참빛농산,김포시 참빛농산,126.55272720024666,37.63307677977824,2025-3-1025,20210379181,(주)참빛농산,식품제조가공업,경기도 김포시,식품
기타 수산물가공품 중 냉동조미가공품,106,2028-12-30,BIZ047,식품,C11900001,4081,2025-12-31,경기도,조덕,광주시,"제조,가공",2025-3-1024,식품제조가공업,조덕,광주시 조덕,,,2025-3-1024,20200387980,조덕,식품제조가공업,경기도 광주시,식품
고형차,106,2028-12-30,BIZ047,식품,C10100003,4082,2025-12-31,경기도,노비스바이오(주),안성시,"제조,가공",2025-3-1023,식품제조가공업,노비스바이오,안성시 노비스바이오,127.15736140002508,36.9891802040674,2025-3-1023,20040443074,노비스바이오(주),식품제조가공업,경기도 안성시,식품
"양념육,분쇄가공육제품,식육추출가공품",612,2028-12-30,BIZ047,축산물,"86,87,89",4083,2025-12-31,경기도,농업회사법인 디에스푸드원 주식회사,광주시,"제조,가공",2025-3-1022,축산물가공업-식육가공업,농업회사법인 디에스푸드원 주식회사,광주시 농업회사법인 디에스푸드원 주식회사,,,2025-3-1022,20250371091,농업회사법인 디에스푸드원 주식회사,축산물가공업-식육가공업,경기도 광주시,축산물
빵류(공유주방 이용업소),106,2028-12-30,BIZ047,식품,C09300004,4084,2025-12-31,경기도,평택시 농산물가공창업관,평택시,"제조,가공",2025-3-1021,식품제조가공업,평택시 농산물가공창업관,평택시 평택시 농산물가공창업관,126.98083799990049,37.01440000073133,2025-3-1021,20230433234,평택시 농산물가공창업관,식품제조가공업,경기도 평택시,식품
떡류,106,2028-12-30,BIZ047,식품,C09300005,4085,2025-12-31,경기도,나라푸드랩,김포시,"제조,가공",2025-3-1020,식품제조가공업,나라푸드랩,김포시 나라푸드랩,,,2025-3-1020,20250555867,나라푸드랩,식품제조가공업,경기도 김포시,식품
양념육,612,2028-12-30,BIZ047,축산물,86,4086,2025-12-31,인천광역시,고기6 주식회사,검단구,"제조,가공",2025-3-1019,축산물가공업-식육가공업,고기6 주식회사,검단구 고기6 주식회사,,,2025-3-1019,20250261017,고기6 주식회사,축산물가공업-식육가공업,인천광역시 검단구,축산물
즉석섭취식품,106,2028-12-29,BIZ047,식품,C11300003,4087,2025-12-30,경기도,(주)리치푸드,성남시 중원구,"제조,가공",2025-3-1018,식품제조가공업,리치푸드,성남시 중원구 리치푸드,127.17643720055608,37.43206919977738,2025-3-1018,20180280019,(주)리치푸드,식품제조가공업,경기도 성남시 중원구,식품
냉동식품 중 만두(공유주방 이용업소),106,2028-12-29,BIZ047,식품,C12000001,4088,2025-12-30,경기도,이토피아(EATOPIA),평택시,"제조,가공",2025-3-1017,식품제조가공업,이토피아,평택시 이토피아,127.13190856698344,37.02151016498963,2025-3-1017,20250463693,이토피아(EATOPIA),식품제조가공업,경기도 평택시,식품
양념육,612,2028-12-29,BIZ047,축산물,86,4089,2025-12-30,경기도,한결푸드,하남시,"제조,가공",2025-3-1016,축산물가공업-식육가공업,한결푸드,하남시 한결푸드,127.18425180050858,37.52971183097692,2025-3-1016,20190267158,한결푸드,축산물가공업-식육가공업,경기도 하남시,축산물
기타발효음료,106,2028-12-27,BIZ047,식품,C10100014,4090,2025-12-28,경기도,농업회사법인 주식회사 골드부르어스,여주시,"제조,가공",2025-3-1015,식품제조가공업,농업회사법인 주식회사 골드부르어스,여주시 농업회사법인 주식회사 골드부르어스,,,2025-3-1015,20180393023,농업회사법인 주식회사 골드부르어스,식품제조가공업,경기도 여주시,식품
"양념육,분쇄가공육제품",612,2028-12-27,BIZ047,축산물,"86,87",4091,2025-12-28,인천광역시,올바름미트앤푸드,남동구,"제조,가공",2025-3-1014,축산물가공업-식육가공업,올바름미트앤푸드,남동구 올바름미트앤푸드,126.69713930035772,37.41029860099606,2025-3-1014,20160189029,올바름미트앤푸드,축산물가공업-식육가공업,인천광역시 남동구,축산물
즉석조리식품,106,2028-12-25,BIZ047,식품,C11300005,4092,2025-12-26,경기도,(주)비에이21,성남시 중원구,"제조,가공",2025-3-1013,식품제조가공업,비에이21,성남시 중원구 비에이21,,,2025-3-1013,20250390199,(주)비에이21,식품제조가공업,경기도 성남시 중원구,식품
커피,106,2028-12-25,BIZ047,식품,C10100004,4093,2025-12-26,경기도,(주)진성에프엠,화성시 만세구,"제조,가공",2025-3-1012,식품제조가공업,진성에프엠,화성시 만세구 진성에프엠,,,2025-3-1012,19990364158,(주)진성에프엠,식품제조가공업,경기도 화성시 만세구,식품
즉석조리식품,106,2028-12-24,BIZ047,식품,C11300005,4094,2025-12-25,경기도,농업회사법인(주) 담푸른,시흥시,"제조,가공",2025-3-1011,식품제조가공업,농업회사법인 담푸른,시흥시 농업회사법인 담푸른,126.78786630031378,37.434927100571336,2025-3-1011,20160338669,농업회사법인(주) 담푸른,식품제조가공업,경기도 시흥시,식품
빵류,106,2028-12-24,BIZ047,식품,C09300004,4095,2025-12-25,경기도,농업회사법인(주) 담푸른,시흥시,"제조,가공",2025-3-1010,식품제조가공업,농업회사법인 담푸른,시흥시 농업회사법인 담푸른,126.78786630031378,37.434927100571336,2025-3-1010,20160338669,농업회사법인(주) 담푸른,식품제조가공업,경기도 시흥시,식품
양념육,612,2028-12-24,BIZ047,축산물,86,4096,2025-12-25,인천광역시,(주)김종구참푸드 1공장,서해구,"제조,가공",2025-3-1009,축산물가공업-식육가공업,김종구참푸드 1공장,서해구 김종구참푸드 1공장,,,2025-3-1009,20210191013,(주)김종구참푸드 1공장,축산물가공업-식육가공업,인천광역시 서해구,축산물
식육추출가공품,612,2028-12-24,BIZ047,축산물,89,4097,2025-12-25,인천광역시,숭의푸드,서해구,"제조,가공",2025-3-1008,축산물가공업-식육가공업,숭의푸드,서해구 숭의푸드,,,2025-3-1008,20250261018,숭의푸드,축산물가공업-식육가공업,인천광역시 서해구,축산물
식용란선별포장업,009,2028-12-24,BIZ048,축산물,901,4098,2025-12-25,경기도,한알팜,광주시,"유통,판매,조리",2025-3-1007,식용란선별포장업,한알팜,광주시 한알팜,,,2025-3-1007,20250371100,한알팜,식용란선별포장업,경기도 광주시,축산물
원액두유,106,2028-12-24,BIZ047,식품,C10100010,4099,2025-12-25,경기도,(주)진성에프엠,화성시 만세구,"제조,가공",2025-3-1006,식품제조가공업,진성에프엠,화성시 만세구 진성에프엠,,,2025-3-1006,19990364158,(주)진성에프엠,식품제조가공업,경기도 화성시 만세구,식품
포장육,604,2028-12-23,BIZ047,축산물,78,4100,2025-12-24,인천광역시,주식회사 백년푸드,서해구,"제조,가공",2025-3-1005,식육포장처리업,주식회사 백년푸드,서해구 주식회사 백년푸드,,,2025-3-1005,20200206109,주식회사 백년푸드,식육포장처리업,인천광역시 서해구,축산물
식품소분업(과자),405,2028-12-23,BIZ048,식품,H02200001,4101,2025-12-24,경기도,주식회사 경기원푸드,안성시,"유통,판매,조리",2025-3-1004,식품소분업,주식회사 경기원푸드,안성시 주식회사 경기원푸드,127.21892680004947,37.05502020188652,2025-3-1004,20200376920,주식회사 경기원푸드,식품소분업,경기도 안성시,식품
과ㆍ채주스,106,2028-12-23,BIZ047,식품,C10100006,4102,2025-12-24,경기도,동서바이오팜(주),안성시,"제조,가공",2025-3-1003,식품제조가공업,동서바이오팜,안성시 동서바이오팜,127.19379570044865,37.06709156319943,2025-3-1003,20210376666,동서바이오팜(주),식품제조가공업,경기도 안성시,식품
기타가공품,106,2028-12-23,BIZ047,식품,C11400002,4103,2025-12-24,경기도,제이원푸드,화성시,"제조,가공",2025-3-1002,식품제조가공업,제이원푸드,화성시 제이원푸드,126.94313870023964,37.06293970027059,2025-3-1002,20150364334,제이원푸드,식품제조가공업,경기도 화성시 만세구,식품
축산물유통전문판매업,634,2028-12-22,BIZ048,축산물,K00300001,4104,2025-12-23,경기도,해봄푸드,김포시,"유통,판매,조리",2025-3-1001,축산물판매업-축산물유통전문판매업,해봄푸드,김포시 해봄푸드,,,2025-3-1001,20250555251,해봄푸드,축산물판매업-축산물유통전문판매업,경기도 김포시,축산물
향신료조제품,106,2028-12-22,BIZ047,식품,C10400012,4105,2025-12-23,인천광역시,주식회사 청정식품,미추홀구,"제조,가공",2025-3-1000,식품제조가공업,주식회사 청정식품,미추홀구 주식회사 청정식품,126.6810387996853,37.44756860445455,2025-3-1000,19970193469,주식회사 청정식품,식품제조가공업,인천광역시 미추홀구,식품
천연향신료,106,2028-12-22,BIZ047,식품,C10400011,4106,2025-12-23,인천광역시,주식회사 청정식품,미추홀구,"제조,가공",2025-3-0999,식품제조가공업,주식회사 청정식품,미추홀구 주식회사 청정식품,126.6810387996853,37.44756860445455,2025-3-0999,19970193469,주식회사 청정식품,식품제조가공업,인천광역시 미추홀구,식품
기타가공품,106,2028-12-22,BIZ047,식품,C11400002,4107,2025-12-23,경기도,농업회사법인 주식회사 푸드랩,이천시,"제조,가공",2025-3-0998,식품제조가공업,농업회사법인 주식회사 푸드랩,이천시 농업회사법인 주식회사 푸드랩,,,2025-3-0998,20250548955,농업회사법인 주식회사 푸드랩,식품제조가공업,경기도 이천시,식품
기타 수산물가공품,106,2028-12-22,BIZ047,식품,C11000016,4108,2025-12-23,경기도,농업회사법인 주식회사 푸드랩,이천시,"제조,가공",2025-3-0997,식품제조가공업,농업회사법인 주식회사 푸드랩,이천시 농업회사법인 주식회사 푸드랩,,,2025-3-0997,20250548955,농업회사법인 주식회사 푸드랩,식품제조가공업,경기도 이천시,식품
서류가공품,106,2028-12-22,BIZ047,식품,C10700013,4109,2025-12-23,경기도,농업회사법인 주식회사 푸드랩,이천시,"제조,가공",2025-3-0996,식품제조가공업,농업회사법인 주식회사 푸드랩,이천시 농업회사법인 주식회사 푸드랩,,,2025-3-0996,20250548955,농업회사법인 주식회사 푸드랩,식품제조가공업,경기도 이천시,식품
분쇄가공육제품,612,2028-12-22,BIZ047,축산물,87,4110,2025-12-23,경기도,농업회사법인 주식회사 푸드랩,이천시,"제조,가공",2025-3-0995,축산물가공업-식육가공업,농업회사법인 주식회사 푸드랩,이천시 농업회사법인 주식회사 푸드랩,,,2025-3-0995,20250371103,농업회사법인 주식회사 푸드랩,축산물가공업-식육가공업,경기도 이천시,축산물
양념육,612,2028-12-22,BIZ047,축산물,86,4111,2025-12-23,인천광역시,제이더블유푸드,제물포구,"제조,가공",2025-3-0994,축산물가공업-식육가공업,제이더블유푸드,제물포구 제이더블유푸드,,,2025-3-0994,20240261029,제이더블유푸드,축산물가공업-식육가공업,인천광역시 제물포구,축산물
포장육,604,2028-12-22,BIZ047,축산물,78,4112,2025-12-23,인천광역시,제이더블유푸드,제물포구,"제조,가공",2025-3-0993,식육포장처리업,제이더블유푸드,제물포구 제이더블유푸드,,,2025-3-0993,20210192837,제이더블유푸드,식육포장처리업,인천광역시 제물포구,축산물
포장육,604,2028-12-22,BIZ047,축산물,78,4113,2025-12-23,경기도,주식회사 정금에프앤씨,양평군,"제조,가공",2025-3-0992,식육포장처리업,주식회사 정금에프앤씨,양평군 주식회사 정금에프앤씨,127.53624239885905,37.44512980283413,2025-3-0992,20240586525,주식회사 정금에프앤씨,식육포장처리업,경기도 양평군,축산물
포장육,604,2028-12-21,BIZ047,축산물,78,4114,2025-12-22,경기도,에이징그라운드,광주시,"제조,가공",2025-3-0991,식육포장처리업,에이징그라운드,광주시 에이징그라운드,,,2025-3-0991,20250570152,에이징그라운드,식육포장처리업,경기도 광주시,축산물
캔디류,106,2028-12-21,BIZ047,식품,C09300002,4115,2025-12-22,경기도,주식회사 케이지이,안성시,"제조,가공",2025-3-0990,식품제조가공업,주식회사 케이지이,안성시 주식회사 케이지이,127.20197170023732,36.9911125012768,2025-3-0990,20190376144,주식회사 케이지이,식품제조가공업,경기도 안성시,식품
기타가공품,106,2028-12-18,BIZ047,식품,C11400002,4116,2025-12-19,경기도,(주)선양,용인시 처인구,"제조,가공",2025-3-0989,식품제조가공업,선양,용인시 처인구 선양,127.21624270022508,37.24117429712196,2025-3-0989,19910347011,(주)선양,식품제조가공업,경기도 용인시 처인구,식품
복합조미식품,106,2028-12-18,BIZ047,식품,C10400006,4117,2025-12-19,경기도,(주)선양,용인시 처인구,"제조,가공",2025-3-0988,식품제조가공업,선양,용인시 처인구 선양,127.21624270022508,37.24117429712196,2025-3-0988,19910347011,(주)선양,식품제조가공업,경기도 용인시 처인구,식품
빵류,106,2028-12-18,BIZ047,식품,C09300004,4118,2025-12-19,경기도,(주)델리스,부천시 오정구,"제조,가공",2025-3-0987,식품제조가공업,델리스,부천시 오정구 델리스,,,2025-3-0987,20250418123,(주)델리스,식품제조가공업,경기도 부천시 오정구,식품
과자,106,2028-12-18,BIZ047,식품,C09300001,4119,2025-12-19,경기도,(주)델리스,부천시 오정구,"제조,가공",2025-3-0986,식품제조가공업,델리스,부천시 오정구 델리스,,,2025-3-0986,20250418123,(주)델리스,식품제조가공업,경기도 부천시 오정구,식품
빵류,106,2028-12-18,BIZ047,식품,C09300004,4120,2025-12-19,경기도,코길 주식회사,양평군,"제조,가공",2025-3-0985,식품제조가공업,코길 주식회사,양평군 코길 주식회사,127.65786619961942,37.56627750114624,2025-3-0985,20190396045,코길 주식회사,식품제조가공업,경기도 양평군,식품
고형차,106,2028-12-16,BIZ047,식품,C10100003,4121,2025-12-17,경기도,(주)아람,광주시,"제조,가공",2025-3-0984,식품제조가공업,아람,광주시 아람,127.205895100068,37.41201273506196,2025-3-0984,20110368419,(주)아람,식품제조가공업,경기도 광주시,식품
"양념육,식육추출가공품",612,2028-12-16,BIZ047,축산물,"86,89",4122,2025-12-17,경기도,드림유통,김포시,"제조,가공",2025-3-0983,축산물가공업-식육가공업,드림유통,김포시 드림유통,126.78730910034255,37.5928354411413,2025-3-0983,20140262072,드림유통,축산물가공업-식육가공업,경기도 김포시,축산물
알가열제품,613,2028-12-14,BIZ047,축산물,100,4123,2025-12-15,경기도,동그라미 농업회사법인 주식회사,안성시,"제조,가공",2025-3-0982,축산물가공업-알가공업,동그라미 농업회사법인 주식회사,안성시 동그라미 농업회사법인 주식회사,,,2025-3-0982,20250371089,동그라미 농업회사법인 주식회사,축산물가공업-알가공업,경기도 안성시,축산물
향미유,106,2029-05-17,BIZ047,식품,C09900021,4124,2025-12-15,경기도,(주) 팔도,이천시,"제조,가공",2025-3-0981,식품제조가공업,팔도,이천시  팔도,127.48670499980334,37.28902850176653,2025-3-0981,19830358021,(주) 팔도,식품제조가공업,경기도 이천시,식품
기타 수산물가공품 중 냉동조미가공품,106,2028-12-14,BIZ047,식품,C11900001,4125,2025-12-15,경기도,(주)선인,화성시,"제조,가공",2025-3-0980,식품제조가공업,선인,화성시 선인,126.89919729243825,37.125584006241816,2025-3-0980,20250565360,(주)선인,식품제조가공업,경기도 화성시 만세구,식품
포장육,604,2028-12-14,BIZ047,축산물,78,4126,2025-12-15,인천광역시,(주)코리아미트,서해구,"제조,가공",2025-3-0979,식육포장처리업,코리아미트,서해구 코리아미트,,,2025-3-0979,20120209114,(주)코리아미트,식육포장처리업,인천광역시 서해구,축산물
즉석섭취식품(운반급식 포함),106,2028-12-14,BIZ047,식품,H03000002,4127,2025-12-15,경기도,온담푸드서비스,화성시 병점구,"제조,가공",2025-3-0978,식품제조가공업,온담푸드서비스,화성시 병점구 온담푸드서비스,,,2025-3-0978,20220353856,온담푸드서비스,식품제조가공업,경기도 화성시 병점구,식품
식육추출가공품,612,2028-12-11,BIZ047,축산물,89,4128,2025-12-12,경기도,동성식품,김포시,"제조,가공",2025-3-0977,축산물가공업-식육가공업,동성식품,김포시 동성식품,126.77086070051398,37.59903863164161,2025-3-0977,20250371023,동성식품,축산물가공업-식육가공업,경기도 김포시,축산물
"양념육,분쇄가공육제품",612,2028-12-11,BIZ047,축산물,"86,87",4129,2025-12-12,경기도,(주)제이엠푸드,김포시,"제조,가공",2025-3-0976,축산물가공업-식육가공업,제이엠푸드,김포시 제이엠푸드,126.63735059985169,37.649993888370695,2025-3-0976,20250371094,(주)제이엠푸드,축산물가공업-식육가공업,경기도 김포시,축산물
기타가공품,106,2028-12-11,BIZ047,식품,C11400002,4130,2025-12-12,인천광역시,(주)그린스퀘어,남동구,"제조,가공",2025-3-0975,식품제조가공업,그린스퀘어,남동구 그린스퀘어,126.70078170010324,37.38911760111553,2025-3-0975,20230268165,그린스퀘어(주),식품제조가공업,인천광역시 남동구,식품
체중조절용 조제식품,106,2028-12-11,BIZ047,식품,C10200009,4131,2025-12-12,인천광역시,(주)그린스퀘어,남동구,"제조,가공",2025-3-0974,식품제조가공업,그린스퀘어,남동구 그린스퀘어,126.70078170010324,37.38911760111553,2025-3-0974,20230268165,그린스퀘어(주),식품제조가공업,인천광역시 남동구,식품
떡류,106,2028-12-11,BIZ047,식품,C09300005,4132,2025-12-12,경기도,여주가온누리협동조합,여주시,"제조,가공",2025-3-0973,식품제조가공업,여주가온누리협동조합,여주시 여주가온누리협동조합,127.63686209961176,37.29128319973091,2025-3-0973,20180393475,여주가온누리협동조합,식품제조가공업,경기도 여주시,식품
빵류,106,2028-12-10,BIZ047,식품,C09300004,4133,2025-12-11,경기도,호텔아이파크(주)성남센터,성남시 중원구,"제조,가공",2025-3-0972,식품제조가공업,호텔아이파크성남센터,성남시 중원구 호텔아이파크성남센터,,,2025-3-0972,20250390262,호텔아이파크(주)성남센터,식품제조가공업,경기도 성남시 중원구,식품
과자,106,2028-12-10,BIZ047,식품,C09300001,4134,2025-12-11,경기도,호텔아이파크(주)성남센터,성남시 중원구,"제조,가공",2025-3-0971,식품제조가공업,호텔아이파크성남센터,성남시 중원구 호텔아이파크성남센터,,,2025-3-0971,20250390262,호텔아이파크(주)성남센터,식품제조가공업,경기도 성남시 중원구,식품
양념육,612,2028-12-10,BIZ047,축산물,86,4135,2025-12-11,경기도,대흥식품,안양시 만안구,"제조,가공",2025-3-0970,축산물가공업-식육가공업,대흥식품,안양시 만안구 대흥식품,126.92596819994388,37.39607820100094,2025-3-0970,20160262014,대흥식품,축산물가공업-식육가공업,경기도 안양시 만안구,축산물
서류가공품,106,2028-12-10,BIZ047,식품,C10700013,4136,2025-12-11,경기도,농업회사법인풀로윈(주),양평군,"제조,가공",2025-3-0969,식품제조가공업,농업회사법인풀로윈,양평군 농업회사법인풀로윈,127.61884813847152,37.53456136529631,2025-3-0969,20150378102,농업회사법인풀로윈(주),식품제조가공업,경기도 양평군,식품
식육판매업,630,2028-12-10,BIZ048,축산물,176,4137,2025-12-11,경기도,(주)농업회사법인 샘미트코리아,화성시,"유통,판매,조리",2025-3-0968,축산물판매업-식육판매업,농업회사법인 샘미트코리아,화성시 농업회사법인 샘미트코리아,127.0088829000859,37.147920800591365,2025-3-0968,20250565134,(주)농업회사법인 샘미트코리아,축산물판매업-식육판매업,경기도 화성시 효행구,축산물
기타 수산물가공품,106,2028-12-09,BIZ047,식품,C11000016,4138,2025-12-10,경기도,주식회사 바이오션,광주시,"제조,가공",2025-3-0967,식품제조가공업,주식회사 바이오션,광주시 주식회사 바이오션,127.35191079974952,37.36540550135116,2025-3-0967,20230522284,주식회사 바이오션,식품제조가공업,경기도 광주시,식품
국수(생면),106,2028-12-09,BIZ047,식품,C12400001,4139,2025-12-10,경기도,선진푸드(주),광주시,"제조,가공",2025-3-0966,식품제조가공업,선진푸드,광주시 선진푸드,127.39503100029118,37.3686608008967,2025-3-0966,20250570120,선진푸드(주),식품제조가공업,경기도 광주시,식품
냉동식품 중 면류(생면),106,2028-12-09,BIZ047,식품,C12200001,4140,2025-12-10,경기도,선진푸드(주),광주시,"제조,가공",2025-3-0965,식품제조가공업,선진푸드,광주시 선진푸드,127.39503100029118,37.3686608008967,2025-3-0965,20250570120,선진푸드(주),식품제조가공업,경기도 광주시,식품
과ㆍ채주스,106,2028-12-09,BIZ047,식품,C10100006,4141,2025-12-10,경기도,(주)진성에프엠,화성시 만세구,"제조,가공",2025-3-0964,식품제조가공업,진성에프엠,화성시 만세구 진성에프엠,,,2025-3-0964,19990364158,(주)진성에프엠,식품제조가공업,경기도 화성시 만세구,식품
양념젓갈,106,2028-12-08,BIZ047,식품,C11000008,4142,2025-12-09,경기도,주식회사 푸드인어스,광주시,"제조,가공",2025-3-0963,식품제조가공업,주식회사 푸드인어스,광주시 주식회사 푸드인어스,,,2025-3-0963,20250570108,(주)푸드인어스,식품제조가공업,경기도 광주시,식품
포장육,604,2028-12-08,BIZ047,축산물,78,4143,2025-12-09,경기도,청라축산유통,김포시,"제조,가공",2025-3-0962,식육포장처리업,청라축산유통,김포시 청라축산유통,,,2025-3-0962,20250555518,청라축산유통,식육포장처리업,경기도 김포시,축산물
절임식품,106,2028-12-08,BIZ047,식품,C10500003,4144,2025-12-09,인천광역시,수협중앙회 급식사업부,제물포구,"제조,가공",2025-3-0961,식품제조가공업,수협중앙회 급식사업부,제물포구 수협중앙회 급식사업부,,,2025-3-0961,19730190013,수협중앙회 급식사업부,식품제조가공업,인천광역시 제물포구,식품
식육추출가공품,612,2028-12-07,BIZ047,축산물,89,4145,2025-12-08,인천광역시,고가네 1++ 한우곰탕,서해구,"제조,가공",2025-3-0960,축산물가공업-식육가공업,고가네 1++ 한우곰탕,서해구 고가네 1++ 한우곰탕,,,2025-3-0960,20250261015,고가네 1++ 한우곰탕,축산물가공업-식육가공업,인천광역시 서해구,축산물
포장육,604,2028-12-07,BIZ047,축산물,78,4146,2025-12-08,경기도,모던한담지점,성남시 중원구,"제조,가공",2025-3-0959,식육포장처리업,모던한담지점,성남시 중원구 모던한담지점,127.17694489981642,37.43858769390569,2025-3-0959,20210280229,모던한담지점,식육포장처리업,경기도 성남시 중원구,축산물
간편조리세트,106,2028-12-07,BIZ047,식품,C0322020400000,4147,2025-12-08,경기도,㈜슈퍼메이커즈 제2센트럴키친,부천시,"제조,가공",2025-3-0958,식품제조가공업,㈜슈퍼메이커즈 제2센트럴키친,부천시 ㈜슈퍼메이커즈 제2센트럴키친,126.79051700053364,37.50392340108651,2025-3-0958,20220397234,㈜슈퍼메이커즈 제2센트럴키친,식품제조가공업,경기도 부천시 원미구,식품
복합조미식품,106,2028-12-06,BIZ047,식품,C10400006,4148,2025-12-07,경기도,창보식품,화성시 만세구,"제조,가공",2025-3-0957,식품제조가공업,창보식품,화성시 만세구 창보식품,,,2025-3-0957,20040311095,창보식품,식품제조가공업,경기도 화성시 만세구,식품
소스,106,2028-12-06,BIZ047,식품,C10400003,4149,2025-12-07,경기도,창보식품,화성시 만세구,"제조,가공",2025-3-0956,식품제조가공업,창보식품,화성시 만세구 창보식품,,,2025-3-0956,20040311095,창보식품,식품제조가공업,경기도 화성시 만세구,식품
복합조미식품,106,2028-12-04,BIZ047,식품,C10400006,4150,2025-12-05,경기도,주식회사 송연에스와이,평택시,"제조,가공",2025-3-0955,식품제조가공업,주식회사 송연에스와이,평택시 주식회사 송연에스와이,127.11460270020676,37.05919000049656,2025-3-0955,20160347193,주식회사 송연에스와이,식품제조가공업,경기도 평택시,식품
국수(생면),106,2028-12-03,BIZ047,식품,C12400001,4151,2025-12-04,인천광역시,태산식품,검단구,"제조,가공",2025-3-0953,식품제조가공업,태산식품,검단구 태산식품,,,2025-3-0953,20250292652,태산식품,식품제조가공업,인천광역시 검단구,식품
만두피,106,2028-12-03,BIZ047,식품,C11300007,4152,2025-12-04,인천광역시,태산식품,검단구,"제조,가공",2025-3-0952,식품제조가공업,태산식품,검단구 태산식품,,,2025-3-0952,20250292652,태산식품,식품제조가공업,인천광역시 검단구,식품
포장육,604,2028-12-03,BIZ047,축산물,78,4153,2025-12-04,인천광역시,주식회사 더존푸드 인천지점,서해구,"제조,가공",2025-3-0951,식육포장처리업,주식회사 더존푸드 인천지점,서해구 주식회사 더존푸드 인천지점,,,2025-3-0951,20250291683,주식회사 더존푸드 인천지점,식육포장처리업,인천광역시 서해구,축산물
샤베트,611,2028-12-01,BIZ047,축산물,C0302010400000,4154,2025-12-02,경기도,주식회사 설앤설푸드,광주시,"제조,가공",2025-3-0950,축산물가공업-유가공업,주식회사 설앤설푸드,광주시 주식회사 설앤설푸드,127.30829090022796,37.3285358007125,2025-3-0950,20240371077,주식회사 설앤설푸드,축산물가공업-유가공업,경기도 광주시,축산물
기타 수산물가공품 중 냉동조미가공품,106,2028-12-01,BIZ047,식품,C11900001,4155,2025-12-02,경기도,(주)다미원제이푸드,김포시,"제조,가공",2025-3-0949,식품제조가공업,다미원제이푸드,김포시 다미원제이푸드,,,2025-3-0949,20250555223,(주)다미원제이푸드,식품제조가공업,경기도 김포시,식품
소스,106,2028-12-01,BIZ047,식품,C10400003,4156,2025-12-02,경기도,(주)다미원제이푸드,김포시,"제조,가공",2025-3-0948,식품제조가공업,다미원제이푸드,김포시 다미원제이푸드,,,2025-3-0948,20250555223,(주)다미원제이푸드,식품제조가공업,경기도 김포시,식품
탄산음료,106,2028-11-29,BIZ047,식품,C10100008,4157,2025-11-30,경기도,아이비영농조합법인,양평군,"제조,가공",2025-3-0947,식품제조가공업,아이비영농조합법인,양평군 아이비영농조합법인,127.40728910004584,37.482253900099714,2025-3-0947,20110378055,아이비영농조합법인,식품제조가공업,경기도 양평군,식품
기타 수산물가공품 중 냉동어류,106,2028-11-27,BIZ047,식품,C11700001,4158,2025-11-28,경기도,(주)해창에스에프,광주시,"제조,가공",2025-3-0946,식품제조가공업,해창에스에프,광주시 해창에스에프,127.40382119988216,37.34297119906368,2025-3-0946,20250569592,(주)해창에스에프,식품제조가공업,경기도 광주시,식품
냉동식품 중 면류(생면),106,2028-11-27,BIZ047,식품,C12200001,4159,2025-11-28,경기도,㈜면누리,용인시 처인구,"제조,가공",2025-3-0945,식품제조가공업,㈜면누리,용인시 처인구 ㈜면누리,127.21117269947597,37.16548310071633,2025-3-0945,20130347178,(주)면누리,식품제조가공업,경기도 용인시 처인구,식품
생면,106,2028-11-27,BIZ047,식품,C10000001,4160,2025-11-28,경기도,㈜면누리,용인시 처인구,"제조,가공",2025-3-0944,식품제조가공업,㈜면누리,용인시 처인구 ㈜면누리,127.21117269947597,37.16548310071633,2025-3-0944,20130347178,(주)면누리,식품제조가공업,경기도 용인시 처인구,식품
양념육,612,2028-11-27,BIZ047,축산물,86,4161,2025-11-28,경기도,김부인식품,안산시 단원구,"제조,가공",2025-3-0943,축산물가공업-식육가공업,김부인식품,안산시 단원구 김부인식품,,,2025-3-0943,20250371079,김부인식품,축산물가공업-식육가공업,경기도 안산시 단원구,축산물
식육함유가공품,106,2028-11-27,BIZ047,식품,C10800001,4162,2025-11-28,경기도,김부인식품,안산시 단원구,"제조,가공",2025-3-0942,식품제조가공업,김부인식품,안산시 단원구 김부인식품,,,2025-3-0942,20250470716,김부인식품,식품제조가공업,경기도 안산시 단원구,식품
곡류가공품,106,2028-11-26,BIZ047,식품,C10700011,4163,2025-11-27,경기도,양평군농산물가공지원센터,양평군,"제조,가공",2025-3-0941,식품제조가공업,양평군농산물가공지원센터,양평군 양평군농산물가공지원센터,127.51328540015209,37.50920740088061,2025-3-0941,20150378327,양평군농산물가공지원센터,식품제조가공업,경기도 양평군,식품
과자,106,2028-11-26,BIZ047,식품,C09300001,4164,2025-11-27,경기도,합정제과,평택시,"제조,가공",2025-3-0940,식품제조가공업,합정제과,평택시 합정제과,127.10209350028124,36.99021770126015,2025-3-0940,20170306729,합정제과,식품제조가공업,경기도 평택시,식품
떡류,106,2028-11-26,BIZ047,식품,C09300005,4165,2025-11-27,인천광역시,(주)대림식품,남동구,"제조,가공",2025-3-0939,식품제조가공업,대림식품,남동구 대림식품,,,2025-3-0939,20050344084,(주)대림식품,식품제조가공업,인천광역시 남동구,식품
빵류,106,2028-11-25,BIZ047,식품,C09300004,4166,2025-11-26,경기도,스테이데이원웍스,화성시 동탄구,"제조,가공",2025-3-0938,식품제조가공업,스테이데이원웍스,화성시 동탄구 스테이데이원웍스,,,2025-3-0938,20250564292,스테이데이원웍스,식품제조가공업,경기도 화성시 동탄구,식품
과자,106,2028-11-25,BIZ047,식품,C09300001,4167,2025-11-26,경기도,스테이데이원웍스,화성시 동탄구,"제조,가공",2025-3-0937,식품제조가공업,스테이데이원웍스,화성시 동탄구 스테이데이원웍스,,,2025-3-0937,20250564292,스테이데이원웍스,식품제조가공업,경기도 화성시 동탄구,식품
캔디류,106,2028-11-25,BIZ047,식품,C09300002,4168,2025-11-26,경기도,달수정,화성시 동탄구,"제조,가공",2025-3-0935,식품제조가공업,달수정,화성시 동탄구 달수정,,,2025-3-0935,20250564037,달수정,식품제조가공업,경기도 화성시 동탄구,식품
기타 수산물가공품 중 냉동연체류,106,2028-11-25,BIZ047,식품,C11800001,4169,2025-11-26,인천광역시,바다쓰기,남동구,"제조,가공",2025-3-0934,식품제조가공업,바다쓰기,남동구 바다쓰기,,,2025-3-0934,20250279777,바다쓰기,식품제조가공업,인천광역시 남동구,식품
기타 수산물가공품 중 냉동어류,106,2028-11-25,BIZ047,식품,C11700001,4170,2025-11-26,인천광역시,바다쓰기,남동구,"제조,가공",2025-3-0933,식품제조가공업,바다쓰기,남동구 바다쓰기,,,2025-3-0933,20250279777,바다쓰기,식품제조가공업,인천광역시 남동구,식품
혼합음료,106,2028-11-24,BIZ047,식품,C10100016,4171,2025-11-25,인천광역시,강화재순네식품,강화군,"제조,가공",2025-3-0932,식품제조가공업,강화재순네식품,강화군 강화재순네식품,126.51722089994674,37.62669389779968,2025-3-0932,20140211154,강화재순네식품,식품제조가공업,인천광역시 강화군,식품
즉석조리식품,106,2028-11-23,BIZ047,식품,C11300005,4172,2025-11-24,경기도,(주)정금에프앤씨,양평군,"제조,가공",2025-3-0931,식품제조가공업,정금에프앤씨,양평군 정금에프앤씨,127.53624239999024,37.44512980103288,2025-3-0931,20160275302,(주)정금에프앤씨,식품제조가공업,경기도 양평군,식품
양념육,612,2028-11-23,BIZ047,축산물,86,4173,2025-11-24,경기도,주식회사 지엔지에프앤비,평택시,"제조,가공",2025-3-0930,축산물가공업-식육가공업,주식회사 지엔지에프앤비,평택시 주식회사 지엔지에프앤비,127.0803609997383,37.105591701079305,2025-3-0930,20200267135,주식회사 지엔지에프앤비,축산물가공업-식육가공업,경기도 평택시,축산물
"양념육,식육추출가공품",612,2028-11-23,BIZ047,축산물,"86,89",4174,2025-11-24,인천광역시,주식회사 산양푸드,서해구,"제조,가공",2025-3-0929,축산물가공업-식육가공업,주식회사 산양푸드,서해구 주식회사 산양푸드,,,2025-3-0929,20250261013,주식회사 산양푸드,축산물가공업-식육가공업,인천광역시 서해구,축산물
과ㆍ채가공품,106,2028-11-23,BIZ047,식품,C10700010,4175,2025-11-24,경기도,주식회사 프레니쉬,이천시,"제조,가공",2025-3-0928,식품제조가공업,주식회사 프레니쉬,이천시 주식회사 프레니쉬,127.47673570050812,37.17835309770431,2025-3-0928,20250548342,주식회사 프레니쉬,식품제조가공업,경기도 이천시,식품
가공치즈,611,2028-11-23,BIZ047,축산물,C0318090200000,4176,2025-11-24,경기도,(주)한길푸드,부천시 오정구,"제조,가공",2025-3-0927,축산물가공업-유가공업,한길푸드,부천시 오정구 한길푸드,126.76712500031806,37.52257500099861,2025-3-0927,20250371052,(주)한길푸드,축산물가공업-유가공업,경기도 부천시 오정구,축산물
고형차,106,2028-11-23,BIZ047,식품,C10100003,4177,2025-11-24,경기도,팜앤브로 주식회사,평택시,"제조,가공",2025-3-0926,식품제조가공업,팜앤브로 주식회사,평택시 팜앤브로 주식회사,127.00630980012214,37.06857939531973,2025-3-0926,20190323344,팜앤브로 주식회사,식품제조가공업,경기도 평택시,식품
"양념육,분쇄가공육제품",612,2028-11-18,BIZ047,축산물,"86,87",4178,2025-11-19,경기도,녹돈영농조합법인,평택시,"제조,가공",2025-3-0925,축산물가공업-식육가공업,녹돈영농조합법인,평택시 녹돈영농조합법인,127.05741360037914,37.05444302711416,2025-3-0925,20220350115,녹돈영농조합법인,축산물가공업-식육가공업,경기도 평택시,축산물
포장육,604,2028-11-18,BIZ047,축산물,78,4179,2025-11-19,경기도,주식회사 더존닭팩토리,용인시 처인구,"제조,가공",2025-3-0924,식육포장처리업,주식회사 더존닭팩토리,용인시 처인구 주식회사 더존닭팩토리,,,2025-3-0924,20250530134,주식회사 더존닭팩토리,식육포장처리업,경기도 용인시 처인구,축산물
기타가공품,106,2028-11-18,BIZ047,식품,C11400002,4180,2025-11-19,경기도,주식회사한초담,화성시 효행구,"제조,가공",2025-3-0923,식품제조가공업,주식회사한초담,화성시 효행구 주식회사한초담,,,2025-3-0923,20200383936,주식회사한초담,식품제조가공업,경기도 화성시 효행구,식품
액상차,106,2028-11-18,BIZ047,식품,C10100002,4181,2025-11-19,경기도,주식회사한초담,화성시 효행구,"제조,가공",2025-3-0922,식품제조가공업,주식회사한초담,화성시 효행구 주식회사한초담,,,2025-3-0922,20200383936,주식회사한초담,식품제조가공업,경기도 화성시 효행구,식품
포장육,604,2028-11-18,BIZ047,축산물,78,4182,2025-11-19,경기도,다온푸드,안산시 상록구,"제조,가공",2025-3-0921,식육포장처리업,다온푸드,안산시 상록구 다온푸드,126.85927760019854,37.312482900544445,2025-3-0921,20110311772,다온푸드,식육포장처리업,경기도 안산시 상록구,축산물
양념육,612,2028-11-18,BIZ047,축산물,86,4183,2025-11-19,경기도,다온푸드,안산시 상록구,"제조,가공",2025-3-0920,축산물가공업-식육가공업,다온푸드,안산시 상록구 다온푸드,126.85927760019854,37.312482900544445,2025-3-0920,20130262039,다온푸드,축산물가공업-식육가공업,경기도 안산시 상록구,축산물
간편조리세트,106,2028-11-18,BIZ047,식품,C0322020400000,4184,2025-11-19,경기도,농업회사법인 광개토엠앤에프 주식회사,양평군,"제조,가공",2025-3-0919,식품제조가공업,농업회사법인 광개토엠앤에프 주식회사,양평군 농업회사법인 광개토엠앤에프 주식회사,127.47305560008682,37.46349712701085,2025-3-0919,20210396430,농업회사법인 광개토엠앤에프 주식회사,식품제조가공업,경기도 양평군,식품
과자,106,2028-11-18,BIZ047,식품,C09300001,4185,2025-11-19,경기도,정림식품(주),김포시,"제조,가공",2025-3-0918,식품제조가공업,정림식품,김포시 정림식품,,,2025-3-0918,20160193132,정림식품,식품제조가공업,인천광역시 미추홀구,식품
포장육,604,2028-11-18,BIZ047,축산물,78,4186,2025-11-19,경기도,하영식품,용인시 처인구,"제조,가공",2025-3-0917,식육포장처리업,하영식품,용인시 처인구 하영식품,127.16463779957502,37.12745735872527,2025-3-0917,20200363105,하영식품,식육포장처리업,경기도 용인시 처인구,축산물
양념육,612,2028-11-18,BIZ047,축산물,86,4188,2025-11-19,경기도,주식회사 찬솔푸드,안산시 상록구,"제조,가공",2025-3-0915,축산물가공업-식육가공업,주식회사 찬솔푸드,안산시 상록구 주식회사 찬솔푸드,126.87143410033713,37.33998610234265,2025-3-0915,20180267031,주식회사 찬솔푸드,축산물가공업-식육가공업,경기도 안산시 상록구,축산물
포장육,604,2028-11-18,BIZ047,축산물,78,4189,2025-11-19,경기도,주식회사 찬솔푸드,안산시 상록구,"제조,가공",2025-3-0914,식육포장처리업,주식회사 찬솔푸드,안산시 상록구 주식회사 찬솔푸드,126.87143410033713,37.33998610234265,2025-3-0914,20180326188,주식회사 찬솔푸드,식육포장처리업,경기도 안산시 상록구,축산물
곡류가공품,106,2028-11-18,BIZ047,식품,C10700011,4190,2025-11-19,경기도,농업회사법인하얀술주식회사,김포시,"제조,가공",2025-3-0913,식품제조가공업,농업회사법인하얀술주식회사,김포시 농업회사법인하얀술주식회사,,,2025-3-0913,20230512068,농업회사법인하얀술주식회사,식품제조가공업,경기도 김포시,식품
기타 수산물가공품,106,2028-11-12,BIZ047,식품,C11000016,4191,2025-11-13,경기도,백송식품(주),용인시 처인구,"제조,가공",2025-3-0912,식품제조가공업,백송식품,용인시 처인구 백송식품,,,2025-3-0912,20250530185,백송식품(주),식품제조가공업,경기도 용인시 처인구,식품
양념육,612,2028-11-12,BIZ047,축산물,86,4192,2025-11-13,경기도,ERC Food System (이알씨 푸드시스템),하남시,"제조,가공",2025-3-0911,축산물가공업-식육가공업,ERC Food System,하남시 ERC Food System,127.15592090032833,37.52547110060139,2025-3-0911,20190267204,ERC Food System (이알씨 푸드시스템),축산물가공업-식육가공업,경기도 하남시,축산물
즉석조리식품,106,2028-11-12,BIZ047,식품,C11300005,4193,2025-11-13,경기도,(주)명작,광주시,"제조,가공",2025-3-0910,식품제조가공업,명작,광주시 명작,,,2025-3-0910,20240280046,(주)명작,식품제조가공업,경기도 광주시,식품
포장육,604,2028-11-11,BIZ047,축산물,78,4194,2025-11-12,경기도,다온육가공,광주시,"제조,가공",2025-3-0909,식육포장처리업,다온육가공,광주시 다온육가공,,,2025-3-0909,20250569923,다온육가공,식육포장처리업,경기도 광주시,축산물
캔디류,106,2028-11-11,BIZ047,식품,C09300002,4195,2025-11-12,경기도,주식회사 피키팝,성남시 수정구,"제조,가공",2025-3-0908,식품제조가공업,주식회사 피키팝,성남시 수정구 주식회사 피키팝,,,2025-3-0908,20250390204,주식회사 피키팝,식품제조가공업,경기도 성남시 수정구,식품
가공치즈,611,2028-11-11,BIZ047,축산물,C0318090200000,4196,2025-11-12,경기도,후프후프키친,광명시,"제조,가공",2025-3-0907,축산물가공업-유가공업,후프후프키친,광명시 후프후프키친,126.8939706004235,37.444784401013074,2025-3-0907,20250371054,후프후프키친,축산물가공업-유가공업,경기도 광명시,축산물
식품소분업(캔디류),405,2028-11-11,BIZ048,식품,H02200001,4197,2025-11-12,경기도,(주)나생에프엔비,평택시,"유통,판매,조리",2025-3-0906,식품소분업,나생에프엔비,평택시 나생에프엔비,,,2025-3-0906,20250463519,(주)나생에프엔비,식품소분업,경기도 평택시,식품
빵류,106,2028-11-11,BIZ047,식품,C09300004,4198,2025-11-12,경기도,하나더하기사회적협동조합,시흥시,"제조,가공",2025-3-0905,식품제조가공업,하나더하기사회적협동조합,시흥시 하나더하기사회적협동조합,126.80461889724096,37.39442329946535,2025-3-0905,20250514023,하나더하기사회적협동조합,식품제조가공업,경기도 시흥시,식품
절임식품,106,2028-11-10,BIZ047,식품,C10500003,4200,2025-11-11,인천광역시,(주)팰리스푸드,남동구,"제조,가공",2025-3-0903,식품제조가공업,팰리스푸드,남동구 팰리스푸드,126.71058590018164,37.41829570070765,2025-3-0903,20160200126,(주)팰리스푸드,식품제조가공업,인천광역시 남동구,식품
