PRDTNM,RTRVLPRVNS,BSSHNM,ADDR,TELNO,BRCDNO,FRMLCUNIT,MNFDT,RTRVLPLANDOC_RTRVLMTHD,DISTBTMLMT,PRDLST_TYPE,IMG_FILE_PATH,PRDLST_CD,CRET_DTM,RTRVLDSUSE_SEQ,PRDLST_REPORT_NO,RTRVL_GRDCD_NM,PRDLST_CD_NM,LCNS_NO,sido,sigungu,record_date
백목이버섯,잔류농약 기준 초과,성민통상 주식회사,경기도 안산시 상록구,,8809460180084,1kg,(포장일자) 2026.4.2,,(소비기한) 포장일로부터 24개월,농산물,"http://coop.foodsafetykorea.go.kr/open/minfo_image.do?fSeq=2655741, http://coop.foodsafetykorea.go.kr/open/minfo_image.do?fSeq=2655742",A0700700000000,2026-09-10 18:28:15.879753,3000234234,,2등급,목이버섯,20230023177,경기도,경기도 안산시,2026-09-10
목이버섯,잔류농약 기준 초과,(주)태양무역,서울특별시 구로구,,2001870250005,1kg,(포장일자) 2026.5.26,,(소비기한) 포장일로부터 2년,농산물,"http://coop.foodsafetykorea.go.kr/open/minfo_image.do?fSeq=2655804, http://coop.foodsafetykorea.go.kr/open/minfo_image.do?fSeq=2655805",A0700700000000,2026-09-10 18:28:55.691056,3000234237,,2등급,목이버섯,20200005547,서울특별시,서울특별시 구로구,2026-09-10
제주 천혜향 아직도 까서 먹니,세균수 기준 규격 부적합,농업회사법인 (주)제주향,제주특별자치도 서귀포시,,8809429114150,120ml,데이터없음,,(소비기한) 2028-07-15,가공식품,"http://coop.foodsafetykorea.go.kr/open/minfo_image.do?fSeq=2654518, http://coop.foodsafetykorea.go.kr/open/minfo_image.do?fSeq=2654316",C0309030200000,2026-09-09 14:07:10.532364,3000234126,2015063158336,3등급,과.채주스,20150631583,제주특별자치도,제주특별자치도 서귀포시,2026-09-09
콩가루,금속성 이물 기준 규격 부적합,(유)제일식품,전남광주통합특별시 강진군,,,"900g, 500g, 250g",데이터없음,영업자 회수(택배 등),(소비기한) 2027-08-25,가공식품,"http://coop.foodsafetykorea.go.kr/open/minfo_image.do?fSeq=2654186, http://coop.foodsafetykorea.go.kr/open/minfo_image.do?fSeq=2654187",C0315070300000,2026-09-08 17:06:39.020757,3000234063,2024080200129,3등급,두류가공품,20240802001,전남광주통합특별시,전남광주통합특별시 강진군,2026-09-08
목이버섯,잔류농약 기준 초과,(유)태림에스엠,서울특별시 송파구,,8809260234659,1kg,(포장일자) 2026.1.14,소비자반품,(소비기한) 포장일로부터 2년,농산물,"http://coop.foodsafetykorea.go.kr/open/minfo_image.do?fSeq=2647933, http://coop.foodsafetykorea.go.kr/open/minfo_image.do?fSeq=2647934",A0700700000000,2026-09-02 16:33:34.057724,3000233730,,2등급,목이버섯,20010114979,서울특별시,서울특별시 송파구,2026-09-02
100% 국산 열여덟곡 미숫가루,대장균 기준 규격 부적합,예천농산물가공협동조합,경상북도 예천군,,8800369130002,500g,데이터없음,,(소비기한) 2027-08-11,가공식품,"http://coop.foodsafetykorea.go.kr/open/minfo_image.do?fSeq=2646315, http://coop.foodsafetykorea.go.kr/open/minfo_image.do?fSeq=2646316",C0315070200000,2026-08-31 18:00:41.754786,3000233598,2022082414176,3등급,곡류가공품,20220824141,경상북도,경상북도 예천군,2026-08-31
윤성순장모님식혜,세균수 기준 규격 부적합,콩그린식품 2공장,경기도 고양시 일산서구,,8809601770600,"430ml, 1050ml",20260819,거래처(유통업소) 별 유선 연락 및 회수명령 즉각 전달,(소비기한) 2026-10-18,가공식품,"http://coop.foodsafetykorea.go.kr/open/minfo_image.do?fSeq=2646836, http://coop.foodsafetykorea.go.kr/open/minfo_image.do?fSeq=2646837, http://coop.foodsafetykorea.go.kr/open/minfo_image.do?fSeq=2646838, http://coop.foodsafetykorea.go.kr/open/minfo_image.do?fSeq=2646839",C0309080100000,2026-08-31 18:02:13.039184,3000233609,202103374671,3등급,혼합음료,20210337467,경기도,경기도 고양시,2026-08-31
자연발효가 수제생강차,세균수 기준 규격 부적합,자연발효家 농업회사법인,전남광주통합특별시 장성군,,,"200ml, 450ml",(제조일자) 2026-08-08,영업자 회수,(소비기한) 제조일로부 6개월,가공식품,"http://coop.foodsafetykorea.go.kr/open/minfo_image.do?fSeq=2645210, http://coop.foodsafetykorea.go.kr/open/minfo_image.do?fSeq=2645199",C0309010200000,2026-08-28 17:54:16.921133,3000233538,201905320454,3등급,액상차,20190532045,전남광주통합특별시,전남광주통합특별시 장성군,2026-08-28
목장애 요거트,대장균군 기준 규격 부적합,청춘목장,전북특별자치도 김제시,,,1000mL,(제조일자) 2026-08-24,직접수거,(소비기한) 2026-09-14,축산물,"http://coop.foodsafetykorea.go.kr/open/minfo_image.do?fSeq=2644083, http://coop.foodsafetykorea.go.kr/open/minfo_image.do?fSeq=2644051",C0318040100000,2026-08-28 10:59:01.264335,3000233169,201704760121,3등급,발효유,20170476012,전북특별자치도,전북특별자치도 김제시,2026-08-28
진저라이저 커큐민 진저샷,세균수 기준 규격 부적합,자연농장,경기도 남양주시,,8809689951700,375g(25g*15포),데이터없음,고객반품 안내 및 유통판매업체 보관창고 재고량 판매 중지 후 회수,소비기한(2027-11-08),가공식품,"http://coop.foodsafetykorea.go.kr/open/minfo_image.do?fSeq=2640382, http://coop.foodsafetykorea.go.kr/open/minfo_image.do?fSeq=2640383",C0309030300000,2026-08-25 13:57:11.073582,3000233015,20170333328467,3등급,과.채음료,20170333328,경기도,경기도 남양주시,2026-08-25
매운제육볶음,대장균군 기준 규격 부적합,뽕의도리 농업회사법인 유한회사,전북특별자치도 부안군,,,100g,(제조일자) 2026-08-05,직접수거,(소비기한) 2027-08-04,축산물,http://coop.foodsafetykorea.go.kr/open/minfo_image.do?fSeq=2639848,C0316050100000,2026-08-25 10:52:43.168018,3000233012,20120476014844,3등급,양념육,20120476014,전북특별자치도,전북특별자치도 부안군,2026-08-25
깐땅콩,소비기한을 사실과 다르게 표시,주식회사 장수왕,경기도 광주시,,,1000g,데이터없음,직접회수,(소비기한) 2027-10-26,가공식품,"http://coop.foodsafetykorea.go.kr/open/minfo_image.do?fSeq=2639719, http://coop.foodsafetykorea.go.kr/open/minfo_image.do?fSeq=2639731",C0315030200000,2026-08-25 13:58:16.598378,3000233009,,3등급,땅콩 또는 견과류가공품,20210387587,경기도,경기도 광주시,2026-08-25
회화나무,정부수거검사 부적합(소포리코사이드 함량),(주)팜투팜2공장,충청남도 천안시 동남구,,8809176313165,,데이터없음,소비자상담실로 접수된 제품 회수 진행,20270811,건강기능식품,"http://coop.foodsafetykorea.go.kr/open/minfo_image.do?fSeq=2639714, http://coop.foodsafetykorea.go.kr/open/minfo_image.do?fSeq=2639715, http://coop.foodsafetykorea.go.kr/open/minfo_image.do?fSeq=2639716",E0207100000000,2026-08-21 16:04:01.792006,3000232894,20180003915113,3등급,회화나무열매추출물,20180003915,충청남도,충청남도 천안시,2026-08-21
레티비전 나이트,식품첨가물(카복시메틸셀룰로스칼슘) 사용 기준 위반,(주)휴온스엔,충청남도 금산군,,8809557151867,30g(500mg*60정),데이터없음,거래처 재고량 반품 및 소비자 보관물량 회수,(소비기한)2028-01-04,가공식품,"http://coop.foodsafetykorea.go.kr/open/minfo_image.do?fSeq=2636608, http://coop.foodsafetykorea.go.kr/open/minfo_image.do?fSeq=2636609, http://coop.foodsafetykorea.go.kr/open/minfo_image.do?fSeq=2636610",C0315070100000,2026-08-20 10:44:03.910623,3000232837,20190473161415,3등급,과.채가공품,20190473161,충청남도,충청남도 금산군,2026-08-20
왕갈비탕,대장균 규격 부적합,(주)더올푸드인더스트리,경기도 남양주시,,,"1,000g",(제조일자) 2026-07-22,,(소비기한) 2026-07-21,축산물,http://coop.foodsafetykorea.go.kr/open/minfo_image.do?fSeq=2634608,C0316060000000,2026-08-19 13:36:08.998003,3000232676,2021026705339,3등급,식육추출가공품,20210267053,경기도,경기도 남양주시,2026-08-19
갈은 무,세균수 기준 규격 부적합,오유에프앤비 농업회사법인 주식회사,경상북도 경산시,,,30g,데이터없음,거래처 재고량 반품 및 소비자 보관물량 회수,(소비기한)2027-08-02,가공식품,"http://coop.foodsafetykorea.go.kr/open/minfo_image.do?fSeq=2634071, http://coop.foodsafetykorea.go.kr/open/minfo_image.do?fSeq=2634072",C0315070100000,2026-08-14 18:35:27.826855,3000232637,2017056036210,3등급,과.채가공품,20170560362,경상북도,경상북도 경산시,2026-08-14
유기농 양배추환,금속성이물 기준 규격 부적합,빛가람생명농업공동체협동조합,전남광주통합특별시 나주시,,8809279330601,100g,데이터없음,소비자 보관물량 반품 회수,(소비기한)2028-04-13,가공식품,"http://coop.foodsafetykorea.go.kr/open/minfo_image.do?fSeq=2633758, http://coop.foodsafetykorea.go.kr/open/minfo_image.do?fSeq=2633759, http://coop.foodsafetykorea.go.kr/open/minfo_image.do?fSeq=2633760",C0323020000000,2026-08-14 16:47:28.310386,3000232611,2010051202363,3등급,기타가공품,20100512023,전남광주통합특별시,전남광주통합특별시 나주시,2026-08-14
노노지 양배추칼,식약처에 수입신고하지 아니한 식품용 기구 및 용기포장 수입·판매,제이에스제이(주),경기도 광주시,,,-,-,,-,기구용기포장,"http://coop.foodsafetykorea.go.kr/open/minfo_image.do?fSeq=2633020, http://coop.foodsafetykorea.go.kr/open/minfo_image.do?fSeq=2633021",F0000000000000,2026-08-13 18:00:39.834009,3000232549,,1등급,기구 및 용기포장,20250019918,경기도,경기도 광주시,2026-08-13
신우 칵테일얼음,제조일자 사실과 다르게 표시,(주)신우농수산 제2공장,부산광역시 사하구,,8809202175552,2.5kg,(제조일자)2026-08-20,,,가공식품,"http://coop.foodsafetykorea.go.kr/open/minfo_image.do?fSeq=2631885, http://coop.foodsafetykorea.go.kr/open/minfo_image.do?fSeq=2632039",C0302040100000,2026-08-13 14:41:08.20059,3000232531,198201440153,3등급,식용얼음,19820144015,부산광역시,부산광역시 사하구,2026-08-13
당근무침,세균수 기준 규격 부적합,농업회사법인전주비빔밥유한회사제1공장,전북특별자치도 전주시 덕진구,,,300g,데이터없음,거래처를 통한 영업자 회수(택배),(소비기한)2027-08-04,가공식품,http://coop.foodsafetykorea.go.kr/open/minfo_image.do?fSeq=2630433,C0315070100000,2026-08-11 18:01:48.931646,3000232395,2021048559021,3등급,과.채가공품,20210485590,전북특별자치도,전북특별자치도 전주시,2026-08-11
두바이쫀득쿠키,무등록 식품 제조.판매,낵스,충청남도 아산시,,,600g(30g*20개),데이터없음,서면통보,(소비기한)2027-02-13 ~ 2027-03-23,가공식품,"http://coop.foodsafetykorea.go.kr/open/minfo_image.do?fSeq=2629451, http://coop.foodsafetykorea.go.kr/open/minfo_image.do?fSeq=2630182",C0301010000000,2026-08-11 18:15:51.456006,3000232404,2025070224586,1등급,과자,20250702245,충청남도,충청남도 아산시,2026-08-11
딸기두바이쫀득쿠키,무등록 식품 제조.판매,낵스,충청남도 아산시,,,800g(40g*20개),데이터없음,서면통보,(소비기한)2027-02-13 ~ 2027-03-23,가공식품,http://coop.foodsafetykorea.go.kr/open/minfo_image.do?fSeq=2629448,C0301010000000,2026-08-11 18:29:11.60992,3000232426,2025070224596,1등급,과자,20250702245,충청남도,충청남도 아산시,2026-08-11
에나배주스,세균수 기준 규격 부적합,한국배영농조합법인,경상남도 진주시,,,100ml,데이터없음,거래처 재고량 반품(소비자 보관 물량 없음),(소비기한)2028-04-21,가공식품,"http://coop.foodsafetykorea.go.kr/open/minfo_image.do?fSeq=2627335, http://coop.foodsafetykorea.go.kr/open/minfo_image.do?fSeq=2627336",C0309030200000,2026-08-07 17:24:36.380531,3000232189,202409104536,3등급,과.채주스,20240910453,경상남도,경상남도 진주시,2026-08-07
두부과자,"표시대상 알레르기 유발 원료성분(달걀, 땅콩, 대두, 밀) 미표시",금호제과,경기도 양주시,,8809332030226,140g,데이터없음,영업자 회수,"(소비기한) 2027-6-29, 2027-07-14",가공식품,"http://coop.foodsafetykorea.go.kr/open/minfo_image.do?fSeq=2628343, http://coop.foodsafetykorea.go.kr/open/minfo_image.do?fSeq=2628344, http://coop.foodsafetykorea.go.kr/open/minfo_image.do?fSeq=2628347",C0301010000000,2026-08-07 17:22:41.196834,3000232257,2011037020939,1등급,과자,20110370209,경기도,경기도 양주시,2026-08-07
종이제 식품용기_아크릴수지 코팅,총용출량 기준 규격 부적합,(주)팩스타,경기도 남양주시,,,-,(제조일자)2026-07-23,매일 센터별 지정 운송편으로 순차 회수 진행,-,기구용기포장,http://coop.foodsafetykorea.go.kr/open/minfo_image.do?fSeq=2628284,F0100001100000,2026-08-07 17:25:56.448181,3000232278,,3등급,아크릴수지,20110362124,경기도,경기도 남양주시,2026-08-07
찰수수,제랄레논 기준치 초과,농업회사법인연농유통,충청남도 논산시,,21000444190470070009,500g,2026. 7. 23.(포장일자),영업자 방문 회수,,농산물,"http://coop.foodsafetykorea.go.kr/open/minfo_image.do?fSeq=2623955, http://coop.foodsafetykorea.go.kr/open/minfo_image.do?fSeq=2623986",A0100600000000,2026-08-05 13:21:12.44209,3000232048,,3등급,수수,,충청남도,충청남도 논산시,2026-08-05
거대곰탕,대장균 기준규격 부적합,주식회사 유니버셜푸드랩,부산광역시 기장군,,8809676870007,500g,데이터없음,"1차 판매업소 유통재고량 회수, 개별소비자 연락 후 반품조치","(소비기한)2027-07-07, 2027-07-08",축산물,"http://coop.foodsafetykorea.go.kr/open/minfo_image.do?fSeq=2625531, http://coop.foodsafetykorea.go.kr/open/minfo_image.do?fSeq=2625532, http://coop.foodsafetykorea.go.kr/open/minfo_image.do?fSeq=2625533, http://coop.foodsafetykorea.go.kr/open/minfo_image.do?fSeq=2625548",C0316060000000,2026-08-05 14:20:10.954457,3000232055,2010012500926,3등급,식육추출가공품,20100125009,부산광역시,부산광역시 기장군,2026-08-05
딱새우회,세균수 기준 규격 부적합,(주)새우닭푸드랩,서울특별시 강북구,,,150g,(제조일자)2026-01-19,소비자 보관물량회수,(소비기한)제조일로부터 1년,가공식품,"http://coop.foodsafetykorea.go.kr/open/minfo_image.do?fSeq=2621506, http://coop.foodsafetykorea.go.kr/open/minfo_image.do?fSeq=2621507",C0319060000000,2026-07-31 18:24:21.635885,3000231832,202000531363,3등급,기타 수산물가공품,20200053136,서울특별시,서울특별시 강북구,2026-07-31
마야항아리프리미엄굴소스,표시대상 알레르기 유발 원료성분(조개류(굴)) 미표시,마야에프앤비,경기도 여주시,,8800523018115,420g,(제조일자)2025-08-04~2026-07-08,"즉석판매제조ㆍ가공업소에서 최종소비자에게 직접 판매한 제품으로, 중간 유통ㆍ판매업소 재고는 없는 것으로 확인됨. 구매자대상 문자안내, 전화안내, 온라인 판매페이지 회수공지 등",(소비기한) 제조일로부터 1년,즉석판매제조가공업 제조식품,"http://coop.foodsafetykorea.go.kr/open/minfo_image.do?fSeq=2620789, http://coop.foodsafetykorea.go.kr/open/minfo_image.do?fSeq=2620790",C0312020100000,2026-07-31 11:17:03.061635,3000231863,,1등급,소스,20230531174,경기도,경기도 여주시,2026-07-31
브래그 리퀴드 아미노스(BRAGG ALL PURPOSE SEASONING LIQUID AMINOS_473ML),3-MCPD 기준 초과,(주)코어랜드마크,인천광역시,,7430500016,473mL,데이터없음,,(소비기한) 2027.9.18.,가공식품,"http://coop.foodsafetykorea.go.kr/open/minfo_image.do?fSeq=2621311, http://coop.foodsafetykorea.go.kr/open/minfo_image.do?fSeq=2621312, http://coop.foodsafetykorea.go.kr/open/minfo_image.do?fSeq=2621313, http://coop.foodsafetykorea.go.kr/open/minfo_image.do?fSeq=2621314",C0311050000000,2026-07-31 17:31:00.579171,3000231899,,2등급,산분해간장,20190004384,인천광역시,인천광역시,2026-07-31
딱새우회,세균수 기준 규격 부적합,(주)새우닭푸드랩,서울특별시 강북구,,,135g,(제조일자)2025-10-13,소비자 보관물량회수,(소비기한)제조일로부터 1년,가공식품,"http://coop.foodsafetykorea.go.kr/open/minfo_image.do?fSeq=2621486, http://coop.foodsafetykorea.go.kr/open/minfo_image.do?fSeq=2621487",C0319060000000,2026-07-31 18:23:41.40358,3000231829,202000531363,3등급,기타 수산물가공품,20200053136,서울특별시,서울특별시 강북구,2026-07-31
딱새우회,세균수 기준 규격 부적합,(주)새우닭푸드랩,서울특별시 강북구,,,"135g, 200g",(제조일자)2026-04-17,소비자 보관물량회수,(소비기한)제조일로부터 1년,가공식품,"http://coop.foodsafetykorea.go.kr/open/minfo_image.do?fSeq=2621502, http://coop.foodsafetykorea.go.kr/open/minfo_image.do?fSeq=2621503",C0319060000000,2026-07-31 18:24:48.30595,3000231838,202000531363,3등급,기타 수산물가공품,20200053136,서울특별시,서울특별시 강북구,2026-07-31
우롱티,식약처에 수입신고하지 아니한 식품을 수입·판매,어라운드비,경기도 의정부시,,8934588870118,320mL,-,판매매장(아시아마트)에 회수사실알림 자체 공지 시행(매장에서 소비자 직접 판매로 별도의 소비자 인적사항이 확인되지 않아 자체 공지로 회수 진행),2026.12.16.,가공식품,"http://coop.foodsafetykorea.go.kr/open/minfo_image.do?fSeq=2618018, http://coop.foodsafetykorea.go.kr/open/minfo_image.do?fSeq=2618019, http://coop.foodsafetykorea.go.kr/open/minfo_image.do?fSeq=2618020",C0000000000000,2026-07-29 18:15:37.165617,3000231749,,1등급,가공식품,20220908582,경기도,경기도 의정부시,2026-07-29
참조아라유기농블루베리즙,중금속(납) 기준 규격 부적합,포항블루베리농원,경상북도 포항시 남구,,8809491420081,"480ml (80ml*6개), 960ml (80ml*12개)",데이터없음,영업자 회수,(소비기한)2028-02-13,가공식품,"http://coop.foodsafetykorea.go.kr/open/minfo_image.do?fSeq=2617183, http://coop.foodsafetykorea.go.kr/open/minfo_image.do?fSeq=2617557, http://coop.foodsafetykorea.go.kr/open/minfo_image.do?fSeq=2618053, http://coop.foodsafetykorea.go.kr/open/minfo_image.do?fSeq=2618054",C0309030200000,2026-07-29 17:29:10.086953,3000231671,201405330492,2등급,과.채주스,20140533049,경상북도,경상북도 포항시,2026-07-29
조미어표,황색포도상구균 기준 규격 부적합,유창상회,부산광역시 중구,,,10kg,(제조일자)2026-07-20,대면 방문회수,(소비기한) 제조일로부터 6개월,가공식품,http://coop.foodsafetykorea.go.kr/open/minfo_image.do?fSeq=2618413,C0319030100000,2026-07-29 17:30:25.665968,3000231676,200101260032,2등급,조미건어포,20010126003,부산광역시,부산광역시 중구,2026-07-29
치즈두부,식약처에 수입신고하지 아니한 식품을 수입·판매,어라운드비,경기도 의정부시,,,500g,데이터없음,판매매장(아시아마트)에 회수사실알림 자체 공지 시행(매장에서 소비자 직접 판매로 별도의 소비자 인적사항이 확인되지 않아 자체 공지로 회수 진행),2028.2.1.,가공식품,http://coop.foodsafetykorea.go.kr/open/minfo_image.do?fSeq=2618017,C0000000000000,2026-07-29 18:16:14.727217,3000231744,,1등급,가공식품,20220908582,경기도,경기도 의정부시,2026-07-29
해담은베리 순수 여주,세균수 기준 규격 부적합,해담은 베리,전북특별자치도 부안군,,,1L,(제조일자)2026-07-09,직접 수거,(소비기한)제조일로부터 1년,가공식품,"http://coop.foodsafetykorea.go.kr/open/minfo_image.do?fSeq=2615802, http://coop.foodsafetykorea.go.kr/open/minfo_image.do?fSeq=2615803",C0309030200000,2026-07-28 17:19:30.614964,3000231535,2016050111621,3등급,과.채주스,20160501116,전북특별자치도,전북특별자치도 부안군,2026-07-28
냉동얼갈이,잔류농약 기준 초과,주식회사 케이원무역,경기도 평택시,,8809415401912,1kg,포장일자: 2026.2.6,,포장일로부터 36개월까지,농산물,"http://coop.foodsafetykorea.go.kr/open/minfo_image.do?fSeq=2607839, http://coop.foodsafetykorea.go.kr/open/minfo_image.do?fSeq=2607840",A0600200100000,2026-07-21 14:37:08.60799,3000231105,,2등급,엇갈이배추,20240017800,경기도,경기도 평택시,2026-07-21
우리가홍삼액,세균수 기준 규격 부적합,우리가홍삼,충청남도 금산군,,,4.8L(80ml*60포),데이터없음,소비자상담실을 통한 반품처리 및 업소 내 공고문 게시,2028-01-07,가공식품,"http://coop.foodsafetykorea.go.kr/open/minfo_image.do?fSeq=2607981, http://coop.foodsafetykorea.go.kr/open/minfo_image.do?fSeq=2607985",C0309070000000,2026-07-20 18:21:54.381052,3000231069,201504670431,3등급,인삼.홍삼음료,20150467043,충청남도,충청남도 금산군,2026-07-20
곡기생,중금속(카드뮴) 기준규격 초과,(주)나음,경기도 포천시,,,600g,데이터없음,소비자반품,2029.3.30.,농산물,"http://coop.foodsafetykorea.go.kr/open/minfo_image.do?fSeq=2605879, http://coop.foodsafetykorea.go.kr/open/minfo_image.do?fSeq=2605880, http://coop.foodsafetykorea.go.kr/open/minfo_image.do?fSeq=2605881",A1227100000000,2026-07-16 18:58:33.027244,3000230989,,2등급,겨우살이,20180016067,경기도,경기도 포천시,2026-07-16
빠작복숭아무스케이크,황색포도상구균 기준 규격 부적합,(주)로열에프에스,경기도 시흥시,,,100g,데이터없음,제조업체 부적합 보관 창고 물량  회수 예정,2027-07-07,가공식품,"http://coop.foodsafetykorea.go.kr/open/minfo_image.do?fSeq=2606071, http://coop.foodsafetykorea.go.kr/open/minfo_image.do?fSeq=2606706",C0301010000000,2026-07-16 17:55:11.550624,3000231023,20200362335275,2등급,과자,20200362335,경기도,경기도 시흥시,2026-07-16
리얼푸드 토마토,세균수 기준 규격 부적합,영농조합법인 청원유기농,충청북도 청주시 흥덕구,,,3.6L(120ml*30포),데이터없음,구매고객에게 개별연락하여 회수요청,2027-07-05,가공식품,"http://coop.foodsafetykorea.go.kr/open/minfo_image.do?fSeq=2600576, http://coop.foodsafetykorea.go.kr/open/minfo_image.do?fSeq=2600577",C0309030200000,2026-07-10 17:59:03.019647,3000230742,201404150481,3등급,과.채주스,20140415048,충청북도,충청북도 청주시,2026-07-10
코엔자임Q10 100mg,붕해시험 부적합,(주)코스트코코리아,경기도 광명시,,196633914507,400mg X 240캡슐(총 96g),데이터없음,메일 발송 및 유선 통화 등,2029.1.30,건강기능식품,"http://coop.foodsafetykorea.go.kr/open/minfo_image.do?fSeq=2598189, http://coop.foodsafetykorea.go.kr/open/minfo_image.do?fSeq=2598190, http://coop.foodsafetykorea.go.kr/open/minfo_image.do?fSeq=2598191, http://coop.foodsafetykorea.go.kr/open/minfo_image.do?fSeq=2598192",E0000000000000,2026-07-08 17:38:48.724575,3000230573,,3등급,건강기능식품,20120304539,경기도,경기도 광명시,2026-07-08
쇠고기장조림(수입산),보존료(파라옥시안식향산) 기준 규격 부적합,진이에프엔비주식회사,인천광역시 미추홀구,,,1500g,2026-06-12,거래처별 보유 유통재고를 판매중지한 후 당사로 회수,2027-06-11,가공식품,http://coop.foodsafetykorea.go.kr/open/minfo_image.do?fSeq=2600167,C0316070000000,2026-07-09 17:59:48.716427,3000230579,2021019528231,3등급,식육함유가공품,20210195282,인천광역시,인천광역시 미추홀구,2026-07-09
냉동만두피,세균수 기준 규격 부적합,태산식품,인천광역시 검단구,,,450g,2026-06-26,업체 측에서 택배로 배송,제조일로부터 9개월,가공식품,"http://coop.foodsafetykorea.go.kr/open/minfo_image.do?fSeq=2595410, http://coop.foodsafetykorea.go.kr/open/minfo_image.do?fSeq=2594987",C0322030200000,2026-07-07 17:16:49.385031,3000228307,202502926525,3등급,만두피,20250292652,인천광역시,인천광역시 검단구,2026-07-07
프리미엄 대두레시틴 골드 플러스,자가품질위탁검사 부적합(인지질 함량 미달),(주)아오스,충청북도 영동군,,8809001239653,81g,-,유통업체 보관 창고 제품 회수 수집 후 당사로 일괄 반송,2028.5.26,건강기능식품,"http://coop.foodsafetykorea.go.kr/open/minfo_image.do?fSeq=2589307, http://coop.foodsafetykorea.go.kr/open/minfo_image.do?fSeq=2589308, http://coop.foodsafetykorea.go.kr/open/minfo_image.do?fSeq=2589309, http://coop.foodsafetykorea.go.kr/open/minfo_image.do?fSeq=2589310, http://coop.foodsafetykorea.go.kr/open/minfo_image.do?fSeq=2589311, http://coop.foodsafetykorea.go.kr/open/minfo_image.do?fSeq=2589312",E0201800000000,2026-07-01 11:11:16.548409,3000228060,20140020012177,3등급,레시틴,20140020012,충청북도,충청북도 영동군,2026-07-01
소다홉,세균수 기준 규격 부적합,에이홉(A HOP COMPANY),경상북도 포항시 북구,,8809907800186,355ml,2025-11-03,홍보용 거래처 회수 가능 여부 확인,제조일로부터 24개월,가공식품,"http://coop.foodsafetykorea.go.kr/open/minfo_image.do?fSeq=2587528, http://coop.foodsafetykorea.go.kr/open/minfo_image.do?fSeq=2587529, http://coop.foodsafetykorea.go.kr/open/minfo_image.do?fSeq=2587530",C0309040100000,2026-07-01 09:42:48.0131,3000227960,2022046124619,3등급,탄산음료,20240829749,경상북도,경상북도 포항시,2026-07-01
명품갈비탕 기본맛,대장균 기준 규격 부적합,앰엔제이fnb,경기도 평택시,,,900g,2026-06-20,택배 반품 회수,제조일로부터 12개월,가공식품,"http://coop.foodsafetykorea.go.kr/open/minfo_image.do?fSeq=2587526, http://coop.foodsafetykorea.go.kr/open/minfo_image.do?fSeq=2587863",C0322020300000,2026-06-29 17:37:20.512756,3000227952,2025046015891,3등급,즉석조리식품,20250460158,경기도,경기도 평택시,2026-06-29
자숙홍합살,대장균 기준 규격 부적합,(주)윈윈농수산,경기도 양평군,,8809625586478,300g,데이터없음,한살림물류센터에서 당사 물류 차량으로 회수,'27.06.07.,가공식품,http://coop.foodsafetykorea.go.kr/open/minfo_image.do?fSeq=2584951,C0319060000000,2026-06-26 13:19:40.242395,3000227851,200903780245,3등급,기타 수산물가공품,20090378024,경기도,경기도 양평군,2026-06-26
투명 냉장고 정리용기 4단 세트 반찬통 마늘 보관용기 소분 보관함,식약처에 수입신고하지 아니한 식품용 기구 및 용기포장 수입·판매,주식회사 펀드랩스,경기도 김포시,,S0036927297233,,데이터없음,메일 발송 및 유선 통화 등,,기구용기포장,"http://coop.foodsafetykorea.go.kr/open/minfo_image.do?fSeq=2585550, http://coop.foodsafetykorea.go.kr/open/minfo_image.do?fSeq=2585551",F0000000000000,2026-06-25 17:39:04.067312,3000227875,,1등급,기구 및 용기포장,20250020555,경기도,경기도 김포시,2026-06-25
닭꼬치,"알레르기 유발물질 미표시(미표시 내용 : 닭고기, 우유, 대두, 밀, 쇠고기 함유)",미광식품,부산광역시 북구,,,1.2kg,2025-11-04 ~ 2026-5-19,유통업체(조조푸드) 재고량을 미광식품으로 반품처리,2026-11-03 ~ 2027-05-18,축산물,"http://coop.foodsafetykorea.go.kr/open/minfo_image.do?fSeq=2585746, http://coop.foodsafetykorea.go.kr/open/minfo_image.do?fSeq=2585745",C0316050100000,2026-06-26 13:14:15.004464,3000227890,201801250192,1등급,양념육,20180125019,부산광역시,부산광역시 북구,2026-06-26
우슬닭발환,표시대상 알레르기 유발 원료성분(닭고기) 미표시,주식회사 생생드림,서울특별시 동대문구,,,"150g, 220g, 500g",데이터없음,홈페이지게시 및 거래처 연락,2026-07-02 ~ 2028-05-26,가공식품,"http://coop.foodsafetykorea.go.kr/open/minfo_image.do?fSeq=2583989, http://coop.foodsafetykorea.go.kr/open/minfo_image.do?fSeq=2583990, http://coop.foodsafetykorea.go.kr/open/minfo_image.do?fSeq=2584074",C0323020000000,2026-06-24 17:57:37.339367,3000227817,2015004279825,1등급,기타가공품,20140042362,서울특별시,서울특별시 동대문구,2026-06-24
우슬닭발환,표시대상 알레르기 유발 원료성분(닭고기) 미표시,건강플러스,서울특별시 동대문구,,,0.1~40kg,데이터없음,홈페이지 게시 및 거래처에 연락하여 회수,2026-07-02 ~ 2028-05-26,가공식품,"http://coop.foodsafetykorea.go.kr/open/minfo_image.do?fSeq=2584534, http://coop.foodsafetykorea.go.kr/open/minfo_image.do?fSeq=2584535",C0323020000000,2026-06-24 17:58:22.746175,3000227821,2015004279825,1등급,기타가공품,20150042798,서울특별시,서울특별시 동대문구,2026-06-24
울금가루,금속성이물(쇳가루) 기준 규격 부적합,(유)제일식품,전남광주통합특별시 강진군,,,1kg,데이터없음,영업자 회수(택배 등),2027-06-14,가공식품,"http://coop.foodsafetykorea.go.kr/open/minfo_image.do?fSeq=2584135, http://coop.foodsafetykorea.go.kr/open/minfo_image.do?fSeq=2584139",C0312050100000,2026-06-25 09:39:11.215715,3000227820,2024080200125,3등급,천연향신료,20240802001,전남광주통합특별시,전남광주통합특별시 강진군,2026-06-25
두배진흑염소진액,세균수 기준규격 부적합,농업회사법인 주식회사 에이치앤디,강원특별자치도 영월군,,8800262370000,100ml,데이터없음,사업자 수거,20270615,축산물,"http://coop.foodsafetykorea.go.kr/open/minfo_image.do?fSeq=2581486, http://coop.foodsafetykorea.go.kr/open/minfo_image.do?fSeq=2581529",C0316060000000,2026-06-23 16:06:18.371912,3000227695,202305390181,3등급,식육추출가공품,20230539018,강원특별자치도,강원특별자치도 영월군,2026-06-23
남원광원추어탕,세균발육 기준 규격 부적합,농업회사법인(주)화촌엄마손,전북특별자치도 남원시,,8809418470014,500g,데이터없음,소비자 보관물량 업체에서 직접회수,2027-05-31,가공식품,"http://coop.foodsafetykorea.go.kr/open/minfo_image.do?fSeq=2582743, http://coop.foodsafetykorea.go.kr/open/minfo_image.do?fSeq=2582243",C0322020300000,2026-06-23 18:08:47.51673,3000227742,201204921493,3등급,즉석조리식품,20120492149,전북특별자치도,전북특별자치도 남원시,2026-06-23
명품갈비탕 기본맛,대장균 기준 규격 부적합,앰엔제이fnb,경기도 평택시,,,900g,2026-06-17,택배 반품 회수,제조일로부터 12개월,가공식품,"http://coop.foodsafetykorea.go.kr/open/minfo_image.do?fSeq=2582494, http://coop.foodsafetykorea.go.kr/open/minfo_image.do?fSeq=2582493",C0322020300000,2026-06-24 13:48:53.12792,3000227749,2025046015891,3등급,즉석조리식품,20250460158,경기도,경기도 평택시,2026-06-24
(NEW)로얄 소보로 회오리감자,"표시대상 알레르기 유발 원료성분(밀, 대두) 미표시",타임스퀘어,충청남도 논산시,,,500g,데이터없음,직접 전화 및 메일 알림,2027-02-23,가공식품,"http://coop.foodsafetykorea.go.kr/open/minfo_image.do?fSeq=2583118, http://coop.foodsafetykorea.go.kr/open/minfo_image.do?fSeq=2583119",C0315070400000,2026-06-23 18:05:52.670172,3000227767,202507073166,1등급,서류가공품,20250707316,충청남도,충청남도 논산시,2026-06-23
자연향 가득한 고춧가루 (베트남산),금속성이물(쇳가루) 기준 규격 부적합,오에스농산 주식회사,경상남도 창녕군,,8809753220978,1kg,데이터없음,1차 거래처 보관제품 회수(영업자 직접회수),2027-06-02,가공식품,"http://coop.foodsafetykorea.go.kr/open/minfo_image.do?fSeq=2581348, http://coop.foodsafetykorea.go.kr/open/minfo_image.do?fSeq=2581349",C0312040100000,2026-06-22 16:24:36.159404,3000227684,202006111254,3등급,고춧가루,20200611125,경상남도,경상남도 창녕군,2026-06-22
정성 가득 담은 고춧가루(중국산),금속성이물(쇳가루) 기준 규격 부적합,오에스농산 주식회사,경상남도 창녕군,,8809753220527,1kg,데이터없음,판매업소에 개별 연락 및 재고 확인 후 전량 반품 처리 등 진행,2026.10.21.,가공식품,"http://coop.foodsafetykorea.go.kr/open/minfo_image.do?fSeq=2580399, http://coop.foodsafetykorea.go.kr/open/minfo_image.do?fSeq=2580400",C0312040100000,2026-06-19 16:37:50.489014,3000227626,2020061112527,3등급,고춧가루,20200611125,경상남도,경상남도 창녕군,2026-06-19
에코비 밀랍랩,식약처에 수입신고하지 아니한 식품용 기구 및 용기포장 수입·판매,주식회사 케이비지리테일(KBG Retail Inc.),경기도 화성시 동탄구,,,,데이터없음,쿠팡의 유선통화 및 문자발송 후 택배,,기구용기포장,"http://coop.foodsafetykorea.go.kr/open/minfo_image.do?fSeq=2579043, http://coop.foodsafetykorea.go.kr/open/minfo_image.do?fSeq=2579044",F0000000000000,2026-06-18 18:01:58.188564,3000227567,,1등급,기구 및 용기포장,20250020578,경기도,경기도 화성시,2026-06-18
빙슈 턴앤업 망고맛,제조일자 미표시,트렌디저트 주식회사,서울특별시 금천구,,8809990402656,240ml,미표시 제품,"상품 판매 홈페이지 게시, 거래처 전화 또는 이메일 통보",빙과류 - 제조연월까지 표기. 하단 '변경사유'항목 참조,가공식품,http://coop.foodsafetykorea.go.kr/open/minfo_image.do?fSeq=2575920,C0302030000000,2026-06-16 17:56:10.51489,3000227385,2013008686836,1등급,빙과,20130086868,서울특별시,서울특별시 금천구,2026-06-16
빙슈 턴앤업 딸기,제조일자 미표시,트렌디저트 주식회사,서울특별시 금천구,,,240ml,미표시 제품,"상품 판매 홈페이지 게시, 거래처 전화 또는 이메일 통보",,가공식품,http://coop.foodsafetykorea.go.kr/open/minfo_image.do?fSeq=2575909,C0302030000000,2026-06-16 17:55:56.014335,3000227342,2013008686841,1등급,빙과,20130086868,서울특별시,서울특별시 금천구,2026-06-16
빙슈 턴앤업 멜론맛,제조일자 미표시,트렌디저트 주식회사,서울특별시 금천구,,,240ml,미표시 제품,"상품 판매 홈페이지 게시, 거래처 전화 또는 이메일 통보",빙과류 - 제조연월까지 표기. 하단 '변경사유'항목 참조,가공식품,http://coop.foodsafetykorea.go.kr/open/minfo_image.do?fSeq=2575932,C0302030000000,2026-06-16 17:56:35.440798,3000227386,2013008686832,1등급,빙과,20130086868,서울특별시,서울특별시 금천구,2026-06-16
빙슈 턴앤업 초코,제조일자 미표시,트렌디저트 주식회사,서울특별시 금천구,,8809990402663,240ml,미표시 제품,"상품 판매 홈페이지 게시, 거래처 전화 또는 이메일 통보",빙과류 - 제조연월까지 표기. 하단 '변경사유'항목 참조,가공식품,http://coop.foodsafetykorea.go.kr/open/minfo_image.do?fSeq=2576131,C0302030000000,2026-06-16 17:57:18.568773,3000227392,2013008686840,1등급,빙과,20130086868,서울특별시,서울특별시 금천구,2026-06-16
빙슈 턴앤업 밀크,제조일자 미표시,트렌디저트 주식회사,서울특별시 금천구,,8809990402649,240ml,미표시 제품,"상품 판매 홈페이지 게시, 거래처 전화 또는 이메일 통보",,가공식품,http://coop.foodsafetykorea.go.kr/open/minfo_image.do?fSeq=2575939,C0302030000000,2026-06-16 17:56:55.201001,3000227387,2013008686835,1등급,빙과,20130086868,서울특별시,서울특별시 금천구,2026-06-16
빙슈 턴앤업 바나나맛,제조일자 미표시,트렌디저트 주식회사,서울특별시 금천구,,,240ml,미표시 제품,"상품 판매 홈페이지 게시, 거래처 전화 또는 이메일 통보",빙과류 - 제조연월까지 표기. 하단 '변경사유'항목 참조,가공식품,http://coop.foodsafetykorea.go.kr/open/minfo_image.do?fSeq=2575954,C0302030000000,2026-06-16 17:57:06.878197,3000227389,2013008686837,1등급,빙과,20130086868,서울특별시,서울특별시 금천구,2026-06-16
비틀16로제,식품첨가물(사카린나트륨) 검출,비틀,전북특별자치도 순창군,,,500ml,2026-05-11,,제조일로부터 180일,주류,"http://coop.foodsafetykorea.go.kr/open/minfo_image.do?fSeq=2570064, http://coop.foodsafetykorea.go.kr/open/minfo_image.do?fSeq=2570065",C0314150000000,2026-06-09 13:41:04.655733,3000226993,202100160214,3등급,약주,20210016021,전북특별자치도,전북특별자치도 순창군,2026-06-09
마이디데이 브로멜라인,"표시대상 알레르기 유발 원료성분(우유, 대두) 미표시",주식회사 피비에이치,충청남도 천안시 서북구,,,20g(2g*10포),데이터없음,개별 소비자에게 연락이 오면 소비기한 확인후 회수진행,"2027-07-19, 2027-07-21, 2027-07-29, 2027-08-05",가공식품,"http://coop.foodsafetykorea.go.kr/open/minfo_image.do?fSeq=2568194, http://coop.foodsafetykorea.go.kr/open/minfo_image.do?fSeq=2568195",C0323020000000,2026-06-05 17:48:28.096856,3000226871,,1등급,기타가공품,20250683289,충청남도,충청남도 천안시,2026-06-05
밀크씨슬,자가품질검사 부적합(실리마린 함량 초과),대원헬스케어 주식회사 2공장,충청남도 예산군,,,,데이터없음,거래처 및 판매처를 통한 제품 회수,제조일로부터 24개월,건강기능식품,"http://coop.foodsafetykorea.go.kr/open/minfo_image.do?fSeq=2565138, http://coop.foodsafetykorea.go.kr/open/minfo_image.do?fSeq=2565139",E0201400000000,2026-06-01 18:11:53.839861,3000226679,20172880193384,3등급,밀크씨슬(카르두스 마리아누스) 추출물,20172880193,충청남도,충청남도 예산군,2026-06-01
명란젓,무신고 소분판매,대일종합식품,경상남도 거제시,,,400g,데이터없음,택배등 영업소로 반품조치,2026-12-15,가공식품,http://coop.foodsafetykorea.go.kr/open/minfo_image.do?fSeq=2563255,C0319020200000,2026-05-29 13:11:24.001132,3000226613,,1등급,양념젓갈,,경상남도,경상남도 거제시,2026-05-29
꼴뚜기젓,무신고 소분 판매,대일종합식품,경상남도 거제시,,,500g,데이터없음,택배 등 영업소로 반품조치,"2027.04.01., 2026.12.15.",가공식품,"http://coop.foodsafetykorea.go.kr/open/minfo_image.do?fSeq=2563256, http://coop.foodsafetykorea.go.kr/open/minfo_image.do?fSeq=2563257",C0319020200000,2026-05-29 13:11:56.495777,3000226614,,1등급,양념젓갈,,경상남도,경상남도 거제시,2026-05-29
낙지젓,무신고 소분판매,대일종합식품,경상남도 거제시,,,"250g,500g",데이터없음,택배 등 영업소로 반품 조치,"250g(2026-09-15), 250g(2026-12-15), 500g(2026-12-15), 500g(2027.04.01.)",가공식품,"http://coop.foodsafetykorea.go.kr/open/minfo_image.do?fSeq=2563273, http://coop.foodsafetykorea.go.kr/open/minfo_image.do?fSeq=2563274, http://coop.foodsafetykorea.go.kr/open/minfo_image.do?fSeq=2563276, http://coop.foodsafetykorea.go.kr/open/minfo_image.do?fSeq=2563277",C0319020200000,2026-05-29 13:08:51.806904,3000226609,,1등급,양념젓갈,,경상남도,경상남도 거제시,2026-05-29
맛창젓,무신고 소분판매,대일종합식품,경상남도 거제시,,,"250g,500g",데이터없음,택배 등 영업소로 반품 조치,"250g(2026-09-15),250g(2026-12-15),500g(2026-12-15), 500g(2026-09-15),500g(2027-04-01)",가공식품,"http://coop.foodsafetykorea.go.kr/open/minfo_image.do?fSeq=2563283, http://coop.foodsafetykorea.go.kr/open/minfo_image.do?fSeq=2563284, http://coop.foodsafetykorea.go.kr/open/minfo_image.do?fSeq=2563285, http://coop.foodsafetykorea.go.kr/open/minfo_image.do?fSeq=2563286, http://coop.foodsafetykorea.go.kr/open/minfo_image.do?fSeq=2563288",C0319020200000,2026-05-29 13:09:31.035259,3000226610,,1등급,양념젓갈,,경상남도,경상남도 거제시,2026-05-29
오징어젓,무신고 소분 판매,대일종합식품,경상남도 거제시,,,"250g,500g",데이터없음,택배 등 영업소로 반품조치,"250g(2026-09-15),250g(2026-12-15),500g(2026-12-15),500g(2027-04-15),500g(2027-04-01)",가공식품,"http://coop.foodsafetykorea.go.kr/open/minfo_image.do?fSeq=2563294, http://coop.foodsafetykorea.go.kr/open/minfo_image.do?fSeq=2563295, http://coop.foodsafetykorea.go.kr/open/minfo_image.do?fSeq=2563296, http://coop.foodsafetykorea.go.kr/open/minfo_image.do?fSeq=2563297, http://coop.foodsafetykorea.go.kr/open/minfo_image.do?fSeq=2563298",C0319020200000,2026-05-29 13:09:54.970882,3000226611,,1등급,양념젓갈,,경상남도,경상남도 거제시,2026-05-29
순태젓,무신고 소분판매,대일종합식품,경상남도 거제시,,,"250g,500g",데이터없음,택배 등 영업소로 반품조치,"250g(2026.12.15.), 500g(2026.09.15.,2026.12.15., 2027.04.01)",가공식품,"http://coop.foodsafetykorea.go.kr/open/minfo_image.do?fSeq=2563289, http://coop.foodsafetykorea.go.kr/open/minfo_image.do?fSeq=2563290, http://coop.foodsafetykorea.go.kr/open/minfo_image.do?fSeq=2563291, http://coop.foodsafetykorea.go.kr/open/minfo_image.do?fSeq=2563292",C0319020200000,2026-05-29 13:11:04.240665,3000226612,,1등급,양념젓갈,,경상남도,경상남도 거제시,2026-05-29
국화,중금속(카드뮴) 기준규격 초과,주식회사샘그린유통,서울특별시 동대문구,,,"300g, 600g",데이터없음,거래처에 전화로 회수사유를 알리고 해당제품에 대한 판매중지 및 반품요청,20290118,농산물,"http://coop.foodsafetykorea.go.kr/open/minfo_image.do?fSeq=2562951, http://coop.foodsafetykorea.go.kr/open/minfo_image.do?fSeq=2564569, http://coop.foodsafetykorea.go.kr/open/minfo_image.do?fSeq=2564570",A1205400000000,2026-05-29 18:39:29.149968,3000226584,2017047206438,2등급,국화,20170472064,서울특별시,서울특별시 동대문구,2026-05-29
멍게젓,무신고 소분판매,대일종합식품,경상남도 거제시,,,400g,데이터없음,택배 등 영업소로 반품 조치,2027-04-01,가공식품,http://coop.foodsafetykorea.go.kr/open/minfo_image.do?fSeq=2563254,C0319020200000,2026-05-29 13:07:29.415898,3000226602,,1등급,양념젓갈,,경상남도,경상남도 거제시,2026-05-29
신안새우젓,무신고 소분판매,대일종합식품,경상남도 거제시,,,"500g,1kg,2kg,5kg",데이터없음,택배 등 영업소로 반품 조치,"500g(2027-11-15), 1kg(2027-07-14), 1kg(2027-11-07), 1kg(2027-09-30), 1kg(2028-03-05), 1kg(2028-04-12), 2kg(2027-11-04),2kg(2027-09-30), 5kg(2027-10-16)",가공식품,"http://coop.foodsafetykorea.go.kr/open/minfo_image.do?fSeq=2563259, http://coop.foodsafetykorea.go.kr/open/minfo_image.do?fSeq=2563260, http://coop.foodsafetykorea.go.kr/open/minfo_image.do?fSeq=2563262, http://coop.foodsafetykorea.go.kr/open/minfo_image.do?fSeq=2563263, http://coop.foodsafetykorea.go.kr/open/minfo_image.do?fSeq=2563265, http://coop.foodsafetykorea.go.kr/open/minfo_image.do?fSeq=2563267, http://coop.foodsafetykorea.go.kr/open/minfo_image.do?fSeq=2563270, http://coop.foodsafetykorea.go.kr/open/minfo_image.do?fSeq=2563271",C0319020100000,2026-05-29 13:08:27.577375,3000226606,,1등급,젓갈,,경상남도,경상남도 거제시,2026-05-29
디노르 진공 와인 스토퍼 키퍼,식약처에 수입신고하지 아니한 식품용 기구 수입·판매,마티에르,경기도 양주시,,S0036892074002,,데이터없음,온라인판매사이트 쿠팡에 요청하여 회수대상알림 요청,,기구용기포장,"http://coop.foodsafetykorea.go.kr/open/minfo_image.do?fSeq=2561272, http://coop.foodsafetykorea.go.kr/open/minfo_image.do?fSeq=2561273, http://coop.foodsafetykorea.go.kr/open/minfo_image.do?fSeq=2561274, http://coop.foodsafetykorea.go.kr/open/minfo_image.do?fSeq=2561275",F0000000000000,2026-05-27 17:38:14.690094,3000226544,,1등급,기구 및 용기포장,20250002607,경기도,경기도 양주시,2026-05-27
강황가루,금속성이물 기준 규격 부적합,(주)진성바이오지점,경상북도 칠곡군,,8809045620752,400g,데이터없음,거래처 재고량 반품 및 방문 회수,20270818,가공식품,http://coop.foodsafetykorea.go.kr/open/minfo_image.do?fSeq=2554588,C0309010300000,2026-05-19 16:22:23.364062,3000226157,2018004236216,3등급,고형차,20200574235,경상북도,경상북도 칠곡군,2026-05-19
맥반석 버터구이오징어,보존료(소브산) 기준 규격 부적합,해오름(주),강원특별자치도 강릉시,,,10kg,데이터없음,유통업체에서 직접 회수,2027-04-23,가공식품,"http://coop.foodsafetykorea.go.kr/open/minfo_image.do?fSeq=2552080, http://coop.foodsafetykorea.go.kr/open/minfo_image.do?fSeq=2552082, http://coop.foodsafetykorea.go.kr/open/minfo_image.do?fSeq=2552164",C0319030100000,2026-05-14 10:25:15.38955,3000225962,2003038615012,3등급,조미건어포,20030386150,강원특별자치도,강원특별자치도 강릉시,2026-05-14
이니스프리 땅콩 타르트,식품첨가물(타르색소)기준 규격 부적합,주식회사 브레더스컴퍼니,경기도 고양시 덕양구,,,420g(70g*6개입),데이터없음,판매처(이니스프리 제주하우스점) 방문하여 부적합 제품 수거,2027-01-22,가공식품,http://coop.foodsafetykorea.go.kr/open/minfo_image.do?fSeq=2552389,C0301040000000,2026-05-14 18:02:16.12689,3000225967,2024048384920,3등급,빵류,20240483849,경기도,경기도 고양시,2026-05-14
잣엿,알레르기 유발물질(잣) 미표시,서해안식품,충청남도 아산시,,,"150g, 10kg",데이터없음,거래처 재고량 반품 및 소비자 보관물량 회수,2026.10.6~2028.4.28.,가공식품,"http://coop.foodsafetykorea.go.kr/open/minfo_image.do?fSeq=2550558, http://coop.foodsafetykorea.go.kr/open/minfo_image.do?fSeq=2550559, http://coop.foodsafetykorea.go.kr/open/minfo_image.do?fSeq=2550854",C0304060200000,2026-05-12 18:05:24.31022,3000225935,1998046127269,1등급,기타엿,19980461272,충청남도,충청남도 아산시,2026-05-12
타이거모닝 이뮨샷,이물(유리조각) 혼입,더건강한 주식회사,충청남도 논산시,,8809990731978,320g(40g×8병),데이터없음,자체 규정에 따른 고객 안내문 발송 및 미섭취 제품 회수,2028-02-15,가공식품,"http://coop.foodsafetykorea.go.kr/open/minfo_image.do?fSeq=2548303, http://coop.foodsafetykorea.go.kr/open/minfo_image.do?fSeq=2548304",C0309030200000,2026-05-08 18:05:59.144958,3000225841,20170365027234,1등급,과.채주스,20240333333,충청남도,충청남도 논산시,2026-05-08
"냉동흰다리새우살(두절,탈각)",동물용의약품 기준 초과,(주)해우씨푸드,부산광역시 사하구,,8809458913335,900g,2025.8.26,거래처 보유 재고 반품 회수 및 화물차량을 이용하여 회수,2028.8.25,가공식품,"http://coop.foodsafetykorea.go.kr/open/minfo_image.do?fSeq=2547296, http://coop.foodsafetykorea.go.kr/open/minfo_image.do?fSeq=2547297",C0319060000000,2026-05-08 15:10:10.170831,3000225787,,2등급,기타 수산물가공품,20120254022,부산광역시,부산광역시 사하구,2026-05-08
냉동다진마늘,세균수 부적합,(주)에이치비플러스,인천광역시 연수구,,8809342242305,1kg,데이터없음,메일 발송 및 유선 통화 등,2028.1.19,가공식품,"http://coop.foodsafetykorea.go.kr/open/minfo_image.do?fSeq=2545757, http://coop.foodsafetykorea.go.kr/open/minfo_image.do?fSeq=2545758",C0312050100000,2026-05-07 09:03:34.873667,3000225717,,3등급,천연향신료,20020190030,인천광역시,인천광역시 연수구,2026-05-07
프리미엄 프로바이오틱스 5000 골드,프로바이오틱스 수 부적합,(주)더블유에이치글로벌,서울특별시 중구,,0629262003347,500mg X 60캡슐 X 2(총 60g),데이터없음,1차 거래처 통보 및 2차 판매처 수량 파악,2028.7.25,건강기능식품,"http://coop.foodsafetykorea.go.kr/open/minfo_image.do?fSeq=2545768, http://coop.foodsafetykorea.go.kr/open/minfo_image.do?fSeq=2545769, http://coop.foodsafetykorea.go.kr/open/minfo_image.do?fSeq=2545770, http://coop.foodsafetykorea.go.kr/open/minfo_image.do?fSeq=2545771",E0000000000000,2026-05-07 14:00:44.688807,3000225736,,3등급,건강기능식품,20130098109,서울특별시,서울특별시 중구,2026-05-07
냉동다진마늘,세균수 부적합,(주)에이치비플러스,인천광역시 연수구,,8809342242305,1kg,데이터없음,메일 발송 및 유선 통화 등,2028.3.3,가공식품,"http://coop.foodsafetykorea.go.kr/open/minfo_image.do?fSeq=2545953, http://coop.foodsafetykorea.go.kr/open/minfo_image.do?fSeq=2545954",C0312050100000,2026-05-07 09:03:43.172972,3000225740,,3등급,천연향신료,20020190030,인천광역시,인천광역시 연수구,2026-05-07
비셰프 야채튀김,대장균 규격 부적합,대하상사,경기도 부천시 원미구,,8809210342267,1kg,2026.03.21.,메일 발송 및 유선 통화 등,2027.09.20.,가공식품,"http://coop.foodsafetykorea.go.kr/open/minfo_image.do?fSeq=2544425, http://coop.foodsafetykorea.go.kr/open/minfo_image.do?fSeq=2544426",C0315070100000,2026-05-04 17:34:27.747163,3000225660,,3등급,과.채가공품,20210013757,경기도,경기도 부천시,2026-05-04
프리미엄 오메가3 1310 EPA&DHA,비타민D 함량 부족,(주)더조은월드,서울특별시 서초구,,8500134845666,"1,310mg X 180캡슐 X 2(총 471.6g)",데이터없음,거래선 통보 후 일괄 회수,2028.2.10.,건강기능식품,"http://coop.foodsafetykorea.go.kr/open/minfo_image.do?fSeq=2543638, http://coop.foodsafetykorea.go.kr/open/minfo_image.do?fSeq=2543639, http://coop.foodsafetykorea.go.kr/open/minfo_image.do?fSeq=2543640, http://coop.foodsafetykorea.go.kr/open/minfo_image.do?fSeq=2543641, http://coop.foodsafetykorea.go.kr/open/minfo_image.do?fSeq=2543642, http://coop.foodsafetykorea.go.kr/open/minfo_image.do?fSeq=2543681",E0000000000000,2026-04-30 16:43:40.695665,3000225578,,3등급,건강기능식품,20240004632,서울특별시,서울특별시 서초구,2026-04-30
낫슈99,세균수 기준 규격 부적합,(주)우포라이스텍,경상남도 창녕군,,8809220292316,750g(250g*3),데이터없음,소비자 판매 및 보관 물량 회수,2027-05-12,가공식품,"http://coop.foodsafetykorea.go.kr/open/minfo_image.do?fSeq=2542188, http://coop.foodsafetykorea.go.kr/open/minfo_image.do?fSeq=2542189",C0324010200000,2026-04-29 13:59:20.438333,3000225470,2003061807477,3등급,당뇨환자용 영양조제식품,20030618074,경상남도,경상남도 창녕군,2026-04-29
이부자 한우 국밥,살모넬라 기준 규격 부적합,주식회사 국왕푸드,경상북도 청도군,,8809895130005,500g,2026-04-13,직접회수,제조일로부터 1년,가공식품,"http://coop.foodsafetykorea.go.kr/open/minfo_image.do?fSeq=2540658, http://coop.foodsafetykorea.go.kr/open/minfo_image.do?fSeq=2540716",C0322020300000,2026-04-28 14:39:49.631908,3000225408,202005644981,2등급,즉석조리식품,20200564498,경상북도,경상북도 청도군,2026-04-28
프리미엄 알티지 오메가-3 1100,EPA와 DHA의 합 함량 부족,뉴트라칼 주식회사,서울특별시 서초구,,8809760951537,"1,201mg X 180캡슐(총 216.18g)",데이터없음,"일반판매원과 협력 및 2차 거래처에게 수입사 직접 회수알림 메일 발송, 유선 통화 알림등",2028.7.16,건강기능식품,"http://coop.foodsafetykorea.go.kr/open/minfo_image.do?fSeq=2540108, http://coop.foodsafetykorea.go.kr/open/minfo_image.do?fSeq=2540109, http://coop.foodsafetykorea.go.kr/open/minfo_image.do?fSeq=2540110, http://coop.foodsafetykorea.go.kr/open/minfo_image.do?fSeq=2540479",E0000000000000,2026-04-27 16:24:37.79608,3000225386,,3등급,건강기능식품,20240004561,서울특별시,서울특별시 서초구,2026-04-27
마이디데이 브로멜라인,"표시대상 알레르기 유발 원료성분(우유, 대두) 미표시",주식회사 피비에이치,충청남도 천안시 서북구,,,160g(2g*80포),데이터없음,거래처 재고량 반품 및 소비자 보관물량 회수,"2027-07-01, 2028-02-09",가공식품,"http://coop.foodsafetykorea.go.kr/open/minfo_image.do?fSeq=2537541, http://coop.foodsafetykorea.go.kr/open/minfo_image.do?fSeq=2537542, http://coop.foodsafetykorea.go.kr/open/minfo_image.do?fSeq=2537543, http://coop.foodsafetykorea.go.kr/open/minfo_image.do?fSeq=2537006",C0323020000000,2026-04-23 17:19:22.284741,3000225149,20180037041115,1등급,기타가공품,20250683289,충청남도,충청남도 천안시,2026-04-23
구기자,잔류농약(프로피코나졸) 기준 초과,약용작물산지유통센터(APC),경상북도 영주시,,8809052505004,250g,2026-02-05,택배 또는 직접회수,,농산물,"http://coop.foodsafetykorea.go.kr/open/minfo_image.do?fSeq=2538743, http://coop.foodsafetykorea.go.kr/open/minfo_image.do?fSeq=2538250",A0500401304000,2026-04-23 18:08:57.966247,3000225170,,2등급,구기자건조,,경상북도,경상북도 영주시,2026-04-23
냉동흰다리새우살,동물용의약품 기준 초과,(주)조은수산,부산광역시 동구,,8809971440400,450g,2025.10.13,업체 직접방문 또는 화물차량 회수,2028.10.12,가공식품,"http://coop.foodsafetykorea.go.kr/open/minfo_image.do?fSeq=2536914, http://coop.foodsafetykorea.go.kr/open/minfo_image.do?fSeq=2536915, http://coop.foodsafetykorea.go.kr/open/minfo_image.do?fSeq=2536916",C0319060000000,2026-04-23 16:17:39.841577,3000225166,,2등급,기타 수산물가공품,20090129167,부산광역시,부산광역시 동구,2026-04-23
국산 무농약 원료 마가루,대장균 기준 규격 부적합,청오건강 농업회사법인주식회사 6공장,경기도 광주시,,8809020762392,200g,데이터없음,판매처에 회수문 및 계획서 전달하여 유통재고량 회수,2027-03-30,가공식품,"http://coop.foodsafetykorea.go.kr/open/minfo_image.do?fSeq=2533152, http://coop.foodsafetykorea.go.kr/open/minfo_image.do?fSeq=2533153",C0315070400000,2026-04-17 18:00:19.265318,3000224939,2016036851339,3등급,서류가공품,20160368513,경기도,경기도 광주시,2026-04-17
슈퍼 멀티비타민 이뮨부스트,판토텐산 함량 부족,주식회사 동도에프앤피,서울특별시 강남구,,7350122362412,250ml(25ml X 10병),데이터없음,"플랫폼 공지 협조요청, 팝업, SMS, 앱푸시, 공문, 이메일 등",2026.11.11,건강기능식품,"http://coop.foodsafetykorea.go.kr/open/minfo_image.do?fSeq=2532635, http://coop.foodsafetykorea.go.kr/open/minfo_image.do?fSeq=2532636, http://coop.foodsafetykorea.go.kr/open/minfo_image.do?fSeq=2532637, http://coop.foodsafetykorea.go.kr/open/minfo_image.do?fSeq=2532638, http://coop.foodsafetykorea.go.kr/open/minfo_image.do?fSeq=2532639",E0000000000000,2026-04-16 17:17:35.913889,3000224863,,3등급,건강기능식품,20240016876,서울특별시,서울특별시 강남구,2026-04-16
다용도 건조망 특대형 3단,식약처에 수입신고하지 아니한 식품용 기구 수입·판매,케이케이컴퍼니,경기도 부천시 오정구,,,,데이터없음,메일 발송 및 유선 통화 등,,기구용기포장,http://coop.foodsafetykorea.go.kr/open/minfo_image.do?fSeq=2532447,F0000000000000,2026-04-16 16:47:40.752582,3000224881,,1등급,기구 및 용기포장,20160007087,경기도,경기도 부천시,2026-04-16
소고기 배추 수육,세균수 기준 규격 부적합,주식회사 자우담푸드,경기도 파주시,,,120g,데이터없음,택배 등,2027-04-02,가공식품,"http://coop.foodsafetykorea.go.kr/open/minfo_image.do?fSeq=2532448, http://coop.foodsafetykorea.go.kr/open/minfo_image.do?fSeq=2532487",C0322020300000,2026-04-16 17:49:34.877917,3000224801,2012035579436,3등급,즉석조리식품,20120355794,경기도,경기도 파주시,2026-04-16
도가니탕,세균발육 기준 규격 부적합,(주)초원식품,경기도 김포시,,8809352251359,600g,데이터없음,방문 및 택배회수,2027-03-10,가공식품,"http://coop.foodsafetykorea.go.kr/open/minfo_image.do?fSeq=2529473, http://coop.foodsafetykorea.go.kr/open/minfo_image.do?fSeq=2529474",C0322020300000,2026-04-15 14:20:30.671389,3000224728,19990208512240,3등급,즉석조리식품,19990208512,경기도,경기도 김포시,2026-04-15
청양 구기자,잔류농약 기준 초과,토종마을,경기도 남양주시,,1100001247554,300g,2026.03.05.,온라인 판매 제품 반품 회수 및 미출고 창고재고 제품 회수,2028.03.04.,농산물,,A0500401304000,2026-04-15 13:24:23.553913,3000224680,,2등급,구기자건조,20160333083,경기도,경기도 남양주시,2026-04-15
파워헬스다이어트C,바실루스세레우스 기준 규격 부적합,(주)파시코,경기도 남양주시,,8809037430093,750g,2026.03.10.,창고재고량 및 소비자 반품회수,2028-03-09,가공식품,"http://coop.foodsafetykorea.go.kr/open/minfo_image.do?fSeq=2528176, http://coop.foodsafetykorea.go.kr/open/minfo_image.do?fSeq=2528178",C0310070000000,2026-04-14 17:46:08.652295,3000224685,2000033230932,2등급,체중조절용 조제식품,20000332309,경기도,경기도 남양주시,2026-04-14
파워헬스다이어트C,대장균군 기준 규격 부적합,(주)파시코,경기도 남양주시,,8809037430093,750g,2026.03.10.,창고재고량 및 소비자 반품 회수,2028.03.09.,가공식품,"http://coop.foodsafetykorea.go.kr/open/minfo_image.do?fSeq=2527374, http://coop.foodsafetykorea.go.kr/open/minfo_image.do?fSeq=2527375, http://coop.foodsafetykorea.go.kr/open/minfo_image.do?fSeq=2527376",C0310070000000,2026-04-10 18:51:15.985212,3000224624,2000033230932,3등급,체중조절용 조제식품,20000332309,경기도,경기도 남양주시,2026-04-10
바베큐 폭립,보존료 부적합,주식회사 엠브이푸드,경기도 안성시,,,3kg,2026-03-12,,2027-03-11,축산물,"http://coop.foodsafetykorea.go.kr/open/minfo_image.do?fSeq=2525133, http://coop.foodsafetykorea.go.kr/open/minfo_image.do?fSeq=2525134",C0316050300000,2026-04-10 13:25:00.216224,3000224526,2013026203394,3등급,갈비가공품,20130262033,경기도,경기도 안성시,2026-04-10
앙플러스 가정용 특대형 건조망,식약처에 수입신고하지 아니한 식품용 기구 수입·판매,(주)바이어스컴퍼니,인천광역시 남동구,,,,데이터없음,메일 발송 및 유선 통화 등,,기구용기포장,http://coop.foodsafetykorea.go.kr/open/minfo_image.do?fSeq=2525423,F0000000000000,2026-04-09 17:51:29.778952,3000224537,,1등급,기구 및 용기포장,20240021504,인천광역시,인천광역시 남동구,2026-04-09
오징어채(유피),대장균 기준 규격 부적합,(주)전주수산,전북특별자치도 전주시 덕진구,,,12kg,데이터없음,제조업소 택배로 보낸 후 자체폐기,2027-12-18,가공식품,http://coop.foodsafetykorea.go.kr/open/minfo_image.do?fSeq=2523666,C0319060000000,2026-04-07 18:03:56.058442,3000224363,20190144268325,3등급,기타 수산물가공품,20170481383,전북특별자치도,전북특별자치도 전주시,2026-04-07
냉동리치,잔류농약 기준 초과,신정푸드(주),경기도 파주시,,8809237783074,1kg,포장일자: 2025.8.6,출고금지,포장일로부터 36개월까지,농산물,"http://coop.foodsafetykorea.go.kr/open/minfo_image.do?fSeq=2520212, http://coop.foodsafetykorea.go.kr/open/minfo_image.do?fSeq=2520213",A0500501000000,2026-04-03 14:57:33.578564,3000224248,,2등급,리치,20000320226,경기도,경기도 파주시,2026-04-03
냉동리치,잔류농약 기준 초과,신정푸드(주),경기도 파주시,,8809237783074,1kg,포장일자: 2026.2.4,출고금지,포장일로부터 36개월까지,농산물,"http://coop.foodsafetykorea.go.kr/open/minfo_image.do?fSeq=2520199, http://coop.foodsafetykorea.go.kr/open/minfo_image.do?fSeq=2520200",A0500501000000,2026-04-03 14:57:27.339621,3000224242,,2등급,리치,20000320226,경기도,경기도 파주시,2026-04-03
그릴망(캠핑화로대 구성품),식약처에 수입신고하지 아니한 식품용 기구 수입·판매,주식회사 위진테크노,서울특별시 강남구,,,,데이터없음,유통재고량4개(쿠팡물류창고) 반품 및 판매량36개(쿠팡구매자) 직접연락 후 회수(5개는 쿠팡에서 분실 및 폐기),,기구용기포장,"http://coop.foodsafetykorea.go.kr/open/minfo_image.do?fSeq=2520883, http://coop.foodsafetykorea.go.kr/open/minfo_image.do?fSeq=2520675",F0000000000000,2026-04-03 15:59:26.876116,3000224286,,1등급,기구 및 용기포장,20230008538,서울특별시,서울특별시 강남구,2026-04-03
계피분말,금속성이물 기준 규격 부적합,농업회사법인주식회사두손애약초,경상북도 영천시,,8809340568667,200g,데이터없음,판매처 등 연락 후 소분업소로 택배 반품 조치,2027-12-09,가공식품,"http://coop.foodsafetykorea.go.kr/open/minfo_image.do?fSeq=2519406, http://coop.foodsafetykorea.go.kr/open/minfo_image.do?fSeq=2519407, http://coop.foodsafetykorea.go.kr/open/minfo_image.do?fSeq=2519408",C0309010300000,2026-04-02 14:45:34.424279,3000224174,20180042191510,3등급,고형차,20160555012,경상북도,경상북도 영천시,2026-04-02
강황가루,금속성이물 기준 규격 부적합,유앤아이허브,서울특별시 동대문구,,,500g,데이터없음,"홈페이지 회수 공지 후 유통재고량, 소비자 보관물량 회수",2028-01-21,가공식품,http://coop.foodsafetykorea.go.kr/open/minfo_image.do?fSeq=2516259,C0309010300000,2026-03-31 18:11:35.137467,3000224031,201800421911,3등급,고형차,20200290158,서울특별시,서울특별시 동대문구,2026-03-31
노니분말,금속성이물 기준 규격 부적합,주식회사 디딤푸드,서울특별시 동대문구,,,300g,데이터없음,직접 회수 및 유선통화 후 택배 회수,2028-02-22,가공식품,"http://coop.foodsafetykorea.go.kr/open/minfo_image.do?fSeq=2515982, http://coop.foodsafetykorea.go.kr/open/minfo_image.do?fSeq=2515984",C0309010300000,2026-03-31 18:10:27.192898,3000224022,20160042150114,3등급,고형차,20200042553,서울특별시,서울특별시 동대문구,2026-03-31
강황분말,금속성이물 기준 규격 부적합,바라크월드팜,경기도 김포시,,8809432235422,350g,2026.1.22.,방문 및 택배회수,2028-01-21,가공식품,"http://coop.foodsafetykorea.go.kr/open/minfo_image.do?fSeq=2515872, http://coop.foodsafetykorea.go.kr/open/minfo_image.do?fSeq=2515875, http://coop.foodsafetykorea.go.kr/open/minfo_image.do?fSeq=2515939",C0323020000000,2026-03-31 11:05:17.290141,3000223980,2007035567290,3등급,기타가공품,20140205357,경기도,경기도 김포시,2026-03-31
보리새싹가루,금속성 이물 기준 규격 부적합,헬로우 그린(hello green),서울특별시 동대문구,,,500g,2025-05-12,제품 구매 고객에게 별도 연락 후 동일 제조일자 제품 식별하여 전량 회수 진행. 회수 제품은 별도 보관 후 폐기 예정,제조일로부터 24개월,가공식품,"http://coop.foodsafetykorea.go.kr/open/minfo_image.do?fSeq=2515815, http://coop.foodsafetykorea.go.kr/open/minfo_image.do?fSeq=2515816",C0323020000000,2026-03-31 18:09:06.239905,3000224010,20060042813491,3등급,기타가공품,20190042380,서울특별시,서울특별시 동대문구,2026-03-31
강황가루,금속성이물 기준 규격 부적합,헬로우 그린(hello green),서울특별시 동대문구,,,500g,2026-01-22,제품 구매 고객에게 별도 연락 후 동일 제조일자 제품 식별하여 전량 회수 진행. 회수 제품은 별도 보관 후 폐기 예정,제조일로부터 24개월,가공식품,"http://coop.foodsafetykorea.go.kr/open/minfo_image.do?fSeq=2515790, http://coop.foodsafetykorea.go.kr/open/minfo_image.do?fSeq=2515791",C0309010300000,2026-03-31 18:08:20.454444,3000223991,201800421911,3등급,고형차,20190042380,서울특별시,서울특별시 동대문구,2026-03-31
강황분말,금속성 이물 기준 규격 부적합,천지가약초,서울특별시 동대문구,,,"1kg, 250g",데이터없음,"홈페이지 회수 공지 후 유통재고량, 소비자 보관물량 회수",2028-01-25,가공식품,"http://coop.foodsafetykorea.go.kr/open/minfo_image.do?fSeq=2514501, http://coop.foodsafetykorea.go.kr/open/minfo_image.do?fSeq=2514784",C0309010300000,2026-03-27 13:41:26.480857,3000223742,20160042150124,3등급,고형차,20140042600,서울특별시,서울특별시 동대문구,2026-03-27
냉동 패션후르츠,잔류농약 기준 초과,(주)지안,경기도 남양주시,,8809303620302,1kg,포장일자: 2025.7.20,거래처 통한 수거,포장일로부터 3년까지,농산물,http://coop.foodsafetykorea.go.kr/open/minfo_image.do?fSeq=2514484,A0500501100000,2026-03-27 18:12:32.713913,3000223758,,2등급,패션프루트,20140333104,경기도,경기도 남양주시,2026-03-27
냉동리치,잔류농약 기준 초과,신정푸드(주),경기도 파주시,,8809237783074,1kg,포장일자: 2025.7.12,거래처 통한 수거,포장일로부터 36개월까지,농산물,"http://coop.foodsafetykorea.go.kr/open/minfo_image.do?fSeq=2514021, http://coop.foodsafetykorea.go.kr/open/minfo_image.do?fSeq=2514022",A0500501000000,2026-03-27 10:14:34.051988,3000223746,,2등급,리치,20000320226,경기도,경기도 파주시,2026-03-27
작심랩 단백질쉐이크 곡물맛,대장균군 기준 규격 부적합,(주)작심랩,경기도 하남시,,8809651292862,50g,데이터없음,"운송업체 지정 회수, 소비자 판매분 택배회수",2028-03-06,가공식품,"http://coop.foodsafetykorea.go.kr/open/minfo_image.do?fSeq=2510956, http://coop.foodsafetykorea.go.kr/open/minfo_image.do?fSeq=2510957",C0310070000000,2026-03-25 13:24:14.313558,3000223617,20110372457507,3등급,체중조절용 조제식품,20240525018,경기도,경기도 하남시,2026-03-25
파워 오메가3 포르테 1310,비타민D 함량 부족,제이에스헬스케어(jshealthcare),대구광역시 북구,,8500134845680,"1,310mg X 180캡슐(총 235.8g)",데이터없음,"방문, 전화, 택배 등",2029.1.14.,건강기능식품,"http://coop.foodsafetykorea.go.kr/open/minfo_image.do?fSeq=2512535, http://coop.foodsafetykorea.go.kr/open/minfo_image.do?fSeq=2512536, http://coop.foodsafetykorea.go.kr/open/minfo_image.do?fSeq=2512537",E0000000000000,2026-03-25 17:24:08.538923,3000223704,,3등급,건강기능식품,20190012295,대구광역시,대구광역시 북구,2026-03-25
새싹귀리분말,금속성 이물 기준 규격 부적합,(주)웰빙,경상북도 김천시,,,500g,데이터없음,쿠팡 물류센터 보유재고 반출 및 소비자 직접 연락,2027-10-19,가공식품,http://coop.foodsafetykorea.go.kr/open/minfo_image.do?fSeq=2510123,C0323020000000,2026-03-24 18:14:48.224905,3000223477,2010051202346,3등급,기타가공품,20180545230,경상북도,경상북도 김천시,2026-03-24
루띤 발효 곡물 효소,알레르기 유발 원료성분(땅콩) 미표시,루띤,인천광역시 검단구,,8809758540330,75g(2.5*30포),데이터없음,유통제품 구매자분들 안내 후 회수조치,2028-01-06,가공식품,"http://coop.foodsafetykorea.go.kr/open/minfo_image.do?fSeq=2501788, http://coop.foodsafetykorea.go.kr/open/minfo_image.do?fSeq=2501789",C0315060000000,2026-03-13 14:26:19.531535,3000223119,2019032334459,1등급,효소식품,20240291791,인천광역시,인천광역시 검단구,2026-03-13
강황분말,금속성이물 기준 규격 부적합,허브나래,서울특별시 동대문구,,,300g,데이터없음,택배 반품 처리,2027-11-12,가공식품,"http://coop.foodsafetykorea.go.kr/open/minfo_image.do?fSeq=2500204, http://coop.foodsafetykorea.go.kr/open/minfo_image.do?fSeq=2500205",C0309010300000,2026-03-12 18:06:44.792523,3000222991,20180042191446,3등급,고형차,20170042014,서울특별시,서울특별시 동대문구,2026-03-12
강황가루,금속성이물 기준 규격 부적합,(주)샘그린유통,서울특별시 동대문구,,,500g,데이터없음,"홈페이지 회수 공지 후 유통재고량, 소비자 보관물량 회수",2027-11-03,가공식품,http://coop.foodsafetykorea.go.kr/open/minfo_image.do?fSeq=2500241,C0309010300000,2026-03-12 18:06:55.660037,3000223010,2013004204541,3등급,고형차,20190042356,서울특별시,서울특별시 동대문구,2026-03-12
칡분말,금속성이물 기준 규격 부적합,(주)샘그린유통,서울특별시 동대문구,,,500g,데이터없음,소비자 보관물품 회수,2027-12-29,가공식품,http://coop.foodsafetykorea.go.kr/open/minfo_image.do?fSeq=2500262,C0323020000000,2026-03-12 18:07:04.892732,3000223013,2013004204562,3등급,기타가공품,20190042356,서울특별시,서울특별시 동대문구,2026-03-12
핑거루트 분말,금속성이물 기준 규격 부적합,(주)푸드시너지,경기도 의정부시,,,300g,데이터없음,구매고객 연락,2027-07-28,가공식품,"http://coop.foodsafetykorea.go.kr/open/minfo_image.do?fSeq=2500348, http://coop.foodsafetykorea.go.kr/open/minfo_image.do?fSeq=2500349",C0323020000000,2026-03-12 16:46:11.312165,3000223020,2013004204594,3등급,기타가공품,20140056296,경기도,경기도 의정부시,2026-03-12
강황가루,금속성이물 기준 규격 부적합,(주)푸드시너지,경기도 의정부시,,,600g,데이터없음,구매고객 연락,2027-05-02,가공식품,"http://coop.foodsafetykorea.go.kr/open/minfo_image.do?fSeq=2500372, http://coop.foodsafetykorea.go.kr/open/minfo_image.do?fSeq=2500373",C0309010300000,2026-03-12 16:46:27.972515,3000223026,2013004204541,3등급,고형차,20140056296,경기도,경기도 의정부시,2026-03-12
강황분,금속성이물 기준 규격 부적합,(주)신영에프에스,경기도 광주시,,8809258650263,500g,데이터없음,영업자 직접 회수,2027-09-04,가공식품,http://coop.foodsafetykorea.go.kr/open/minfo_image.do?fSeq=2500403,C0312050100000,2026-03-12 14:41:19.925559,3000223016,2017031146357,3등급,천연향신료,20150368481,경기도,경기도 광주시,2026-03-12
파워 오메가3 포르테 1310,비타민D 함량 부족,제이에스헬스케어(jshealthcare),대구광역시 북구,,8500134845680,"1,310mg X 180캡슐(총 235.8g)",데이터없음,방문 및 택배 수거 등,2027.10.5,건강기능식품,"http://coop.foodsafetykorea.go.kr/open/minfo_image.do?fSeq=2499295, http://coop.foodsafetykorea.go.kr/open/minfo_image.do?fSeq=2499296, http://coop.foodsafetykorea.go.kr/open/minfo_image.do?fSeq=2499297, http://coop.foodsafetykorea.go.kr/open/minfo_image.do?fSeq=2499298",E0000000000000,2026-03-11 14:59:46.531791,3000222922,,3등급,건강기능식품,20190012295,대구광역시,대구광역시 북구,2026-03-11
아쿠아셀 알티지 오메가3 더 퓨어,비타민D 함량 부족,주식회사 비타플러스,서울특별시 광진구,,850013484720,"1,310mg X 90캡슐(총 117.9g)",데이터없음,거래처 안내 후 보관 재고 반품 실시 (최종 소비자도 안내 실시),2028.8.2,건강기능식품,"http://coop.foodsafetykorea.go.kr/open/minfo_image.do?fSeq=2499263, http://coop.foodsafetykorea.go.kr/open/minfo_image.do?fSeq=2499264, http://coop.foodsafetykorea.go.kr/open/minfo_image.do?fSeq=2499265",E0000000000000,2026-03-11 14:58:56.627636,3000222919,,3등급,건강기능식품,20240001964,서울특별시,서울특별시 광진구,2026-03-11
크리스타초코뿅,알레르기 유발물질(밀) 미표시,에이원식품,경상남도 김해시,,,82g,데이터없음,,"2026-12-02., 2026-12-03",가공식품,"http://coop.foodsafetykorea.go.kr/open/minfo_image.do?fSeq=2497028, http://coop.foodsafetykorea.go.kr/open/minfo_image.do?fSeq=2497025",C0303020500000,2026-03-06 20:27:43.094078,3000222808,19940607175311,1등급,초콜릿가공품,19940607175,경상남도,경상남도 김해시,2026-03-06
건강을담은 사과를 가득히,납 기준 규격 부적합,태안농산물가공영농조합법인,충청남도 태안군,,,"100ml, 2500ml(25*100ml)",데이터없음,영업자 회수,2027-02-11,가공식품,"http://coop.foodsafetykorea.go.kr/open/minfo_image.do?fSeq=2495288, http://coop.foodsafetykorea.go.kr/open/minfo_image.do?fSeq=2495289, http://coop.foodsafetykorea.go.kr/open/minfo_image.do?fSeq=2496056",C0309030200000,2026-03-06 14:22:30.222125,3000222696,2021047917512,2등급,과.채주스,20210479175,충청남도,충청남도 태안군,2026-03-06
꿀대추차,세균수 기준 규격 부적합,(주)담터,경기도 포천시,,8803284604245,1kg,데이터없음,"유선연락, 공문발송",2027-09-21,가공식품,"http://coop.foodsafetykorea.go.kr/open/minfo_image.do?fSeq=2493595, http://coop.foodsafetykorea.go.kr/open/minfo_image.do?fSeq=2493597",C0309010200000,2026-03-05 13:40:54.422361,3000222638,2000037230824,3등급,액상차,20060372366,경기도,경기도 포천시,2026-03-05
훈훈수산 보일링 씨푸드,세균수 기준 규격 부적합,(주)훈훈,경기도 시흥시,,8809940080620,1531g,데이터없음,홈페이지 안내를 통해 소비자 보관물량 회수,2026-10-28,가공식품,http://coop.foodsafetykorea.go.kr/open/minfo_image.do?fSeq=2492322,C0322020400000,2026-03-04 14:14:20.846394,3000222567,20210363114147,3등급,간편조리세트,20210354392,경기도,경기도 시흥시,2026-03-04
도토리 생강캔디,무신고 소분판매,우주상사,서울특별시 성동구,,,600g,2025-11-05,창고재고량 및 소비자 보관물량 회수,2027-11-05,가공식품,"http://coop.foodsafetykorea.go.kr/open/minfo_image.do?fSeq=2490723, http://coop.foodsafetykorea.go.kr/open/minfo_image.do?fSeq=2490724",C0301020000000,2026-02-27 17:34:39.502509,3000222423,,1등급,캔디류,20260054076,서울특별시,서울특별시 성동구,2026-02-27
건강즙(마가목진액),식품원료로 사용 불가 원료(마가목 가지)사용,영화식품,서울특별시 동대문구,,,"3,000ml(100ml*30봉)",데이터없음,소비자 보관 물량 회수,"2027-01-07, 2027-01-14, 2027-01-19, 2027-01-23, 2027-02-05, 2027-02-07",즉석판매제조가공업 제조식품,"http://coop.foodsafetykorea.go.kr/open/minfo_image.do?fSeq=2488511, http://coop.foodsafetykorea.go.kr/open/minfo_image.do?fSeq=2488512",C0309010200000,2026-02-25 18:10:42.999541,3000222318,,1등급,액상차,20150042542,서울특별시,서울특별시 동대문구,2026-02-25
건강즙(마가목진액),식품원료로 사용 불가 원료(마가목 가지)사용,영화식품,서울특별시 동대문구,,,"1,500ml(100ml*15봉)",데이터없음,소비자 보관 물량 회수,"2026-12-22, 2026-12-27, 2026-12-28, 2026-12-30, 2027-01-04, 2027-01-06, 2027-01-10, 2027-01-13, 2027-01-16, 2027-01-18, 2027-01-20, 2027-01-25, 2027-01-28, 2027-02-01",즉석판매제조가공업 제조식품,"http://coop.foodsafetykorea.go.kr/open/minfo_image.do?fSeq=2488513, http://coop.foodsafetykorea.go.kr/open/minfo_image.do?fSeq=2488514",C0309010200000,2026-02-25 18:10:35.478784,3000222309,,1등급,액상차,20150042542,서울특별시,서울특별시 동대문구,2026-02-25
구전죽염,제조일자를 사실과 다르게 연장 표시,(주)바이오메스턴,경기도 성남시 분당구,,8809021591601,110g,2026-02-09,"홈페이지 공지, 전화 및 문자,DM안내 등 순차적 진행",제조일자만 표기,가공식품,"http://coop.foodsafetykorea.go.kr/open/minfo_image.do?fSeq=2484614, http://coop.foodsafetykorea.go.kr/open/minfo_image.do?fSeq=2484615, http://coop.foodsafetykorea.go.kr/open/minfo_image.do?fSeq=2484795",C0312060300000,2026-02-13 17:06:19.821962,3000222032,1997050002476,3등급,태움.용융소금,20190280140,경기도,경기도 성남시,2026-02-13
냉동흰다리새우살(자숙),동물용의약품 기준 초과,(주)다이아몬드새우,서울특별시 송파구,,8809449222453,200g,2025.12.26,"물품 직접 회수 (거래처 및 소비자에게 공문, 유선 등을 통한 알림)",2028.12.25,가공식품,"http://coop.foodsafetykorea.go.kr/open/minfo_image.do?fSeq=2484695, http://coop.foodsafetykorea.go.kr/open/minfo_image.do?fSeq=2484696, http://coop.foodsafetykorea.go.kr/open/minfo_image.do?fSeq=2484697",C0319060000000,2026-02-13 10:32:32.128595,3000222060,,2등급,기타 수산물가공품,20110115757,서울특별시,서울특별시 송파구,2026-02-13
목이버섯,잔류농약 기준 초과,유한회사 다온,경기도 부천시 오정구,,8809316910056,1kg,포장일자: 2025.12.18,거래처 방문 회수,포장일로부터 2년까지,농산물,"http://coop.foodsafetykorea.go.kr/open/minfo_image.do?fSeq=2481994, http://coop.foodsafetykorea.go.kr/open/minfo_image.do?fSeq=2481995",A0700700000000,2026-02-06 17:53:00.234168,3000221739,,2등급,목이버섯,20250017312,경기도,경기도 부천시,2026-02-06
요리의 정수 훈연멸치맛,표시대상 알레르기 유발 원료성분(새우) 미표시,(주)해마,강원특별자치도 태백시,,8809972761177,70g(3.5g*20개입),데이터없음,거래처 재고량 반품 및 소비자 보관물량 회수,"'27.3.29, '27.4.21, '27.6.11",가공식품,"http://coop.foodsafetykorea.go.kr/open/minfo_image.do?fSeq=2479428, http://coop.foodsafetykorea.go.kr/open/minfo_image.do?fSeq=2479429",C0312020400000,2026-02-04 13:31:41.156729,3000221602,200703911551293,1등급,복합조미식품,20070391155,강원특별자치도,강원특별자치도 태백시,2026-02-04
킥슬로우샷 그린,소비기한 사실과 다르게 연장 표시,(주)올즙,충청남도 금산군,,8809684170182,196g(14g*14포),데이터없음,,2027-05-22,가공식품,"http://coop.foodsafetykorea.go.kr/open/minfo_image.do?fSeq=2475404, http://coop.foodsafetykorea.go.kr/open/minfo_image.do?fSeq=2475405",C0309030200000,2026-01-29 17:35:24.641995,3000218499,2019047300762,3등급,과.채주스,20190473007,충청남도,충청남도 금산군,2026-01-29
재래돌김,스테비올배당체 및 효소처리스테비아 기준 부적합,(주)당진종합식품,경기도 광주시,,8801706000217,150g(45-50매),20251215,직접회수,20261214,수산물,http://coop.foodsafetykorea.go.kr/open/minfo_image.do?fSeq=2475376,A1100400000000,2026-01-29 19:16:40.805738,3000218450,,3등급,김,20130368188,경기도,경기도 광주시,2026-01-29
김정호네이처 고추씨사프란차,세균수 기준 규격 부적합,농업회사법인항산화에코팜(주),경상북도 영양군,,8809990518265,100g(10g*10포),데이터없음,유선 연락 후 회수,2027-10-22,가공식품,"http://coop.foodsafetykorea.go.kr/open/minfo_image.do?fSeq=2472919, http://coop.foodsafetykorea.go.kr/open/minfo_image.do?fSeq=2472920, http://coop.foodsafetykorea.go.kr/open/minfo_image.do?fSeq=2472930",C0309010200000,2026-01-27 11:12:51.15379,3000218291,20110355036119,3등급,액상차,20220812004,경상북도,경상북도 영양군,2026-01-27
황칠장어진액(黃長力),세균수 기준 규격 부적합,자연의 힘,서울특별시 서초구,,,3.3L (110ml*30포),데이터없음,직접 회수,2027-01-02,가공식품,"http://coop.foodsafetykorea.go.kr/open/minfo_image.do?fSeq=2473726, http://coop.foodsafetykorea.go.kr/open/minfo_image.do?fSeq=2473727, http://coop.foodsafetykorea.go.kr/open/minfo_image.do?fSeq=2473728",C0320040000000,2026-01-27 17:00:04.904899,3000218295,201603335011,3등급,추출가공식품,20250137681,서울특별시,서울특별시 서초구,2026-01-27
삼화맑은국간장,3-MCPD 기준 규격 부적합,삼화식품공사,대구광역시 달서구,,8801365117301,1.8L,2025. 12. 22.,반품 처리 또는 직접 방문 회수,2027-12-21,가공식품,"http://coop.foodsafetykorea.go.kr/open/minfo_image.do?fSeq=2469821, http://coop.foodsafetykorea.go.kr/open/minfo_image.do?fSeq=2469822",C0311070000000,2026-01-21 16:58:30.203974,3000218092,2016018256620,2등급,혼합간장,20160182566,대구광역시,대구광역시 달서구,2026-01-21
양념먹태채(간장맛),소비기한을 사실과 다르게 연장 표시,주영씨푸드,강원특별자치도 강릉시,,,35g,데이터없음,강제회수,2027-08-30,가공식품,"http://coop.foodsafetykorea.go.kr/open/minfo_image.do?fSeq=2466135, http://coop.foodsafetykorea.go.kr/open/minfo_image.do?fSeq=2466136",C0319030100000,2026-01-16 17:46:23.643022,3000217980,2024059928720,3등급,조미건어포,20230550314,강원특별자치도,강원특별자치도 강릉시,2026-01-16
파로뻥,이물(철사) 혼입,(주)슬로우트리,경기도 용인시 처인구,,,70g,데이터없음,고객 sms(문자) 안내 후 택배회수 접수,2026-12-20,가공식품,"http://coop.foodsafetykorea.go.kr/open/minfo_image.do?fSeq=2465837, http://coop.foodsafetykorea.go.kr/open/minfo_image.do?fSeq=2465488",C0315070200000,2026-01-16 17:46:59.235504,3000217875,20180363099215,1등급,곡류가공품,20180363099,경기도,경기도 용인시,2026-01-16
고려 농축 쌍화차 골드,세균수 기준 규격 부적합,(주)참존비엔에프,대구광역시 서구,,8809173200185,540g,2025-12-03,"직접 회수(영업 직원,택배 등)",2027-12-02,가공식품,"http://coop.foodsafetykorea.go.kr/open/minfo_image.do?fSeq=2461045, http://coop.foodsafetykorea.go.kr/open/minfo_image.do?fSeq=2461046",C0309010200000,2026-01-09 16:33:54.54331,3000217647,2015016307115,3등급,액상차,20150163071,대구광역시,대구광역시 서구,2026-01-09
장수국간장,3-MCPD 기준 규격 부적합,장수종합식품공업사,경상남도 함안군,,8809010091839,13L,데이터없음,유통경로를 통한 회수,2027-12-17,가공식품,http://coop.foodsafetykorea.go.kr/open/minfo_image.do?fSeq=2461009,C0311050000000,2026-01-09 16:27:28.520628,3000217652,200206170545,2등급,산분해간장,20020617054,경상남도,경상남도 함안군,2026-01-09
화이트 구름빵,황색포도상구균 기준 규격 부적합,버터풀 LAB,경기도 성남시 중원구,,,200g,데이터없음,본사 자체 회수,2026-12-01,가공식품,http://coop.foodsafetykorea.go.kr/open/minfo_image.do?fSeq=2456515,C0301040000000,2025-12-31 18:18:36.595809,3000217468,2023037712389,2등급,빵류,20230377123,경기도,경기도 성남시,2025-12-31
팔도담 오미자청,세균수 기준 규격 부적합,해오름에프앤비(F&B),경상북도 경산시,,,620g,데이터없음,구매자 개별안내를 통한 회수처리,2026-11-19,가공식품,"http://coop.foodsafetykorea.go.kr/open/minfo_image.do?fSeq=2455172, http://coop.foodsafetykorea.go.kr/open/minfo_image.do?fSeq=2455180",C0309010200000,2025-12-29 17:11:02.99058,3000217402,2023081159175,3등급,액상차,20230811591,경상북도,경상북도 경산시,2025-12-29
냉동 리치,잔류농약 기준 초과,주식회사 케이원무역,경기도 평택시,,8809415401837,1kg,포장일자: 2025.8.26,,포장일로부터 36개월까지,농산물,"http://coop.foodsafetykorea.go.kr/open/minfo_image.do?fSeq=2452802, http://coop.foodsafetykorea.go.kr/open/minfo_image.do?fSeq=2452803",A0500501000000,2025-12-23 15:42:41.554731,3000217226,,2등급,리치,20240017800,경기도,경기도 평택시,2025-12-23
순대폭격부대찌개,대장균 기준 규격 부적합,빨간음식연구소,부산광역시 강서구,,,735g,2025-11-24,회수량 없음(전량 소비자에게 직접 판매),제조일로부터 12개월,즉석판매제조가공업 제조식품,http://coop.foodsafetykorea.go.kr/open/minfo_image.do?fSeq=2450361,C0322020300000,2025-12-22 14:41:38.241657,3000217184,202502036242,3등급,즉석조리식품,20250203615,부산광역시,부산광역시 강서구,2025-12-22
100% 피넛버터 크리미,총 아플라톡신 기준 초과,(주)이마트,충청남도 천안시 서북구,,2087686032073,510g,데이터없음,"회수대상 제품 보유중인 판매점 업무연락을 통한 당사 물류센터로 회수(기 구매고객 대상 메시지 발송, 점포내 고지를 통한 적극적 회수 안내)",2027.4.30,가공식품,"http://coop.foodsafetykorea.go.kr/open/minfo_image.do?fSeq=2446761, http://coop.foodsafetykorea.go.kr/open/minfo_image.do?fSeq=2446762, http://coop.foodsafetykorea.go.kr/open/minfo_image.do?fSeq=2446763, http://coop.foodsafetykorea.go.kr/open/minfo_image.do?fSeq=2446764",C0315030100000,2025-12-16 17:53:46.978121,3000217063,,1등급,땅콩버터,20230029610,충청남도,충청남도 천안시,2025-12-16
공주얼큰이칼국수소스,대장균군 기준 규격 부적합,(주)미전코리아,경기도 화성시 만세구,,,50g,2025-11-12,거래처 재고량 및 소비자 보관 물량 회수,2026-11-11,가공식품,"http://coop.foodsafetykorea.go.kr/open/minfo_image.do?fSeq=2446795, http://coop.foodsafetykorea.go.kr/open/minfo_image.do?fSeq=2446796",C0312020100000,2025-12-16 15:57:42.343803,3000217021,20170449014295,3등급,소스,20170449014,경기도,경기도 화성시,2025-12-16
냉동 람부탄,잔류농약 기준 초과,주식회사 대정,서울특별시 강남구,,8809153040398,1kg,포장일자: 2025.6.13,거래처 통한 수거,2028.6.12,농산물,"http://coop.foodsafetykorea.go.kr/open/minfo_image.do?fSeq=2444509, http://coop.foodsafetykorea.go.kr/open/minfo_image.do?fSeq=2444510, http://coop.foodsafetykorea.go.kr/open/minfo_image.do?fSeq=2444511",A0500501700000,2025-12-12 13:57:14.189467,3000216878,,2등급,람부탄,20030115203,서울특별시,서울특별시 강남구,2025-12-12
냉동 리치,잔류농약 기준 초과,주식회사 케이원무역,경기도 평택시,,8809415401837,1kg,포장일자: 2024.10.3,"공문발송 후 거래처에서 회수재고 취합하여 발송(차량, 택배 등)",포장일로부터 36개월까지,농산물,"http://coop.foodsafetykorea.go.kr/open/minfo_image.do?fSeq=2444719, http://coop.foodsafetykorea.go.kr/open/minfo_image.do?fSeq=2444720, http://coop.foodsafetykorea.go.kr/open/minfo_image.do?fSeq=2444721",A0500501000000,2025-12-12 13:57:28.52606,3000216884,,2등급,리치,20240017800,경기도,경기도 평택시,2025-12-12
백목이버섯,잔류농약 기준 초과,유한회사 다온,경기도 부천시 오정구,,8809225440811,500g,포장일자: 2025.10.12,거래처 방문 회수,2027.10.11,농산물,"http://coop.foodsafetykorea.go.kr/open/minfo_image.do?fSeq=2444673, http://coop.foodsafetykorea.go.kr/open/minfo_image.do?fSeq=2444674, http://coop.foodsafetykorea.go.kr/open/minfo_image.do?fSeq=2444517",A0700700000000,2025-12-12 13:56:55.571609,3000216875,,2등급,목이버섯,20250017312,경기도,경기도 부천시,2025-12-12
정통 마블데리야끼소스,표시대상 알레르기 유발 원료성분(대두) 미표시,(주)한품,경기도 오산시,,,2kg,데이터없음,136개소 업체에 소량씩 납품되어 회수 대상 없음,'26.1.6.~'26.11.18.,가공식품,http://coop.foodsafetykorea.go.kr/open/minfo_image.do?fSeq=2438227,C0312020100000,2025-12-04 18:24:18.794828,3000216562,201706351829,1등급,소스,20180384248,경기도,경기도 오산시,2025-12-04
WD 매운 데리야끼소스,표시대상 알레르기 유발 원료성분(대두) 미표시,(주)서해식품,경기도 부천시 오정구,,,2kg,데이터없음,배송인원을 통한 직접 회수,'25.12.19.~'26.11.19.,가공식품,http://coop.foodsafetykorea.go.kr/open/minfo_image.do?fSeq=2438226,C0312020100000,2025-12-04 18:23:50.61343,3000216579,20170635182207,1등급,소스,20170635182,경기도,경기도 부천시,2025-12-04
재래김,인공감미료(사카린나트륨) 검출,(주)대복에프엔지,전남광주통합특별시 서구,,8809139224170,100매,데이터없음,소비자 보관물량 회수,20261130,수산물,,B0200000000000,2025-12-03 16:51:54.311562,3000216417,,3등급,수산물,20050216115,전남광주통합특별시,전남광주통합특별시 서구,2025-12-03
왕대 갈비탕,대장균 기준 규격 부적합(기준 초과 검출),주식회사 건국푸드 곤지암공장,경기도 광주시,,,1kg,2025-11-20,거래처 재고량 전량 반품,2026-11-19,축산물,"http://coop.foodsafetykorea.go.kr/open/minfo_image.do?fSeq=2435898, http://coop.foodsafetykorea.go.kr/open/minfo_image.do?fSeq=2435899, http://coop.foodsafetykorea.go.kr/open/minfo_image.do?fSeq=2435900",C0316060000000,2025-12-02 09:20:34.40104,3000216483,202403710548,3등급,식육추출가공품,20240371054,경기도,경기도 광주시,2025-12-02
리버티엑스,비소 기준규격 초과,(주)유유헬스케어,강원특별자치도 횡성군,,8809545437041,,데이터없음,거래처 재고량 등 반품 회수,27.8.25,건강기능식품,"http://coop.foodsafetykorea.go.kr/open/minfo_image.do?fSeq=2433204, http://coop.foodsafetykorea.go.kr/open/minfo_image.do?fSeq=2433205, http://coop.foodsafetykorea.go.kr/open/minfo_image.do?fSeq=2433206, http://coop.foodsafetykorea.go.kr/open/minfo_image.do?fSeq=2433207",E0328800000000,2025-11-27 16:16:09.969204,3000216344,200400151071178,2등급,유산균발효다시마추출물(제2011-22호),20040015107,강원특별자치도,강원특별자치도 횡성군,2025-11-27
곱창돌김(특),인공감미료(아세설팜칼륨) 검출,유한회사 청정식품,전남광주통합특별시 광산구,,8809461855639,100매,데이터없음,거래처 방문 회수,20261101,수산물,"http://coop.foodsafetykorea.go.kr/open/minfo_image.do?fSeq=2432863, http://coop.foodsafetykorea.go.kr/open/minfo_image.do?fSeq=2433517",B0200000000000,2025-11-27 17:42:17.702888,3000216300,,3등급,수산물,,전남광주통합특별시,전남광주통합특별시 광산구,2025-11-27
고운 청결초,금속성이물 기준 규격 부적합,(주)청양식품,충청북도 옥천군,,8809219244258,2.5kg,데이터없음,거래처 재고량 회수(직접 방문 수거),2026-11-09,가공식품,"http://coop.foodsafetykorea.go.kr/open/minfo_image.do?fSeq=2431966, http://coop.foodsafetykorea.go.kr/open/minfo_image.do?fSeq=2431052",C0312050200000,2025-11-26 14:22:19.137419,3000216196,2003044003135,3등급,향신료조제품,20030440031,충청북도,충청북도 옥천군,2025-11-26
율무,제랄레논 기준 초과 검출,라토영농조합법인,경남,,8809075163267,500g,2025.08.08(포장일),거래처 재고량 반품,24NJT250808(로트번호),농산물,"http://coop.foodsafetykorea.go.kr/open/minfo_image.do?fSeq=2431667, http://coop.foodsafetykorea.go.kr/open/minfo_image.do?fSeq=2431668",A0101000004000,2025-11-27 16:15:53.531008,3000216234,,3등급,율무건조,,경남,경남,2025-11-27
프리미엄 오한진의 백세 알부민,이물(유리조각) 혼입,(주)지케이라이프,서울특별시 강서구,,8809148822954,33g*30병(990g),데이터없음,판매처 또는 구매처로 회수,2027-09-20,가공식품,"http://coop.foodsafetykorea.go.kr/open/minfo_image.do?fSeq=2430261, http://coop.foodsafetykorea.go.kr/open/minfo_image.do?fSeq=2430262, http://coop.foodsafetykorea.go.kr/open/minfo_image.do?fSeq=2430263",C0309080100000,2025-11-25 18:01:48.233258,3000216160,20190391466155,1등급,혼합음료,20150086368,서울특별시,서울특별시 강서구,2025-11-25
착한 흑염소 진액,세균수 기준 규격 부적합(기준 초과 검출),착한 흑염소,경기도 안성시,,,100g,2025-11-16,영업자 회수,2027-11-15,축산물,"http://coop.foodsafetykorea.go.kr/open/minfo_image.do?fSeq=2429046, http://coop.foodsafetykorea.go.kr/open/minfo_image.do?fSeq=2429047, http://coop.foodsafetykorea.go.kr/open/minfo_image.do?fSeq=2429048, http://coop.foodsafetykorea.go.kr/open/minfo_image.do?fSeq=2429049",C0316060000000,2025-11-24 09:57:53.806187,3000216104,202303581401,3등급,식육추출가공품,20230358140,경기도,경기도 안성시,2025-11-24
동네잔치 볶음땅콩,총 아플라톡신 기준 규격 부적합,정일식품,경기도 남양주시,,,5kg,데이터없음,"판매중지 후 판매업소재고, 판매량 전량회수 요청 후 회수",2026-11-03,가공식품,http://coop.foodsafetykorea.go.kr/open/minfo_image.do?fSeq=2427781,C0315030200000,2025-11-21 09:01:32.417394,3000215995,201003326823,1등급,땅콩 또는 견과류가공품,20100332682,경기도,경기도 남양주시,2025-11-21
기름과장쌈장,보존료(안식향산) 기준 규격 부적합,(주)율곡,경기도 화성시 만세구,,8809414840286,250g,데이터없음,물류센터 재고량 즉시회수 및 매장 출고량 회수 요청,2026-10-20,가공식품,"http://coop.foodsafetykorea.go.kr/open/minfo_image.do?fSeq=2426748, http://coop.foodsafetykorea.go.kr/open/minfo_image.do?fSeq=2426749",C0311130000000,2025-11-20 13:48:33.275237,3000215928,200003640901,3등급,혼합장,20000364090,경기도,경기도 화성시,2025-11-20
볶음콩가루,금속성이물 기준 규격 부적합,(주)뚜레반,경기도 고양시 일산동구,,8805017210174,1kg,데이터없음,영업자 회수,2027-02-03,가공식품,"http://coop.foodsafetykorea.go.kr/open/minfo_image.do?fSeq=2427368, http://coop.foodsafetykorea.go.kr/open/minfo_image.do?fSeq=2427632",C0315070300000,2025-11-20 17:17:32.044075,3000216005,2004032003211,3등급,두류가공품,20040320032,경기도,경기도 고양시,2025-11-20
유산균발효다시마추출물,비소 규격 부적합,(주)마린바이오프로세스,부산광역시 기장군,,,,25.08.11.,택배 및 화물운송 회수,27.08.10,건강기능식품,"http://coop.foodsafetykorea.go.kr/open/minfo_image.do?fSeq=2423684, http://coop.foodsafetykorea.go.kr/open/minfo_image.do?fSeq=2423685",E0328800000000,2025-11-17 13:47:32.880403,3000215838,201100160062,2등급,유산균발효다시마추출물(제2011-22호),20110016006,부산광역시,부산광역시 기장군,2025-11-17
율무가루,제랄레논 기준 규격 부적합,(주)토종마을,경기도 남양주시,,8809395457794,250g,데이터없음,쿠팡 단체문자 알림 및 전화 안내,2027-07-04,가공식품,http://coop.foodsafetykorea.go.kr/open/minfo_image.do?fSeq=2421270,C0315070200000,2025-11-14 17:59:19.604856,3000215643,20090043089305,3등급,곡류가공품,20090043089,경기도,경기도 남양주시,2025-11-14
기름종이,형광증백제 기준 규격 부적합,경원칼라팩,부산광역시 사하구,,,,2024-12-03,(주)노랑푸드 물류센터를 통한 회수,,기구용기포장,http://coop.foodsafetykorea.go.kr/open/minfo_image.do?fSeq=2420742,F1100000100000,2025-11-12 18:26:24.48888,3000215590,,3등급,종이제,20190144258,부산광역시,부산광역시 사하구,2025-11-12
프리미엄 오한진의 백세 알부민,이물(유리조각) 혼입,상아생명과학주식회사,경기도 포천시,,8809148822954,990g(33g*30병),데이터없음,회수량 없음,2027-08-10,가공식품,"http://coop.foodsafetykorea.go.kr/open/minfo_image.do?fSeq=2420170, http://coop.foodsafetykorea.go.kr/open/minfo_image.do?fSeq=2420171, http://coop.foodsafetykorea.go.kr/open/minfo_image.do?fSeq=2420172",C0309080100000,2025-11-12 19:21:43.694977,3000215600,20190391466155,1등급,혼합음료,20190391466,경기도,경기도 포천시,2025-11-12
티바인 알룰로스 유자청,세균수 기준 규격 부적합,티디바인,인천광역시 검단구,,8809668040616,450g,데이터없음,거래처 회수조치,2026-10-13,가공식품,"http://coop.foodsafetykorea.go.kr/open/minfo_image.do?fSeq=2421141, http://coop.foodsafetykorea.go.kr/open/minfo_image.do?fSeq=2421142",C0309010200000,2025-11-13 14:09:01.433623,3000215480,2023028115722,3등급,액상차,20230281157,인천광역시,인천광역시 검단구,2025-11-13
리틀떡볶이,세균수 기준 규격 부적합,주식회사 리틀꼬마,경기도 광주시,,,260g,2025-10-31,유통처 긴급 개별 연락 및 방문회수 등,제조일로부터 1년,가공식품,"http://coop.foodsafetykorea.go.kr/open/minfo_image.do?fSeq=2416376, http://coop.foodsafetykorea.go.kr/open/minfo_image.do?fSeq=2416377",C0323020000000,2025-11-07 14:09:43.766546,3000215326,2021038468015,3등급,기타가공품,20210384680,경기도,경기도 광주시,2025-11-07
동의한재 안동 산약 건조마,이산화황이 사용기준(30 ppm 이하) 초과·검출(175 ppm)되어 부적합 판정함,허브마켓주식회사,서울시 동대문구,,40169007,300g,2025-09-30(포장일자),,2025-09-30(포장일자),농산물,"http://coop.foodsafetykorea.go.kr/open/minfo_image.do?fSeq=2416212, http://coop.foodsafetykorea.go.kr/open/minfo_image.do?fSeq=2416211",A0200400004000,2025-11-06 18:19:46.767941,3000215278,,3등급,마건조,,서울시,서울시 동대문구,2025-11-06
냉동 시금치,잔류농약 기준 초과,주식회사 희망상사,경기도 안성시,,8809415401158,1kg,포장일자: 2025.6.10,,포장일로부터 36개월까지,농산물,"http://coop.foodsafetykorea.go.kr/open/minfo_image.do?fSeq=2415760, http://coop.foodsafetykorea.go.kr/open/minfo_image.do?fSeq=2415761",A0600200600000,2025-11-07 10:03:57.363173,3000215271,,2등급,시금치,20180016681,경기도,경기도 안성시,2025-11-07
오미자,잔류농약 기준치 초과 클로르피리포스 0.08 mg/kg(기준 0.01mg/kg),삼흥인삼(주),경기도 김포시,,,190g,2025-06-10(포장일자),판매처에서 삼흥인삼으로 회송처리,2025-06-10(포장일자),농산물,"http://coop.foodsafetykorea.go.kr/open/minfo_image.do?fSeq=2416220, http://coop.foodsafetykorea.go.kr/open/minfo_image.do?fSeq=2416221, http://coop.foodsafetykorea.go.kr/open/minfo_image.do?fSeq=2416222",A0500300900000,2025-11-07 09:22:20.660577,3000215289,,2등급,오미자,20080362359,경기도,경기도 김포시,2025-11-07
N-아세틸글루코사민,메탄올 부적합,주식회사 지오푸드,경기도 의왕시,,,25kg,데이터없음,거래처별 직접 유선 통화,2029.5.1,건강기능식품,http://coop.foodsafetykorea.go.kr/open/minfo_image.do?fSeq=2414790,E0206900000000,2025-11-05 17:48:34.278051,3000215243,,2등급,"NAG(엔에이지, N-아세틸글루코사민, N-Acetylglucosamine)",20160006629,경기도,경기도 의왕시,2025-11-05
건목이버섯,잔류농약 기준 초과,성민통상 주식회사,경기도 안산시 상록구,,8809460182514,"1kg, 10kg",포장일자: 2025.8.7,,포장일로부터 3년까지,농산물,"http://coop.foodsafetykorea.go.kr/open/minfo_image.do?fSeq=2413761, http://coop.foodsafetykorea.go.kr/open/minfo_image.do?fSeq=2413762",A0700700000000,2025-11-05 17:08:36.264469,3000215206,,2등급,목이버섯,20230023177,경기도,경기도 안산시,2025-11-05
서울빙수팥,세균발육 기준 규격 부적합,(주)굿모닝서울,경기도 동두천시,,8809294953106,3kg,데이터없음,유통업체 재고량 전량 회수 예정,2028-10-16,가공식품,"http://coop.foodsafetykorea.go.kr/open/minfo_image.do?fSeq=2409847, http://coop.foodsafetykorea.go.kr/open/minfo_image.do?fSeq=2409862, http://coop.foodsafetykorea.go.kr/open/minfo_image.do?fSeq=2409863",C0313030000000,2025-10-31 15:15:05.67563,3000215037,1995031000739,3등급,조림류,19950310007,경기도,경기도 동두천시,2025-10-31
목이버섯,잔류농약 기준 초과,(유)태림에스엠,서울특별시 송파구,,8809260234673,1kg,포장일자: 2025.7.25,거래처 통한 수거,포장일로부터 2년,농산물,"http://coop.foodsafetykorea.go.kr/open/minfo_image.do?fSeq=2410759, http://coop.foodsafetykorea.go.kr/open/minfo_image.do?fSeq=2410761",A0700700000000,2025-11-03 17:25:12.671024,3000215079,,2등급,목이버섯,20010114979,서울특별시,서울특별시 송파구,2025-11-03
건목이버섯,잔류농약 기준 초과,주식회사서경물산,경상북도 구미시,,8809225444727,"①수입제품 10kg, ②소분제품 500g",수입제품 생산년월일: 2025.5.4,당사로 반송택배 및 반송차로 회수,소분제품: 2026.12.26,농산물,"http://coop.foodsafetykorea.go.kr/open/minfo_image.do?fSeq=2406659, http://coop.foodsafetykorea.go.kr/open/minfo_image.do?fSeq=2406660, http://coop.foodsafetykorea.go.kr/open/minfo_image.do?fSeq=2406661, http://coop.foodsafetykorea.go.kr/open/minfo_image.do?fSeq=2406662",A0700700000000,2025-10-28 14:18:55.243055,3000214847,,2등급,목이버섯,20140548789,경상북도,경상북도 구미시,2025-10-28
냉동두부피,"세균수, 대장균군 부적합",주식회사 경안무역,인천광역시 제물포구,,6971799851033,"2kg, 250g",2025.7.1,소비자 전화응대 및 거래처 문자발송 및 전화응대,제조일로부터 24개월까지,가공식품,"http://coop.foodsafetykorea.go.kr/open/minfo_image.do?fSeq=2406166, http://coop.foodsafetykorea.go.kr/open/minfo_image.do?fSeq=2406167, http://coop.foodsafetykorea.go.kr/open/minfo_image.do?fSeq=2406168",C0306010000000,2025-10-28 13:58:37.835058,3000214785,,3등급,두부,20200009385,인천광역시,인천광역시 제물포구,2025-10-28
순살족발,리스테리아 모노싸이토제네스 양성,주식회사 꿈을삶는사람들컴퍼니,경기도 오산시,,,100g,2025-10-01,거래처 재고량 전량 반품,2026-09-30,축산물,"http://coop.foodsafetykorea.go.kr/open/minfo_image.do?fSeq=2399712, http://coop.foodsafetykorea.go.kr/open/minfo_image.do?fSeq=2399713, http://coop.foodsafetykorea.go.kr/open/minfo_image.do?fSeq=2399714",C0316050100000,2025-10-21 19:30:31.893128,3000214547,202303581114,1등급,양념육,20230358111,경기도,경기도 오산시,2025-10-21
재래돌김,소비기한 사실과 다르게 표시,원영식품,서울특별시 동대문구,,8803616009786,40g,데이터없음,소비자에게 개별 연락하여 회수사실 및 절차 안내,2026-10-11,가공식품,"http://coop.foodsafetykorea.go.kr/open/minfo_image.do?fSeq=2399703, http://coop.foodsafetykorea.go.kr/open/minfo_image.do?fSeq=2399704",C0319040000000,2025-10-21 15:07:32.995683,3000214544,20040042669100,3등급,조미김,20040042669,서울특별시,서울특별시 동대문구,2025-10-21
유기농사과즙,세균수 기준 규격 부적합,한울식품 영농조합법인F2,경상북도 상주시,,8807843510114,110ml,데이터없음,직접 회수,2027-03-16,가공식품,"http://coop.foodsafetykorea.go.kr/open/minfo_image.do?fSeq=2396418, http://coop.foodsafetykorea.go.kr/open/minfo_image.do?fSeq=2396419",C0309030200000,2025-10-16 17:43:07.513735,3000214277,2012055615247,3등급,과.채주스,20120556152,경상북도,경상북도 상주시,2025-10-16
한우먹는날 한우 뼈없는 갈비탕,세균발육 기준 규격 부적합,주식회사 물맑은고기팜푸드시스템,경상남도 창원시 마산합포구,,2017058815911,700g,2025-04-29,물류차량을 이용한 직접회수,2027-04-28,축산물,"http://coop.foodsafetykorea.go.kr/open/minfo_image.do?fSeq=2384440, http://coop.foodsafetykorea.go.kr/open/minfo_image.do?fSeq=2384441",C0316060000000,2025-10-01 11:15:12.189499,3000213663,20170588159146,3등급,식육추출가공품,20170588159,경상남도,경상남도 창원시,2025-10-01
한우잡뼈골드육수,대장균 기준 초과,주식회사 한소반,경기도 성남시 중원구,,,,2025-09-25,거래처 재고량 전량 반품,,축산물,"http://coop.foodsafetykorea.go.kr/open/minfo_image.do?fSeq=2385396, http://coop.foodsafetykorea.go.kr/open/minfo_image.do?fSeq=2385399",C0316060000000,2025-09-30 10:15:53.363365,3000213737,201902670871,3등급,식육추출가공품,20190267087,경기도,경기도 성남시,2025-09-30
냉동틸라피아(F.포장횟감용),비브리오콜레라균 검출,티앤에스트레이딩,서울특별시 동작구,,,,포장연월일: 2025.7.3,직접회수 또는 택배회수,포장연월일로부터 24개월까지,수산물,"http://coop.foodsafetykorea.go.kr/open/minfo_image.do?fSeq=2386392, http://coop.foodsafetykorea.go.kr/open/minfo_image.do?fSeq=2386393",B0201280000000,2025-09-30 18:52:15.277269,3000213807,,2등급,틸라피아,20100091829,서울특별시,서울특별시 동작구,2025-09-30
볶음땅콩,총 아플라톡신 기준 규격 부적합,(주)우농,경기도 오산시,,8809062651203,1kg,2025-08-25,회수량 없음,제조일로부터 18개월,가공식품,"http://coop.foodsafetykorea.go.kr/open/minfo_image.do?fSeq=2381665, http://coop.foodsafetykorea.go.kr/open/minfo_image.do?fSeq=2381666",C0315030200000,2025-09-24 14:53:37.120161,3000213435,,1등급,땅콩 또는 견과류가공품,20040336213,경기도,경기도 오산시,2025-09-24
가르시니아,이상사례와 해당 제품과의 인과관계 가능성이 매우 높은 수준으로 위해가 발생할 우려가 있음,주식회사 네추럴웨이,경기도 포천시,,8806000001373,,데이터없음,거래처 재고량 등 반품 회수,2027.4.17.,건강기능식품,"http://coop.foodsafetykorea.go.kr/open/minfo_image.do?fSeq=2380759, http://coop.foodsafetykorea.go.kr/open/minfo_image.do?fSeq=2380760, http://coop.foodsafetykorea.go.kr/open/minfo_image.do?fSeq=2380761, http://coop.foodsafetykorea.go.kr/open/minfo_image.do?fSeq=2380762",E0202500000000,2025-09-23 10:41:31.0,3000213388,20040015104104,,가르시니아캄보지아 추출물,20040015104,경기도,경기도 포천시,2025-09-23
조인트케어 글루코사민 알파,글루코사민 함량 부족,비타민뱅크(주),서울특별시 강동구,,8809288337837,"1,600mg X 90정(총 144g)",데이터없음,거래처 재고량 등 반품 회수,2027.1.19,건강기능식품,"http://coop.foodsafetykorea.go.kr/open/minfo_image.do?fSeq=2367223, http://coop.foodsafetykorea.go.kr/open/minfo_image.do?fSeq=2367224, http://coop.foodsafetykorea.go.kr/open/minfo_image.do?fSeq=2367225",E0000000000000,2025-09-05 11:00:03.181973,3000212327,,3등급,건강기능식품,20040120458,서울특별시,서울특별시 강동구,2025-09-05
자연에퐁당빠져든딸기소르베,세균수 기준 규격 부적합,완주로컬푸드과실생산자협동조합,전북특별자치도 완주군,,8809548581840,70g,2025-07-01,영업자회수,제조년월일 표시대상,가공식품,http://coop.foodsafetykorea.go.kr/open/minfo_image.do?fSeq=2368247,C0302030000000,2025-09-05 18:44:37.365733,3000212408,20170494010137,3등급,빙과,20170494010,전북특별자치도,전북특별자치도 완주군,2025-09-05
굼벵이브라더스,"중금속(납, 카드뮴) 기준 규격 부적합",굼벵이브라더스,인천 남동구,,,120g,데이터없음,식약처 및 인천시청 수거검사용으로 360g 판매하여 회수대상 없음,,가공식품,http://coop.foodsafetykorea.go.kr/open/minfo_image.do?fSeq=2366753,C0320020000000,2025-09-05 16:57:06.418926,3000212131,,2등급,곤충가공식품,,인천,인천 남동구,2025-09-05
포스트웰,세균수 기준 규격 부적합,비토바이오 농업회사법인 주식회사,경기도 화성시 만세구,,8809990671243,1L,데이터없음,소비자 개별 연락을 통해 회수 사실 안내,2028-05-11,가공식품,"http://coop.foodsafetykorea.go.kr/open/minfo_image.do?fSeq=2364108, http://coop.foodsafetykorea.go.kr/open/minfo_image.do?fSeq=2364109",C0309060300000,2025-09-03 17:43:11.927829,3000212118,202003844177,3등급,기타발효음료,20200384417,경기도,경기도 화성시,2025-09-03
비토9+,세균수 기준 규격 부적합,비토바이오 농업회사법인 주식회사,경기도 화성시 만세구,,8809990671243,1L,데이터없음,소비자 개별 연락을 통해 회수 사실 안내,2028-05-11,가공식품,"http://coop.foodsafetykorea.go.kr/open/minfo_image.do?fSeq=2364098, http://coop.foodsafetykorea.go.kr/open/minfo_image.do?fSeq=2364099",C0309060300000,2025-09-03 17:42:51.047888,3000212112,202003844173,3등급,기타발효음료,20200384417,경기도,경기도 화성시,2025-09-03
금정이가만든고추장굴비,이물(유리조각) 혼입,(주)여수명가,전남광주통합특별시 여수시,,,100g,데이터없음,"홈쇼핑 측 환불조치 연락, 홈페이지 공고 후 조치",2027-07-30,가공식품,"http://coop.foodsafetykorea.go.kr/open/minfo_image.do?fSeq=2361270, http://coop.foodsafetykorea.go.kr/open/minfo_image.do?fSeq=2361271",C0313020100000,2025-08-28 18:19:03.541982,3000211608,2006050649759,1등급,절임식품,20060506497,전남광주통합특별시,전남광주통합특별시 여수시,2025-08-28
신옥로 유기 가루녹차,금속성이물 기준 규격 부적합,보성신옥로제다,전남광주통합특별시 보성군,,,1kg,데이터없음,영업자 회수(거래처 보관 제품 반품),2027-08-06,가공식품,"http://coop.foodsafetykorea.go.kr/open/minfo_image.do?fSeq=2357367, http://coop.foodsafetykorea.go.kr/open/minfo_image.do?fSeq=2357368",C0309010300000,2025-08-22 17:38:51.930699,3000211309,1999051903822,3등급,고형차,19990519038,전남광주통합특별시,전남광주통합특별시 보성군,2025-08-22
달심 자몽허니클린티,식품첨가물(아셀렌산나트륨)사용기준 위반,주식회사 내츄럴엔,경상북도 영천시,,,280ml(20ml*14포),데이터없음,폐수처리시설 및 폐수 위탁 처리업체에 폐기함,2027-03-16,가공식품,"http://coop.foodsafetykorea.go.kr/open/minfo_image.do?fSeq=2357118, http://coop.foodsafetykorea.go.kr/open/minfo_image.do?fSeq=2357119, http://coop.foodsafetykorea.go.kr/open/minfo_image.do?fSeq=2357167",C0309010200000,2025-08-22 16:09:48.205612,3000211300,20190559114199,3등급,액상차,20190559114,경상북도,경상북도 영천시,2025-08-22
고농도 생강진액,세균수 기준 규격 부적합,지평선농부들,전북특별자치도 김제시,,,300ml,2025-06-30,거래처 재고량 반품 및 영업자 회수,제조일로부터 2년,가공식품,"http://coop.foodsafetykorea.go.kr/open/minfo_image.do?fSeq=2354225, http://coop.foodsafetykorea.go.kr/open/minfo_image.do?fSeq=2354226",C0309010200000,2025-08-20 17:09:27.941027,3000211094,202104971636,3등급,액상차,20210497163,전북특별자치도,전북특별자치도 김제시,2025-08-20
율무(의이인)가루,제랄레논 기준 규격 부적합,자연초,서울특별시 동대문구,,,300g,데이터없음,홈페이지 회수 공지 후 소비자 보관물량 회수,2027-07-05,가공식품,"http://coop.foodsafetykorea.go.kr/open/minfo_image.do?fSeq=2354060, http://coop.foodsafetykorea.go.kr/open/minfo_image.do?fSeq=2354061",C0323020000000,2025-08-20 17:09:51.891869,3000211075,2005004259018,3등급,기타가공품,20150042418,서울특별시,서울특별시 동대문구,2025-08-20
신선당근,잔류농약 기준 초과,주식회사월드에이스,인천광역시 부평구,,,10kg,생산년도 : 2025년 (수입일자 : 2025.7.15),,생산년도 : 2025년 (수입일자 : 2025.7.15),농산물,"http://coop.foodsafetykorea.go.kr/open/minfo_image.do?fSeq=2348297, http://coop.foodsafetykorea.go.kr/open/minfo_image.do?fSeq=2348298, http://coop.foodsafetykorea.go.kr/open/minfo_image.do?fSeq=2348299, http://coop.foodsafetykorea.go.kr/open/minfo_image.do?fSeq=2348300",A0600400400000,2025-08-08 16:48:33.685536,3000210406,,2등급,당근,20160003910,인천광역시,인천광역시 부평구,2025-08-08
글루타치온 화이트 구강용해 설하멜팅정,식품첨가물(아셀렌산나트륨) 기준 규격 부적합,우리바이오 주식회사,경기도 안산시 단원구,,8809663534769,24g(400mgx2정x30포),데이터없음,거래처 공문 발송을 통한 회수 사실 통지,"2025-11-20, 2026-11-07",가공식품,"http://coop.foodsafetykorea.go.kr/open/minfo_image.do?fSeq=2344722, http://coop.foodsafetykorea.go.kr/open/minfo_image.do?fSeq=2344723",C0301020000000,2025-08-05 14:54:57.181834,3000210154,,3등급,캔디류,20190326100,경기도,경기도 안산시,2025-08-05
맥주효모 비오틴,식품첨가물(아셀렌산나트륨) 기준 규격 부적합,우리바이오 주식회사,경기도 안산시 단원구,,8809895370364,90g(1000mgX90정),데이터없음,거래처 공문 발송을 통한 회수 사실 통지,2026-11-24,가공식품,"http://coop.foodsafetykorea.go.kr/open/minfo_image.do?fSeq=2344930, http://coop.foodsafetykorea.go.kr/open/minfo_image.do?fSeq=2344933",C0301020000000,2025-08-05 14:54:37.851153,3000210144,,3등급,캔디류,20190326100,경기도,경기도 안산시,2025-08-05
샌드위치용기지함 치아바타,총용출량 기준 규격 부적합,한솔에코패키징(주) 우천지점,강원특별자치도 횡성군,,,,2025-07-08,용차 사용,,기구용기포장,http://coop.foodsafetykorea.go.kr/open/minfo_image.do?fSeq=2341843,F0100001100000,2025-07-31 13:39:55.54799,3000209700,,3등급,아크릴수지,20220556108,강원특별자치도,강원특별자치도 횡성군,2025-07-31
해초 소금,중금속(비소) 기준 초과,제제파크(주),경기도 용인시 처인구,,3305041400619,250g,2024.11.7 (제조번호 B24312),"(소비자) 출고 거래처를 통한 통지 / ( 거래처) 공문전달, 전화통화",,가공식품,"http://coop.foodsafetykorea.go.kr/open/minfo_image.do?fSeq=2340682, http://coop.foodsafetykorea.go.kr/open/minfo_image.do?fSeq=2340683, http://coop.foodsafetykorea.go.kr/open/minfo_image.do?fSeq=2340684, http://coop.foodsafetykorea.go.kr/open/minfo_image.do?fSeq=2340685",C0312060600000,2025-07-30 10:33:26.872651,3000209629,,2등급,가공소금,20070015261,경기도,경기도 용인시,2025-07-30
진도구기자분말,금속성이물 기준 규격 부적합,농업회사법인 하나식품 주식회사,전남광주통합특별시 진도군,,,120g,데이터없음,직접수거 및 택배 반품,2027-06-06,가공식품,"http://coop.foodsafetykorea.go.kr/open/minfo_image.do?fSeq=2334396, http://coop.foodsafetykorea.go.kr/open/minfo_image.do?fSeq=2334397",C0323020000000,2025-07-22 16:26:40.672306,3000208908,201705301296,3등급,기타가공품,20170530129,전남광주통합특별시,전남광주통합특별시 진도군,2025-07-22
코다리회무침,세균수 기준규격 부적합,(주)에이티푸드,경기도 양주시,,,5kg,데이터없음,영업자 회수,2026-12-30,가공식품,http://coop.foodsafetykorea.go.kr/open/minfo_image.do?fSeq=2330745,C0319020200000,2025-07-17 10:00:01.212278,3000208465,2022051709131,3등급,양념젓갈,20220517091,경기도,경기도 양주시,2025-07-17
벌집꿀,파라핀소초 함유 확인 결과 양성으로 확인(기준: 음성),지엠글로벌,경상남도 김해시,,,500g,2024.12.21,거래처에 재고량 확인 후 회수 사실 알림 등,2029.12.21,기타,http://coop.foodsafetykorea.go.kr/open/minfo_image.do?fSeq=2323048,C0321010100000,2025-07-08 17:43:15.883565,3000207810,,3등급,벌집꿀,20230012227,경상남도,경상남도 김해시,2025-07-08
벌집꿀,파라핀소초 함유 확인 결과 양성으로 확인(기준: 음성),주식회사 돌코롬,경기도 광명시,,,500g,2025.1.10,거래처 물,2029.1.10,기타,"http://coop.foodsafetykorea.go.kr/open/minfo_image.do?fSeq=2320273, http://coop.foodsafetykorea.go.kr/open/minfo_image.do?fSeq=2320274",C0321010100000,2025-07-04 10:28:32.707901,3000207542,,3등급,벌집꿀,20240020583,경기도,경기도 광명시,2025-07-04
메리비 로우 마누카 허니콤,파라핀소초 함유 확인 결과 양성으로 확인(기준: 음성),주식회사 후박,인천광역시 서해구,,8809522572888,200g,2024.11.16,,2029.11.15,기타,"http://coop.foodsafetykorea.go.kr/open/minfo_image.do?fSeq=2320100, http://coop.foodsafetykorea.go.kr/open/minfo_image.do?fSeq=2320101, http://coop.foodsafetykorea.go.kr/open/minfo_image.do?fSeq=2320102",C0321010100000,2025-07-03 10:42:41.057613,3000207414,,3등급,벌집꿀,20220906622,인천광역시,인천광역시 서해구,2025-07-03
벌집꿀,파라핀소초 함유 확인 결과 양성으로 확인(기준: 음성),(주)어썸퓨어,경기도 하남시,,,500g,2024.12.27,거래처 물류 확인 및 고객센터 공지,2026.12.27,기타,http://coop.foodsafetykorea.go.kr/open/minfo_image.do?fSeq=2320107,C0321010100000,2025-07-03 10:42:55.750331,3000207419,,3등급,벌집꿀,20210012190,경기도,경기도 하남시,2025-07-03
혼합강낭콩,식품에 사용할 수 있는 원료의 목록에서 정한 것 이외의 원료 사용,농랑부랑,경기도 안산시 상록구,,,,2025.6.26,물품 반품 택배 등,,농산물,"http://coop.foodsafetykorea.go.kr/open/minfo_image.do?fSeq=2320070, http://coop.foodsafetykorea.go.kr/open/minfo_image.do?fSeq=2320069",A0300000000000,2025-07-03 10:58:44.099924,3000207506,,1등급,두류,,경기도,경기도 안산시,2025-07-03
이프레소 얼음컵(epresso ice cup),세균수 기준규격 부적합,주식회사 블루파인,충청남도 아산시,,8809197840169,180g,2025-05-28,업체 자체 회수,유통기한표시 면제품목,가공식품,"http://coop.foodsafetykorea.go.kr/open/minfo_image.do?fSeq=2304457, http://coop.foodsafetykorea.go.kr/open/minfo_image.do?fSeq=2304458",C0302040100000,2025-06-16 18:28:58.353758,3000206492,202104670333,3등급,식용얼음,20210467033,충청남도,충청남도 아산시,2025-06-16
냉동 아욱,잔류농약 기준 초과,주식회사 케이원무역,경기도 평택시,,8809415401707,1kg,포장일자: 2025.1.2,,포장일로부터 36개월까지,농산물,"http://coop.foodsafetykorea.go.kr/open/minfo_image.do?fSeq=2303618, http://coop.foodsafetykorea.go.kr/open/minfo_image.do?fSeq=2303619",A0600200900000,2025-06-16 17:13:06.596424,3000206390,,2등급,아욱,20240017800,경기도,경기도 평택시,2025-06-16
유기농 아로니아 동결건조 분말,금속성이물 기준 초과 검출,주식회사 엔바이오텍,경기도 화성시 효행구,,,7.5kg,2024.11.15,판매처 직접 유선 연락,2026.11.14,가공식품,http://coop.foodsafetykorea.go.kr/open/minfo_image.do?fSeq=2301114,C0315070100000,2025-06-11 18:03:20.389096,3000206229,,3등급,과.채가공품,20180007202,경기도,경기도 화성시,2025-06-11
벌집꿀,파라핀소초 함유 확인 결과 양성으로 확인(기준: 음성),허니유(HoneyYou),인천광역시 연수구,,,0.5kg,2025.1.15,1차 판매처에 해당 제품 회수 공지,2030.1.15,기타,http://coop.foodsafetykorea.go.kr/open/minfo_image.do?fSeq=2298369,C0321010100000,2025-06-10 14:56:56.172019,3000206123,,3등급,벌집꿀,20240020541,인천광역시,인천광역시 연수구,2025-06-10
몽고간장 국,3-MCPD 기준 규격 초과,몽고식품주식회사,경상남도 창원시 의창구,,8801301001619,1.8L,데이터없음,"1차 거래처, 2차 거래처, 소비자 대상 해당 제품 교환, 반품 처리",2027-04-28,가공식품,"http://coop.foodsafetykorea.go.kr/open/minfo_image.do?fSeq=2299702, http://coop.foodsafetykorea.go.kr/open/minfo_image.do?fSeq=2299703, http://coop.foodsafetykorea.go.kr/open/minfo_image.do?fSeq=2299704",C0311070000000,2025-06-10 21:00:00.0,3000206114,1987058908011,2등급,혼합간장,19870589080,경상남도,경상남도 창원시,2025-06-10
몽고간장 국,3-MCPD 기준 규격 초과,몽고식품주식회사,경상남도 창원시 의창구,,8801301001619,1.8L,데이터없음,"1차 거래처, 2차 거래처, 소비자 대상 해당 제품 교환, 반품 처리",2027-03-31,가공식품,"http://coop.foodsafetykorea.go.kr/open/minfo_image.do?fSeq=2299697, http://coop.foodsafetykorea.go.kr/open/minfo_image.do?fSeq=2299698, http://coop.foodsafetykorea.go.kr/open/minfo_image.do?fSeq=2299699",C0311070000000,2025-06-10 21:01:00.0,3000206104,1987058908011,2등급,혼합간장,19870589080,경상남도,경상남도 창원시,2025-06-10
아미노산원액,3-MCPD 기준 규격 초과,주식회사 오복아미노,경상남도 김해시,,,,데이터없음,-,2027-05-07,가공식품,http://coop.foodsafetykorea.go.kr/open/minfo_image.do?fSeq=2299990,C0311050000000,2025-06-10 18:13:18.316018,3000206118,200506077551,2등급,산분해간장,20050607755,경상남도,경상남도 김해시,2025-06-10
오복순진간장,3-MCPD 기준 규격 초과,(주)오복식품,부산광역시 사하구,,8801126036766,13L,데이터없음,유통경로를 통한 회수,2027-05-19,가공식품,"http://coop.foodsafetykorea.go.kr/open/minfo_image.do?fSeq=2300011, http://coop.foodsafetykorea.go.kr/open/minfo_image.do?fSeq=2300012",C0311070000000,2025-06-10 22:00:00.0,3000206125,19760144008115,2등급,혼합간장,19760144008,부산광역시,부산광역시 사하구,2025-06-10
오복간장(청표),3-MCPD 기준 규격 초과,(주)오복식품,부산광역시 사하구,,8801126034618,1.7L,데이터없음,유통경로를 통한 회수,2027-01-13,가공식품,"http://coop.foodsafetykorea.go.kr/open/minfo_image.do?fSeq=2300005, http://coop.foodsafetykorea.go.kr/open/minfo_image.do?fSeq=2300006",C0311070000000,2025-06-10 22:02:00.0,3000206120,19760144008122,2등급,혼합간장,19760144008,부산광역시,부산광역시 사하구,2025-06-10
오복간장(금표),3-MCPD 기준 규격 초과,(주)오복식품,부산광역시 사하구,,8801126000118,900ml,데이터없음,유통경로를 통한 회수,2027-02-25,가공식품,"http://coop.foodsafetykorea.go.kr/open/minfo_image.do?fSeq=2300009, http://coop.foodsafetykorea.go.kr/open/minfo_image.do?fSeq=2300010",C0311070000000,2025-06-10 22:01:00.0,3000206122,19760144008123,2등급,혼합간장,19760144008,부산광역시,부산광역시 사하구,2025-06-10
유니농 아로니아 동결건조분말,금속성이물 기준 규격 부적합,주식회사 매홍엘앤에프,강원특별자치도 양양군,,8809478910734,200g,데이터없음,회수요청(회수제품 전량수거),2026-11-14,가공식품,"http://coop.foodsafetykorea.go.kr/open/minfo_image.do?fSeq=2296063, http://coop.foodsafetykorea.go.kr/open/minfo_image.do?fSeq=2296064",C0315070100000,2025-06-05 18:54:50.569472,3000205764,,3등급,과.채가공품,20180410171,강원특별자치도,강원특별자치도 양양군,2025-06-05
냉동 청포도,잔류농약 기준 초과,주식회사 대정,서울특별시 강남구,,8809153040879,"①수입제품 10kg, ②소분제품 1kg",데이터없음,,2027.3.5,농산물,"http://coop.foodsafetykorea.go.kr/open/minfo_image.do?fSeq=2297104, http://coop.foodsafetykorea.go.kr/open/minfo_image.do?fSeq=2297105, http://coop.foodsafetykorea.go.kr/open/minfo_image.do?fSeq=2297106, http://coop.foodsafetykorea.go.kr/open/minfo_image.do?fSeq=2297107, http://coop.foodsafetykorea.go.kr/open/minfo_image.do?fSeq=2297108",A0500400100000,2025-06-05 17:30:20.641926,3000205921,,2등급,포도,20030115203,서울특별시,서울특별시 강남구,2025-06-05
마 분말,금속성이물 기준 규격 부적합,서형,서울특별시 동대문구,,R003153020001,300g,데이터없음,직접 회수 및 유선통화 후 택배 회수,2026-11-10,가공식품,"http://coop.foodsafetykorea.go.kr/open/minfo_image.do?fSeq=2295305, http://coop.foodsafetykorea.go.kr/open/minfo_image.do?fSeq=2295306, http://coop.foodsafetykorea.go.kr/open/minfo_image.do?fSeq=2295307",C0323020000000,2025-06-02 20:19:43.780518,3000205761,2018004211988,3등급,기타가공품,20190042673,서울특별시,서울특별시 동대문구,2025-06-02
냉동블루베리,잔류농약 기준 초과,주식회사 희망상사,경기도 안성시,,8809415401851,1kg,데이터없음,"1,2,3차 판매처에서 해당 제품 회수 공지 후 회수물량 취합. 거래처에 회수요청 공문 발송",2027.2.28,가공식품,"http://coop.foodsafetykorea.go.kr/open/minfo_image.do?fSeq=2288568, http://coop.foodsafetykorea.go.kr/open/minfo_image.do?fSeq=2288569",C0315070100000,2025-05-21 17:47:41.238721,3000205043,,2등급,과.채가공품,20180016681,경기도,경기도 안성시,2025-05-21
메타그린 슬림업,초산에틸 검출,(주)아모레퍼시픽,경기도 안성시,,,31.08g,데이터없음,거래처 재고량 반품 및 창고 재고물량 회수 등,2026-11-25,건강기능식품,http://coop.foodsafetykorea.go.kr/open/minfo_image.do?fSeq=2288063,E0200600000000,2025-05-21 13:17:27.531366,3000204991,20040017031273,3등급,녹차추출물,20040017031,경기도,경기도 안성시,2025-05-21
메타그린 슬림업,초산에틸 검출,(주)아모레퍼시픽,경기도 안성시,,,25.2g,데이터없음,출고량 30.3kg 전량수출,2026-12-25,건강기능식품,http://coop.foodsafetykorea.go.kr/open/minfo_image.do?fSeq=2288071,E0200600000000,2025-05-21 13:15:11.40871,3000204999,20040017031273,3등급,녹차추출물,20040017031,경기도,경기도 안성시,2025-05-21
메타그린 골드 플러스,초산에틸 검출,(주)아모레퍼시픽,경기도 안성시,,,7.95g,데이터없음,거래처 재고량 반품 및 창고 재고물량 회수 등,2026-10-29,건강기능식품,http://coop.foodsafetykorea.go.kr/open/minfo_image.do?fSeq=2288089,E0200600000000,2025-05-21 13:00:06.0,3000205025,20040017031271,3등급,녹차추출물,20040017031,경기도,경기도 안성시,2025-05-21
메타그린 골드 플러스,초산에틸 검출,(주)아모레퍼시픽,경기도 안성시,,,286.2g,데이터없음,거래처 재고량 반품 및 창고 재고물량 회수 등,2026-12-01,건강기능식품,http://coop.foodsafetykorea.go.kr/open/minfo_image.do?fSeq=2288034,E0200600000000,2025-05-21 13:36:38.701441,3000204935,20040017031271,3등급,녹차추출물,20040017031,경기도,경기도 안성시,2025-05-21
메타그린 슬림업,초산에틸 검출,(주)아모레퍼시픽,경기도 안성시,,,4.2g,데이터없음,거래처 재고량 반품 및 창고 재고물량 회수 등,2026-10-30,건강기능식품,http://coop.foodsafetykorea.go.kr/open/minfo_image.do?fSeq=2288055,E0200600000000,2025-05-21 13:19:29.067491,3000204980,20040017031273,3등급,녹차추출물,20040017031,경기도,경기도 안성시,2025-05-21
메타그린 슬림 플러스,초산에틸 검출,(주)아모레퍼시픽,경기도 안성시,,,25.2g,데이터없음,거래처 재고량 반품 및 창고 재고물량 회수 등,2026-11-17,건강기능식품,http://coop.foodsafetykorea.go.kr/open/minfo_image.do?fSeq=2288035,E0200600000000,2025-05-21 13:34:46.347807,3000204941,20040017031276,3등급,녹차추출물,20040017031,경기도,경기도 안성시,2025-05-21
메타그린 슬림업,초산에틸 검출,(주)아모레퍼시픽,경기도 안성시,,,50.4g,데이터없음,거래처 재고량 반품 및 창고 재고물량 회수 등,2026-10-06,건강기능식품,http://coop.foodsafetykorea.go.kr/open/minfo_image.do?fSeq=2288052,E0200600000000,2025-05-21 13:30:43.835418,3000204971,20040017031273,3등급,녹차추출물,20040017031,경기도,경기도 안성시,2025-05-21
메타그린 슬림업,초산에틸 검출,(주)아모레퍼시픽,경기도 안성시,,,4.2g,데이터없음,거래처 재고량 반품 및 창고 재고물량 회수 등,2026-11-24,건강기능식품,http://coop.foodsafetykorea.go.kr/open/minfo_image.do?fSeq=2288060,E0200600000000,2025-05-21 13:18:48.569798,3000204985,20040017031273,3등급,녹차추출물,20040017031,경기도,경기도 안성시,2025-05-21
목이버섯,잔류농약 기준 초과,유한회사 신흥농산,경상남도 하동군,,8809260234666,"①수입제품 10kg, ②소분제품 200g,500g",포장일자: 2025.2.5,판매처를 통해 회수정보 제공 및 회수,"(수입제품)포장일로부터 2년까지, (소분제품)2027.2.3",농산물,"http://coop.foodsafetykorea.go.kr/open/minfo_image.do?fSeq=2287678, http://coop.foodsafetykorea.go.kr/open/minfo_image.do?fSeq=2287679, http://coop.foodsafetykorea.go.kr/open/minfo_image.do?fSeq=2287680",A0700700000000,2025-05-20 18:32:23.003287,3000204879,,2등급,목이버섯,20230012157,경상남도,경상남도 하동군,2025-05-20
목이버섯,잔류농약 기준 초과,일품농산,대전광역시 대덕구,,8809260236905,"①수입제품 10kg,1kg, ②소분제품 100g",포장일자: 2025.3.7,판매처에 회수 정보 통보 후 추적 등을 통해 회수,"(수입제품)포장일로부터 2년까지, (소분제품)2027.3.5",농산물,"http://coop.foodsafetykorea.go.kr/open/minfo_image.do?fSeq=2287709, http://coop.foodsafetykorea.go.kr/open/minfo_image.do?fSeq=2287710, http://coop.foodsafetykorea.go.kr/open/minfo_image.do?fSeq=2287711",A0700700000000,2025-05-20 18:32:43.54079,3000204882,,2등급,목이버섯,20230028079,대전광역시,대전광역시 대덕구,2025-05-20
코코넛밀크바,세균수 기준규격 부적합,농업회사법인 주식회사 상호프레시팜,강원특별자치도 원주시,,8809778710904,80g,2025-03-20,거래처 직접 방문 회수,없음,축산물,"http://coop.foodsafetykorea.go.kr/open/minfo_image.do?fSeq=2284920, http://coop.foodsafetykorea.go.kr/open/minfo_image.do?fSeq=2284921",C0302010400000,2025-05-16 11:14:34.909928,3000204660,202505880013,3등급,샤베트,20250588001,강원특별자치도,강원특별자치도 원주시,2025-05-16
서분례명인 매실식초,보존료 기준 규격 부적합,서일농원,경기도 안성시,,,300ml,데이터없음,판매처 납품량 전량 회수 및 최종소비자 판매내역은 개별유선연락으로 환불 안내,2027-03-10,가공식품,"http://coop.foodsafetykorea.go.kr/open/minfo_image.do?fSeq=2281885, http://coop.foodsafetykorea.go.kr/open/minfo_image.do?fSeq=2281886",C0312010100000,2025-05-13 13:08:00.294836,3000204527,1998036001611,3등급,발효식초,19980360016,경기도,경기도 안성시,2025-05-13
슈퍼 파워 2090 복합 루테인,붕해시험 부적합,내츄럴삼육오주식회사,경기도 고양시 일산동구,,3418641,600mg X 90캡슐(총 54g),데이터없음,거래처 재고량 반품 회수,2026.10.29,건강기능식품,"http://coop.foodsafetykorea.go.kr/open/minfo_image.do?fSeq=2277463, http://coop.foodsafetykorea.go.kr/open/minfo_image.do?fSeq=2277464, http://coop.foodsafetykorea.go.kr/open/minfo_image.do?fSeq=2277465",E0000000000000,2025-04-29 17:26:51.635658,3000203978,,3등급,건강기능식품,20100320451,경기도,경기도 고양시,2025-04-29
머선129 빠져드네 유산균,프로바이오틱스수 함량 미달,포항바이오파크,경상북도 포항시 남구,,8809292032797,"1box=1.5g×90정, 0.135kg",2024.12.24.,자체 회수 및 유선통화 후 택배 회수,2026.12.23.,건강기능식품,"http://coop.foodsafetykorea.go.kr/open/minfo_image.do?fSeq=2277459, http://coop.foodsafetykorea.go.kr/open/minfo_image.do?fSeq=2277460, http://coop.foodsafetykorea.go.kr/open/minfo_image.do?fSeq=2277461, http://coop.foodsafetykorea.go.kr/open/minfo_image.do?fSeq=2277462",E0205100000000,2025-04-29 17:53:53.106708,3000204052,20100018018111,3등급,프로바이오틱스,20100018018,경상북도,경상북도 포항시,2025-04-29
"삽주(백출)(뿌리줄기, 건조)","중금속(납, 카드뮴) 기준규격 초과",주식회사 중한무역,서울특별시 동대문구,,,"30kg, 600g",2023년,소비자 직접 반품,2028.3.31까지,농산물,"http://coop.foodsafetykorea.go.kr/open/minfo_image.do?fSeq=2275784, http://coop.foodsafetykorea.go.kr/open/minfo_image.do?fSeq=2275785, http://coop.foodsafetykorea.go.kr/open/minfo_image.do?fSeq=2275786, http://coop.foodsafetykorea.go.kr/open/minfo_image.do?fSeq=2275787",A1229000000000,2025-04-25 17:59:15.440991,3000203761,,2등급,삽주(백출),,서울특별시,서울특별시 동대문구,2025-04-25
마자오분,클로르피리포스 기준 규격 부적합,해나식품,서울특별시 동대문구,,,200g,2025-01-03,강제 회수,2027-01-02,가공식품,"http://coop.foodsafetykorea.go.kr/open/minfo_image.do?fSeq=2271825, http://coop.foodsafetykorea.go.kr/open/minfo_image.do?fSeq=2271873",C0312050100000,2025-04-21 18:07:57.324428,3000203522,20170415082136,2등급,천연향신료,20170042049,서울특별시,서울특별시 동대문구,2025-04-21
몽고간장 국,3-MCPD 기준 초과,몽고식품주식회사,경상남도 창원시 의창구,,8801301001619,1.8L,2024. 10. 25.,"1, 2차 거래처 회수 공지후 직접 및 택배 회수",2026. 10. 24.,가공식품,"http://coop.foodsafetykorea.go.kr/open/minfo_image.do?fSeq=2271507, http://coop.foodsafetykorea.go.kr/open/minfo_image.do?fSeq=2271508",C0311070000000,2025-04-19 17:07:16.60242,3000203535,1987058908011,2등급,혼합간장,19870589080,경상남도,경상남도 창원시,2025-04-19
몽고간장 국,3-MCPD 기준 부적합,몽고식품주식회사,경상남도 창원시 의창구,,8801301012769,13L,20241017,"1, 2차 거래처 회수 공지후 직접 및 택배 회수",20261016,가공식품,"http://coop.foodsafetykorea.go.kr/open/minfo_image.do?fSeq=2271513, http://coop.foodsafetykorea.go.kr/open/minfo_image.do?fSeq=2271514",C0311070000000,2025-04-19 17:06:20.004424,3000203539,1987058908011,2등급,혼합간장,19870589080,경상남도,경상남도 창원시,2025-04-19
멀티비타민 올인원,요오드 부적합,고려은단 헬스케어(주),경기도 안산시 단원구,,8809497531729,,2025-02-11,소비자 직접 유선 연락 등,2027-02-10,건강기능식품,"http://coop.foodsafetykorea.go.kr/open/minfo_image.do?fSeq=2269271, http://coop.foodsafetykorea.go.kr/open/minfo_image.do?fSeq=2269272, http://coop.foodsafetykorea.go.kr/open/minfo_image.do?fSeq=2269273, http://coop.foodsafetykorea.go.kr/open/minfo_image.do?fSeq=2269274, http://coop.foodsafetykorea.go.kr/open/minfo_image.do?fSeq=2269275",E0101500000000,2025-04-16 14:30:22.932289,3000203368,2016000600546,3등급,칼슘,20160006005,경기도,경기도 안산시,2025-04-16
프로폴리스,디에틸렌글리콜(μg/g) 부적합,(주)농업회사법인 비엔케어,경기도 이천시,,,50ml,20250311,"택배, 방문 회수",20270310,건강기능식품,"http://coop.foodsafetykorea.go.kr/open/minfo_image.do?fSeq=2257038, http://coop.foodsafetykorea.go.kr/open/minfo_image.do?fSeq=2257039, http://coop.foodsafetykorea.go.kr/open/minfo_image.do?fSeq=2257040",E0200800000000,2025-03-28 14:58:36.722974,3000202478,200600170226,3등급,프로폴리스추출물,20060017022,경기도,경기도 이천시,2025-03-28
영지버섯(통),잔류농약 기준 초과,정보무역,서울특별시 동대문구,,,"①수입제품: 14kg, 24kg, 25kg/box, ②소분제품: 500g",데이터없음,직접회수,포장일자: 2025.3.12 (소비기한: 포장일로부터 2년),농산물,"http://coop.foodsafetykorea.go.kr/open/minfo_image.do?fSeq=2257244, http://coop.foodsafetykorea.go.kr/open/minfo_image.do?fSeq=2257245, http://coop.foodsafetykorea.go.kr/open/minfo_image.do?fSeq=2257246",A0700800000000,2025-03-28 18:36:36.796276,3000202486,,2등급,영지버섯,20130042632,서울특별시,서울특별시 동대문구,2025-03-28
프로폴리스,자가품질위탁검사 디에틸렌글리콜(μg/g) 부적합,(주)농업회사법인 비엔케어,경기도 이천시,,,50mL,2025.03.05,"택배, 방문회수",2027.03.04,건강기능식품,"http://coop.foodsafetykorea.go.kr/open/minfo_image.do?fSeq=2254453, http://coop.foodsafetykorea.go.kr/open/minfo_image.do?fSeq=2254454, http://coop.foodsafetykorea.go.kr/open/minfo_image.do?fSeq=2254455",E0200800000000,2025-03-27 09:11:58.242673,3000202326,200600170226,3등급,프로폴리스추출물,20060017022,경기도,경기도 이천시,2025-03-27
혈당 혈압 콜레스테롤 기억력엔 바나바잎 코큐텐 홍국 은행잎추출물,자가품질위탁검사 부적합(코엔자임Q10 함량 미달),주식회사 코스팜,충청남도 천안시 서북구,,8809682354560,30g,2025.2.26.,영업자 직접 회수,2027.2.25.,건강기능식품,"http://coop.foodsafetykorea.go.kr/open/minfo_image.do?fSeq=2253565, http://coop.foodsafetykorea.go.kr/open/minfo_image.do?fSeq=2253566, http://coop.foodsafetykorea.go.kr/open/minfo_image.do?fSeq=2253567, http://coop.foodsafetykorea.go.kr/open/minfo_image.do?fSeq=2253568, http://coop.foodsafetykorea.go.kr/open/minfo_image.do?fSeq=2253569, http://coop.foodsafetykorea.go.kr/open/minfo_image.do?fSeq=2253563, http://coop.foodsafetykorea.go.kr/open/minfo_image.do?fSeq=2253564",E0205200000000,2025-03-26 13:02:12.427176,3000202241,20172880236297,3등급,홍국,20172880236,충청남도,충청남도 천안시,2025-03-26
통통 자숙 꼬막살,제조일자 사실과 다르게 표시,유한회사 전일냉동수산,전남광주통합특별시 곡성군,,,1kg,2024-12-20,납품처 반품처리,제조일로부터 2년,가공식품,"http://coop.foodsafetykorea.go.kr/open/minfo_image.do?fSeq=2214154, http://coop.foodsafetykorea.go.kr/open/minfo_image.do?fSeq=2215043",C0319060000000,2025-01-21 13:32:19.801925,3000199458,202407901613,3등급,기타 수산물가공품,20240790161,전남광주통합특별시,전남광주통합특별시 곡성군,2025-01-21
구운 대구알포,소비기한 연장 표시,주식회사 서윤,강원특별자치도 동해시,,,"100g, 200g, 300g, 400g, 500g, 1kg",데이터없음,택배 등,2026-09-15,가공식품,"http://coop.foodsafetykorea.go.kr/open/minfo_image.do?fSeq=2214044, http://coop.foodsafetykorea.go.kr/open/minfo_image.do?fSeq=2214053",C0319030100000,2025-01-17 17:30:59.448017,3000199414,,1등급,조미건어포,20240602109,강원특별자치도,강원특별자치도 동해시,2025-01-17
생그린 생강차,세균수 기준 규격 부적합,고흥식품,전남광주통합특별시 고흥군,,8804039000008,1kg,데이터없음,거래처 재고량 반품,2026-11-05,가공식품,"http://coop.foodsafetykorea.go.kr/open/minfo_image.do?fSeq=2209263, http://coop.foodsafetykorea.go.kr/open/minfo_image.do?fSeq=2209264",C0309010200000,2025-01-14 16:36:49.13949,3000199198,1993051805412,3등급,액상차,19930518054,전남광주통합특별시,전남광주통합특별시 고흥군,2025-01-14
라라스윗  저당 단팥바,대장균군 기준규격 부적합,동그린주식회사,강원특별자치도 강릉시,,8809599360791,70 ml,2024-10-08,거래처 재고량 반품 및 소비자 보관물량 회수,,축산물,"http://coop.foodsafetykorea.go.kr/open/minfo_image.do?fSeq=2186180, http://coop.foodsafetykorea.go.kr/open/minfo_image.do?fSeq=2186181, http://coop.foodsafetykorea.go.kr/open/minfo_image.do?fSeq=2186182",C0302010400000,2024-11-29 15:11:52.56569,3000197564,19960379001499,3등급,샤베트,19960379001,강원특별자치도,강원특별자치도 강릉시,2024-11-29
키위 천연 식초,영업등록을 하지 않고 식품을 제조,한국전통약초연구소,울산 북구,,,900mL,데이터없음,,,가공식품,"http://coop.foodsafetykorea.go.kr/open/minfo_image.do?fSeq=2179864, http://coop.foodsafetykorea.go.kr/open/minfo_image.do?fSeq=2179885",C0312010000000,2024-11-15 17:19:40.285809,3000197156,,1등급,식초류,,울산,울산 북구,2024-11-15
꾸지뽕 효소,영업등록을 하지 않고 식품을 제조,한국전통약초연구소,울산 북구,,,2L,데이터없음,거래처 및 판매처를 통한 영업자 회수,,가공식품,"http://coop.foodsafetykorea.go.kr/open/minfo_image.do?fSeq=2179867, http://coop.foodsafetykorea.go.kr/open/minfo_image.do?fSeq=2179886",C0323020000000,2024-11-15 17:19:59.088568,3000197158,,1등급,기타가공품,,울산,울산 북구,2024-11-15
보혈주,영업등록을 하지 않고 식품을 제조,한국전통약초연구소,울산 북구,,,500mL,데이터없음,거래처 및 판매처를 통한 영업자 회수,,주류,"http://coop.foodsafetykorea.go.kr/open/minfo_image.do?fSeq=2179893, http://coop.foodsafetykorea.go.kr/open/minfo_image.do?fSeq=2179894",C0314000000000,2024-11-15 17:20:38.278246,3000197162,,1등급,주류,,울산,울산 북구,2024-11-15
여주환,영업등록을 하지 않고 식품을 제조,한국전통약초연구소,울산 북구,,,300g,데이터없음,거래처 및 판매처를 통한 영업자 회수,,가공식품,http://coop.foodsafetykorea.go.kr/open/minfo_image.do?fSeq=2179850,C0323020000000,2024-11-15 17:17:48.122998,3000197140,,1등급,기타가공품,,울산,울산 북구,2024-11-15
자색 양파 천연 식초,영업등록을 하지 않고 식품을 제조,한국전통약초연구소,울산 북구,,,500mL,데이터없음,,,가공식품,"http://coop.foodsafetykorea.go.kr/open/minfo_image.do?fSeq=2179883, http://coop.foodsafetykorea.go.kr/open/minfo_image.do?fSeq=2179857",C0312010000000,2024-11-15 17:19:04.564824,3000197153,,1등급,식초류,,울산,울산 북구,2024-11-15
구증구포 흑 구기자,영업등록을 하지 않고 식품을 제조,한국전통약초연구소,울산 북구,,,72g,데이터없음,거래처 및 판매처를 통한 영업자 회수,,가공식품,"http://coop.foodsafetykorea.go.kr/open/minfo_image.do?fSeq=2179872, http://coop.foodsafetykorea.go.kr/open/minfo_image.do?fSeq=2179873",C0309010100000,2024-11-15 17:21:01.919665,3000197165,,1등급,침출차,,울산,울산 북구,2024-11-15
상맥환,영업등록을 하지 않고 식품을 제조,한국전통약초연구소,울산 북구,,,300g,데이터없음,거래처 및 판매처를 통한 영업자 회수,,가공식품,http://coop.foodsafetykorea.go.kr/open/minfo_image.do?fSeq=2179851,C0323020000000,2024-11-15 17:18:02.513609,3000197145,,1등급,기타가공품,,울산,울산 북구,2024-11-15
천금채환,"영업등록을 하지 않고 식품을 제조, 식품 기준 및 규격 위반(클로스트리디움 퍼프린젠스 검출)",한국전통약초연구소,울산 북구,,,300g,데이터없음,거래처 및 판매처를 통한 영업자 회수,,가공식품,http://coop.foodsafetykorea.go.kr/open/minfo_image.do?fSeq=2179846,C0323020000000,2024-11-15 17:17:12.714656,3000197136,,1등급,기타가공품,,울산,울산 북구,2024-11-15
회춘환,"영업등록을 하지 않고 식품을 제조, 식품의 기준 및 규격 위반(사용 할 수 없는 원료 사용 및  클로스트리디움 퍼프린젠스 검출)",한국전통약초연구소,울산 북구,,,300g,데이터없음,거래처 및 판매처를 통한 영업자 회수,,가공식품,http://coop.foodsafetykorea.go.kr/open/minfo_image.do?fSeq=2179845,C0323020000000,2024-11-15 17:16:44.019358,3000197132,,1등급,기타가공품,,울산,울산 북구,2024-11-15
우슬환,영업등록을 하지 않고 식품을 제조,한국전통약초연구소,울산 북구,,,300g,데이터없음,,,가공식품,http://coop.foodsafetykorea.go.kr/open/minfo_image.do?fSeq=2179849,C0323020000000,2024-11-15 17:17:29.151215,3000197138,,1등급,기타가공품,,울산,울산 북구,2024-11-15
새싹보리,영업등록을 하지 않고 식품을 제조,한국전통약초연구소,울산 북구,,,300g,데이터없음,거래처 및 판매처를 통한 영업자 회수,,가공식품,http://coop.foodsafetykorea.go.kr/open/minfo_image.do?fSeq=2179854,C0323020000000,2024-11-15 17:18:21.286736,3000197148,,1등급,기타가공품,,울산,울산 북구,2024-11-15
황매실 천연 식초,영업등록을 하지 않고 식품을 제조,한국전통약초연구소,울산 북구,,,2L,데이터없음,거래처 및 판매처를 통한 영업자 회수,,가공식품,"http://coop.foodsafetykorea.go.kr/open/minfo_image.do?fSeq=2179855, http://coop.foodsafetykorea.go.kr/open/minfo_image.do?fSeq=2179882",C0312010000000,2024-11-15 17:18:39.747043,3000197151,,1등급,식초류,,울산,울산 북구,2024-11-15
오디 원액 천연 효소,영업등록을 하지 않고 식품을 제조,한국전통약초연구소,울산 북구,,,900mL,데이터없음,거래처 및 판매처를 통한 영업자 회수,,가공식품,"http://coop.foodsafetykorea.go.kr/open/minfo_image.do?fSeq=2179869, http://coop.foodsafetykorea.go.kr/open/minfo_image.do?fSeq=2180090",C0323020000000,2024-11-15 17:20:17.828589,3000197160,,1등급,기타가공품,,울산,울산 북구,2024-11-15
꾸지뽕 열매 천연 식초,영업등록을 하지 않고 식품을 제조,한국전통약초연구소,울산 북구,,,,데이터없음,거래처 및 판매처를 통한 영업자 회수,,가공식품,"http://coop.foodsafetykorea.go.kr/open/minfo_image.do?fSeq=2179860, http://coop.foodsafetykorea.go.kr/open/minfo_image.do?fSeq=2179884",C0312010000000,2024-11-15 17:19:17.784913,3000197154,,1등급,식초류,,울산,울산 북구,2024-11-15
토종황칠과마가목,세균수 기준 규격 부적합,계룡참살이영농조합,충청남도 공주시,,8809204510252,70ml,데이터없음,,2027-11-01,가공식품,"http://coop.foodsafetykorea.go.kr/open/minfo_image.do?fSeq=2177077, http://coop.foodsafetykorea.go.kr/open/minfo_image.do?fSeq=2177078",C0309010200000,2024-11-13 17:02:55.580019,3000196902,2001045830348,3등급,액상차,20010458303,충청남도,충청남도 공주시,2024-11-13
딥트3일 애플 번,자가품질위탁검사 부적합(비타민B2함량),(주)아오스,충청북도 영동군,,8809899880081,,데이터없음,유통판매처 재고제품 회수 수집 후 당사로 일괄 반송,2026.10.02,건강기능식품,"http://coop.foodsafetykorea.go.kr/open/minfo_image.do?fSeq=2167949, http://coop.foodsafetykorea.go.kr/open/minfo_image.do?fSeq=2167950, http://coop.foodsafetykorea.go.kr/open/minfo_image.do?fSeq=2167951, http://coop.foodsafetykorea.go.kr/open/minfo_image.do?fSeq=2167952",E0331900000000,2024-10-30 19:36:42.365598,3000196261,20140020012154,3등급,풋사과추출물 애플페논(Applephenon)(제2015-9호),20140020012,충청북도,충청북도 영동군,2024-10-30
발효흑삼정로얄스틱,세균수 기준 규격 부적합,농업회사법인(주)참한삼,충청남도 금산군,,8809791260318,300g,데이터없음,영업자 직접회수,2027-09-04,가공식품,"http://coop.foodsafetykorea.go.kr/open/minfo_image.do?fSeq=2155892, http://coop.foodsafetykorea.go.kr/open/minfo_image.do?fSeq=2155893",C0309010200000,2024-10-15 17:59:40.148296,3000195389,20000467023180,3등급,액상차,20000467023,충청남도,충청남도 금산군,2024-10-15
실리 TPU 걸이형 도마 (2가지 색깔),이소시아네이트 기준 규격 부적합,하나리빙,경기도 고양시 일산동구,,8809032450126,,데이터없음,거래처 재고량 반품 회수,-,기구용기포장,"http://coop.foodsafetykorea.go.kr/open/minfo_image.do?fSeq=2144656, http://coop.foodsafetykorea.go.kr/open/minfo_image.do?fSeq=2144657",F0100001600000,2024-09-27 17:50:09.12718,3000194613,,3등급,폴리우레탄,,경기도,경기도 고양시,2024-09-27
실리 TPU 걸이형 도마 (2가지 색깔),이소시아네이트 기준 규격 부적합,하나리빙,경기도 고양시 일산동구,,8809032450188,,데이터없음,거래처 재고량 반품 회수,-,기구용기포장,"http://coop.foodsafetykorea.go.kr/open/minfo_image.do?fSeq=2144645, http://coop.foodsafetykorea.go.kr/open/minfo_image.do?fSeq=2144646",F0100001600000,2024-09-27 17:49:57.723943,3000194572,,3등급,폴리우레탄,19990320223,경기도,경기도 고양시,2024-09-27
키친플라워 쿠코 티피유 도마(소) 블루,총용출량 기준 규격 부적합,동진공업사,대구광역시 동구,,8809116195837,,데이터없음,직접재고 회수 및 유선통보하여 전량회수,-,기구용기포장,"http://coop.foodsafetykorea.go.kr/open/minfo_image.do?fSeq=2143179, http://coop.foodsafetykorea.go.kr/open/minfo_image.do?fSeq=2143180",F0100001600000,2024-09-25 17:10:46.228592,3000194428,,3등급,폴리우레탄,,대구광역시,대구광역시 동구,2024-09-25
키친플라워 쿠코 티피유 도마(소) 핑크,총용출량 기준 규격 부적합,동진공업사,대구광역시 동구,,880911619837,,데이터없음,직접재고 회수 및 유선통보하여 전량회수,-,기구용기포장,"http://coop.foodsafetykorea.go.kr/open/minfo_image.do?fSeq=2142018, http://coop.foodsafetykorea.go.kr/open/minfo_image.do?fSeq=2142283",F0100001600000,2024-09-25 17:09:40.300035,3000194439,,3등급,폴리우레탄,,대구광역시,대구광역시 동구,2024-09-25
목이버섯,중국산 건조 목이버섯에서 카벤다짐 기준초과,대성물산,서울특별시 구로구,,8809362443072,"①수입제품 1kg, 10kg, ②소분제품 50g",데이터없음,거래처(업체요청)를 통한 회수,2027.12.30,농산물,"http://coop.foodsafetykorea.go.kr/open/minfo_image.do?fSeq=2112661, http://coop.foodsafetykorea.go.kr/open/minfo_image.do?fSeq=2112716, http://coop.foodsafetykorea.go.kr/open/minfo_image.do?fSeq=2113715",A0700700000000,2024-08-21 14:19:38.160359,3000192284,,2등급,목이버섯,20040080360,서울특별시,서울특별시 구로구,2024-08-21
복분제국(15.5%),알레르기 유발물질 미표시 (이산화황),복분제국,전북특별자치도 진안군,,8809178350267,365mL,2023-04-12,업체 직접회수,,주류,"http://coop.foodsafetykorea.go.kr/open/minfo_image.do?fSeq=2107601, http://coop.foodsafetykorea.go.kr/open/minfo_image.do?fSeq=2107602",C0314050000000,2024-08-09 17:37:40.394009,3000191890,201300191513,1등급,과실주,20130019151,전북특별자치도,전북특별자치도 진안군,2024-08-09
유한M 코엔자임Q10 에이스,붕해시험 부적합,(주)피디에이치아이엔씨,경기도 용인시 수지구,,6292620005501,500mg × 60캡슐 (총 30g),데이터없음,직접회수 또는 택배,2027.02.13.,건강기능식품,"http://coop.foodsafetykorea.go.kr/open/minfo_image.do?fSeq=2087948, http://coop.foodsafetykorea.go.kr/open/minfo_image.do?fSeq=2087949, http://coop.foodsafetykorea.go.kr/open/minfo_image.do?fSeq=2087950",E0000000000000,2024-07-17 18:00:07.109102,3000190383,,3등급,건강기능식품,20130368095,경기도,경기도 용인시,2024-07-17
장용성 알래스카 rTG 오메가-3 골드,붕해시험 부적합,(주)파워란트팜,서울특별시 동대문구,,8806817138293,"총 243g(1,350mg X 90캡슐 X 2)",데이터없음,거래처(약국)방문 및 우편 반품 수거예정,2026. 9. 25.,건강기능식품,"http://coop.foodsafetykorea.go.kr/open/minfo_image.do?fSeq=2018306, http://coop.foodsafetykorea.go.kr/open/minfo_image.do?fSeq=2018307, http://coop.foodsafetykorea.go.kr/open/minfo_image.do?fSeq=2018312, http://coop.foodsafetykorea.go.kr/open/minfo_image.do?fSeq=2018315, http://coop.foodsafetykorea.go.kr/open/minfo_image.do?fSeq=2018998",E0205700000000,2024-04-24 14:04:11.637183,3000185736,,3등급,EPA 및 DHA 함유 유지,20190003478,서울특별시,서울특별시 동대문구,2024-04-24
강황,금속성이물 기준 규격 부적합,성진식품,경기도 광주시,,8801356009202,100g,데이터없음,직접 방문 및 택배 회수,2026-09-18,가공식품,"http://coop.foodsafetykorea.go.kr/open/minfo_image.do?fSeq=1974035, http://coop.foodsafetykorea.go.kr/open/minfo_image.do?fSeq=1974036",C0312050100000,2024-02-23 17:47:58.464947,3000183251,1991036800657,3등급,천연향신료,19910368006,경기도,경기도 광주시,2024-02-23
강황,금속성이물 기준 규격 부적합,성진식품,경기도 광주시,,8801356005457,50g,데이터없음,,2026-09-18,가공식품,"http://coop.foodsafetykorea.go.kr/open/minfo_image.do?fSeq=1975089, http://coop.foodsafetykorea.go.kr/open/minfo_image.do?fSeq=1975090, http://coop.foodsafetykorea.go.kr/open/minfo_image.do?fSeq=1975174",C0312050100000,2024-02-23 17:48:08.292055,3000183346,1991036800657,3등급,천연향신료,19910368006,경기도,경기도 광주시,2024-02-23
강황분말,금속성이물 기준 규격 부적합,(주)신영에프에스,경기도 광주시,,8809258654384,250g,데이터없음,,2026.10.30.,가공식품,http://coop.foodsafetykorea.go.kr/open/minfo_image.do?fSeq=1876197,C0312050100000,2023-07-31 19:10:55.462941,3000173493,,3등급,천연향신료,20150368481,경기도,경기도 광주시,2023-07-31
강황분말,금속성이물 기준 규격 부적합,(주)신영에프에스,경기도 광주시,,8809258653141,50g,데이터없음,,2026.10.30.,가공식품,"http://coop.foodsafetykorea.go.kr/open/minfo_image.do?fSeq=1876221, http://coop.foodsafetykorea.go.kr/open/minfo_image.do?fSeq=1876220, http://coop.foodsafetykorea.go.kr/open/minfo_image.do?fSeq=1876222",C0312050100000,2023-07-31 19:11:34.87756,3000173500,,3등급,천연향신료,20150368481,경기도,경기도 광주시,2023-07-31
강황분말,금속성이물 기준 규격 부적합,(주)신영에프에스,경기도 광주시,,8809258650263,500g,데이터없음,영업자 직접 회수,2026.10.30.,가공식품,"http://coop.foodsafetykorea.go.kr/open/minfo_image.do?fSeq=1875263, http://coop.foodsafetykorea.go.kr/open/minfo_image.do?fSeq=1875264",C0312050100000,2023-07-31 19:10:19.617429,3000173300,201903878541,3등급,천연향신료,20080368248,경기도,경기도 광주시,2023-07-31
삼보 고운(美)죽염,금속성이물 기준 규격 부적합,(주)삼보죽염,전북특별자치도 고창군,,미표시 제품,1kg,2022-11-23,영업자 직접 회수,미표시 제품,가공식품,http://coop.foodsafetykorea.go.kr/open/minfo_image.do?fSeq=1854962,C0312060300000,2023-06-22 18:23:59.564389,3000170609,1997050002433,3등급,태움.용융소금,19970500024,전북특별자치도,전북특별자치도 고창군,2023-06-22
그라시아 쿠앤크,금속이물 혼입가능성이 있음,(주)빙그레,경기도 남양주시,,8801104163125,750ml,"제조연월일 2022.11.28, 2022.11.29, 2022.12.12, 2022.12.19, 2022.12.20",판매처 유통재고량 회수,없음,축산물,"http://coop.foodsafetykorea.go.kr/open/minfo_image.do?fSeq=1770566, http://coop.foodsafetykorea.go.kr/open/minfo_image.do?fSeq=1769746, http://coop.foodsafetykorea.go.kr/open/minfo_image.do?fSeq=1769747",C0302010300000,2022-12-30 17:20:24.188732,3000162218,19980262029216,자율회수,아이스밀크,19980262029,경기도,경기도 남양주시,2022-12-30
쇼콜라,세균수 기준 초과,대보푸드 주식회사,경기도 안산시 상록구,,8809719730107,77 g,2022-09-01,2차 유통업체 창고보관량 등 회수,해당 없음.,축산물,"http://coop.foodsafetykorea.go.kr/open/minfo_image.do?fSeq=1719338, http://coop.foodsafetykorea.go.kr/open/minfo_image.do?fSeq=1719339, http://coop.foodsafetykorea.go.kr/open/minfo_image.do?fSeq=1719340",C0302010300000,2022-10-12 16:49:33.681481,3000158400,202203500091,,아이스밀크,20220350009,경기도,경기도 안산시,2022-10-12
빵빠레 샌드 카스타드,세균수 기준초과,한보제과주식회사,경기도 이천시,,8801118257025,,20220817,GS  매장 및 물류센터 재고량 전량 회수 및 폐기,해당사항 없음,축산물,"http://coop.foodsafetykorea.go.kr/open/minfo_image.do?fSeq=1717357, http://coop.foodsafetykorea.go.kr/open/minfo_image.do?fSeq=1717358, http://coop.foodsafetykorea.go.kr/open/minfo_image.do?fSeq=1717359",C0302010300000,2022-10-07 19:13:41.567096,3000158219,19910262003145,3등급,아이스밀크,19910262003,경기도,경기도 이천시,2022-10-07
실리콘지퍼백,수입신고 무신고 제품 수입판매,(주)가승물류,전남광주통합특별시 광양시,,,,데이터없음,1대1 전화 및 문자전달,-,기구용기포장,"http://coop.foodsafetykorea.go.kr/open/minfo_image.do?fSeq=1236232, http://coop.foodsafetykorea.go.kr/open/minfo_image.do?fSeq=1236233, http://coop.foodsafetykorea.go.kr/open/minfo_image.do?fSeq=1236234, http://coop.foodsafetykorea.go.kr/open/minfo_image.do?fSeq=1236231",F0000000000000,2020-04-10 16:54:30.477533,3000110922,,1등급,기구 및 용기포장,20190014192,전남광주통합특별시,전남광주통합특별시 광양시,2020-04-10
후레쉬캔디 딸기맛,대장균군 및 세균수 기준초과 부적합,(유)대원푸드,전북특별자치도 부안군,,8809089690056,,2019-09-04,,없음,축산물,"http://coop.foodsafetykorea.go.kr/open/minfo_image.do?fSeq=1056022, http://coop.foodsafetykorea.go.kr/open/minfo_image.do?fSeq=1056463",C0302010400000,2019-11-06 13:27:39.403114,3000104323,201904800073,3등급,샤베트,20190480007,전북특별자치도,전북특별자치도 부안군,2019-11-06
서울 찰진 옥수수,대장균군 및 세균수 기준초과 부적합,(유)대원푸드,전북특별자치도 부안군,,8809089691367,,2019-10-01,직접수거,없음,축산물,"http://coop.foodsafetykorea.go.kr/open/minfo_image.do?fSeq=1056462, http://coop.foodsafetykorea.go.kr/open/minfo_image.do?fSeq=1056020",C0302010400000,2019-11-06 13:27:04.20523,3000104326,201904800078,,샤베트,20190480007,전북특별자치도,전북특별자치도 부안군,2019-11-06
젤리 콕콕 딸기,황색포도상구균 검출,동그린주식회사,강원특별자치도 강릉시,,8809106922306,70ml,2019.2.15.,거래처((주)디핀다트코리아) 직접회수,미표시 제품,가공식품,"http://coop.foodsafetykorea.go.kr/open/minfo_image.do?fSeq=974452, http://coop.foodsafetykorea.go.kr/open/minfo_image.do?fSeq=974462",C0302030000000,2019-08-08 17:16:36.862515,3000098364,19960386249101,2등급,빙과,19960386249,강원특별자치도,강원특별자치도 강릉시,2019-08-08
샤브샤브(소),니켈 기준 초과 검출,주식회사 유진토스코,인천광역시 남동구,,8809016411006,개,표시대상 아님,해당제조기간 이후 출고된 거래처를 대상으로 재고 확인 및 회수,표시대상 아님,기구용기포장,http://coop.foodsafetykorea.go.kr/open/minfo_image.do?fSeq=935189,F0500000100000,2019-06-26 17:03:33.402627,3000094881,,2등급,금속제,20120199685,인천광역시,인천광역시 남동구,2019-06-26
스파이 클래식(SPY CLASSIC),허용 외 타르색소(아조루빈) 검출,주식회사 오아이오,경기도 안산시 단원구,,,275ml,2019-01-15,업체 방문하여 직접 회수,,주류,"http://coop.foodsafetykorea.go.kr/open/minfo_image.do?fSeq=896262, http://coop.foodsafetykorea.go.kr/open/minfo_image.do?fSeq=898697",C0314050000000,2019-05-23 10:05:10.814102,3000092419,,1등급,과실주,20172820602,경기도,경기도 안산시,2019-05-23
스파이 클래식(SPY CLASSIC),허용 외 타르색소(아조루빈) 검출,주식회사 오아이오,경기도 안산시 단원구,,,275ml,2018-12-01,업체 방문 회수,,주류,"http://coop.foodsafetykorea.go.kr/open/minfo_image.do?fSeq=898688, http://coop.foodsafetykorea.go.kr/open/minfo_image.do?fSeq=896261",C0314050000000,2019-05-23 10:04:05.410463,3000092416,,1등급,과실주,20172820602,경기도,경기도 안산시,2019-05-23
스파이 레드(SPY RED),허용 외 타르색소(아조루빈) 검출,주식회사 오아이오,경기도 안산시 단원구,,,275ml,2018-10-20,업체 직접 방문 회수,,주류,"http://coop.foodsafetykorea.go.kr/open/minfo_image.do?fSeq=896256, http://coop.foodsafetykorea.go.kr/open/minfo_image.do?fSeq=898685",C0314050000000,2019-05-23 10:03:07.781825,3000092413,,1등급,과실주,20172820602,경기도,경기도 안산시,2019-05-23
쫀득한 대봉말랭이,세균발육 양성,한울푸드,경상북도 영천시,,미표시제품,300g,2018.7.30,거래처 유통판매업소 (이랜드 각지점) 37개소로 부터 반품,,가공식품,"http://coop.foodsafetykorea.go.kr/open/minfo_image.do?fSeq=675740, http://coop.foodsafetykorea.go.kr/open/minfo_image.do?fSeq=675741",C0315070100000,2018-09-18 14:20:59.723146,3000080978,,3등급,과.채가공품,20160555117,경상북도,경상북도 영천시,2018-09-18
영양공급용기(HS-FB-900U),총용출량(n-헵탄용매) 기준치 초과(뚜껑부분),협성메디칼(주),경기도 양주시,,8809095010008,1개,데이터없음,방문 및 택배회수,제조일로부터 3년,기구용기포장,"http://coop.foodsafetykorea.go.kr/open/minfo_image.do?fSeq=630504, http://coop.foodsafetykorea.go.kr/open/minfo_image.do?fSeq=630505, http://coop.foodsafetykorea.go.kr/open/minfo_image.do?fSeq=630506",F0100000100000,2018-08-23 17:42:54.802639,3000078809,,3등급,폴리염화비닐,,경기도,경기도 양주시,2018-08-23
일렉트로아이스볼 레몬소다향,황색포도상구균 검출 부적합,(주)동학식품,경기도 안성시,,8809072598567,63ml,2018.6.18,영업부에서 회수,미표시제품,가공식품,"http://coop.foodsafetykorea.go.kr/open/minfo_image.do?fSeq=617234, http://coop.foodsafetykorea.go.kr/open/minfo_image.do?fSeq=617235",C0101040000000,2018-08-14 18:33:14.211848,3000078216,2001036009354,2등급,빙과류,20010360093,경기도,경기도 안성시,2018-08-14
영양점적세트 F.D.S.G,총용출량(n-헵탄) 기준치 초과,(주)한국메디칼사푸라이,서울특별시 금천구,,미표시 제품,1개,데이터없음,일정협의 후 직접 방문 회수 및 택배 수거,,기구용기포장,http://coop.foodsafetykorea.go.kr/open/minfo_image.do?fSeq=601361,F0100000100000,2018-07-17 19:00:23.539271,3000076079,,3등급,폴리염화비닐,19950084104,서울특별시,서울특별시 금천구,2018-07-17
영양점적세트 F.D.S.C,총용출량(n-헵탄용매) 기준치 초과,(주)한국메디칼사푸라이,서울특별시 금천구,,미표시 제품,1개,데이터없음,일정협의 후 직접 방문 회수 및 택배 수거,,기구용기포장,http://coop.foodsafetykorea.go.kr/open/minfo_image.do?fSeq=601185,F0100000100000,2018-07-17 18:59:32.89323,3000076086,,3등급,폴리염화비닐,19950084104,서울특별시,서울특별시 금천구,2018-07-17
교촌박스(소)_내부종이(속지),형광증백제 검출,(주)케이앤에스팩,대구광역시 북구,,미표시 제품,장,표시대상 아님,물류창고 납품제품 직접 방문하여 전량회수,표시대상 아님,기구용기포장,"http://coop.foodsafetykorea.go.kr/open/minfo_image.do?fSeq=594516, http://coop.foodsafetykorea.go.kr/open/minfo_image.do?fSeq=594517, http://coop.foodsafetykorea.go.kr/open/minfo_image.do?fSeq=596643, http://coop.foodsafetykorea.go.kr/open/minfo_image.do?fSeq=596644",F1100000100000,2018-07-11 10:35:18.813529,3000075418,,3등급,종이제,20030169025,대구광역시,대구광역시 북구,2018-07-11
물래실백하수오분말,원료 등의 구비요건 위반,물래실농원,경상북도 예천군,,미표시 제품,300g,2018.2.15. / 2018.3.18.,구매자 직접 전화통화,미표시 제품,가공식품,"http://coop.foodsafetykorea.go.kr/open/minfo_image.do?fSeq=560915, http://coop.foodsafetykorea.go.kr/open/minfo_image.do?fSeq=560917",C0323020000000,2018-05-03 14:42:27.719312,3000070455,,3등급,기타가공품,20070571086,경상북도,경상북도 예천군,2018-05-03
영양공급백,총용출량 검사 부적합,(주)가주헬스케어,경기도 하남시,,,,2018.01.03,,,기구용기포장,"http://coop.foodsafetykorea.go.kr/open/minfo_image.do?fSeq=515517, http://coop.foodsafetykorea.go.kr/open/minfo_image.do?fSeq=515108, http://coop.foodsafetykorea.go.kr/open/minfo_image.do?fSeq=515109",F0100000200000,2018-02-28 17:48:12.33197,3000066069,,자율회수,폴리에틸렌,20130036663,경기도,경기도 하남시,2018-02-28
진도예향홍주 60%,DEHP(디에틸헥실프탈레이트) 검출 부적합,진도예향영농조합법인,전남광주통합특별시 진도군,,8809077790539,"2,000ml",2017년 8월 5일,언론보도 및 판매업체 유선을 통한 회수,제조일자 표시대상 식품으로 해당사항 없음,주류,"http://coop.foodsafetykorea.go.kr/open/minfo_image.do?fSeq=512084, http://coop.foodsafetykorea.go.kr/open/minfo_image.do?fSeq=512083",C0127100000000,2018-02-02 17:03:53.502504,3000065696,201300192661,1등급,리큐르,20130019266,전남광주통합특별시,전남광주통합특별시 진도군,2018-02-02
리큐르주 성원홍주,DEHP(디에틸헥실프탈레이트) 검출 부적합,성원홍주,전남광주통합특별시 진도군,,8809410220020,700ml,2017년 8월 16일,판매처 유선통화 및 언론 보도자료,제조일자 표시대상 식품으로 해당사항 없음,주류,"http://coop.foodsafetykorea.go.kr/open/minfo_image.do?fSeq=512065, http://coop.foodsafetykorea.go.kr/open/minfo_image.do?fSeq=512066",C0127100000000,2018-02-02 17:03:32.928606,3000065689,201300191831,1등급,리큐르,20130019183,전남광주통합특별시,전남광주통합특별시 진도군,2018-02-02
진도홍주,디에틸헥실프탈레이트(DEHP) 기준초과 검출,대대로영농조합법인,전남광주통합특별시 진도군,,8809003297002,200ml/1병,2017.11.18,거래처 유선확인 및 언론보도자료,제조일자 표시 식품으로 해당사항 없음,주류,"http://coop.foodsafetykorea.go.kr/open/minfo_image.do?fSeq=498586, http://coop.foodsafetykorea.go.kr/open/minfo_image.do?fSeq=498587",C0127090000000,2018-01-10 18:53:18.45415,3000064806,201300190989,1등급,일반증류주,20130019098,전남광주통합특별시,전남광주통합특별시 진도군,2018-01-10
진도홍주루비콘,디에틸헥실프탈레이트(DEHP) 기준초과 검출,대대로영농조합법인,전남광주통합특별시 진도군,,"8809003291017, 8809003290911, 8809003291277","375ml/1병, 500ml/1병, 700ml/1병","2017.12.16, 2017.12.21, 2017.12.23",판매처 유선통화 및 언론 보도자료,제조일자 표시 식품으로 해당사항 없음,주류,"http://coop.foodsafetykorea.go.kr/open/minfo_image.do?fSeq=498614, http://coop.foodsafetykorea.go.kr/open/minfo_image.do?fSeq=498615, http://coop.foodsafetykorea.go.kr/open/minfo_image.do?fSeq=498612, http://coop.foodsafetykorea.go.kr/open/minfo_image.do?fSeq=498613, http://coop.foodsafetykorea.go.kr/open/minfo_image.do?fSeq=498603, http://coop.foodsafetykorea.go.kr/open/minfo_image.do?fSeq=498604",C0127100000000,2018-01-10 19:02:09.426657,3000064823,201300190983,1등급,리큐르,20130019098,전남광주통합특별시,전남광주통합특별시 진도군,2018-01-10
진도홍주만홍,디에틸헥실프탈레이트(DEHP) 기준초과 검출,대대로영농조합법인,전남광주통합특별시 진도군,,"8809003291000, 8809003291222","300ml, 500ml","2017.12.2, 2017.9.12",유통판매자 등과 유선 통화 및 언론보도자료,제조일자 표시 식품으로 해당사항 없음,주류,"http://coop.foodsafetykorea.go.kr/open/minfo_image.do?fSeq=498597, http://coop.foodsafetykorea.go.kr/open/minfo_image.do?fSeq=498598, http://coop.foodsafetykorea.go.kr/open/minfo_image.do?fSeq=498611, http://coop.foodsafetykorea.go.kr/open/minfo_image.do?fSeq=498610",C0127100000000,2018-01-10 19:01:22.395156,3000064812,201300190986,1등급,리큐르,20130019098,전남광주통합특별시,전남광주통합특별시 진도군,2018-01-10
진도홍주 38˚,디에틸헥실프탈레이트(DEHP) 기준초과 검출,대대로영농조합법인,전남광주통합특별시 진도군,,8809003296999,500ml/1병,2013.8.7,유통판매자 등과 유선 통화 및 언론보도자료,제조일자 표시 식품으로 해당사항 없음,주류,"http://coop.foodsafetykorea.go.kr/open/minfo_image.do?fSeq=498595, http://coop.foodsafetykorea.go.kr/open/minfo_image.do?fSeq=498596",C0127090000000,2018-01-10 19:01:46.877925,3000064816,201300190981,1등급,일반증류주,20130019098,전남광주통합특별시,전남광주통합특별시 진도군,2018-01-10
진도홍주 Classic,"디부틸프탈레이트(DBP), 디에틸헥실프탈레이트(DEHP) 검출",대대로영농조합법인,전남광주통합특별시 진도군,,8809003293332,750ml,2017년 8월 10일,유통판매업체 유선확인및 재고량 파악후 회수조치,제조일자 표시 식품으로 해당사항 없음,주류,"http://coop.foodsafetykorea.go.kr/open/minfo_image.do?fSeq=494050, http://coop.foodsafetykorea.go.kr/open/minfo_image.do?fSeq=494049",C0127090000000,2017-12-28 17:26:25.594568,3000064327,2013001909811,1등급,일반증류주,20130019098,전남광주통합특별시,전남광주통합특별시 진도군,2017-12-28
금호경질복전골28,니켈 기준 규격 부적합,(주)금호산업,부산광역시 사상구,,8809433080052,개,표시대상 아님,직접회수,표시대상 아님,기구용기포장,"http://coop.foodsafetykorea.go.kr/open/minfo_image.do?fSeq=406636, http://coop.foodsafetykorea.go.kr/open/minfo_image.do?fSeq=406637",F0500000100000,2017-08-08 17:36:00.837608,3000055240,,2등급,금속제,,부산광역시,부산광역시 사상구,2017-08-08
금호경질복전골26,니켈 기준 규격 부적합,(주)금호산업,부산광역시 사상구,,8809433080045,개,표시대상 아님,회수영업자 직접 회수,표시대상 아님,기구용기포장,"http://coop.foodsafetykorea.go.kr/open/minfo_image.do?fSeq=406632, http://coop.foodsafetykorea.go.kr/open/minfo_image.do?fSeq=406633",F0500000100000,2017-08-08 17:35:36.412875,3000055230,,2등급,금속제,,부산광역시,부산광역시 사상구,2017-08-08
마밤 텐테이션,한시적 기준 및 규격이 정하지 아니한 식품첨가물 사용(Potassium Aluminium Silicate),우솔비앤비(주),서울특별시 송파구,,,750ml,"2016.08.30, 2016.11.14",각 납품처 회수 요청 및 직접 방문 회수,표시대상 아님,주류,"http://coop.foodsafetykorea.go.kr/open/minfo_image.do?fSeq=285135, http://coop.foodsafetykorea.go.kr/open/minfo_image.do?fSeq=285137",C0127050000000,2017-02-14 20:59:33.122391,3000044850,,1등급,과실주,19990114624,서울특별시,서울특별시 송파구,2017-02-14
마밤 글래시어,한시적 기준 및 규격이 정하지 아니한 식품첨가물 사용(Potassium Aluminium Silicate),우솔비앤비(주),서울특별시 송파구,,,750ml,"2016.08.30, 2016.11.14",각 납품처 회수 요청 및 직접 방문 회수,표시대상 아님,주류,"http://coop.foodsafetykorea.go.kr/open/minfo_image.do?fSeq=285132, http://coop.foodsafetykorea.go.kr/open/minfo_image.do?fSeq=323741",C0127050000000,2017-02-14 20:59:59.713506,3000044809,,1등급,과실주,19990114624,서울특별시,서울특별시 송파구,2017-02-14
리얼 피스타치오,원재료(볶음피스타치오) 자가품질검사 결과 아플라톡신 기준 초과,동그린주식회사,강원특별자치도 강릉시,,,5.5kg,2016.06.25,,표시대상아님,축산물,"http://coop.foodsafetykorea.go.kr/open/minfo_image.do?fSeq=174533, http://coop.foodsafetykorea.go.kr/open/minfo_image.do?fSeq=174532",C0201180100000,2016-07-19 13:40:11.414831,3000030501,19960379001196,,아이스크림,19960379001,강원특별자치도,강원특별자치도 강릉시,2016-07-19
化風丹(화풍단),식품원료로 사용할수 없는 초오를 포함한 제품 판매,"강**,문**",경남하동군작은삼내길,,,,무표시 제품,반품 처리 또는 직접 방문회수,무표시 제품,가공식품,"http://coop.foodsafetykorea.go.kr/open/minfo_image.do?fSeq=170195, http://coop.foodsafetykorea.go.kr/open/minfo_image.do?fSeq=170196",C0130080400000,2016-07-07 08:27:53.542731,3000029390,,1등급,기타가공품,,경남하동군작은삼내길,경남하동군작은삼내길,2016-07-07
정선 황기간장 바파다,무등록 제조,(주)부자손,강원특별자치도 정선군,,8809441970055,"100g, 200g",무표시 제품,반품처리 또는 직접 방문회수,무표시 제품,가공식품,"http://coop.foodsafetykorea.go.kr/open/minfo_image.do?fSeq=168960, http://coop.foodsafetykorea.go.kr/open/minfo_image.do?fSeq=168959",C0120060000000,2016-07-05 16:51:37.608293,3000029220,,1등급,혼합간장,,강원특별자치도,강원특별자치도 정선군,2016-07-05
시래기 바파다,무등록 제조,(주)부자손,강원특별자치도 정선군,,8809441970055,"50g, 150g",데이터없음,반품처리 또는 직접 방문회수,표시 없음,가공식품,"http://coop.foodsafetykorea.go.kr/open/minfo_image.do?fSeq=169024, http://coop.foodsafetykorea.go.kr/open/minfo_image.do?fSeq=169023, http://coop.foodsafetykorea.go.kr/open/minfo_image.do?fSeq=169022",C0129040000000,2016-07-05 16:53:22.679123,3000029228,,1등급,과.채가공품류,,강원특별자치도,강원특별자치도 정선군,2016-07-05
후레쉬캔디 초코맛,리스테리아 모노사이토제네스 검출,(주)주한산업,세종특별자치시,,,70mL,2016.04.04,,표시대상아님,축산물,"http://coop.foodsafetykorea.go.kr/open/minfo_image.do?fSeq=135337, http://coop.foodsafetykorea.go.kr/open/minfo_image.do?fSeq=135338",C0201180300000,2016-04-26 15:34:48.779435,3000024160,1989025704615,,샤베트,19890257046,세종특별자치시,세종특별자치시,2016-04-26
쁘띠 다쥐르,자가품질검사결과 리스테리아모노사이토제네스 부적합,(주)주한산업,세종특별자치시,,8809089691565,140ml,2015.11.10,,표시대상 아님,가공식품,"http://coop.foodsafetykorea.go.kr/open/minfo_image.do?fSeq=78038, http://coop.foodsafetykorea.go.kr/open/minfo_image.do?fSeq=78039",C0201180300000,2015-12-15 17:44:20.644156,3000016793,,,샤베트,19890257019,세종특별자치시,세종특별자치시,2015-12-15
서울더블데이트(바닐라&딸기),자가품질검사결과 리스테리아모노사이토제네스 부적합,(주)주한산업,세종특별자치시,,8809089691381,180ml,2015.11.17,,표시대상아님,가공식품,"http://coop.foodsafetykorea.go.kr/open/minfo_image.do?fSeq=78023, http://coop.foodsafetykorea.go.kr/open/minfo_image.do?fSeq=78024",C0201180000000,2015-12-15 17:45:02.366137,3000016786,1989025704673,,아이스크림류,19890257046,세종특별자치시,세종특별자치시,2015-12-15
짝꿍 바닐라맛,자가품질검사결과 리스테리아모노사이토제네스 부적합,(주)주한산업,세종특별자치시,,8809089691039,140ml,2015.11.09,,표시대상아님,가공식품,"http://coop.foodsafetykorea.go.kr/open/minfo_image.do?fSeq=78034, http://coop.foodsafetykorea.go.kr/open/minfo_image.do?fSeq=78035",C0201180300000,2015-12-15 17:44:43.049845,3000016789,,,샤베트,19890257019,세종특별자치시,세종특별자치시,2015-12-15
아띠캔디(딸기향첨가),세균수 초과,(주)라벤다,충청북도 음성군,,8809153010162,50ml,20151119,자진회수(자가 차량 회수),표시대상 아님,가공식품,"http://coop.foodsafetykorea.go.kr/open/minfo_image.do?fSeq=73429, http://coop.foodsafetykorea.go.kr/open/minfo_image.do?fSeq=73430, http://coop.foodsafetykorea.go.kr/open/minfo_image.do?fSeq=73431",C0101040000000,2015-12-02 18:09:09.237584,3000016025,2003044504027,3등급,빙과류,20030445040,충청북도,충청북도 음성군,2015-12-02
팝콘그릇,포름알데히드 초과,영수산업,경기도 시흥시,,8809065320038,,표시대상 아님,직접 회수,표시대상 아님,기구용기포장,http://coop.foodsafetykorea.go.kr/open/minfo_image.do?fSeq=16860,F0600000100000,2015-07-07 18:16:15.807838,3000004409,,1등급,목재류,19990338272,경기도,경기도 시흥시,2015-07-07
대나무제 주방용품(찜기뚜껑 15cm),포름알데히드 초과,(주)엘스코퍼레이션,경기도 하남시,,,,표시대상 아님,당사 담당이사 직접업체 방문후 전량회수,표시대상 아님,기구용기포장,"http://coop.foodsafetykorea.go.kr/open/minfo_image.do?fSeq=9888, http://coop.foodsafetykorea.go.kr/open/minfo_image.do?fSeq=9889, http://coop.foodsafetykorea.go.kr/open/minfo_image.do?fSeq=9890, http://coop.foodsafetykorea.go.kr/open/minfo_image.do?fSeq=10289",F0600000100000,2015-06-18 17:19:53.551452,3000002863,,1등급,목재류,20150345017,경기도,경기도 하남시,2015-06-18
대나무도마,포름알데히드 초과,영무역,전북특별자치도 남원시,,미표시,낱개 포장,표시대상 아님,영업자 회수,표시대상 아님,기구용기포장,"http://coop.foodsafetykorea.go.kr/open/minfo_image.do?fSeq=1000100942, http://coop.foodsafetykorea.go.kr/open/minfo_image.do?fSeq=1000100943",F0600000100000,2015-05-06 05:56:55.0,2015001098,,1등급,목재류,,전북특별자치도,전북특별자치도 남원시,2015-05-06
녹중탕,무등록 식품제조가공업자가 제조,한성탕제원,울산광역시 남구,,미표시,150g,20140831,영업자 회수,무표시 제품,,"http://coop.foodsafetykorea.go.kr/open/minfo_image.do?fSeq=1000097819, http://coop.foodsafetykorea.go.kr/open/minfo_image.do?fSeq=1000097821",Z3800100000000,2014-10-29 08:07:44.0,2014001777,,1등급,기타기준규격외,,울산광역시,울산광역시 남구,2014-10-29
남자를 위하여,유통기한 미표시,(주)폴라리스이엔비,강원특별자치도 화천군,,미표시,1g/포*5개입/1상자,무표시 제품,영업자 회수,무표시 제품,,"http://coop.foodsafetykorea.go.kr/open/minfo_image.do?fSeq=1000097745, http://coop.foodsafetykorea.go.kr/open/minfo_image.do?fSeq=1000097746",C0130080400000,2014-10-22 05:44:32.0,2014001726,,1등급,기타가공품,,강원특별자치도,강원특별자치도 화천군,2014-10-22
한솥헛개나무열매즙,무표시 제품,한솥미담식품,경상북도 경산시,,미표시,90ml*30포/box,무표시 제품,영업자 회수,무표시 제품,,http://coop.foodsafetykorea.go.kr/open/minfo_image.do?fSeq=1000096237,C0116020000000,2014-07-02 11:08:59.0,2014000927,,1등급,액상차,,경상북도,경상북도 경산시,2014-07-02
환(제품명 없음),피록시캄 등 검출,(주)정민,서울특별시 강북구,,미표시,,무표시 제품,영엽자 회수,무표시 제품,,"http://coop.foodsafetykorea.go.kr/open/minfo_image.do?fSeq=1000095324, http://coop.foodsafetykorea.go.kr/open/minfo_image.do?fSeq=1000095325",C0130080400000,2014-04-18 05:06:19.0,2014000460,,1등급,기타가공품,,서울특별시,서울특별시 강북구,2014-04-18
캡슐(제품명 없음),아미노타다라필 등 검출,(주)정민,서울특별시 강북구,,미표시,,무표시 제품,영업자 회수,무표시 제품,,"http://coop.foodsafetykorea.go.kr/open/minfo_image.do?fSeq=1000095316, http://coop.foodsafetykorea.go.kr/open/minfo_image.do?fSeq=1000095317, http://coop.foodsafetykorea.go.kr/open/minfo_image.do?fSeq=1000095321",C0130080400000,2014-04-18 05:03:25.0,2014000459,,1등급,기타가공품,,서울특별시,서울특별시 강북구,2014-04-18
세이브엘 다용도 간편 바베큐석쇠,니켈 용출 기준 위반,롯데쇼핑(주)롯데마트사업본부,서울특별시 송파구,,0451332652106,"L, M",표시대상 아님,영업자 회수,표시대상 아님,기구용기포장,"http://coop.foodsafetykorea.go.kr/open/minfo_image.do?fSeq=1000095134, http://coop.foodsafetykorea.go.kr/open/minfo_image.do?fSeq=1000095135",F0500000100000,2014-03-31 08:24:46.0,2014000362,,2등급,금속제,20110015066,서울특별시,서울특별시 송파구,2014-03-31
헬스골드파워,"실데나필, 타다라필, 아미노타다라필 검출",주식회사 플러스홈,서울특별시 금천구,,미표시,350mgX30cap,무표시 제품,판매자 회수,무표시 제품,,"http://coop.foodsafetykorea.go.kr/open/minfo_image.do?fSeq=1000095090, http://coop.foodsafetykorea.go.kr/open/minfo_image.do?fSeq=1000095091, http://coop.foodsafetykorea.go.kr/open/minfo_image.do?fSeq=1000095092, http://coop.foodsafetykorea.go.kr/open/minfo_image.do?fSeq=1000095093",C0130080400000,2014-03-25 06:15:51.0,2014000339,,1등급,기타가공품,,서울특별시,서울특별시 금천구,2014-03-25
순한맛떡볶이분말,무표시 제품,신불식품,,,미표시,3.9kg,데이터없음,영업자 회수,20150217,,http://coop.foodsafetykorea.go.kr/open/minfo_image.do?fSeq=1000095011,C0121070000000,2014-03-18 06:45:43.0,2014000308,,1등급,복합조미식품,,,,2014-03-18
매운맛떡볶이분말,무표시 제품,신불식품,,,미표시,3.9kg,데이터없음,영업자 회수,20150217,,http://coop.foodsafetykorea.go.kr/open/minfo_image.do?fSeq=1000095009,C0121070000000,2014-03-18 06:44:58.0,2014000307,,1등급,복합조미식품,,,,2014-03-18
Ge환(丸),유통기한 무표시 제품,(주)지이엠에이코리아,서울특별시 강남구,,미표시,"박스/30병, 박스/60병",무표시 제품,영업자 회수,무표시 제품,,http://coop.foodsafetykorea.go.kr/open/minfo_image.do?fSeq=321838,C0130080400000,2014-03-18 05:47:44.0,2014000304,,1등급,기타가공품,,서울특별시,서울특별시 강남구,2014-03-18
바나나식초,무등록 식품제조가공업자가 제조,쏭이핸드메이드,대전광역시 유성구,,미표시,500ml 및 1000ml,무표시 제품,영업자 회수,무표시제품,,"http://coop.foodsafetykorea.go.kr/open/minfo_image.do?fSeq=1000094703, http://coop.foodsafetykorea.go.kr/open/minfo_image.do?fSeq=1000094704, http://coop.foodsafetykorea.go.kr/open/minfo_image.do?fSeq=1000094707",C0121010500000,2014-02-19 03:28:09.0,2014000161,,1등급,기타식초,,대전광역시,대전광역시 유성구,2014-02-19
깐도라지,무등록 식품제조가공업,흥농농산(주),경기도 하남시,,무표시,8kg,무표시 제품,영업자 회수,무표시 제품,,"http://coop.foodsafetykorea.go.kr/open/minfo_image.do?fSeq=1000094665, http://coop.foodsafetykorea.go.kr/open/minfo_image.do?fSeq=1000094666",C0129040100000,2014-02-06 03:45:37.0,2014000139,,1등급,과.채가공품,,경기도,경기도 하남시,2014-02-06
단호박가루,유통기한 미표시,토종마을,서울특별시 동대문구,,미표시,1kg,무표시 제품,영업자 회수,무표시 제품,,http://coop.foodsafetykorea.go.kr/open/minfo_image.do?fSeq=1000093858,C0130080400000,2013-11-08 05:45:58.0,2013002017,,1등급,기타가공품,,서울특별시,서울특별시 동대문구,2013-11-08
성야말차,무신고 수입제품,성야제다원,,,미표시,40g,무표시 제품,영업자 회수,무표시 제품,,"http://coop.foodsafetykorea.go.kr/open/minfo_image.do?fSeq=1000093812, http://coop.foodsafetykorea.go.kr/open/minfo_image.do?fSeq=1000093813",C0116030000000,2013-11-04 11:46:59.0,2013001993,,1등급,고형차,,,,2013-11-04
플라스틱 채발,"납, 카드뮴,수은 및 6가 크롬 기준 초과",(주)케이엠피,경상북도 칠곡군,,미표시,,표시대상 아님,영업자 회수,표시대상 아님,,http://coop.foodsafetykorea.go.kr/open/minfo_image.do?fSeq=1000093604,F0100000300000,2013-10-23 09:42:39.0,2013001899,,2등급,폴리프로필렌,,경상북도,경상북도 칠곡군,2013-10-23
콩두부가공용천연미네랄,"무등록 제조업체가 제조, 기준 규격이 고시되지 않은 첨가물",영웅INC,서울특별시 영등포구,,미표시,1병(4L),무표시 제품,영업자 회수,무표시 제품,,http://coop.foodsafetykorea.go.kr/open/minfo_image.do?fSeq=1000093606,Z3800100000000,2013-10-22 09:13:04.0,2013001900,,1등급,기타기준규격외,,서울특별시,서울특별시 영등포구,2013-10-22
천수환(天受丸),무등록 제조업체가 제조/제조일자 등 미표시/실데나필 검출,박OO,전남광주통합특별시 북구,,미표시,"3,800mg",무표시 제품,영업자 회수,제조일로부터 2년,,"http://coop.foodsafetykorea.go.kr/open/minfo_image.do?fSeq=1000092177, http://coop.foodsafetykorea.go.kr/open/minfo_image.do?fSeq=1000092180",C0130080400000,2013-08-30 03:25:16.0,2013001416,,1등급,기타가공품,,전남광주통합특별시,전남광주통합특별시 북구,2013-08-30
비글로,발기부전치료제 및 유사물질 검출,개인(자영업),서울 강서구,,미표시,,무표시 제품,영업자 회수,무표시 제품,,"http://coop.foodsafetykorea.go.kr/open/minfo_image.do?fSeq=1000091653, http://coop.foodsafetykorea.go.kr/open/minfo_image.do?fSeq=1000091654",C0130080400000,2013-07-26 01:23:12.0,2013001168,,1등급,기타가공품,,서울,서울 강서구,2013-07-26
액체비타민,무등록 제조업체가 제조/유통기한 등 한글표시사항 미표시,비타필,경북 구미시,,미표시,500ml,2012.12~2013.04 제조된 제품,영업자 회수,무표시 제품,,http://coop.foodsafetykorea.go.kr/open/minfo_image.do?fSeq=1000091333,C0130080400000,2013-07-09 05:45:51.0,2013001011,,1등급,기타가공품,,경북,경북 구미시,2013-07-09
프레씨,무등록 제조업체가 제조/유통기한 등 한글표시사항 미표시,비타필,경북 구미시,,미표시,500ml,2012.12~2013.04 제조된 제품,영업자 회수,무표시 제품,,http://coop.foodsafetykorea.go.kr/open/minfo_image.do?fSeq=1000091329,C0130080400000,2013-07-09 05:36:22.0,2013001007,,1등급,기타가공품,,경북,경북 구미시,2013-07-09
소야씨저염식용,무등록 제조업체가 제조/유통기한 등 한글표시사항 미표시,비타필,경북 구미시,,미표시,500ml,2012.12~2013.04 제조된 제품,영업자 회수,무표시 제품,,http://coop.foodsafetykorea.go.kr/open/minfo_image.do?fSeq=1000091326,C0130080400000,2013-07-09 05:34:44.0,2013001004,,1등급,기타가공품,,경북,경북 구미시,2013-07-09
커리씨,무등록 제조업체가 제조/유통기한 등 한글표시사항 미표시,비타필,경북 구미시,,미표시,500ml,2012.12~2013.04 제조된 제품,영업자 회수,무표시 제품,,http://coop.foodsafetykorea.go.kr/open/minfo_image.do?fSeq=1000091331,C0130080400000,2013-07-09 05:45:08.0,2013001009,,1등급,기타가공품,,경북,경북 구미시,2013-07-09
엘레씨,무등록 제조업체가 제조/유통기한 등 한글표시사항 미표시,비타필,경북 구미시,,미표시,500ml,2012.12~2013.04 제조된 제품,영업자 회수,무표시 제품,,http://coop.foodsafetykorea.go.kr/open/minfo_image.do?fSeq=1000091327,C0130080400000,2013-07-09 05:35:21.0,2013001005,,1등급,기타가공품,,경북,경북 구미시,2013-07-09
소야씨,무등록 제조업체가 제조/유통기한 등 한글표시사항 미표시,비타필,경북 구미시,,미표시,500ml,2012.12~2013.4 제조된 제품,영업자 회수,무표시 제품,,http://coop.foodsafetykorea.go.kr/open/minfo_image.do?fSeq=1000091323,C0130080400000,2013-07-09 05:34:00.0,2013001002,,1등급,기타가공품,,경북,경북 구미시,2013-07-09
리버씨,무등록 제조업체가 제조/유통기한 등 한글표시사항 미표시,비타필,경북 구미시,,미표시,500ml,2012.12~2013.04 제조된 제품,영업자 회수,무표시 제품,,http://coop.foodsafetykorea.go.kr/open/minfo_image.do?fSeq=1000091335,C0130080400000,2013-07-09 05:46:39.0,2013001012,,1등급,기타가공품,,경북,경북 구미시,2013-07-09
파워씨,무등록 제조업체가 제조/유통기한 등 한글표시사항 미표시,비타필,경북 구미시,,미표시,500ml,2012.12~2013.04 제조된 제품,영업자 회수,무표시 제품,,http://coop.foodsafetykorea.go.kr/open/minfo_image.do?fSeq=1000091328,C0130080400000,2013-07-09 05:35:53.0,2013001006,,1등급,기타가공품,,경북,경북 구미시,2013-07-09
다운씨,무등록 제조업체가 제조/유통기한 등 한글표시사항 미표시,비타필,경북 구미시,,미표시,500ml,2012.12~2013.04 제조된 제품,영업자 회수,무표시 제품,,http://coop.foodsafetykorea.go.kr/open/minfo_image.do?fSeq=1000091330,C0130080400000,2013-07-09 05:44:02.0,2013001008,,1등급,기타가공품,,경북,경북 구미시,2013-07-09
스카벤시,무등록 제조업체가 제조/유통기한 등 한글표시사항 미표시,비타필,경북 구미시,,미표시,500ml,2012.12~2013.04 제조된 제품,영업자 회수,무표시 제품,,http://coop.foodsafetykorea.go.kr/open/minfo_image.do?fSeq=1000091345,C0130080400000,2013-07-09 05:50:49.0,2013001017,,1등급,기타가공품,,경북,경북 구미시,2013-07-09
엘레강시,무등록 제조업체가 제조/유통기한 등 한글표시사항 미표시,비타필,경북 구미시,,미표시,500ml,2012.12~2013.04 제조된 제품,영업자 회수,무표시 제품,,http://coop.foodsafetykorea.go.kr/open/minfo_image.do?fSeq=1000091343,C0130080400000,2013-07-09 05:49:53.0,2013001016,,1등급,기타가공품,,경북,경북 구미시,2013-07-09
후레쉬,무등록 제조업체가 제조/유통기한 등 한글표시사항 미표시,비타필,경북 구미시,,미표시,500ml,2012.12~2013.04 제조된 제품,영업자 회수,무표시 제품,,http://coop.foodsafetykorea.go.kr/open/minfo_image.do?fSeq=1000091349,C0130080400000,2013-07-09 05:52:07.0,2013001019,,1등급,기타가공품,,경북,경북 구미시,2013-07-09
조인씨,무등록 제조업체가 제조/유통기한 등 한글표시사항 미표시,비타필,경북 구미시,,미표시,500ml,2012.12~2013.04 제조된 제품,영업자 회수,무표시 제품,,http://coop.foodsafetykorea.go.kr/open/minfo_image.do?fSeq=1000091336,C0130080400000,2013-07-09 05:47:38.0,2013001013,,1등급,기타가공품,,경북,경북 구미시,2013-07-09
리포씨,무등록 제조업체가 제조/유통기한 등 한글표시사항 미표시,비타필,경북 구미시,,미표시,500ml,2012.12~2013.04 제조된 제품,영업자 회수,무표시 제품,,http://coop.foodsafetykorea.go.kr/open/minfo_image.do?fSeq=1000091351,C0130080400000,2013-07-09 05:52:49.0,2013001020,,1등급,기타가공품,,경북,경북 구미시,2013-07-09
파워씨저염식용,무등록 제조업체가 제조/유통기한 등 한글표시사항 미표시,비타필,경북 구미시,,미표시,500ml,2012.12~2013.04 제조된 제품,영업자 회수,무표시 제품,,http://coop.foodsafetykorea.go.kr/open/minfo_image.do?fSeq=1000091347,C0130080400000,2013-07-09 05:51:20.0,2013001018,,1등급,기타가공품,,경북,경북 구미시,2013-07-09
이소씨,무등록 제조업체가 제조/유통기한 등 한글표시사항 미표시,비타필,경북 구미시,,미표시,500ml,2012.12~2013.04 제조된 제품,영업자 회수,무표시 제품,,http://coop.foodsafetykorea.go.kr/open/minfo_image.do?fSeq=1000091339,C0130080400000,2013-07-09 05:48:10.0,2013001014,,1등급,기타가공품,,경북,경북 구미시,2013-07-09
올씨,무등록 제조업체가 제조/유통기한 등 한글표시사항 미표시,비타필,경북 구미시,,미표시,500ml,2012.12~2013.04 제조된 제품,영업자 회수,무표시 제품,,http://coop.foodsafetykorea.go.kr/open/minfo_image.do?fSeq=1000091341,C0130080400000,2013-07-09 05:49:00.0,2013001015,,1등급,기타가공품,,경북,경북 구미시,2013-07-09
"황태채(노채,실채,북어채)",무등록 제조업체가 제조,한성물산,강원 강릉시,,미표시,20kg,2012.03.07~2013.04.17,영업자 회수,무표시 제품,,"http://coop.foodsafetykorea.go.kr/open/minfo_image.do?fSeq=1000090998, http://coop.foodsafetykorea.go.kr/open/minfo_image.do?fSeq=1000090999",C0128020000000,2013-06-26 07:23:37.0,2013000832,,1등급,건어포류,,강원,강원 강릉시,2013-06-26
오대산황태,무등록 제조업체가 제조,오대산황태,강원 강릉시,,미표시,20kg,2012.03.05~2013.05.29,영업자 회수,무표시 제품,,"http://coop.foodsafetykorea.go.kr/open/minfo_image.do?fSeq=1000090994, http://coop.foodsafetykorea.go.kr/open/minfo_image.do?fSeq=1000090995",C0128020000000,2013-06-26 07:25:42.0,2013000830,,1등급,건어포류,,강원,강원 강릉시,2013-06-26
황태채,무등록 제조업체가 제조,주문진청해물산,강원 강릉시,,미표시,20kg,2011.01.19~2013.04.27,영업자 회수,무표시 제품,,"http://coop.foodsafetykorea.go.kr/open/minfo_image.do?fSeq=1000090996, http://coop.foodsafetykorea.go.kr/open/minfo_image.do?fSeq=1000090997",C0128020000000,2013-06-26 07:24:54.0,2013000831,,1등급,건어포류,,강원,강원 강릉시,2013-06-26
제갈양,DBP(디부틸프탈레이트) 검출,(주)성림,경기도 시흥시,,6902988327411,450ml,20120808,영업자 회수,표시대상 아님,주류,"http://coop.foodsafetykorea.go.kr/open/minfo_image.do?fSeq=323709, http://coop.foodsafetykorea.go.kr/open/minfo_image.do?fSeq=1000089297",C0127090000000,2013-01-25 03:51:19.0,2013000081,,1등급,일반증류주,20120338133,경기도,경기도 시흥시,2013-01-25
토스타투라스쿠라,무신고수입제품,엠에이치컴퍼니,인천 부평구,,미표시,6.7g,2012년3월부터 12월까지 수입한 전제품,영업자회수,,,http://coop.foodsafetykorea.go.kr/open/minfo_image.do?fSeq=1000089252,C0117020000000,2013-01-17 05:12:07.0,2013000056,,1등급,인스턴트커피,,인천,인천 부평구,2013-01-17
토스타투라메디아,무신고수입제품,엠에이치컴퍼니,인천 부평구,,미표시,6.7g,2012년3월부터 12월까지 수입한 전제품,영업자 회수,,,http://coop.foodsafetykorea.go.kr/open/minfo_image.do?fSeq=1000089245,C0117020000000,2013-01-17 05:11:34.0,2013000054,,1등급,인스턴트커피,,인천,인천 부평구,2013-01-17
